run_a	event_a	run_b	event_b	normalized_allele_lookup_key	equivalence_status
run-phase1a-60z59-hg002-grch38-v421	event-run-phase1a-60z59-hg002-grch38-v421-record-2	run-phase1a-ru88n-hg002-grch38-v421	event-run-phase1a-ru88n-hg002-grch38-v421-record-2	GRCh38|chr20|10002077|G|A	CROSS_RUN_EQUIVALENCE_UNRESOLVED
run-phase1a-60z59-hg002-grch38-v421	event-run-phase1a-60z59-hg002-grch38-v421-record-3	run-phase1a-ru88n-hg002-grch38-v421	event-run-phase1a-ru88n-hg002-grch38-v421-record-3	GRCh38|chr20|10002161|A|T	CROSS_RUN_EQUIVALENCE_UNRESOLVED
run-phase1a-60z59-hg002-grch38-v421	event-run-phase1a-60z59-hg002-grch38-v421-record-4	run-phase1a-ru88n-hg002-grch38-v421	event-run-phase1a-ru88n-hg002-grch38-v421-record-4	GRCh38|chr20|10002243|T|C	CROSS_RUN_EQUIVALENCE_UNRESOLVED
run-phase1a-60z59-hg002-grch38-v421	event-run-phase1a-60z59-hg002-grch38-v421-record-5	run-phase1a-ru88n-hg002-grch38-v421	event-run-phase1a-ru88n-hg002-grch38-v421-record-5	GRCh38|chr20|10002332|T|C	CROSS_RUN_EQUIVALENCE_UNRESOLVED
run-phase1a-60z59-hg002-grch38-v421	event-run-phase1a-60z59-hg002-grch38-v421-record-6	run-phase1a-ru88n-hg002-grch38-v421	event-run-phase1a-ru88n-hg002-grch38-v421-record-6	GRCh38|chr20|10002333|A|G	CROSS_RUN_EQUIVALENCE_UNRESOLVED
run-phase1a-60z59-hg002-grch38-v421	event-run-phase1a-60z59-hg002-grch38-v421-record-7	run-phase1a-ru88n-hg002-grch38-v421	event-run-phase1a-ru88n-hg002-grch38-v421-record-7	GRCh38|chr20|10002468|G|A	CROSS_RUN_EQUIVALENCE_UNRESOLVED
run-phase1a-60z59-hg002-grch38-v421	event-run-phase1a-60z59-hg002-grch38-v421-record-9	run-phase1a-ru88n-hg002-grch38-v421	event-run-phase1a-ru88n-hg002-grch38-v421-record-9	GRCh38|chr20|10002517|TAAAT|T	CROSS_RUN_EQUIVALENCE_UNRESOLVED
run-phase1a-60z59-hg002-grch38-v421	event-run-phase1a-60z59-hg002-grch38-v421-record-10	run-phase1a-ru88n-hg002-grch38-v421	event-run-phase1a-ru88n-hg002-grch38-v421-record-10	GRCh38|chr20|10002652|T|C	CROSS_RUN_EQUIVALENCE_UNRESOLVED
run-phase1a-60z59-hg002-grch38-v421	event-run-phase1a-60z59-hg002-grch38-v421-record-11	run-phase1a-ru88n-hg002-grch38-v421	event-run-phase1a-ru88n-hg002-grch38-v421-record-11	GRCh38|chr20|10003468|C|G	CROSS_RUN_EQUIVALENCE_UNRESOLVED
run-phase1a-60z59-hg002-grch38-v421	event-run-phase1a-60z59-hg002-grch38-v421-record-12	run-phase1a-ru88n-hg002-grch38-v421	event-run-phase1a-ru88n-hg002-grch38-v421-record-12	GRCh38|chr20|10004393|A|G	CROSS_RUN_EQUIVALENCE_UNRESOLVED
run-phase1a-60z59-hg002-grch38-v421	event-run-phase1a-60z59-hg002-grch38-v421-record-13	run-phase1a-ru88n-hg002-grch38-v421	event-run-phase1a-ru88n-hg002-grch38-v421-record-13	GRCh38|chr20|10005015|G|A	CROSS_RUN_EQUIVALENCE_UNRESOLVED
run-phase1a-60z59-hg002-grch38-v421	event-run-phase1a-60z59-hg002-grch38-v421-record-14	run-phase1a-ru88n-hg002-grch38-v421	event-run-phase1a-ru88n-hg002-grch38-v421-record-14	GRCh38|chr20|10005695|A|G	CROSS_RUN_EQUIVALENCE_UNRESOLVED
run-phase1a-60z59-hg002-grch38-v421	event-run-phase1a-60z59-hg002-grch38-v421-record-15	run-phase1a-ru88n-hg002-grch38-v421	event-run-phase1a-ru88n-hg002-grch38-v421-record-15	GRCh38|chr20|10005758|C|T	CROSS_RUN_EQUIVALENCE_UNRESOLVED
run-phase1a-60z59-hg002-grch38-v421	event-run-phase1a-60z59-hg002-grch38-v421-record-16	run-phase1a-ru88n-hg002-grch38-v421	event-run-phase1a-ru88n-hg002-grch38-v421-record-16	GRCh38|chr20|10005838|C|CT	CROSS_RUN_EQUIVALENCE_UNRESOLVED
run-phase1a-60z59-hg002-grch38-v421	event-run-phase1a-60z59-hg002-grch38-v421-record-17	run-phase1a-ru88n-hg002-grch38-v421	event-run-phase1a-ru88n-hg002-grch38-v421-record-17	GRCh38|chr20|10006496|T|C	CROSS_RUN_EQUIVALENCE_UNRESOLVED
run-phase1a-60z59-hg002-grch38-v421	event-run-phase1a-60z59-hg002-grch38-v421-record-18	run-phase1a-ru88n-hg002-grch38-v421	event-run-phase1a-ru88n-hg002-grch38-v421-record-18	GRCh38|chr20|10006628|C|T	CROSS_RUN_EQUIVALENCE_UNRESOLVED
run-phase1a-60z59-hg002-grch38-v421	event-run-phase1a-60z59-hg002-grch38-v421-record-19	run-phase1a-ru88n-hg002-grch38-v421	event-run-phase1a-ru88n-hg002-grch38-v421-record-19	GRCh38|chr20|10007565|C|A	CROSS_RUN_EQUIVALENCE_UNRESOLVED
run-phase1a-60z59-hg002-grch38-v421	event-run-phase1a-60z59-hg002-grch38-v421-record-20	run-phase1a-ru88n-hg002-grch38-v421	event-run-phase1a-ru88n-hg002-grch38-v421-record-20	GRCh38|chr20|10008603|G|A	CROSS_RUN_EQUIVALENCE_UNRESOLVED
run-phase1a-60z59-hg002-grch38-v421	event-run-phase1a-60z59-hg002-grch38-v421-record-21	run-phase1a-ru88n-hg002-grch38-v421	event-run-phase1a-ru88n-hg002-grch38-v421-record-21	GRCh38|chr20|10009051|A|G	CROSS_RUN_EQUIVALENCE_UNRESOLVED
run-phase1a-60z59-hg002-grch38-v421	event-run-phase1a-60z59-hg002-grch38-v421-record-22	run-phase1a-ru88n-hg002-grch38-v421	event-run-phase1a-ru88n-hg002-grch38-v421-record-22	GRCh38|chr20|10009180|C|T	CROSS_RUN_EQUIVALENCE_UNRESOLVED
run-phase1a-60z59-hg002-grch38-v421	event-run-phase1a-60z59-hg002-grch38-v421-record-23	run-phase1a-ru88n-hg002-grch38-v421	event-run-phase1a-ru88n-hg002-grch38-v421-record-23	GRCh38|chr20|10009222|C|CTAGGCTGCCTTGCATA	CROSS_RUN_EQUIVALENCE_UNRESOLVED
run-phase1a-60z59-hg002-grch38-v421	event-run-phase1a-60z59-hg002-grch38-v421-record-24	run-phase1a-ru88n-hg002-grch38-v421	event-run-phase1a-ru88n-hg002-grch38-v421-record-24	GRCh38|chr20|10009481|G|A	CROSS_RUN_EQUIVALENCE_UNRESOLVED
run-phase1a-60z59-hg002-grch38-v421	event-run-phase1a-60z59-hg002-grch38-v421-record-25	run-phase1a-ru88n-hg002-grch38-v421	event-run-phase1a-ru88n-hg002-grch38-v421-record-25	GRCh38|chr20|10010516|A|G	CROSS_RUN_EQUIVALENCE_UNRESOLVED
run-phase1a-60z59-hg002-grch38-v421	event-run-phase1a-60z59-hg002-grch38-v421-record-26	run-phase1a-ru88n-hg002-grch38-v421	event-run-phase1a-ru88n-hg002-grch38-v421-record-26	GRCh38|chr20|10010602|T|G	CROSS_RUN_EQUIVALENCE_UNRESOLVED
run-phase1a-60z59-hg002-grch38-v421	event-run-phase1a-60z59-hg002-grch38-v421-record-27	run-phase1a-ru88n-hg002-grch38-v421	event-run-phase1a-ru88n-hg002-grch38-v421-record-27	GRCh38|chr20|10010880|C|G	CROSS_RUN_EQUIVALENCE_UNRESOLVED
run-phase1a-60z59-hg002-grch38-v421	event-run-phase1a-60z59-hg002-grch38-v421-record-28	run-phase1a-ru88n-hg002-grch38-v421	event-run-phase1a-ru88n-hg002-grch38-v421-record-28	GRCh38|chr20|10011222|A|G	CROSS_RUN_EQUIVALENCE_UNRESOLVED
run-phase1a-60z59-hg002-grch38-v421	event-run-phase1a-60z59-hg002-grch38-v421-record-29	run-phase1a-ru88n-hg002-grch38-v421	event-run-phase1a-ru88n-hg002-grch38-v421-record-29	GRCh38|chr20|10012326|A|G	CROSS_RUN_EQUIVALENCE_UNRESOLVED
run-phase1a-60z59-hg002-grch38-v421	event-run-phase1a-60z59-hg002-grch38-v421-record-30	run-phase1a-ru88n-hg002-grch38-v421	event-run-phase1a-ru88n-hg002-grch38-v421-record-30	GRCh38|chr20|10012654|A|G	CROSS_RUN_EQUIVALENCE_UNRESOLVED
run-phase1a-60z59-hg002-grch38-v421	event-run-phase1a-60z59-hg002-grch38-v421-record-31	run-phase1a-ru88n-hg002-grch38-v421	event-run-phase1a-ru88n-hg002-grch38-v421-record-31	GRCh38|chr20|10012758|G|A	CROSS_RUN_EQUIVALENCE_UNRESOLVED
run-phase1a-60z59-hg002-grch38-v421	event-run-phase1a-60z59-hg002-grch38-v421-record-32	run-phase1a-ru88n-hg002-grch38-v421	event-run-phase1a-ru88n-hg002-grch38-v421-record-32	GRCh38|chr20|10012804|C|T	CROSS_RUN_EQUIVALENCE_UNRESOLVED
run-phase1a-60z59-hg002-grch38-v421	event-run-phase1a-60z59-hg002-grch38-v421-record-33	run-phase1a-ru88n-hg002-grch38-v421	event-run-phase1a-ru88n-hg002-grch38-v421-record-33	GRCh38|chr20|10013454|GTGTA|G	CROSS_RUN_EQUIVALENCE_UNRESOLVED
run-phase1a-60z59-hg002-grch38-v421	event-run-phase1a-60z59-hg002-grch38-v421-record-34	run-phase1a-ru88n-hg002-grch38-v421	event-run-phase1a-ru88n-hg002-grch38-v421-record-34	GRCh38|chr20|10013601|T|A	CROSS_RUN_EQUIVALENCE_UNRESOLVED
run-phase1a-60z59-hg002-grch38-v421	event-run-phase1a-60z59-hg002-grch38-v421-record-35	run-phase1a-ru88n-hg002-grch38-v421	event-run-phase1a-ru88n-hg002-grch38-v421-record-35	GRCh38|chr20|10013983|C|T	CROSS_RUN_EQUIVALENCE_UNRESOLVED
run-phase1a-60z59-hg002-grch38-v421	event-run-phase1a-60z59-hg002-grch38-v421-record-36	run-phase1a-ru88n-hg002-grch38-v421	event-run-phase1a-ru88n-hg002-grch38-v421-record-36	GRCh38|chr20|10014154|T|TAA	CROSS_RUN_EQUIVALENCE_UNRESOLVED
run-phase1a-60z59-hg002-grch38-v421	event-run-phase1a-60z59-hg002-grch38-v421-record-37	run-phase1a-ru88n-hg002-grch38-v421	event-run-phase1a-ru88n-hg002-grch38-v421-record-37	GRCh38|chr20|10015302|T|G	CROSS_RUN_EQUIVALENCE_UNRESOLVED
run-phase1a-60z59-hg002-grch38-v421	event-run-phase1a-60z59-hg002-grch38-v421-record-38	run-phase1a-ru88n-hg002-grch38-v421	event-run-phase1a-ru88n-hg002-grch38-v421-record-38	GRCh38|chr20|10015382|C|A	CROSS_RUN_EQUIVALENCE_UNRESOLVED
run-phase1a-60z59-hg002-grch38-v421	event-run-phase1a-60z59-hg002-grch38-v421-record-39	run-phase1a-ru88n-hg002-grch38-v421	event-run-phase1a-ru88n-hg002-grch38-v421-record-39	GRCh38|chr20|10015509|C|G	CROSS_RUN_EQUIVALENCE_UNRESOLVED
run-phase1a-60z59-hg002-grch38-v421	event-run-phase1a-60z59-hg002-grch38-v421-record-40	run-phase1a-ru88n-hg002-grch38-v421	event-run-phase1a-ru88n-hg002-grch38-v421-record-40	GRCh38|chr20|10015657|C|T	CROSS_RUN_EQUIVALENCE_UNRESOLVED
run-phase1a-60z59-hg002-grch38-v421	event-run-phase1a-60z59-hg002-grch38-v421-record-41	run-phase1a-ru88n-hg002-grch38-v421	event-run-phase1a-ru88n-hg002-grch38-v421-record-41	GRCh38|chr20|10016439|C|T	CROSS_RUN_EQUIVALENCE_UNRESOLVED
run-phase1a-60z59-hg002-grch38-v421	event-run-phase1a-60z59-hg002-grch38-v421-record-42	run-phase1a-ru88n-hg002-grch38-v421	event-run-phase1a-ru88n-hg002-grch38-v421-record-42	GRCh38|chr20|10016483|A|G	CROSS_RUN_EQUIVALENCE_UNRESOLVED
run-phase1a-60z59-hg002-grch38-v421	event-run-phase1a-60z59-hg002-grch38-v421-record-43	run-phase1a-ru88n-hg002-grch38-v421	event-run-phase1a-ru88n-hg002-grch38-v421-record-43	GRCh38|chr20|10016603|A|C	CROSS_RUN_EQUIVALENCE_UNRESOLVED
run-phase1a-60z59-hg002-grch38-v421	event-run-phase1a-60z59-hg002-grch38-v421-record-44	run-phase1a-ru88n-hg002-grch38-v421	event-run-phase1a-ru88n-hg002-grch38-v421-record-44	GRCh38|chr20|10016619|C|T	CROSS_RUN_EQUIVALENCE_UNRESOLVED
run-phase1a-60z59-hg002-grch38-v421	event-run-phase1a-60z59-hg002-grch38-v421-record-45	run-phase1a-ru88n-hg002-grch38-v421	event-run-phase1a-ru88n-hg002-grch38-v421-record-45	GRCh38|chr20|10017143|A|G	CROSS_RUN_EQUIVALENCE_UNRESOLVED
run-phase1a-60z59-hg002-grch38-v421	event-run-phase1a-60z59-hg002-grch38-v421-record-46	run-phase1a-ru88n-hg002-grch38-v421	event-run-phase1a-ru88n-hg002-grch38-v421-record-46	GRCh38|chr20|10017841|A|G	CROSS_RUN_EQUIVALENCE_UNRESOLVED
run-phase1a-60z59-hg002-grch38-v421	event-run-phase1a-60z59-hg002-grch38-v421-record-47	run-phase1a-ru88n-hg002-grch38-v421	event-run-phase1a-ru88n-hg002-grch38-v421-record-47	GRCh38|chr20|10018405|C|CT	CROSS_RUN_EQUIVALENCE_UNRESOLVED
run-phase1a-60z59-hg002-grch38-v421	event-run-phase1a-60z59-hg002-grch38-v421-record-48	run-phase1a-ru88n-hg002-grch38-v421	event-run-phase1a-ru88n-hg002-grch38-v421-record-48	GRCh38|chr20|10018444|T|C	CROSS_RUN_EQUIVALENCE_UNRESOLVED
run-phase1a-60z59-hg002-grch38-v421	event-run-phase1a-60z59-hg002-grch38-v421-record-49	run-phase1a-ru88n-hg002-grch38-v421	event-run-phase1a-ru88n-hg002-grch38-v421-record-49	GRCh38|chr20|10018503|G|A	CROSS_RUN_EQUIVALENCE_UNRESOLVED
run-phase1a-60z59-hg002-grch38-v421	event-run-phase1a-60z59-hg002-grch38-v421-record-50	run-phase1a-ru88n-hg002-grch38-v421	event-run-phase1a-ru88n-hg002-grch38-v421-record-50	GRCh38|chr20|10018603|T|C	CROSS_RUN_EQUIVALENCE_UNRESOLVED
run-phase1a-60z59-hg002-grch38-v421	event-run-phase1a-60z59-hg002-grch38-v421-record-51	run-phase1a-ru88n-hg002-grch38-v421	event-run-phase1a-ru88n-hg002-grch38-v421-record-51	GRCh38|chr20|10018654|G|A	CROSS_RUN_EQUIVALENCE_UNRESOLVED
run-phase1a-60z59-hg002-grch38-v421	event-run-phase1a-60z59-hg002-grch38-v421-record-52	run-phase1a-ru88n-hg002-grch38-v421	event-run-phase1a-ru88n-hg002-grch38-v421-record-52	GRCh38|chr20|10018974|C|T	CROSS_RUN_EQUIVALENCE_UNRESOLVED
run-phase1a-60z59-hg002-grch38-v421	event-run-phase1a-60z59-hg002-grch38-v421-record-53	run-phase1a-ru88n-hg002-grch38-v421	event-run-phase1a-ru88n-hg002-grch38-v421-record-53	GRCh38|chr20|10019013|T|C	CROSS_RUN_EQUIVALENCE_UNRESOLVED
run-phase1a-60z59-hg002-grch38-v421	event-run-phase1a-60z59-hg002-grch38-v421-record-54	run-phase1a-ru88n-hg002-grch38-v421	event-run-phase1a-ru88n-hg002-grch38-v421-record-54	GRCh38|chr20|10019348|A|ACT	CROSS_RUN_EQUIVALENCE_UNRESOLVED
run-phase1a-60z59-hg002-grch38-v421	event-run-phase1a-60z59-hg002-grch38-v421-record-55	run-phase1a-ru88n-hg002-grch38-v421	event-run-phase1a-ru88n-hg002-grch38-v421-record-55	GRCh38|chr20|10019469|C|T	CROSS_RUN_EQUIVALENCE_UNRESOLVED
run-phase1a-60z59-hg002-grch38-v421	event-run-phase1a-60z59-hg002-grch38-v421-record-56	run-phase1a-ru88n-hg002-grch38-v421	event-run-phase1a-ru88n-hg002-grch38-v421-record-56	GRCh38|chr20|10019563|C|T	CROSS_RUN_EQUIVALENCE_UNRESOLVED
run-phase1a-60z59-hg002-grch38-v421	event-run-phase1a-60z59-hg002-grch38-v421-record-57	run-phase1a-ru88n-hg002-grch38-v421	event-run-phase1a-ru88n-hg002-grch38-v421-record-57	GRCh38|chr20|10019791|T|G	CROSS_RUN_EQUIVALENCE_UNRESOLVED
run-phase1a-60z59-hg002-grch38-v421	event-run-phase1a-60z59-hg002-grch38-v421-record-58	run-phase1a-ru88n-hg002-grch38-v421	event-run-phase1a-ru88n-hg002-grch38-v421-record-58	GRCh38|chr20|10019886|T|C	CROSS_RUN_EQUIVALENCE_UNRESOLVED
run-phase1a-60z59-hg002-grch38-v421	event-run-phase1a-60z59-hg002-grch38-v421-record-59	run-phase1a-ru88n-hg002-grch38-v421	event-run-phase1a-ru88n-hg002-grch38-v421-record-59	GRCh38|chr20|10019950|T|A	CROSS_RUN_EQUIVALENCE_UNRESOLVED
run-phase1a-60z59-hg002-grch38-v421	event-run-phase1a-60z59-hg002-grch38-v421-record-60	run-phase1a-ru88n-hg002-grch38-v421	event-run-phase1a-ru88n-hg002-grch38-v421-record-60	GRCh38|chr20|10020046|G|A	CROSS_RUN_EQUIVALENCE_UNRESOLVED
run-phase1a-60z59-hg002-grch38-v421	event-run-phase1a-60z59-hg002-grch38-v421-record-61	run-phase1a-ru88n-hg002-grch38-v421	event-run-phase1a-ru88n-hg002-grch38-v421-record-61	GRCh38|chr20|10020110|T|A	CROSS_RUN_EQUIVALENCE_UNRESOLVED
run-phase1a-60z59-hg002-grch38-v421	event-run-phase1a-60z59-hg002-grch38-v421-record-62	run-phase1a-ru88n-hg002-grch38-v421	event-run-phase1a-ru88n-hg002-grch38-v421-record-62	GRCh38|chr20|10020371|T|G	CROSS_RUN_EQUIVALENCE_UNRESOLVED
run-phase1a-60z59-hg002-grch38-v421	event-run-phase1a-60z59-hg002-grch38-v421-record-63	run-phase1a-ru88n-hg002-grch38-v421	event-run-phase1a-ru88n-hg002-grch38-v421-record-63	GRCh38|chr20|10020650|T|A	CROSS_RUN_EQUIVALENCE_UNRESOLVED
run-phase1a-60z59-hg002-grch38-v421	event-run-phase1a-60z59-hg002-grch38-v421-record-64	run-phase1a-ru88n-hg002-grch38-v421	event-run-phase1a-ru88n-hg002-grch38-v421-record-64	GRCh38|chr20|10020788|A|AAGGCT	CROSS_RUN_EQUIVALENCE_UNRESOLVED
run-phase1a-60z59-hg002-grch38-v421	event-run-phase1a-60z59-hg002-grch38-v421-record-65	run-phase1a-ru88n-hg002-grch38-v421	event-run-phase1a-ru88n-hg002-grch38-v421-record-65	GRCh38|chr20|10020826|C|T	CROSS_RUN_EQUIVALENCE_UNRESOLVED
run-phase1a-60z59-hg002-grch38-v421	event-run-phase1a-60z59-hg002-grch38-v421-record-66	run-phase1a-ru88n-hg002-grch38-v421	event-run-phase1a-ru88n-hg002-grch38-v421-record-66	GRCh38|chr20|10020949|T|C	CROSS_RUN_EQUIVALENCE_UNRESOLVED
run-phase1a-60z59-hg002-grch38-v421	event-run-phase1a-60z59-hg002-grch38-v421-record-67	run-phase1a-ru88n-hg002-grch38-v421	event-run-phase1a-ru88n-hg002-grch38-v421-record-67	GRCh38|chr20|10020969|C|A	CROSS_RUN_EQUIVALENCE_UNRESOLVED
run-phase1a-60z59-hg002-grch38-v421	event-run-phase1a-60z59-hg002-grch38-v421-record-68	run-phase1a-ru88n-hg002-grch38-v421	event-run-phase1a-ru88n-hg002-grch38-v421-record-68	GRCh38|chr20|10020980|G|A	CROSS_RUN_EQUIVALENCE_UNRESOLVED
run-phase1a-60z59-hg002-grch38-v421	event-run-phase1a-60z59-hg002-grch38-v421-record-69	run-phase1a-ru88n-hg002-grch38-v421	event-run-phase1a-ru88n-hg002-grch38-v421-record-69	GRCh38|chr20|10021013|T|C	CROSS_RUN_EQUIVALENCE_UNRESOLVED
run-phase1a-60z59-hg002-grch38-v421	event-run-phase1a-60z59-hg002-grch38-v421-record-70	run-phase1a-ru88n-hg002-grch38-v421	event-run-phase1a-ru88n-hg002-grch38-v421-record-70	GRCh38|chr20|10021022|T|G	CROSS_RUN_EQUIVALENCE_UNRESOLVED
run-phase1a-60z59-hg002-grch38-v421	event-run-phase1a-60z59-hg002-grch38-v421-record-71	run-phase1a-ru88n-hg002-grch38-v421	event-run-phase1a-ru88n-hg002-grch38-v421-record-71	GRCh38|chr20|10021410|T|G	CROSS_RUN_EQUIVALENCE_UNRESOLVED
run-phase1a-60z59-hg002-grch38-v421	event-run-phase1a-60z59-hg002-grch38-v421-record-72	run-phase1a-ru88n-hg002-grch38-v421	event-run-phase1a-ru88n-hg002-grch38-v421-record-72	GRCh38|chr20|10021490|C|G	CROSS_RUN_EQUIVALENCE_UNRESOLVED
run-phase1a-60z59-hg002-grch38-v421	event-run-phase1a-60z59-hg002-grch38-v421-record-73	run-phase1a-ru88n-hg002-grch38-v421	event-run-phase1a-ru88n-hg002-grch38-v421-record-73	GRCh38|chr20|10021494|G|C	CROSS_RUN_EQUIVALENCE_UNRESOLVED
run-phase1a-60z59-hg002-grch38-v421	event-run-phase1a-60z59-hg002-grch38-v421-record-75	run-phase1a-ru88n-hg002-grch38-v421	event-run-phase1a-ru88n-hg002-grch38-v421-record-74	GRCh38|chr20|10021822|C|T	CROSS_RUN_EQUIVALENCE_UNRESOLVED
run-phase1a-60z59-hg002-grch38-v421	event-run-phase1a-60z59-hg002-grch38-v421-record-76	run-phase1a-ru88n-hg002-grch38-v421	event-run-phase1a-ru88n-hg002-grch38-v421-record-75	GRCh38|chr20|10021977|G|T	CROSS_RUN_EQUIVALENCE_UNRESOLVED
run-phase1a-60z59-hg002-grch38-v421	event-run-phase1a-60z59-hg002-grch38-v421-record-77	run-phase1a-ru88n-hg002-grch38-v421	event-run-phase1a-ru88n-hg002-grch38-v421-record-76	GRCh38|chr20|10022373|C|T	CROSS_RUN_EQUIVALENCE_UNRESOLVED
run-phase1a-60z59-hg002-grch38-v421	event-run-phase1a-60z59-hg002-grch38-v421-record-78	run-phase1a-ru88n-hg002-grch38-v421	event-run-phase1a-ru88n-hg002-grch38-v421-record-77	GRCh38|chr20|10022710|A|C	CROSS_RUN_EQUIVALENCE_UNRESOLVED
run-phase1a-60z59-hg002-grch38-v421	event-run-phase1a-60z59-hg002-grch38-v421-record-79	run-phase1a-ru88n-hg002-grch38-v421	event-run-phase1a-ru88n-hg002-grch38-v421-record-78	GRCh38|chr20|10022798|G|T	CROSS_RUN_EQUIVALENCE_UNRESOLVED
run-phase1a-60z59-hg002-grch38-v421	event-run-phase1a-60z59-hg002-grch38-v421-record-80	run-phase1a-ru88n-hg002-grch38-v421	event-run-phase1a-ru88n-hg002-grch38-v421-record-79	GRCh38|chr20|10023003|T|C	CROSS_RUN_EQUIVALENCE_UNRESOLVED
run-phase1a-60z59-hg002-grch38-v421	event-run-phase1a-60z59-hg002-grch38-v421-record-81	run-phase1a-ru88n-hg002-grch38-v421	event-run-phase1a-ru88n-hg002-grch38-v421-record-80	GRCh38|chr20|10023044|A|G	CROSS_RUN_EQUIVALENCE_UNRESOLVED
run-phase1a-60z59-hg002-grch38-v421	event-run-phase1a-60z59-hg002-grch38-v421-record-82	run-phase1a-ru88n-hg002-grch38-v421	event-run-phase1a-ru88n-hg002-grch38-v421-record-81	GRCh38|chr20|10023104|G|T	CROSS_RUN_EQUIVALENCE_UNRESOLVED
run-phase1a-60z59-hg002-grch38-v421	event-run-phase1a-60z59-hg002-grch38-v421-record-83	run-phase1a-ru88n-hg002-grch38-v421	event-run-phase1a-ru88n-hg002-grch38-v421-record-82	GRCh38|chr20|10023184|G|A	CROSS_RUN_EQUIVALENCE_UNRESOLVED
run-phase1a-60z59-hg002-grch38-v421	event-run-phase1a-60z59-hg002-grch38-v421-record-84	run-phase1a-ru88n-hg002-grch38-v421	event-run-phase1a-ru88n-hg002-grch38-v421-record-83	GRCh38|chr20|10023446|A|C	CROSS_RUN_EQUIVALENCE_UNRESOLVED
run-phase1a-60z59-hg002-grch38-v421	event-run-phase1a-60z59-hg002-grch38-v421-record-85	run-phase1a-ru88n-hg002-grch38-v421	event-run-phase1a-ru88n-hg002-grch38-v421-record-84	GRCh38|chr20|10023499|A|G	CROSS_RUN_EQUIVALENCE_UNRESOLVED
run-phase1a-60z59-hg002-grch38-v421	event-run-phase1a-60z59-hg002-grch38-v421-record-88	run-phase1a-ru88n-hg002-grch38-v421	event-run-phase1a-ru88n-hg002-grch38-v421-record-86	GRCh38|chr20|10023577|A|G	CROSS_RUN_EQUIVALENCE_UNRESOLVED
run-phase1a-60z59-hg002-grch38-v421	event-run-phase1a-60z59-hg002-grch38-v421-record-89	run-phase1a-ru88n-hg002-grch38-v421	event-run-phase1a-ru88n-hg002-grch38-v421-record-87	GRCh38|chr20|10023703|C|G	CROSS_RUN_EQUIVALENCE_UNRESOLVED
run-phase1a-60z59-hg002-grch38-v421	event-run-phase1a-60z59-hg002-grch38-v421-record-90	run-phase1a-ru88n-hg002-grch38-v421	event-run-phase1a-ru88n-hg002-grch38-v421-record-88	GRCh38|chr20|10023741|T|G	CROSS_RUN_EQUIVALENCE_UNRESOLVED
run-phase1a-60z59-hg002-grch38-v421	event-run-phase1a-60z59-hg002-grch38-v421-record-91	run-phase1a-ru88n-hg002-grch38-v421	event-run-phase1a-ru88n-hg002-grch38-v421-record-89	GRCh38|chr20|10023962|A|C	CROSS_RUN_EQUIVALENCE_UNRESOLVED
run-phase1a-60z59-hg002-grch38-v421	event-run-phase1a-60z59-hg002-grch38-v421-record-92	run-phase1a-ru88n-hg002-grch38-v421	event-run-phase1a-ru88n-hg002-grch38-v421-record-90	GRCh38|chr20|10024226|A|C	CROSS_RUN_EQUIVALENCE_UNRESOLVED
run-phase1a-60z59-hg002-grch38-v421	event-run-phase1a-60z59-hg002-grch38-v421-record-93	run-phase1a-ru88n-hg002-grch38-v421	event-run-phase1a-ru88n-hg002-grch38-v421-record-91	GRCh38|chr20|10024362|C|T	CROSS_RUN_EQUIVALENCE_UNRESOLVED
run-phase1a-60z59-hg002-grch38-v421	event-run-phase1a-60z59-hg002-grch38-v421-record-94	run-phase1a-ru88n-hg002-grch38-v421	event-run-phase1a-ru88n-hg002-grch38-v421-record-92	GRCh38|chr20|10024779|C|T	CROSS_RUN_EQUIVALENCE_UNRESOLVED
run-phase1a-60z59-hg002-grch38-v421	event-run-phase1a-60z59-hg002-grch38-v421-record-95	run-phase1a-ru88n-hg002-grch38-v421	event-run-phase1a-ru88n-hg002-grch38-v421-record-93	GRCh38|chr20|10024851|A|G	CROSS_RUN_EQUIVALENCE_UNRESOLVED
run-phase1a-60z59-hg002-grch38-v421	event-run-phase1a-60z59-hg002-grch38-v421-record-96	run-phase1a-ru88n-hg002-grch38-v421	event-run-phase1a-ru88n-hg002-grch38-v421-record-94	GRCh38|chr20|10024939|A|G	CROSS_RUN_EQUIVALENCE_UNRESOLVED
run-phase1a-60z59-hg002-grch38-v421	event-run-phase1a-60z59-hg002-grch38-v421-record-97	run-phase1a-ru88n-hg002-grch38-v421	event-run-phase1a-ru88n-hg002-grch38-v421-record-95	GRCh38|chr20|10025075|A|G	CROSS_RUN_EQUIVALENCE_UNRESOLVED
run-phase1a-60z59-hg002-grch38-v421	event-run-phase1a-60z59-hg002-grch38-v421-record-98	run-phase1a-ru88n-hg002-grch38-v421	event-run-phase1a-ru88n-hg002-grch38-v421-record-96	GRCh38|chr20|10025756|A|C	CROSS_RUN_EQUIVALENCE_UNRESOLVED
run-phase1a-60z59-hg002-grch38-v421	event-run-phase1a-60z59-hg002-grch38-v421-record-99	run-phase1a-ru88n-hg002-grch38-v421	event-run-phase1a-ru88n-hg002-grch38-v421-record-97	GRCh38|chr20|10026034|T|A	CROSS_RUN_EQUIVALENCE_UNRESOLVED
run-phase1a-60z59-hg002-grch38-v421	event-run-phase1a-60z59-hg002-grch38-v421-record-100	run-phase1a-ru88n-hg002-grch38-v421	event-run-phase1a-ru88n-hg002-grch38-v421-record-98	GRCh38|chr20|10026171|AAAAC|A	CROSS_RUN_EQUIVALENCE_UNRESOLVED
run-phase1a-60z59-hg002-grch38-v421	event-run-phase1a-60z59-hg002-grch38-v421-record-101	run-phase1a-ru88n-hg002-grch38-v421	event-run-phase1a-ru88n-hg002-grch38-v421-record-99	GRCh38|chr20|10026395|G|A	CROSS_RUN_EQUIVALENCE_UNRESOLVED
run-phase1a-60z59-hg002-grch38-v421	event-run-phase1a-60z59-hg002-grch38-v421-record-102	run-phase1a-ru88n-hg002-grch38-v421	event-run-phase1a-ru88n-hg002-grch38-v421-record-100	GRCh38|chr20|10026704|C|T	CROSS_RUN_EQUIVALENCE_UNRESOLVED
run-phase1a-60z59-hg002-grch38-v421	event-run-phase1a-60z59-hg002-grch38-v421-record-103	run-phase1a-ru88n-hg002-grch38-v421	event-run-phase1a-ru88n-hg002-grch38-v421-record-101	GRCh38|chr20|10026772|T|C	CROSS_RUN_EQUIVALENCE_UNRESOLVED
run-phase1a-60z59-hg002-grch38-v421	event-run-phase1a-60z59-hg002-grch38-v421-record-104	run-phase1a-ru88n-hg002-grch38-v421	event-run-phase1a-ru88n-hg002-grch38-v421-record-102	GRCh38|chr20|10026883|A|G	CROSS_RUN_EQUIVALENCE_UNRESOLVED
run-phase1a-60z59-hg002-grch38-v421	event-run-phase1a-60z59-hg002-grch38-v421-record-105	run-phase1a-ru88n-hg002-grch38-v421	event-run-phase1a-ru88n-hg002-grch38-v421-record-103	GRCh38|chr20|10027123|T|C	CROSS_RUN_EQUIVALENCE_UNRESOLVED
run-phase1a-60z59-hg002-grch38-v421	event-run-phase1a-60z59-hg002-grch38-v421-record-106	run-phase1a-ru88n-hg002-grch38-v421	event-run-phase1a-ru88n-hg002-grch38-v421-record-104	GRCh38|chr20|10027187|T|C	CROSS_RUN_EQUIVALENCE_UNRESOLVED
run-phase1a-60z59-hg002-grch38-v421	event-run-phase1a-60z59-hg002-grch38-v421-record-107	run-phase1a-ru88n-hg002-grch38-v421	event-run-phase1a-ru88n-hg002-grch38-v421-record-105	GRCh38|chr20|10027220|C|G	CROSS_RUN_EQUIVALENCE_UNRESOLVED
run-phase1a-60z59-hg002-grch38-v421	event-run-phase1a-60z59-hg002-grch38-v421-record-108	run-phase1a-ru88n-hg002-grch38-v421	event-run-phase1a-ru88n-hg002-grch38-v421-record-106	GRCh38|chr20|10027332|A|C	CROSS_RUN_EQUIVALENCE_UNRESOLVED
run-phase1a-60z59-hg002-grch38-v421	event-run-phase1a-60z59-hg002-grch38-v421-record-110	run-phase1a-ru88n-hg002-grch38-v421	event-run-phase1a-ru88n-hg002-grch38-v421-record-108	GRCh38|chr20|10027498|TA|T	CROSS_RUN_EQUIVALENCE_UNRESOLVED
run-phase1a-60z59-hg002-grch38-v421	event-run-phase1a-60z59-hg002-grch38-v421-record-111	run-phase1a-ru88n-hg002-grch38-v421	event-run-phase1a-ru88n-hg002-grch38-v421-record-109	GRCh38|chr20|10027573|T|C	CROSS_RUN_EQUIVALENCE_UNRESOLVED
run-phase1a-60z59-hg002-grch38-v421	event-run-phase1a-60z59-hg002-grch38-v421-record-112	run-phase1a-ru88n-hg002-grch38-v421	event-run-phase1a-ru88n-hg002-grch38-v421-record-110	GRCh38|chr20|10027741|A|G	CROSS_RUN_EQUIVALENCE_UNRESOLVED
run-phase1a-60z59-hg002-grch38-v421	event-run-phase1a-60z59-hg002-grch38-v421-record-113	run-phase1a-ru88n-hg002-grch38-v421	event-run-phase1a-ru88n-hg002-grch38-v421-record-111	GRCh38|chr20|10027810|T|G	CROSS_RUN_EQUIVALENCE_UNRESOLVED
run-phase1a-60z59-hg002-grch38-v421	event-run-phase1a-60z59-hg002-grch38-v421-record-115	run-phase1a-ru88n-hg002-grch38-v421	event-run-phase1a-ru88n-hg002-grch38-v421-record-112	GRCh38|chr20|10028300|TA|T	CROSS_RUN_EQUIVALENCE_UNRESOLVED
run-phase1a-60z59-hg002-grch38-v421	event-run-phase1a-60z59-hg002-grch38-v421-record-118	run-phase1a-ru88n-hg002-grch38-v421	event-run-phase1a-ru88n-hg002-grch38-v421-record-114	GRCh38|chr20|10028598|A|G	CROSS_RUN_EQUIVALENCE_UNRESOLVED
run-phase1a-60z59-hg002-grch38-v421	event-run-phase1a-60z59-hg002-grch38-v421-record-119	run-phase1a-ru88n-hg002-grch38-v421	event-run-phase1a-ru88n-hg002-grch38-v421-record-115	GRCh38|chr20|10028752|T|A	CROSS_RUN_EQUIVALENCE_UNRESOLVED
run-phase1a-60z59-hg002-grch38-v421	event-run-phase1a-60z59-hg002-grch38-v421-record-120	run-phase1a-ru88n-hg002-grch38-v421	event-run-phase1a-ru88n-hg002-grch38-v421-record-116	GRCh38|chr20|10028864|C|G	CROSS_RUN_EQUIVALENCE_UNRESOLVED
run-phase1a-60z59-hg002-grch38-v421	event-run-phase1a-60z59-hg002-grch38-v421-record-121	run-phase1a-ru88n-hg002-grch38-v421	event-run-phase1a-ru88n-hg002-grch38-v421-record-117	GRCh38|chr20|10029071|A|G	CROSS_RUN_EQUIVALENCE_UNRESOLVED
run-phase1a-60z59-hg002-grch38-v421	event-run-phase1a-60z59-hg002-grch38-v421-record-122	run-phase1a-ru88n-hg002-grch38-v421	event-run-phase1a-ru88n-hg002-grch38-v421-record-118	GRCh38|chr20|10029147|A|G	CROSS_RUN_EQUIVALENCE_UNRESOLVED
run-phase1a-60z59-hg002-grch38-v421	event-run-phase1a-60z59-hg002-grch38-v421-record-123	run-phase1a-ru88n-hg002-grch38-v421	event-run-phase1a-ru88n-hg002-grch38-v421-record-119	GRCh38|chr20|10029196|G|A	CROSS_RUN_EQUIVALENCE_UNRESOLVED
run-phase1a-60z59-hg002-grch38-v421	event-run-phase1a-60z59-hg002-grch38-v421-record-124	run-phase1a-ru88n-hg002-grch38-v421	event-run-phase1a-ru88n-hg002-grch38-v421-record-121	GRCh38|chr20|10029227|A|G	CROSS_RUN_EQUIVALENCE_UNRESOLVED
run-phase1a-60z59-hg002-grch38-v421	event-run-phase1a-60z59-hg002-grch38-v421-record-125	run-phase1a-ru88n-hg002-grch38-v421	event-run-phase1a-ru88n-hg002-grch38-v421-record-122	GRCh38|chr20|10029231|A|G	CROSS_RUN_EQUIVALENCE_UNRESOLVED
run-phase1a-60z59-hg002-grch38-v421	event-run-phase1a-60z59-hg002-grch38-v421-record-126	run-phase1a-ru88n-hg002-grch38-v421	event-run-phase1a-ru88n-hg002-grch38-v421-record-123	GRCh38|chr20|10029235|A|G	CROSS_RUN_EQUIVALENCE_UNRESOLVED
run-phase1a-60z59-hg002-grch38-v421	event-run-phase1a-60z59-hg002-grch38-v421-record-127	run-phase1a-ru88n-hg002-grch38-v421	event-run-phase1a-ru88n-hg002-grch38-v421-record-124	GRCh38|chr20|10029888|G|GA	CROSS_RUN_EQUIVALENCE_UNRESOLVED
run-phase1a-60z59-hg002-grch38-v421	event-run-phase1a-60z59-hg002-grch38-v421-record-128	run-phase1a-ru88n-hg002-grch38-v421	event-run-phase1a-ru88n-hg002-grch38-v421-record-125	GRCh38|chr20|10030118|T|G	CROSS_RUN_EQUIVALENCE_UNRESOLVED
run-phase1a-60z59-hg002-grch38-v421	event-run-phase1a-60z59-hg002-grch38-v421-record-129	run-phase1a-ru88n-hg002-grch38-v421	event-run-phase1a-ru88n-hg002-grch38-v421-record-126	GRCh38|chr20|10030184|T|C	CROSS_RUN_EQUIVALENCE_UNRESOLVED
run-phase1a-60z59-hg002-grch38-v421	event-run-phase1a-60z59-hg002-grch38-v421-record-130	run-phase1a-ru88n-hg002-grch38-v421	event-run-phase1a-ru88n-hg002-grch38-v421-record-127	GRCh38|chr20|10030427|C|T	CROSS_RUN_EQUIVALENCE_UNRESOLVED
run-phase1a-60z59-hg002-grch38-v421	event-run-phase1a-60z59-hg002-grch38-v421-record-131	run-phase1a-ru88n-hg002-grch38-v421	event-run-phase1a-ru88n-hg002-grch38-v421-record-128	GRCh38|chr20|10030661|T|C	CROSS_RUN_EQUIVALENCE_UNRESOLVED
run-phase1a-60z59-hg002-grch38-v421	event-run-phase1a-60z59-hg002-grch38-v421-record-132	run-phase1a-ru88n-hg002-grch38-v421	event-run-phase1a-ru88n-hg002-grch38-v421-record-129	GRCh38|chr20|10030869|GA|G	CROSS_RUN_EQUIVALENCE_UNRESOLVED
run-phase1a-60z59-hg002-grch38-v421	event-run-phase1a-60z59-hg002-grch38-v421-record-133	run-phase1a-ru88n-hg002-grch38-v421	event-run-phase1a-ru88n-hg002-grch38-v421-record-130	GRCh38|chr20|10031018|C|T	CROSS_RUN_EQUIVALENCE_UNRESOLVED
run-phase1a-60z59-hg002-grch38-v421	event-run-phase1a-60z59-hg002-grch38-v421-record-134	run-phase1a-ru88n-hg002-grch38-v421	event-run-phase1a-ru88n-hg002-grch38-v421-record-131	GRCh38|chr20|10031291|C|T	CROSS_RUN_EQUIVALENCE_UNRESOLVED
run-phase1a-60z59-hg002-grch38-v421	event-run-phase1a-60z59-hg002-grch38-v421-record-135	run-phase1a-ru88n-hg002-grch38-v421	event-run-phase1a-ru88n-hg002-grch38-v421-record-132	GRCh38|chr20|10031373|CA|C	CROSS_RUN_EQUIVALENCE_UNRESOLVED
run-phase1a-60z59-hg002-grch38-v421	event-run-phase1a-60z59-hg002-grch38-v421-record-137	run-phase1a-ru88n-hg002-grch38-v421	event-run-phase1a-ru88n-hg002-grch38-v421-record-134	GRCh38|chr20|10031736|T|C	CROSS_RUN_EQUIVALENCE_UNRESOLVED
run-phase1a-60z59-hg002-grch38-v421	event-run-phase1a-60z59-hg002-grch38-v421-record-138	run-phase1a-ru88n-hg002-grch38-v421	event-run-phase1a-ru88n-hg002-grch38-v421-record-135	GRCh38|chr20|10031739|T|C	CROSS_RUN_EQUIVALENCE_UNRESOLVED
run-phase1a-60z59-hg002-grch38-v421	event-run-phase1a-60z59-hg002-grch38-v421-record-139	run-phase1a-ru88n-hg002-grch38-v421	event-run-phase1a-ru88n-hg002-grch38-v421-record-136	GRCh38|chr20|10031831|A|G	CROSS_RUN_EQUIVALENCE_UNRESOLVED
run-phase1a-60z59-hg002-grch38-v421	event-run-phase1a-60z59-hg002-grch38-v421-record-140	run-phase1a-ru88n-hg002-grch38-v421	event-run-phase1a-ru88n-hg002-grch38-v421-record-137	GRCh38|chr20|10031850|C|G	CROSS_RUN_EQUIVALENCE_UNRESOLVED
run-phase1a-60z59-hg002-grch38-v421	event-run-phase1a-60z59-hg002-grch38-v421-record-141	run-phase1a-ru88n-hg002-grch38-v421	event-run-phase1a-ru88n-hg002-grch38-v421-record-138	GRCh38|chr20|10031870|T|C	CROSS_RUN_EQUIVALENCE_UNRESOLVED
run-phase1a-60z59-hg002-grch38-v421	event-run-phase1a-60z59-hg002-grch38-v421-record-142	run-phase1a-ru88n-hg002-grch38-v421	event-run-phase1a-ru88n-hg002-grch38-v421-record-139	GRCh38|chr20|10031873|C|T	CROSS_RUN_EQUIVALENCE_UNRESOLVED
run-phase1a-60z59-hg002-grch38-v421	event-run-phase1a-60z59-hg002-grch38-v421-record-143	run-phase1a-ru88n-hg002-grch38-v421	event-run-phase1a-ru88n-hg002-grch38-v421-record-140	GRCh38|chr20|10031922|G|GCA	CROSS_RUN_EQUIVALENCE_UNRESOLVED
run-phase1a-60z59-hg002-grch38-v421	event-run-phase1a-60z59-hg002-grch38-v421-record-144	run-phase1a-ru88n-hg002-grch38-v421	event-run-phase1a-ru88n-hg002-grch38-v421-record-141	GRCh38|chr20|10031924|GT|G	CROSS_RUN_EQUIVALENCE_UNRESOLVED
run-phase1a-60z59-hg002-grch38-v421	event-run-phase1a-60z59-hg002-grch38-v421-record-145	run-phase1a-ru88n-hg002-grch38-v421	event-run-phase1a-ru88n-hg002-grch38-v421-record-143	GRCh38|chr20|10031983|C|CG	CROSS_RUN_EQUIVALENCE_UNRESOLVED
run-phase1a-60z59-hg002-grch38-v421	event-run-phase1a-60z59-hg002-grch38-v421-record-146	run-phase1a-ru88n-hg002-grch38-v421	event-run-phase1a-ru88n-hg002-grch38-v421-record-144	GRCh38|chr20|10031988|G|C	CROSS_RUN_EQUIVALENCE_UNRESOLVED
run-phase1a-60z59-hg002-grch38-v421	event-run-phase1a-60z59-hg002-grch38-v421-record-147	run-phase1a-ru88n-hg002-grch38-v421	event-run-phase1a-ru88n-hg002-grch38-v421-record-145	GRCh38|chr20|10032066|G|C	CROSS_RUN_EQUIVALENCE_UNRESOLVED
run-phase1a-60z59-hg002-grch38-v421	event-run-phase1a-60z59-hg002-grch38-v421-record-148	run-phase1a-ru88n-hg002-grch38-v421	event-run-phase1a-ru88n-hg002-grch38-v421-record-146	GRCh38|chr20|10032103|T|C	CROSS_RUN_EQUIVALENCE_UNRESOLVED
run-phase1a-60z59-hg002-grch38-v421	event-run-phase1a-60z59-hg002-grch38-v421-record-149	run-phase1a-ru88n-hg002-grch38-v421	event-run-phase1a-ru88n-hg002-grch38-v421-record-147	GRCh38|chr20|10032321|G|A	CROSS_RUN_EQUIVALENCE_UNRESOLVED
run-phase1a-60z59-hg002-grch38-v421	event-run-phase1a-60z59-hg002-grch38-v421-record-150	run-phase1a-ru88n-hg002-grch38-v421	event-run-phase1a-ru88n-hg002-grch38-v421-record-148	GRCh38|chr20|10032349|C|T	CROSS_RUN_EQUIVALENCE_UNRESOLVED
run-phase1a-60z59-hg002-grch38-v421	event-run-phase1a-60z59-hg002-grch38-v421-record-151	run-phase1a-ru88n-hg002-grch38-v421	event-run-phase1a-ru88n-hg002-grch38-v421-record-149	GRCh38|chr20|10032926|G|A	CROSS_RUN_EQUIVALENCE_UNRESOLVED
run-phase1a-60z59-hg002-grch38-v421	event-run-phase1a-60z59-hg002-grch38-v421-record-152	run-phase1a-ru88n-hg002-grch38-v421	event-run-phase1a-ru88n-hg002-grch38-v421-record-150	GRCh38|chr20|10034342|C|CAT	CROSS_RUN_EQUIVALENCE_UNRESOLVED
run-phase1a-60z59-hg002-grch38-v421	event-run-phase1a-60z59-hg002-grch38-v421-record-153	run-phase1a-ru88n-hg002-grch38-v421	event-run-phase1a-ru88n-hg002-grch38-v421-record-151	GRCh38|chr20|10034548|G|T	CROSS_RUN_EQUIVALENCE_UNRESOLVED
run-phase1a-60z59-hg002-grch38-v421	event-run-phase1a-60z59-hg002-grch38-v421-record-157	run-phase1a-ru88n-hg002-grch38-v421	event-run-phase1a-ru88n-hg002-grch38-v421-record-152	GRCh38|chr20|10035081|C|A	CROSS_RUN_EQUIVALENCE_UNRESOLVED
run-phase1a-60z59-hg002-grch38-v421	event-run-phase1a-60z59-hg002-grch38-v421-record-158	run-phase1a-ru88n-hg002-grch38-v421	event-run-phase1a-ru88n-hg002-grch38-v421-record-153	GRCh38|chr20|10035113|T|C	CROSS_RUN_EQUIVALENCE_UNRESOLVED
run-phase1a-60z59-hg002-grch38-v421	event-run-phase1a-60z59-hg002-grch38-v421-record-159	run-phase1a-ru88n-hg002-grch38-v421	event-run-phase1a-ru88n-hg002-grch38-v421-record-154	GRCh38|chr20|10035373|C|G	CROSS_RUN_EQUIVALENCE_UNRESOLVED
run-phase1a-60z59-hg002-grch38-v421	event-run-phase1a-60z59-hg002-grch38-v421-record-160	run-phase1a-ru88n-hg002-grch38-v421	event-run-phase1a-ru88n-hg002-grch38-v421-record-155	GRCh38|chr20|10035559|C|G	CROSS_RUN_EQUIVALENCE_UNRESOLVED
run-phase1a-60z59-hg002-grch38-v421	event-run-phase1a-60z59-hg002-grch38-v421-record-161	run-phase1a-ru88n-hg002-grch38-v421	event-run-phase1a-ru88n-hg002-grch38-v421-record-156	GRCh38|chr20|10037128|A|G	CROSS_RUN_EQUIVALENCE_UNRESOLVED
run-phase1a-60z59-hg002-grch38-v421	event-run-phase1a-60z59-hg002-grch38-v421-record-162	run-phase1a-ru88n-hg002-grch38-v421	event-run-phase1a-ru88n-hg002-grch38-v421-record-157	GRCh38|chr20|10037510|G|C	CROSS_RUN_EQUIVALENCE_UNRESOLVED
run-phase1a-60z59-hg002-grch38-v421	event-run-phase1a-60z59-hg002-grch38-v421-record-163	run-phase1a-ru88n-hg002-grch38-v421	event-run-phase1a-ru88n-hg002-grch38-v421-record-158	GRCh38|chr20|10038445|A|G	CROSS_RUN_EQUIVALENCE_UNRESOLVED
run-phase1a-60z59-hg002-grch38-v421	event-run-phase1a-60z59-hg002-grch38-v421-record-164	run-phase1a-ru88n-hg002-grch38-v421	event-run-phase1a-ru88n-hg002-grch38-v421-record-159	GRCh38|chr20|10038984|G|A	CROSS_RUN_EQUIVALENCE_UNRESOLVED
run-phase1a-60z59-hg002-grch38-v421	event-run-phase1a-60z59-hg002-grch38-v421-record-165	run-phase1a-ru88n-hg002-grch38-v421	event-run-phase1a-ru88n-hg002-grch38-v421-record-160	GRCh38|chr20|10041298|T|A	CROSS_RUN_EQUIVALENCE_UNRESOLVED
run-phase1a-60z59-hg002-grch38-v421	event-run-phase1a-60z59-hg002-grch38-v421-record-166	run-phase1a-ru88n-hg002-grch38-v421	event-run-phase1a-ru88n-hg002-grch38-v421-record-161	GRCh38|chr20|10042794|G|A	CROSS_RUN_EQUIVALENCE_UNRESOLVED
run-phase1a-60z59-hg002-grch38-v421	event-run-phase1a-60z59-hg002-grch38-v421-record-168	run-phase1a-ru88n-hg002-grch38-v421	event-run-phase1a-ru88n-hg002-grch38-v421-record-162	GRCh38|chr20|10043740|C|T	CROSS_RUN_EQUIVALENCE_UNRESOLVED
run-phase1a-60z59-hg002-grch38-v421	event-run-phase1a-60z59-hg002-grch38-v421-record-169	run-phase1a-ru88n-hg002-grch38-v421	event-run-phase1a-ru88n-hg002-grch38-v421-record-163	GRCh38|chr20|10044302|G|T	CROSS_RUN_EQUIVALENCE_UNRESOLVED
run-phase1a-60z59-hg002-grch38-v421	event-run-phase1a-60z59-hg002-grch38-v421-record-170	run-phase1a-ru88n-hg002-grch38-v421	event-run-phase1a-ru88n-hg002-grch38-v421-record-164	GRCh38|chr20|10044303|G|T	CROSS_RUN_EQUIVALENCE_UNRESOLVED
run-phase1a-60z59-hg002-grch38-v421	event-run-phase1a-60z59-hg002-grch38-v421-record-171	run-phase1a-ru88n-hg002-grch38-v421	event-run-phase1a-ru88n-hg002-grch38-v421-record-165	GRCh38|chr20|10045460|A|G	CROSS_RUN_EQUIVALENCE_UNRESOLVED
run-phase1a-60z59-hg002-grch38-v421	event-run-phase1a-60z59-hg002-grch38-v421-record-172	run-phase1a-ru88n-hg002-grch38-v421	event-run-phase1a-ru88n-hg002-grch38-v421-record-166	GRCh38|chr20|10046143|C|T	CROSS_RUN_EQUIVALENCE_UNRESOLVED
run-phase1a-60z59-hg002-grch38-v421	event-run-phase1a-60z59-hg002-grch38-v421-record-173	run-phase1a-ru88n-hg002-grch38-v421	event-run-phase1a-ru88n-hg002-grch38-v421-record-167	GRCh38|chr20|10046586|A|ATTAG	CROSS_RUN_EQUIVALENCE_UNRESOLVED
run-phase1a-60z59-hg002-grch38-v421	event-run-phase1a-60z59-hg002-grch38-v421-record-174	run-phase1a-ru88n-hg002-grch38-v421	event-run-phase1a-ru88n-hg002-grch38-v421-record-168	GRCh38|chr20|10047498|T|C	CROSS_RUN_EQUIVALENCE_UNRESOLVED
run-phase1a-60z59-hg002-grch38-v421	event-run-phase1a-60z59-hg002-grch38-v421-record-175	run-phase1a-ru88n-hg002-grch38-v421	event-run-phase1a-ru88n-hg002-grch38-v421-record-169	GRCh38|chr20|10048077|A|G	CROSS_RUN_EQUIVALENCE_UNRESOLVED
run-phase1a-60z59-hg002-grch38-v421	event-run-phase1a-60z59-hg002-grch38-v421-record-176	run-phase1a-ru88n-hg002-grch38-v421	event-run-phase1a-ru88n-hg002-grch38-v421-record-170	GRCh38|chr20|10048265|TTC|T	CROSS_RUN_EQUIVALENCE_UNRESOLVED
run-phase1a-60z59-hg002-grch38-v421	event-run-phase1a-60z59-hg002-grch38-v421-record-177	run-phase1a-ru88n-hg002-grch38-v421	event-run-phase1a-ru88n-hg002-grch38-v421-record-171	GRCh38|chr20|10048456|G|A	CROSS_RUN_EQUIVALENCE_UNRESOLVED
run-phase1a-60z59-hg002-grch38-v421	event-run-phase1a-60z59-hg002-grch38-v421-record-178	run-phase1a-ru88n-hg002-grch38-v421	event-run-phase1a-ru88n-hg002-grch38-v421-record-172	GRCh38|chr20|10050283|C|A	CROSS_RUN_EQUIVALENCE_UNRESOLVED
run-phase1a-60z59-hg002-grch38-v421	event-run-phase1a-60z59-hg002-grch38-v421-record-179	run-phase1a-ru88n-hg002-grch38-v421	event-run-phase1a-ru88n-hg002-grch38-v421-record-173	GRCh38|chr20|10050490|A|G	CROSS_RUN_EQUIVALENCE_UNRESOLVED
run-phase1a-60z59-hg002-grch38-v421	event-run-phase1a-60z59-hg002-grch38-v421-record-180	run-phase1a-ru88n-hg002-grch38-v421	event-run-phase1a-ru88n-hg002-grch38-v421-record-174	GRCh38|chr20|10050694|G|A	CROSS_RUN_EQUIVALENCE_UNRESOLVED
run-phase1a-60z59-hg002-grch38-v421	event-run-phase1a-60z59-hg002-grch38-v421-record-181	run-phase1a-ru88n-hg002-grch38-v421	event-run-phase1a-ru88n-hg002-grch38-v421-record-175	GRCh38|chr20|10051150|G|A	CROSS_RUN_EQUIVALENCE_UNRESOLVED
run-phase1a-60z59-hg002-grch38-v421	event-run-phase1a-60z59-hg002-grch38-v421-record-182	run-phase1a-ru88n-hg002-grch38-v421	event-run-phase1a-ru88n-hg002-grch38-v421-record-176	GRCh38|chr20|10051476|T|C	CROSS_RUN_EQUIVALENCE_UNRESOLVED
run-phase1a-60z59-hg002-grch38-v421	event-run-phase1a-60z59-hg002-grch38-v421-record-183	run-phase1a-ru88n-hg002-grch38-v421	event-run-phase1a-ru88n-hg002-grch38-v421-record-177	GRCh38|chr20|10051993|G|C	CROSS_RUN_EQUIVALENCE_UNRESOLVED
run-phase1a-60z59-hg002-grch38-v421	event-run-phase1a-60z59-hg002-grch38-v421-record-184	run-phase1a-ru88n-hg002-grch38-v421	event-run-phase1a-ru88n-hg002-grch38-v421-record-178	GRCh38|chr20|10052234|A|T	CROSS_RUN_EQUIVALENCE_UNRESOLVED
run-phase1a-60z59-hg002-grch38-v421	event-run-phase1a-60z59-hg002-grch38-v421-record-185	run-phase1a-ru88n-hg002-grch38-v421	event-run-phase1a-ru88n-hg002-grch38-v421-record-179	GRCh38|chr20|10052324|C|CAT	CROSS_RUN_EQUIVALENCE_UNRESOLVED
run-phase1a-60z59-hg002-grch38-v421	event-run-phase1a-60z59-hg002-grch38-v421-record-186	run-phase1a-ru88n-hg002-grch38-v421	event-run-phase1a-ru88n-hg002-grch38-v421-record-180	GRCh38|chr20|10053777|C|T	CROSS_RUN_EQUIVALENCE_UNRESOLVED
run-phase1a-60z59-hg002-grch38-v421	event-run-phase1a-60z59-hg002-grch38-v421-record-187	run-phase1a-ru88n-hg002-grch38-v421	event-run-phase1a-ru88n-hg002-grch38-v421-record-181	GRCh38|chr20|10056462|T|TGATA	CROSS_RUN_EQUIVALENCE_UNRESOLVED
run-phase1a-60z59-hg002-grch38-v421	event-run-phase1a-60z59-hg002-grch38-v421-record-190	run-phase1a-ru88n-hg002-grch38-v421	event-run-phase1a-ru88n-hg002-grch38-v421-record-184	GRCh38|chr20|10057599|T|C	CROSS_RUN_EQUIVALENCE_UNRESOLVED
run-phase1a-60z59-hg002-grch38-v421	event-run-phase1a-60z59-hg002-grch38-v421-record-191	run-phase1a-ru88n-hg002-grch38-v421	event-run-phase1a-ru88n-hg002-grch38-v421-record-185	GRCh38|chr20|10058803|A|G	CROSS_RUN_EQUIVALENCE_UNRESOLVED
run-phase1a-60z59-hg002-grch38-v421	event-run-phase1a-60z59-hg002-grch38-v421-record-192	run-phase1a-ru88n-hg002-grch38-v421	event-run-phase1a-ru88n-hg002-grch38-v421-record-186	GRCh38|chr20|10060656|C|T	CROSS_RUN_EQUIVALENCE_UNRESOLVED
run-phase1a-60z59-hg002-grch38-v421	event-run-phase1a-60z59-hg002-grch38-v421-record-193	run-phase1a-ru88n-hg002-grch38-v421	event-run-phase1a-ru88n-hg002-grch38-v421-record-187	GRCh38|chr20|10061050|C|CAT	CROSS_RUN_EQUIVALENCE_UNRESOLVED
run-phase1a-60z59-hg002-grch38-v421	event-run-phase1a-60z59-hg002-grch38-v421-record-194	run-phase1a-ru88n-hg002-grch38-v421	event-run-phase1a-ru88n-hg002-grch38-v421-record-188	GRCh38|chr20|10061053|A|ATG	CROSS_RUN_EQUIVALENCE_UNRESOLVED
run-phase1a-60z59-hg002-grch38-v421	event-run-phase1a-60z59-hg002-grch38-v421-record-195	run-phase1a-ru88n-hg002-grch38-v421	event-run-phase1a-ru88n-hg002-grch38-v421-record-189	GRCh38|chr20|10061108|T|TA	CROSS_RUN_EQUIVALENCE_UNRESOLVED
run-phase1a-60z59-hg002-grch38-v421	event-run-phase1a-60z59-hg002-grch38-v421-record-196	run-phase1a-ru88n-hg002-grch38-v421	event-run-phase1a-ru88n-hg002-grch38-v421-record-190	GRCh38|chr20|10061109|T|TA	CROSS_RUN_EQUIVALENCE_UNRESOLVED
run-phase1a-60z59-hg002-grch38-v421	event-run-phase1a-60z59-hg002-grch38-v421-record-197	run-phase1a-ru88n-hg002-grch38-v421	event-run-phase1a-ru88n-hg002-grch38-v421-record-191	GRCh38|chr20|10061671|C|T	CROSS_RUN_EQUIVALENCE_UNRESOLVED
run-phase1a-60z59-hg002-grch38-v421	event-run-phase1a-60z59-hg002-grch38-v421-record-198	run-phase1a-ru88n-hg002-grch38-v421	event-run-phase1a-ru88n-hg002-grch38-v421-record-192	GRCh38|chr20|10062181|A|G	CROSS_RUN_EQUIVALENCE_UNRESOLVED
run-phase1a-60z59-hg002-grch38-v421	event-run-phase1a-60z59-hg002-grch38-v421-record-199	run-phase1a-ru88n-hg002-grch38-v421	event-run-phase1a-ru88n-hg002-grch38-v421-record-193	GRCh38|chr20|10063634|T|C	CROSS_RUN_EQUIVALENCE_UNRESOLVED
run-phase1a-60z59-hg002-grch38-v421	event-run-phase1a-60z59-hg002-grch38-v421-record-200	run-phase1a-ru88n-hg002-grch38-v421	event-run-phase1a-ru88n-hg002-grch38-v421-record-194	GRCh38|chr20|10064002|A|G	CROSS_RUN_EQUIVALENCE_UNRESOLVED
run-phase1a-60z59-hg002-grch38-v421	event-run-phase1a-60z59-hg002-grch38-v421-record-201	run-phase1a-ru88n-hg002-grch38-v421	event-run-phase1a-ru88n-hg002-grch38-v421-record-195	GRCh38|chr20|10064378|C|T	CROSS_RUN_EQUIVALENCE_UNRESOLVED
run-phase1a-60z59-hg002-grch38-v421	event-run-phase1a-60z59-hg002-grch38-v421-record-202	run-phase1a-ru88n-hg002-grch38-v421	event-run-phase1a-ru88n-hg002-grch38-v421-record-196	GRCh38|chr20|10064430|G|T	CROSS_RUN_EQUIVALENCE_UNRESOLVED
run-phase1a-60z59-hg002-grch38-v421	event-run-phase1a-60z59-hg002-grch38-v421-record-203	run-phase1a-ru88n-hg002-grch38-v421	event-run-phase1a-ru88n-hg002-grch38-v421-record-197	GRCh38|chr20|10065304|G|C	CROSS_RUN_EQUIVALENCE_UNRESOLVED
run-phase1a-60z59-hg002-grch38-v421	event-run-phase1a-60z59-hg002-grch38-v421-record-204	run-phase1a-ru88n-hg002-grch38-v421	event-run-phase1a-ru88n-hg002-grch38-v421-record-198	GRCh38|chr20|10065530|AAGAAAGAAAG|A	CROSS_RUN_EQUIVALENCE_UNRESOLVED
run-phase1a-60z59-hg002-grch38-v421	event-run-phase1a-60z59-hg002-grch38-v421-record-205	run-phase1a-ru88n-hg002-grch38-v421	event-run-phase1a-ru88n-hg002-grch38-v421-record-199	GRCh38|chr20|10065889|A|G	CROSS_RUN_EQUIVALENCE_UNRESOLVED
run-phase1a-60z59-hg002-grch38-v421	event-run-phase1a-60z59-hg002-grch38-v421-record-206	run-phase1a-ru88n-hg002-grch38-v421	event-run-phase1a-ru88n-hg002-grch38-v421-record-200	GRCh38|chr20|10066390|T|C	CROSS_RUN_EQUIVALENCE_UNRESOLVED
run-phase1a-60z59-hg002-grch38-v421	event-run-phase1a-60z59-hg002-grch38-v421-record-207	run-phase1a-ru88n-hg002-grch38-v421	event-run-phase1a-ru88n-hg002-grch38-v421-record-201	GRCh38|chr20|10066787|G|A	CROSS_RUN_EQUIVALENCE_UNRESOLVED
run-phase1a-60z59-hg002-grch38-v421	event-run-phase1a-60z59-hg002-grch38-v421-record-208	run-phase1a-ru88n-hg002-grch38-v421	event-run-phase1a-ru88n-hg002-grch38-v421-record-202	GRCh38|chr20|10067072|A|AT	CROSS_RUN_EQUIVALENCE_UNRESOLVED
run-phase1a-60z59-hg002-grch38-v421	event-run-phase1a-60z59-hg002-grch38-v421-record-209	run-phase1a-ru88n-hg002-grch38-v421	event-run-phase1a-ru88n-hg002-grch38-v421-record-203	GRCh38|chr20|10067580|C|T	CROSS_RUN_EQUIVALENCE_UNRESOLVED
run-phase1a-60z59-hg002-grch38-v421	event-run-phase1a-60z59-hg002-grch38-v421-record-210	run-phase1a-ru88n-hg002-grch38-v421	event-run-phase1a-ru88n-hg002-grch38-v421-record-204	GRCh38|chr20|10067745|C|G	CROSS_RUN_EQUIVALENCE_UNRESOLVED
run-phase1a-60z59-hg002-grch38-v421	event-run-phase1a-60z59-hg002-grch38-v421-record-211	run-phase1a-ru88n-hg002-grch38-v421	event-run-phase1a-ru88n-hg002-grch38-v421-record-205	GRCh38|chr20|10070019|C|T	CROSS_RUN_EQUIVALENCE_UNRESOLVED
run-phase1a-60z59-hg002-grch38-v421	event-run-phase1a-60z59-hg002-grch38-v421-record-212	run-phase1a-ru88n-hg002-grch38-v421	event-run-phase1a-ru88n-hg002-grch38-v421-record-206	GRCh38|chr20|10070180|T|C	CROSS_RUN_EQUIVALENCE_UNRESOLVED
run-phase1a-60z59-hg002-grch38-v421	event-run-phase1a-60z59-hg002-grch38-v421-record-213	run-phase1a-ru88n-hg002-grch38-v421	event-run-phase1a-ru88n-hg002-grch38-v421-record-207	GRCh38|chr20|10070800|T|C	CROSS_RUN_EQUIVALENCE_UNRESOLVED
run-phase1a-60z59-hg002-grch38-v421	event-run-phase1a-60z59-hg002-grch38-v421-record-214	run-phase1a-ru88n-hg002-grch38-v421	event-run-phase1a-ru88n-hg002-grch38-v421-record-208	GRCh38|chr20|10071047|G|A	CROSS_RUN_EQUIVALENCE_UNRESOLVED
run-phase1a-60z59-hg002-grch38-v421	event-run-phase1a-60z59-hg002-grch38-v421-record-215	run-phase1a-ru88n-hg002-grch38-v421	event-run-phase1a-ru88n-hg002-grch38-v421-record-209	GRCh38|chr20|10072369|A|G	CROSS_RUN_EQUIVALENCE_UNRESOLVED
run-phase1a-60z59-hg002-grch38-v421	event-run-phase1a-60z59-hg002-grch38-v421-record-216	run-phase1a-ru88n-hg002-grch38-v421	event-run-phase1a-ru88n-hg002-grch38-v421-record-210	GRCh38|chr20|10072747|G|C	CROSS_RUN_EQUIVALENCE_UNRESOLVED
run-phase1a-60z59-hg002-grch38-v421	event-run-phase1a-60z59-hg002-grch38-v421-record-217	run-phase1a-ru88n-hg002-grch38-v421	event-run-phase1a-ru88n-hg002-grch38-v421-record-211	GRCh38|chr20|10073243|C|G	CROSS_RUN_EQUIVALENCE_UNRESOLVED
run-phase1a-60z59-hg002-grch38-v421	event-run-phase1a-60z59-hg002-grch38-v421-record-218	run-phase1a-ru88n-hg002-grch38-v421	event-run-phase1a-ru88n-hg002-grch38-v421-record-212	GRCh38|chr20|10074322|A|G	CROSS_RUN_EQUIVALENCE_UNRESOLVED
run-phase1a-60z59-hg002-grch38-v421	event-run-phase1a-60z59-hg002-grch38-v421-record-219	run-phase1a-ru88n-hg002-grch38-v421	event-run-phase1a-ru88n-hg002-grch38-v421-record-213	GRCh38|chr20|10074819|A|C	CROSS_RUN_EQUIVALENCE_UNRESOLVED
run-phase1a-60z59-hg002-grch38-v421	event-run-phase1a-60z59-hg002-grch38-v421-record-220	run-phase1a-ru88n-hg002-grch38-v421	event-run-phase1a-ru88n-hg002-grch38-v421-record-214	GRCh38|chr20|10077374|T|C	CROSS_RUN_EQUIVALENCE_UNRESOLVED
run-phase1a-60z59-hg002-grch38-v421	event-run-phase1a-60z59-hg002-grch38-v421-record-221	run-phase1a-ru88n-hg002-grch38-v421	event-run-phase1a-ru88n-hg002-grch38-v421-record-215	GRCh38|chr20|10077600|G|A	CROSS_RUN_EQUIVALENCE_UNRESOLVED
run-phase1a-60z59-hg002-grch38-v421	event-run-phase1a-60z59-hg002-grch38-v421-record-222	run-phase1a-ru88n-hg002-grch38-v421	event-run-phase1a-ru88n-hg002-grch38-v421-record-216	GRCh38|chr20|10080984|C|T	CROSS_RUN_EQUIVALENCE_UNRESOLVED
run-phase1a-60z59-hg002-grch38-v421	event-run-phase1a-60z59-hg002-grch38-v421-record-223	run-phase1a-ru88n-hg002-grch38-v421	event-run-phase1a-ru88n-hg002-grch38-v421-record-217	GRCh38|chr20|10082274|T|C	CROSS_RUN_EQUIVALENCE_UNRESOLVED
run-phase1a-60z59-hg002-grch38-v421	event-run-phase1a-60z59-hg002-grch38-v421-record-224	run-phase1a-ru88n-hg002-grch38-v421	event-run-phase1a-ru88n-hg002-grch38-v421-record-218	GRCh38|chr20|10082287|CA|C	CROSS_RUN_EQUIVALENCE_UNRESOLVED
run-phase1a-60z59-hg002-grch38-v421	event-run-phase1a-60z59-hg002-grch38-v421-record-225	run-phase1a-ru88n-hg002-grch38-v421	event-run-phase1a-ru88n-hg002-grch38-v421-record-219	GRCh38|chr20|10083658|T|A	CROSS_RUN_EQUIVALENCE_UNRESOLVED
run-phase1a-60z59-hg002-grch38-v421	event-run-phase1a-60z59-hg002-grch38-v421-record-226	run-phase1a-ru88n-hg002-grch38-v421	event-run-phase1a-ru88n-hg002-grch38-v421-record-220	GRCh38|chr20|10083881|A|G	CROSS_RUN_EQUIVALENCE_UNRESOLVED
run-phase1a-60z59-hg002-grch38-v421	event-run-phase1a-60z59-hg002-grch38-v421-record-227	run-phase1a-ru88n-hg002-grch38-v421	event-run-phase1a-ru88n-hg002-grch38-v421-record-221	GRCh38|chr20|10085555|C|A	CROSS_RUN_EQUIVALENCE_UNRESOLVED
run-phase1a-60z59-hg002-grch38-v421	event-run-phase1a-60z59-hg002-grch38-v421-record-228	run-phase1a-ru88n-hg002-grch38-v421	event-run-phase1a-ru88n-hg002-grch38-v421-record-222	GRCh38|chr20|10086401|TAAAAAAAAA|T	CROSS_RUN_EQUIVALENCE_UNRESOLVED
run-phase1a-60z59-hg002-grch38-v421	event-run-phase1a-60z59-hg002-grch38-v421-record-229	run-phase1a-ru88n-hg002-grch38-v421	event-run-phase1a-ru88n-hg002-grch38-v421-record-223	GRCh38|chr20|10086442|C|A	CROSS_RUN_EQUIVALENCE_UNRESOLVED
run-phase1a-60z59-hg002-grch38-v421	event-run-phase1a-60z59-hg002-grch38-v421-record-230	run-phase1a-ru88n-hg002-grch38-v421	event-run-phase1a-ru88n-hg002-grch38-v421-record-224	GRCh38|chr20|10086616|G|A	CROSS_RUN_EQUIVALENCE_UNRESOLVED
run-phase1a-60z59-hg002-grch38-v421	event-run-phase1a-60z59-hg002-grch38-v421-record-231	run-phase1a-ru88n-hg002-grch38-v421	event-run-phase1a-ru88n-hg002-grch38-v421-record-225	GRCh38|chr20|10086646|C|T	CROSS_RUN_EQUIVALENCE_UNRESOLVED
run-phase1a-60z59-hg002-grch38-v421	event-run-phase1a-60z59-hg002-grch38-v421-record-232	run-phase1a-ru88n-hg002-grch38-v421	event-run-phase1a-ru88n-hg002-grch38-v421-record-226	GRCh38|chr20|10087074|A|C	CROSS_RUN_EQUIVALENCE_UNRESOLVED
run-phase1a-60z59-hg002-grch38-v421	event-run-phase1a-60z59-hg002-grch38-v421-record-233	run-phase1a-ru88n-hg002-grch38-v421	event-run-phase1a-ru88n-hg002-grch38-v421-record-227	GRCh38|chr20|10087512|GTATATATATATGTATATA|G	CROSS_RUN_EQUIVALENCE_UNRESOLVED
run-phase1a-60z59-hg002-grch38-v421	event-run-phase1a-60z59-hg002-grch38-v421-record-235	run-phase1a-ru88n-hg002-grch38-v421	event-run-phase1a-ru88n-hg002-grch38-v421-record-229	GRCh38|chr20|10088333|G|A	CROSS_RUN_EQUIVALENCE_UNRESOLVED
run-phase1a-60z59-hg002-grch38-v421	event-run-phase1a-60z59-hg002-grch38-v421-record-236	run-phase1a-ru88n-hg002-grch38-v421	event-run-phase1a-ru88n-hg002-grch38-v421-record-230	GRCh38|chr20|10089384|T|C	CROSS_RUN_EQUIVALENCE_UNRESOLVED
run-phase1a-60z59-hg002-grch38-v421	event-run-phase1a-60z59-hg002-grch38-v421-record-237	run-phase1a-ru88n-hg002-grch38-v421	event-run-phase1a-ru88n-hg002-grch38-v421-record-231	GRCh38|chr20|10089662|C|T	CROSS_RUN_EQUIVALENCE_UNRESOLVED
run-phase1a-60z59-hg002-grch38-v421	event-run-phase1a-60z59-hg002-grch38-v421-record-238	run-phase1a-ru88n-hg002-grch38-v421	event-run-phase1a-ru88n-hg002-grch38-v421-record-232	GRCh38|chr20|10090122|G|A	CROSS_RUN_EQUIVALENCE_UNRESOLVED
run-phase1a-60z59-hg002-grch38-v421	event-run-phase1a-60z59-hg002-grch38-v421-record-239	run-phase1a-ru88n-hg002-grch38-v421	event-run-phase1a-ru88n-hg002-grch38-v421-record-233	GRCh38|chr20|10090487|C|T	CROSS_RUN_EQUIVALENCE_UNRESOLVED
run-phase1a-60z59-hg002-grch38-v421	event-run-phase1a-60z59-hg002-grch38-v421-record-240	run-phase1a-ru88n-hg002-grch38-v421	event-run-phase1a-ru88n-hg002-grch38-v421-record-234	GRCh38|chr20|10092600|G|A	CROSS_RUN_EQUIVALENCE_UNRESOLVED
run-phase1a-60z59-hg002-grch38-v421	event-run-phase1a-60z59-hg002-grch38-v421-record-241	run-phase1a-ru88n-hg002-grch38-v421	event-run-phase1a-ru88n-hg002-grch38-v421-record-235	GRCh38|chr20|10093145|G|T	CROSS_RUN_EQUIVALENCE_UNRESOLVED
run-phase1a-60z59-hg002-grch38-v421	event-run-phase1a-60z59-hg002-grch38-v421-record-242	run-phase1a-ru88n-hg002-grch38-v421	event-run-phase1a-ru88n-hg002-grch38-v421-record-236	GRCh38|chr20|10093362|G|C	CROSS_RUN_EQUIVALENCE_UNRESOLVED
run-phase1a-60z59-hg002-grch38-v421	event-run-phase1a-60z59-hg002-grch38-v421-record-243	run-phase1a-ru88n-hg002-grch38-v421	event-run-phase1a-ru88n-hg002-grch38-v421-record-237	GRCh38|chr20|10093592|T|C	CROSS_RUN_EQUIVALENCE_UNRESOLVED
run-phase1a-60z59-hg002-grch38-v421	event-run-phase1a-60z59-hg002-grch38-v421-record-244	run-phase1a-ru88n-hg002-grch38-v421	event-run-phase1a-ru88n-hg002-grch38-v421-record-238	GRCh38|chr20|10093883|C|T	CROSS_RUN_EQUIVALENCE_UNRESOLVED
run-phase1a-60z59-hg002-grch38-v421	event-run-phase1a-60z59-hg002-grch38-v421-record-245	run-phase1a-ru88n-hg002-grch38-v421	event-run-phase1a-ru88n-hg002-grch38-v421-record-239	GRCh38|chr20|10094395|T|C	CROSS_RUN_EQUIVALENCE_UNRESOLVED
run-phase1a-60z59-hg002-grch38-v421	event-run-phase1a-60z59-hg002-grch38-v421-record-246	run-phase1a-ru88n-hg002-grch38-v421	event-run-phase1a-ru88n-hg002-grch38-v421-record-240	GRCh38|chr20|10094712|A|G	CROSS_RUN_EQUIVALENCE_UNRESOLVED
run-phase1a-60z59-hg002-grch38-v421	event-run-phase1a-60z59-hg002-grch38-v421-record-247	run-phase1a-ru88n-hg002-grch38-v421	event-run-phase1a-ru88n-hg002-grch38-v421-record-241	GRCh38|chr20|10094831|A|G	CROSS_RUN_EQUIVALENCE_UNRESOLVED
run-phase1a-60z59-hg002-grch38-v421	event-run-phase1a-60z59-hg002-grch38-v421-record-248	run-phase1a-ru88n-hg002-grch38-v421	event-run-phase1a-ru88n-hg002-grch38-v421-record-242	GRCh38|chr20|10094860|GA|G	CROSS_RUN_EQUIVALENCE_UNRESOLVED
run-phase1a-60z59-hg002-grch38-v421	event-run-phase1a-60z59-hg002-grch38-v421-record-249	run-phase1a-ru88n-hg002-grch38-v421	event-run-phase1a-ru88n-hg002-grch38-v421-record-244	GRCh38|chr20|10095602|A|G	CROSS_RUN_EQUIVALENCE_UNRESOLVED
run-phase1a-60z59-hg002-grch38-v421	event-run-phase1a-60z59-hg002-grch38-v421-record-250	run-phase1a-ru88n-hg002-grch38-v421	event-run-phase1a-ru88n-hg002-grch38-v421-record-245	GRCh38|chr20|10095691|A|G	CROSS_RUN_EQUIVALENCE_UNRESOLVED
run-phase1a-60z59-hg002-grch38-v421	event-run-phase1a-60z59-hg002-grch38-v421-record-251	run-phase1a-ru88n-hg002-grch38-v421	event-run-phase1a-ru88n-hg002-grch38-v421-record-246	GRCh38|chr20|10095751|G|A	CROSS_RUN_EQUIVALENCE_UNRESOLVED
run-phase1a-60z59-hg002-grch38-v421	event-run-phase1a-60z59-hg002-grch38-v421-record-252	run-phase1a-ru88n-hg002-grch38-v421	event-run-phase1a-ru88n-hg002-grch38-v421-record-247	GRCh38|chr20|10096101|G|A	CROSS_RUN_EQUIVALENCE_UNRESOLVED
run-phase1a-60z59-hg002-grch38-v421	event-run-phase1a-60z59-hg002-grch38-v421-record-253	run-phase1a-ru88n-hg002-grch38-v421	event-run-phase1a-ru88n-hg002-grch38-v421-record-248	GRCh38|chr20|10096148|A|G	CROSS_RUN_EQUIVALENCE_UNRESOLVED
run-phase1a-60z59-hg002-grch38-v421	event-run-phase1a-60z59-hg002-grch38-v421-record-254	run-phase1a-ru88n-hg002-grch38-v421	event-run-phase1a-ru88n-hg002-grch38-v421-record-249	GRCh38|chr20|10096212|A|C	CROSS_RUN_EQUIVALENCE_UNRESOLVED
run-phase1a-60z59-hg002-grch38-v421	event-run-phase1a-60z59-hg002-grch38-v421-record-256	run-phase1a-ru88n-hg002-grch38-v421	event-run-phase1a-ru88n-hg002-grch38-v421-record-250	GRCh38|chr20|10096627|A|G	CROSS_RUN_EQUIVALENCE_UNRESOLVED
run-phase1a-60z59-hg002-grch38-v421	event-run-phase1a-60z59-hg002-grch38-v421-record-258	run-phase1a-ru88n-hg002-grch38-v421	event-run-phase1a-ru88n-hg002-grch38-v421-record-252	GRCh38|chr20|10097857|G|A	CROSS_RUN_EQUIVALENCE_UNRESOLVED
run-phase1a-60z59-hg002-grch38-v421	event-run-phase1a-60z59-hg002-grch38-v421-record-259	run-phase1a-ru88n-hg002-grch38-v421	event-run-phase1a-ru88n-hg002-grch38-v421-record-253	GRCh38|chr20|10098249|T|TA	CROSS_RUN_EQUIVALENCE_UNRESOLVED
run-phase1a-60z59-hg002-grch38-v421	event-run-phase1a-60z59-hg002-grch38-v421-record-260	run-phase1a-ru88n-hg002-grch38-v421	event-run-phase1a-ru88n-hg002-grch38-v421-record-254	GRCh38|chr20|10098417|T|C	CROSS_RUN_EQUIVALENCE_UNRESOLVED
run-phase1a-60z59-hg002-grch38-v421	event-run-phase1a-60z59-hg002-grch38-v421-record-261	run-phase1a-ru88n-hg002-grch38-v421	event-run-phase1a-ru88n-hg002-grch38-v421-record-255	GRCh38|chr20|10098748|A|G	CROSS_RUN_EQUIVALENCE_UNRESOLVED
run-phase1a-60z59-hg002-grch38-v421	event-run-phase1a-60z59-hg002-grch38-v421-record-262	run-phase1a-ru88n-hg002-grch38-v421	event-run-phase1a-ru88n-hg002-grch38-v421-record-256	GRCh38|chr20|10099113|T|TAA	CROSS_RUN_EQUIVALENCE_UNRESOLVED
run-phase1a-60z59-hg002-grch38-v421	event-run-phase1a-60z59-hg002-grch38-v421-record-263	run-phase1a-ru88n-hg002-grch38-v421	event-run-phase1a-ru88n-hg002-grch38-v421-record-257	GRCh38|chr20|10099173|C|G	CROSS_RUN_EQUIVALENCE_UNRESOLVED
run-phase1a-60z59-hg002-grch38-v421	event-run-phase1a-60z59-hg002-grch38-v421-record-264	run-phase1a-ru88n-hg002-grch38-v421	event-run-phase1a-ru88n-hg002-grch38-v421-record-258	GRCh38|chr20|10100148|A|C	CROSS_RUN_EQUIVALENCE_UNRESOLVED
run-phase1a-60z59-hg002-grch38-v421	event-run-phase1a-60z59-hg002-grch38-v421-record-265	run-phase1a-ru88n-hg002-grch38-v421	event-run-phase1a-ru88n-hg002-grch38-v421-record-259	GRCh38|chr20|10100375|T|C	CROSS_RUN_EQUIVALENCE_UNRESOLVED
run-phase1a-60z59-hg002-grch38-v421	event-run-phase1a-60z59-hg002-grch38-v421-record-266	run-phase1a-ru88n-hg002-grch38-v421	event-run-phase1a-ru88n-hg002-grch38-v421-record-260	GRCh38|chr20|10100480|T|G	CROSS_RUN_EQUIVALENCE_UNRESOLVED
run-phase1a-60z59-hg002-grch38-v421	event-run-phase1a-60z59-hg002-grch38-v421-record-267	run-phase1a-ru88n-hg002-grch38-v421	event-run-phase1a-ru88n-hg002-grch38-v421-record-261	GRCh38|chr20|10101102|C|A	CROSS_RUN_EQUIVALENCE_UNRESOLVED
run-phase1a-60z59-hg002-grch38-v421	event-run-phase1a-60z59-hg002-grch38-v421-record-268	run-phase1a-ru88n-hg002-grch38-v421	event-run-phase1a-ru88n-hg002-grch38-v421-record-262	GRCh38|chr20|10101152|C|T	CROSS_RUN_EQUIVALENCE_UNRESOLVED
run-phase1a-60z59-hg002-grch38-v421	event-run-phase1a-60z59-hg002-grch38-v421-record-269	run-phase1a-ru88n-hg002-grch38-v421	event-run-phase1a-ru88n-hg002-grch38-v421-record-263	GRCh38|chr20|10101828|A|G	CROSS_RUN_EQUIVALENCE_UNRESOLVED
run-phase1a-60z59-hg002-grch38-v421	event-run-phase1a-60z59-hg002-grch38-v421-record-270	run-phase1a-ru88n-hg002-grch38-v421	event-run-phase1a-ru88n-hg002-grch38-v421-record-264	GRCh38|chr20|10102244|C|T	CROSS_RUN_EQUIVALENCE_UNRESOLVED
run-phase1a-60z59-hg002-grch38-v421	event-run-phase1a-60z59-hg002-grch38-v421-record-271	run-phase1a-ru88n-hg002-grch38-v421	event-run-phase1a-ru88n-hg002-grch38-v421-record-265	GRCh38|chr20|10104563|A|T	CROSS_RUN_EQUIVALENCE_UNRESOLVED
run-phase1a-60z59-hg002-grch38-v421	event-run-phase1a-60z59-hg002-grch38-v421-record-272	run-phase1a-ru88n-hg002-grch38-v421	event-run-phase1a-ru88n-hg002-grch38-v421-record-266	GRCh38|chr20|10105462|G|A	CROSS_RUN_EQUIVALENCE_UNRESOLVED
run-phase1a-60z59-hg002-grch38-v421	event-run-phase1a-60z59-hg002-grch38-v421-record-273	run-phase1a-ru88n-hg002-grch38-v421	event-run-phase1a-ru88n-hg002-grch38-v421-record-267	GRCh38|chr20|10105635|G|T	CROSS_RUN_EQUIVALENCE_UNRESOLVED
run-phase1a-60z59-hg002-grch38-v421	event-run-phase1a-60z59-hg002-grch38-v421-record-274	run-phase1a-ru88n-hg002-grch38-v421	event-run-phase1a-ru88n-hg002-grch38-v421-record-268	GRCh38|chr20|10105971|T|A	CROSS_RUN_EQUIVALENCE_UNRESOLVED
run-phase1a-60z59-hg002-grch38-v421	event-run-phase1a-60z59-hg002-grch38-v421-record-275	run-phase1a-ru88n-hg002-grch38-v421	event-run-phase1a-ru88n-hg002-grch38-v421-record-269	GRCh38|chr20|10106205|G|A	CROSS_RUN_EQUIVALENCE_UNRESOLVED
run-phase1a-60z59-hg002-grch38-v421	event-run-phase1a-60z59-hg002-grch38-v421-record-276	run-phase1a-ru88n-hg002-grch38-v421	event-run-phase1a-ru88n-hg002-grch38-v421-record-270	GRCh38|chr20|10106306|G|A	CROSS_RUN_EQUIVALENCE_UNRESOLVED
run-phase1a-60z59-hg002-grch38-v421	event-run-phase1a-60z59-hg002-grch38-v421-record-277	run-phase1a-ru88n-hg002-grch38-v421	event-run-phase1a-ru88n-hg002-grch38-v421-record-271	GRCh38|chr20|10106582|A|G	CROSS_RUN_EQUIVALENCE_UNRESOLVED
run-phase1a-60z59-hg002-grch38-v421	event-run-phase1a-60z59-hg002-grch38-v421-record-278	run-phase1a-ru88n-hg002-grch38-v421	event-run-phase1a-ru88n-hg002-grch38-v421-record-272	GRCh38|chr20|10106746|T|G	CROSS_RUN_EQUIVALENCE_UNRESOLVED
run-phase1a-60z59-hg002-grch38-v421	event-run-phase1a-60z59-hg002-grch38-v421-record-279	run-phase1a-ru88n-hg002-grch38-v421	event-run-phase1a-ru88n-hg002-grch38-v421-record-273	GRCh38|chr20|10106925|C|T	CROSS_RUN_EQUIVALENCE_UNRESOLVED
run-phase1a-60z59-hg002-grch38-v421	event-run-phase1a-60z59-hg002-grch38-v421-record-280	run-phase1a-ru88n-hg002-grch38-v421	event-run-phase1a-ru88n-hg002-grch38-v421-record-274	GRCh38|chr20|10106977|T|C	CROSS_RUN_EQUIVALENCE_UNRESOLVED
run-phase1a-60z59-hg002-grch38-v421	event-run-phase1a-60z59-hg002-grch38-v421-record-281	run-phase1a-ru88n-hg002-grch38-v421	event-run-phase1a-ru88n-hg002-grch38-v421-record-275	GRCh38|chr20|10107106|T|G	CROSS_RUN_EQUIVALENCE_UNRESOLVED
run-phase1a-60z59-hg002-grch38-v421	event-run-phase1a-60z59-hg002-grch38-v421-record-282	run-phase1a-ru88n-hg002-grch38-v421	event-run-phase1a-ru88n-hg002-grch38-v421-record-276	GRCh38|chr20|10107156|C|T	CROSS_RUN_EQUIVALENCE_UNRESOLVED
run-phase1a-60z59-hg002-grch38-v421	event-run-phase1a-60z59-hg002-grch38-v421-record-283	run-phase1a-ru88n-hg002-grch38-v421	event-run-phase1a-ru88n-hg002-grch38-v421-record-277	GRCh38|chr20|10107172|C|CAG	CROSS_RUN_EQUIVALENCE_UNRESOLVED
run-phase1a-60z59-hg002-grch38-v421	event-run-phase1a-60z59-hg002-grch38-v421-record-284	run-phase1a-ru88n-hg002-grch38-v421	event-run-phase1a-ru88n-hg002-grch38-v421-record-278	GRCh38|chr20|10107254|C|T	CROSS_RUN_EQUIVALENCE_UNRESOLVED
run-phase1a-60z59-hg002-grch38-v421	event-run-phase1a-60z59-hg002-grch38-v421-record-285	run-phase1a-ru88n-hg002-grch38-v421	event-run-phase1a-ru88n-hg002-grch38-v421-record-279	GRCh38|chr20|10107415|C|T	CROSS_RUN_EQUIVALENCE_UNRESOLVED
run-phase1a-60z59-hg002-grch38-v421	event-run-phase1a-60z59-hg002-grch38-v421-record-286	run-phase1a-ru88n-hg002-grch38-v421	event-run-phase1a-ru88n-hg002-grch38-v421-record-280	GRCh38|chr20|10108051|C|T	CROSS_RUN_EQUIVALENCE_UNRESOLVED
run-phase1a-60z59-hg002-grch38-v421	event-run-phase1a-60z59-hg002-grch38-v421-record-287	run-phase1a-ru88n-hg002-grch38-v421	event-run-phase1a-ru88n-hg002-grch38-v421-record-281	GRCh38|chr20|10108082|G|A	CROSS_RUN_EQUIVALENCE_UNRESOLVED
run-phase1a-60z59-hg002-grch38-v421	event-run-phase1a-60z59-hg002-grch38-v421-record-288	run-phase1a-ru88n-hg002-grch38-v421	event-run-phase1a-ru88n-hg002-grch38-v421-record-282	GRCh38|chr20|10108088|A|C	CROSS_RUN_EQUIVALENCE_UNRESOLVED
run-phase1a-60z59-hg002-grch38-v421	event-run-phase1a-60z59-hg002-grch38-v421-record-289	run-phase1a-ru88n-hg002-grch38-v421	event-run-phase1a-ru88n-hg002-grch38-v421-record-283	GRCh38|chr20|10108099|A|G	CROSS_RUN_EQUIVALENCE_UNRESOLVED
run-phase1a-60z59-hg002-grch38-v421	event-run-phase1a-60z59-hg002-grch38-v421-record-290	run-phase1a-ru88n-hg002-grch38-v421	event-run-phase1a-ru88n-hg002-grch38-v421-record-284	GRCh38|chr20|10108151|G|A	CROSS_RUN_EQUIVALENCE_UNRESOLVED
run-phase1a-60z59-hg002-grch38-v421	event-run-phase1a-60z59-hg002-grch38-v421-record-291	run-phase1a-ru88n-hg002-grch38-v421	event-run-phase1a-ru88n-hg002-grch38-v421-record-285	GRCh38|chr20|10108247|C|T	CROSS_RUN_EQUIVALENCE_UNRESOLVED
run-phase1a-60z59-hg002-grch38-v421	event-run-phase1a-60z59-hg002-grch38-v421-record-292	run-phase1a-ru88n-hg002-grch38-v421	event-run-phase1a-ru88n-hg002-grch38-v421-record-286	GRCh38|chr20|10108320|C|CAAA	CROSS_RUN_EQUIVALENCE_UNRESOLVED
run-phase1a-60z59-hg002-grch38-v421	event-run-phase1a-60z59-hg002-grch38-v421-record-293	run-phase1a-ru88n-hg002-grch38-v421	event-run-phase1a-ru88n-hg002-grch38-v421-record-287	GRCh38|chr20|10108332|T|C	CROSS_RUN_EQUIVALENCE_UNRESOLVED
run-phase1a-60z59-hg002-grch38-v421	event-run-phase1a-60z59-hg002-grch38-v421-record-294	run-phase1a-ru88n-hg002-grch38-v421	event-run-phase1a-ru88n-hg002-grch38-v421-record-288	GRCh38|chr20|10108337|T|C	CROSS_RUN_EQUIVALENCE_UNRESOLVED
run-phase1a-60z59-hg002-grch38-v421	event-run-phase1a-60z59-hg002-grch38-v421-record-295	run-phase1a-ru88n-hg002-grch38-v421	event-run-phase1a-ru88n-hg002-grch38-v421-record-289	GRCh38|chr20|10108793|A|G	CROSS_RUN_EQUIVALENCE_UNRESOLVED
run-phase1a-60z59-hg002-grch38-v421	event-run-phase1a-60z59-hg002-grch38-v421-record-296	run-phase1a-ru88n-hg002-grch38-v421	event-run-phase1a-ru88n-hg002-grch38-v421-record-290	GRCh38|chr20|10108877|C|T	CROSS_RUN_EQUIVALENCE_UNRESOLVED
run-phase1a-60z59-hg002-grch38-v421	event-run-phase1a-60z59-hg002-grch38-v421-record-297	run-phase1a-ru88n-hg002-grch38-v421	event-run-phase1a-ru88n-hg002-grch38-v421-record-291	GRCh38|chr20|10109641|CA|C	CROSS_RUN_EQUIVALENCE_UNRESOLVED
run-phase1a-60z59-hg002-grch38-v421	event-run-phase1a-60z59-hg002-grch38-v421-record-298	run-phase1a-ru88n-hg002-grch38-v421	event-run-phase1a-ru88n-hg002-grch38-v421-record-292	GRCh38|chr20|10110116|A|G	CROSS_RUN_EQUIVALENCE_UNRESOLVED
run-phase1a-60z59-hg002-grch38-v421	event-run-phase1a-60z59-hg002-grch38-v421-record-299	run-phase1a-ru88n-hg002-grch38-v421	event-run-phase1a-ru88n-hg002-grch38-v421-record-293	GRCh38|chr20|10110322|T|C	CROSS_RUN_EQUIVALENCE_UNRESOLVED
run-phase1a-60z59-hg002-grch38-v421	event-run-phase1a-60z59-hg002-grch38-v421-record-300	run-phase1a-ru88n-hg002-grch38-v421	event-run-phase1a-ru88n-hg002-grch38-v421-record-294	GRCh38|chr20|10110566|C|T	CROSS_RUN_EQUIVALENCE_UNRESOLVED
run-phase1a-60z59-hg002-grch38-v421	event-run-phase1a-60z59-hg002-grch38-v421-record-301	run-phase1a-ru88n-hg002-grch38-v421	event-run-phase1a-ru88n-hg002-grch38-v421-record-295	GRCh38|chr20|10111767|A|G	CROSS_RUN_EQUIVALENCE_UNRESOLVED
run-phase1a-60z59-hg002-grch38-v421	event-run-phase1a-60z59-hg002-grch38-v421-record-302	run-phase1a-ru88n-hg002-grch38-v421	event-run-phase1a-ru88n-hg002-grch38-v421-record-296	GRCh38|chr20|10112920|GT|G	CROSS_RUN_EQUIVALENCE_UNRESOLVED
run-phase1a-60z59-hg002-grch38-v421	event-run-phase1a-60z59-hg002-grch38-v421-record-303	run-phase1a-ru88n-hg002-grch38-v421	event-run-phase1a-ru88n-hg002-grch38-v421-record-297	GRCh38|chr20|10113275|T|A	CROSS_RUN_EQUIVALENCE_UNRESOLVED
run-phase1a-60z59-hg002-grch38-v421	event-run-phase1a-60z59-hg002-grch38-v421-record-304	run-phase1a-ru88n-hg002-grch38-v421	event-run-phase1a-ru88n-hg002-grch38-v421-record-298	GRCh38|chr20|10113603|T|A	CROSS_RUN_EQUIVALENCE_UNRESOLVED
run-phase1a-60z59-hg002-grch38-v421	event-run-phase1a-60z59-hg002-grch38-v421-record-305	run-phase1a-ru88n-hg002-grch38-v421	event-run-phase1a-ru88n-hg002-grch38-v421-record-299	GRCh38|chr20|10114126|C|T	CROSS_RUN_EQUIVALENCE_UNRESOLVED
run-phase1a-60z59-hg002-grch38-v421	event-run-phase1a-60z59-hg002-grch38-v421-record-306	run-phase1a-ru88n-hg002-grch38-v421	event-run-phase1a-ru88n-hg002-grch38-v421-record-300	GRCh38|chr20|10114784|GTGATGATGA|G	CROSS_RUN_EQUIVALENCE_UNRESOLVED
run-phase1a-60z59-hg002-grch38-v421	event-run-phase1a-60z59-hg002-grch38-v421-record-307	run-phase1a-ru88n-hg002-grch38-v421	event-run-phase1a-ru88n-hg002-grch38-v421-record-301	GRCh38|chr20|10115093|A|G	CROSS_RUN_EQUIVALENCE_UNRESOLVED
run-phase1a-60z59-hg002-grch38-v421	event-run-phase1a-60z59-hg002-grch38-v421-record-308	run-phase1a-ru88n-hg002-grch38-v421	event-run-phase1a-ru88n-hg002-grch38-v421-record-302	GRCh38|chr20|10115645|C|T	CROSS_RUN_EQUIVALENCE_UNRESOLVED
run-phase1a-60z59-hg002-grch38-v421	event-run-phase1a-60z59-hg002-grch38-v421-record-309	run-phase1a-ru88n-hg002-grch38-v421	event-run-phase1a-ru88n-hg002-grch38-v421-record-303	GRCh38|chr20|10115948|C|T	CROSS_RUN_EQUIVALENCE_UNRESOLVED
run-phase1a-60z59-hg002-grch38-v421	event-run-phase1a-60z59-hg002-grch38-v421-record-310	run-phase1a-ru88n-hg002-grch38-v421	event-run-phase1a-ru88n-hg002-grch38-v421-record-304	GRCh38|chr20|10116120|A|C	CROSS_RUN_EQUIVALENCE_UNRESOLVED
run-phase1a-60z59-hg002-grch38-v421	event-run-phase1a-60z59-hg002-grch38-v421-record-311	run-phase1a-ru88n-hg002-grch38-v421	event-run-phase1a-ru88n-hg002-grch38-v421-record-305	GRCh38|chr20|10116251|G|T	CROSS_RUN_EQUIVALENCE_UNRESOLVED
run-phase1a-60z59-hg002-grch38-v421	event-run-phase1a-60z59-hg002-grch38-v421-record-312	run-phase1a-ru88n-hg002-grch38-v421	event-run-phase1a-ru88n-hg002-grch38-v421-record-306	GRCh38|chr20|10116257|TA|T	CROSS_RUN_EQUIVALENCE_UNRESOLVED
run-phase1a-60z59-hg002-grch38-v421	event-run-phase1a-60z59-hg002-grch38-v421-record-313	run-phase1a-ru88n-hg002-grch38-v421	event-run-phase1a-ru88n-hg002-grch38-v421-record-307	GRCh38|chr20|10116285|G|C	CROSS_RUN_EQUIVALENCE_UNRESOLVED
run-phase1a-60z59-hg002-grch38-v421	event-run-phase1a-60z59-hg002-grch38-v421-record-314	run-phase1a-ru88n-hg002-grch38-v421	event-run-phase1a-ru88n-hg002-grch38-v421-record-308	GRCh38|chr20|10116310|G|A	CROSS_RUN_EQUIVALENCE_UNRESOLVED
run-phase1a-60z59-hg002-grch38-v421	event-run-phase1a-60z59-hg002-grch38-v421-record-315	run-phase1a-ru88n-hg002-grch38-v421	event-run-phase1a-ru88n-hg002-grch38-v421-record-309	GRCh38|chr20|10116427|T|G	CROSS_RUN_EQUIVALENCE_UNRESOLVED
run-phase1a-60z59-hg002-grch38-v421	event-run-phase1a-60z59-hg002-grch38-v421-record-317	run-phase1a-ru88n-hg002-grch38-v421	event-run-phase1a-ru88n-hg002-grch38-v421-record-311	GRCh38|chr20|10116788|CTTTTCTTTCTTTCTTTCTTTCTTTCTTTCTTTCTTT|C	CROSS_RUN_EQUIVALENCE_UNRESOLVED
run-phase1a-60z59-hg002-grch38-v421	event-run-phase1a-60z59-hg002-grch38-v421-record-319	run-phase1a-ru88n-hg002-grch38-v421	event-run-phase1a-ru88n-hg002-grch38-v421-record-313	GRCh38|chr20|10116978|C|A	CROSS_RUN_EQUIVALENCE_UNRESOLVED
run-phase1a-60z59-hg002-grch38-v421	event-run-phase1a-60z59-hg002-grch38-v421-record-320	run-phase1a-ru88n-hg002-grch38-v421	event-run-phase1a-ru88n-hg002-grch38-v421-record-314	GRCh38|chr20|10117141|T|C	CROSS_RUN_EQUIVALENCE_UNRESOLVED
run-phase1a-60z59-hg002-grch38-v421	event-run-phase1a-60z59-hg002-grch38-v421-record-321	run-phase1a-ru88n-hg002-grch38-v421	event-run-phase1a-ru88n-hg002-grch38-v421-record-315	GRCh38|chr20|10117280|G|A	CROSS_RUN_EQUIVALENCE_UNRESOLVED
run-phase1a-60z59-hg002-grch38-v421	event-run-phase1a-60z59-hg002-grch38-v421-record-322	run-phase1a-ru88n-hg002-grch38-v421	event-run-phase1a-ru88n-hg002-grch38-v421-record-316	GRCh38|chr20|10117462|G|C	CROSS_RUN_EQUIVALENCE_UNRESOLVED
run-phase1a-60z59-hg002-grch38-v421	event-run-phase1a-60z59-hg002-grch38-v421-record-323	run-phase1a-ru88n-hg002-grch38-v421	event-run-phase1a-ru88n-hg002-grch38-v421-record-317	GRCh38|chr20|10117487|C|A	CROSS_RUN_EQUIVALENCE_UNRESOLVED
run-phase1a-60z59-hg002-grch38-v421	event-run-phase1a-60z59-hg002-grch38-v421-record-327	run-phase1a-ru88n-hg002-grch38-v421	event-run-phase1a-ru88n-hg002-grch38-v421-record-321	GRCh38|chr20|10117660|AAT|A	CROSS_RUN_EQUIVALENCE_UNRESOLVED
run-phase1a-60z59-hg002-grch38-v421	event-run-phase1a-60z59-hg002-grch38-v421-record-329	run-phase1a-ru88n-hg002-grch38-v421	event-run-phase1a-ru88n-hg002-grch38-v421-record-349	GRCh38|chr20|10117948|A|ATG	CROSS_RUN_EQUIVALENCE_UNRESOLVED
run-phase1a-60z59-hg002-grch38-v421	event-run-phase1a-60z59-hg002-grch38-v421-record-331	run-phase1a-ru88n-hg002-grch38-v421	event-run-phase1a-ru88n-hg002-grch38-v421-record-353	GRCh38|chr20|10118041|GTA|G	CROSS_RUN_EQUIVALENCE_UNRESOLVED
run-phase1a-60z59-hg002-grch38-v421	event-run-phase1a-60z59-hg002-grch38-v421-record-334	run-phase1a-ru88n-hg002-grch38-v421	event-run-phase1a-ru88n-hg002-grch38-v421-record-356	GRCh38|chr20|10118138|C|T	CROSS_RUN_EQUIVALENCE_UNRESOLVED
run-phase1a-60z59-hg002-grch38-v421	event-run-phase1a-60z59-hg002-grch38-v421-record-335	run-phase1a-ru88n-hg002-grch38-v421	event-run-phase1a-ru88n-hg002-grch38-v421-record-357	GRCh38|chr20|10118237|C|CA	CROSS_RUN_EQUIVALENCE_UNRESOLVED
run-phase1a-60z59-hg002-grch38-v421	event-run-phase1a-60z59-hg002-grch38-v421-record-336	run-phase1a-ru88n-hg002-grch38-v421	event-run-phase1a-ru88n-hg002-grch38-v421-record-358	GRCh38|chr20|10118297|T|C	CROSS_RUN_EQUIVALENCE_UNRESOLVED
run-phase1a-60z59-hg002-grch38-v421	event-run-phase1a-60z59-hg002-grch38-v421-record-337	run-phase1a-ru88n-hg002-grch38-v421	event-run-phase1a-ru88n-hg002-grch38-v421-record-359	GRCh38|chr20|10118339|C|T	CROSS_RUN_EQUIVALENCE_UNRESOLVED
run-phase1a-60z59-hg002-grch38-v421	event-run-phase1a-60z59-hg002-grch38-v421-record-338	run-phase1a-ru88n-hg002-grch38-v421	event-run-phase1a-ru88n-hg002-grch38-v421-record-360	GRCh38|chr20|10118381|T|C	CROSS_RUN_EQUIVALENCE_UNRESOLVED
run-phase1a-60z59-hg002-grch38-v421	event-run-phase1a-60z59-hg002-grch38-v421-record-339	run-phase1a-ru88n-hg002-grch38-v421	event-run-phase1a-ru88n-hg002-grch38-v421-record-361	GRCh38|chr20|10118386|C|A	CROSS_RUN_EQUIVALENCE_UNRESOLVED
run-phase1a-60z59-hg002-grch38-v421	event-run-phase1a-60z59-hg002-grch38-v421-record-340	run-phase1a-ru88n-hg002-grch38-v421	event-run-phase1a-ru88n-hg002-grch38-v421-record-362	GRCh38|chr20|10118396|A|C	CROSS_RUN_EQUIVALENCE_UNRESOLVED
run-phase1a-60z59-hg002-grch38-v421	event-run-phase1a-60z59-hg002-grch38-v421-record-341	run-phase1a-ru88n-hg002-grch38-v421	event-run-phase1a-ru88n-hg002-grch38-v421-record-363	GRCh38|chr20|10118398|T|C	CROSS_RUN_EQUIVALENCE_UNRESOLVED
run-phase1a-60z59-hg002-grch38-v421	event-run-phase1a-60z59-hg002-grch38-v421-record-342	run-phase1a-ru88n-hg002-grch38-v421	event-run-phase1a-ru88n-hg002-grch38-v421-record-364	GRCh38|chr20|10118407|T|C	CROSS_RUN_EQUIVALENCE_UNRESOLVED
run-phase1a-60z59-hg002-grch38-v421	event-run-phase1a-60z59-hg002-grch38-v421-record-343	run-phase1a-ru88n-hg002-grch38-v421	event-run-phase1a-ru88n-hg002-grch38-v421-record-365	GRCh38|chr20|10118431|C|T	CROSS_RUN_EQUIVALENCE_UNRESOLVED
run-phase1a-60z59-hg002-grch38-v421	event-run-phase1a-60z59-hg002-grch38-v421-record-344	run-phase1a-ru88n-hg002-grch38-v421	event-run-phase1a-ru88n-hg002-grch38-v421-record-366	GRCh38|chr20|10118463|T|TTTTGTTTG	CROSS_RUN_EQUIVALENCE_UNRESOLVED
run-phase1a-60z59-hg002-grch38-v421	event-run-phase1a-60z59-hg002-grch38-v421-record-345	run-phase1a-ru88n-hg002-grch38-v421	event-run-phase1a-ru88n-hg002-grch38-v421-record-367	GRCh38|chr20|10118492|G|T	CROSS_RUN_EQUIVALENCE_UNRESOLVED
run-phase1a-60z59-hg002-grch38-v421	event-run-phase1a-60z59-hg002-grch38-v421-record-346	run-phase1a-ru88n-hg002-grch38-v421	event-run-phase1a-ru88n-hg002-grch38-v421-record-368	GRCh38|chr20|10118542|G|T	CROSS_RUN_EQUIVALENCE_UNRESOLVED
run-phase1a-60z59-hg002-grch38-v421	event-run-phase1a-60z59-hg002-grch38-v421-record-347	run-phase1a-ru88n-hg002-grch38-v421	event-run-phase1a-ru88n-hg002-grch38-v421-record-369	GRCh38|chr20|10118572|A|G	CROSS_RUN_EQUIVALENCE_UNRESOLVED
run-phase1a-60z59-hg002-grch38-v421	event-run-phase1a-60z59-hg002-grch38-v421-record-348	run-phase1a-ru88n-hg002-grch38-v421	event-run-phase1a-ru88n-hg002-grch38-v421-record-370	GRCh38|chr20|10118602|G|A	CROSS_RUN_EQUIVALENCE_UNRESOLVED
run-phase1a-60z59-hg002-grch38-v421	event-run-phase1a-60z59-hg002-grch38-v421-record-349	run-phase1a-ru88n-hg002-grch38-v421	event-run-phase1a-ru88n-hg002-grch38-v421-record-371	GRCh38|chr20|10118887|G|A	CROSS_RUN_EQUIVALENCE_UNRESOLVED
run-phase1a-60z59-hg002-grch38-v421	event-run-phase1a-60z59-hg002-grch38-v421-record-350	run-phase1a-ru88n-hg002-grch38-v421	event-run-phase1a-ru88n-hg002-grch38-v421-record-372	GRCh38|chr20|10118917|C|T	CROSS_RUN_EQUIVALENCE_UNRESOLVED
run-phase1a-60z59-hg002-grch38-v421	event-run-phase1a-60z59-hg002-grch38-v421-record-351	run-phase1a-ru88n-hg002-grch38-v421	event-run-phase1a-ru88n-hg002-grch38-v421-record-373	GRCh38|chr20|10119107|C|T	CROSS_RUN_EQUIVALENCE_UNRESOLVED
run-phase1a-60z59-hg002-grch38-v421	event-run-phase1a-60z59-hg002-grch38-v421-record-352	run-phase1a-ru88n-hg002-grch38-v421	event-run-phase1a-ru88n-hg002-grch38-v421-record-374	GRCh38|chr20|10119184|A|G	CROSS_RUN_EQUIVALENCE_UNRESOLVED
run-phase1a-60z59-hg002-grch38-v421	event-run-phase1a-60z59-hg002-grch38-v421-record-353	run-phase1a-ru88n-hg002-grch38-v421	event-run-phase1a-ru88n-hg002-grch38-v421-record-375	GRCh38|chr20|10119820|T|C	CROSS_RUN_EQUIVALENCE_UNRESOLVED
run-phase1a-60z59-hg002-grch38-v421	event-run-phase1a-60z59-hg002-grch38-v421-record-354	run-phase1a-ru88n-hg002-grch38-v421	event-run-phase1a-ru88n-hg002-grch38-v421-record-376	GRCh38|chr20|10119891|CTTCTAG|C	CROSS_RUN_EQUIVALENCE_UNRESOLVED
run-phase1a-60z59-hg002-grch38-v421	event-run-phase1a-60z59-hg002-grch38-v421-record-355	run-phase1a-ru88n-hg002-grch38-v421	event-run-phase1a-ru88n-hg002-grch38-v421-record-377	GRCh38|chr20|10120197|G|C	CROSS_RUN_EQUIVALENCE_UNRESOLVED
run-phase1a-60z59-hg002-grch38-v421	event-run-phase1a-60z59-hg002-grch38-v421-record-356	run-phase1a-ru88n-hg002-grch38-v421	event-run-phase1a-ru88n-hg002-grch38-v421-record-378	GRCh38|chr20|10120620|TAA|T	CROSS_RUN_EQUIVALENCE_UNRESOLVED
run-phase1a-60z59-hg002-grch38-v421	event-run-phase1a-60z59-hg002-grch38-v421-record-357	run-phase1a-ru88n-hg002-grch38-v421	event-run-phase1a-ru88n-hg002-grch38-v421-record-379	GRCh38|chr20|10120640|A|G	CROSS_RUN_EQUIVALENCE_UNRESOLVED
run-phase1a-60z59-hg002-grch38-v421	event-run-phase1a-60z59-hg002-grch38-v421-record-359	run-phase1a-ru88n-hg002-grch38-v421	event-run-phase1a-ru88n-hg002-grch38-v421-record-381	GRCh38|chr20|10121030|G|GTG	CROSS_RUN_EQUIVALENCE_UNRESOLVED
run-phase1a-60z59-hg002-grch38-v421	event-run-phase1a-60z59-hg002-grch38-v421-record-360	run-phase1a-ru88n-hg002-grch38-v421	event-run-phase1a-ru88n-hg002-grch38-v421-record-382	GRCh38|chr20|10121232|A|G	CROSS_RUN_EQUIVALENCE_UNRESOLVED
run-phase1a-60z59-hg002-grch38-v421	event-run-phase1a-60z59-hg002-grch38-v421-record-361	run-phase1a-ru88n-hg002-grch38-v421	event-run-phase1a-ru88n-hg002-grch38-v421-record-383	GRCh38|chr20|10121264|C|T	CROSS_RUN_EQUIVALENCE_UNRESOLVED
run-phase1a-60z59-hg002-grch38-v421	event-run-phase1a-60z59-hg002-grch38-v421-record-362	run-phase1a-ru88n-hg002-grch38-v421	event-run-phase1a-ru88n-hg002-grch38-v421-record-384	GRCh38|chr20|10121586|C|T	CROSS_RUN_EQUIVALENCE_UNRESOLVED
run-phase1a-60z59-hg002-grch38-v421	event-run-phase1a-60z59-hg002-grch38-v421-record-363	run-phase1a-ru88n-hg002-grch38-v421	event-run-phase1a-ru88n-hg002-grch38-v421-record-385	GRCh38|chr20|10121599|G|A	CROSS_RUN_EQUIVALENCE_UNRESOLVED
run-phase1a-60z59-hg002-grch38-v421	event-run-phase1a-60z59-hg002-grch38-v421-record-364	run-phase1a-ru88n-hg002-grch38-v421	event-run-phase1a-ru88n-hg002-grch38-v421-record-386	GRCh38|chr20|10121600|T|C	CROSS_RUN_EQUIVALENCE_UNRESOLVED
run-phase1a-60z59-hg002-grch38-v421	event-run-phase1a-60z59-hg002-grch38-v421-record-365	run-phase1a-ru88n-hg002-grch38-v421	event-run-phase1a-ru88n-hg002-grch38-v421-record-387	GRCh38|chr20|10121715|A|T	CROSS_RUN_EQUIVALENCE_UNRESOLVED
run-phase1a-60z59-hg002-grch38-v421	event-run-phase1a-60z59-hg002-grch38-v421-record-366	run-phase1a-ru88n-hg002-grch38-v421	event-run-phase1a-ru88n-hg002-grch38-v421-record-388	GRCh38|chr20|10121882|C|T	CROSS_RUN_EQUIVALENCE_UNRESOLVED
run-phase1a-60z59-hg002-grch38-v421	event-run-phase1a-60z59-hg002-grch38-v421-record-367	run-phase1a-ru88n-hg002-grch38-v421	event-run-phase1a-ru88n-hg002-grch38-v421-record-389	GRCh38|chr20|10121883|A|G	CROSS_RUN_EQUIVALENCE_UNRESOLVED
run-phase1a-60z59-hg002-grch38-v421	event-run-phase1a-60z59-hg002-grch38-v421-record-368	run-phase1a-ru88n-hg002-grch38-v421	event-run-phase1a-ru88n-hg002-grch38-v421-record-390	GRCh38|chr20|10122079|G|T	CROSS_RUN_EQUIVALENCE_UNRESOLVED
run-phase1a-60z59-hg002-grch38-v421	event-run-phase1a-60z59-hg002-grch38-v421-record-369	run-phase1a-ru88n-hg002-grch38-v421	event-run-phase1a-ru88n-hg002-grch38-v421-record-391	GRCh38|chr20|10122256|C|A	CROSS_RUN_EQUIVALENCE_UNRESOLVED
run-phase1a-60z59-hg002-grch38-v421	event-run-phase1a-60z59-hg002-grch38-v421-record-370	run-phase1a-ru88n-hg002-grch38-v421	event-run-phase1a-ru88n-hg002-grch38-v421-record-392	GRCh38|chr20|10122462|G|C	CROSS_RUN_EQUIVALENCE_UNRESOLVED
run-phase1a-60z59-hg002-grch38-v421	event-run-phase1a-60z59-hg002-grch38-v421-record-371	run-phase1a-ru88n-hg002-grch38-v421	event-run-phase1a-ru88n-hg002-grch38-v421-record-393	GRCh38|chr20|10122653|C|T	CROSS_RUN_EQUIVALENCE_UNRESOLVED
run-phase1a-60z59-hg002-grch38-v421	event-run-phase1a-60z59-hg002-grch38-v421-record-372	run-phase1a-ru88n-hg002-grch38-v421	event-run-phase1a-ru88n-hg002-grch38-v421-record-394	GRCh38|chr20|10122672|G|C	CROSS_RUN_EQUIVALENCE_UNRESOLVED
run-phase1a-60z59-hg002-grch38-v421	event-run-phase1a-60z59-hg002-grch38-v421-record-373	run-phase1a-ru88n-hg002-grch38-v421	event-run-phase1a-ru88n-hg002-grch38-v421-record-395	GRCh38|chr20|10122685|G|A	CROSS_RUN_EQUIVALENCE_UNRESOLVED
run-phase1a-60z59-hg002-grch38-v421	event-run-phase1a-60z59-hg002-grch38-v421-record-374	run-phase1a-ru88n-hg002-grch38-v421	event-run-phase1a-ru88n-hg002-grch38-v421-record-396	GRCh38|chr20|10122904|T|G	CROSS_RUN_EQUIVALENCE_UNRESOLVED
run-phase1a-60z59-hg002-grch38-v421	event-run-phase1a-60z59-hg002-grch38-v421-record-375	run-phase1a-ru88n-hg002-grch38-v421	event-run-phase1a-ru88n-hg002-grch38-v421-record-397	GRCh38|chr20|10123032|G|T	CROSS_RUN_EQUIVALENCE_UNRESOLVED
run-phase1a-60z59-hg002-grch38-v421	event-run-phase1a-60z59-hg002-grch38-v421-record-376	run-phase1a-ru88n-hg002-grch38-v421	event-run-phase1a-ru88n-hg002-grch38-v421-record-398	GRCh38|chr20|10123103|G|T	CROSS_RUN_EQUIVALENCE_UNRESOLVED
run-phase1a-60z59-hg002-grch38-v421	event-run-phase1a-60z59-hg002-grch38-v421-record-377	run-phase1a-ru88n-hg002-grch38-v421	event-run-phase1a-ru88n-hg002-grch38-v421-record-399	GRCh38|chr20|10123180|T|A	CROSS_RUN_EQUIVALENCE_UNRESOLVED
run-phase1a-60z59-hg002-grch38-v421	event-run-phase1a-60z59-hg002-grch38-v421-record-378	run-phase1a-ru88n-hg002-grch38-v421	event-run-phase1a-ru88n-hg002-grch38-v421-record-400	GRCh38|chr20|10123201|T|C	CROSS_RUN_EQUIVALENCE_UNRESOLVED
run-phase1a-60z59-hg002-grch38-v421	event-run-phase1a-60z59-hg002-grch38-v421-record-379	run-phase1a-ru88n-hg002-grch38-v421	event-run-phase1a-ru88n-hg002-grch38-v421-record-401	GRCh38|chr20|10123202|G|A	CROSS_RUN_EQUIVALENCE_UNRESOLVED
run-phase1a-60z59-hg002-grch38-v421	event-run-phase1a-60z59-hg002-grch38-v421-record-380	run-phase1a-ru88n-hg002-grch38-v421	event-run-phase1a-ru88n-hg002-grch38-v421-record-402	GRCh38|chr20|10123370|C|T	CROSS_RUN_EQUIVALENCE_UNRESOLVED
run-phase1a-60z59-hg002-grch38-v421	event-run-phase1a-60z59-hg002-grch38-v421-record-381	run-phase1a-ru88n-hg002-grch38-v421	event-run-phase1a-ru88n-hg002-grch38-v421-record-403	GRCh38|chr20|10123945|G|C	CROSS_RUN_EQUIVALENCE_UNRESOLVED
run-phase1a-60z59-hg002-grch38-v421	event-run-phase1a-60z59-hg002-grch38-v421-record-382	run-phase1a-ru88n-hg002-grch38-v421	event-run-phase1a-ru88n-hg002-grch38-v421-record-404	GRCh38|chr20|10124000|AG|A	CROSS_RUN_EQUIVALENCE_UNRESOLVED
run-phase1a-60z59-hg002-grch38-v421	event-run-phase1a-60z59-hg002-grch38-v421-record-383	run-phase1a-ru88n-hg002-grch38-v421	event-run-phase1a-ru88n-hg002-grch38-v421-record-405	GRCh38|chr20|10124046|T|G	CROSS_RUN_EQUIVALENCE_UNRESOLVED
run-phase1a-60z59-hg002-grch38-v421	event-run-phase1a-60z59-hg002-grch38-v421-record-384	run-phase1a-ru88n-hg002-grch38-v421	event-run-phase1a-ru88n-hg002-grch38-v421-record-406	GRCh38|chr20|10124418|GA|G	CROSS_RUN_EQUIVALENCE_UNRESOLVED
run-phase1a-60z59-hg002-grch38-v421	event-run-phase1a-60z59-hg002-grch38-v421-record-385	run-phase1a-ru88n-hg002-grch38-v421	event-run-phase1a-ru88n-hg002-grch38-v421-record-408	GRCh38|chr20|10124429|G|A	CROSS_RUN_EQUIVALENCE_UNRESOLVED
run-phase1a-60z59-hg002-grch38-v421	event-run-phase1a-60z59-hg002-grch38-v421-record-386	run-phase1a-ru88n-hg002-grch38-v421	event-run-phase1a-ru88n-hg002-grch38-v421-record-409	GRCh38|chr20|10124447|A|T	CROSS_RUN_EQUIVALENCE_UNRESOLVED
run-phase1a-60z59-hg002-grch38-v421	event-run-phase1a-60z59-hg002-grch38-v421-record-387	run-phase1a-ru88n-hg002-grch38-v421	event-run-phase1a-ru88n-hg002-grch38-v421-record-410	GRCh38|chr20|10124586|A|T	CROSS_RUN_EQUIVALENCE_UNRESOLVED
run-phase1a-60z59-hg002-grch38-v421	event-run-phase1a-60z59-hg002-grch38-v421-record-388	run-phase1a-ru88n-hg002-grch38-v421	event-run-phase1a-ru88n-hg002-grch38-v421-record-411	GRCh38|chr20|10124710|A|G	CROSS_RUN_EQUIVALENCE_UNRESOLVED
run-phase1a-60z59-hg002-grch38-v421	event-run-phase1a-60z59-hg002-grch38-v421-record-389	run-phase1a-ru88n-hg002-grch38-v421	event-run-phase1a-ru88n-hg002-grch38-v421-record-412	GRCh38|chr20|10125304|C|A	CROSS_RUN_EQUIVALENCE_UNRESOLVED
run-phase1a-60z59-hg002-grch38-v421	event-run-phase1a-60z59-hg002-grch38-v421-record-390	run-phase1a-ru88n-hg002-grch38-v421	event-run-phase1a-ru88n-hg002-grch38-v421-record-413	GRCh38|chr20|10125756|T|C	CROSS_RUN_EQUIVALENCE_UNRESOLVED
run-phase1a-60z59-hg002-grch38-v421	event-run-phase1a-60z59-hg002-grch38-v421-record-391	run-phase1a-ru88n-hg002-grch38-v421	event-run-phase1a-ru88n-hg002-grch38-v421-record-414	GRCh38|chr20|10125781|C|A	CROSS_RUN_EQUIVALENCE_UNRESOLVED
run-phase1a-60z59-hg002-grch38-v421	event-run-phase1a-60z59-hg002-grch38-v421-record-392	run-phase1a-ru88n-hg002-grch38-v421	event-run-phase1a-ru88n-hg002-grch38-v421-record-415	GRCh38|chr20|10126154|G|A	CROSS_RUN_EQUIVALENCE_UNRESOLVED
run-phase1a-60z59-hg002-grch38-v421	event-run-phase1a-60z59-hg002-grch38-v421-record-393	run-phase1a-ru88n-hg002-grch38-v421	event-run-phase1a-ru88n-hg002-grch38-v421-record-416	GRCh38|chr20|10126210|C|G	CROSS_RUN_EQUIVALENCE_UNRESOLVED
run-phase1a-60z59-hg002-grch38-v421	event-run-phase1a-60z59-hg002-grch38-v421-record-394	run-phase1a-ru88n-hg002-grch38-v421	event-run-phase1a-ru88n-hg002-grch38-v421-record-417	GRCh38|chr20|10126241|C|T	CROSS_RUN_EQUIVALENCE_UNRESOLVED
run-phase1a-60z59-hg002-grch38-v421	event-run-phase1a-60z59-hg002-grch38-v421-record-395	run-phase1a-ru88n-hg002-grch38-v421	event-run-phase1a-ru88n-hg002-grch38-v421-record-418	GRCh38|chr20|10126399|AG|A	CROSS_RUN_EQUIVALENCE_UNRESOLVED
run-phase1a-60z59-hg002-grch38-v421	event-run-phase1a-60z59-hg002-grch38-v421-record-396	run-phase1a-ru88n-hg002-grch38-v421	event-run-phase1a-ru88n-hg002-grch38-v421-record-419	GRCh38|chr20|10126404|C|T	CROSS_RUN_EQUIVALENCE_UNRESOLVED
run-phase1a-60z59-hg002-grch38-v421	event-run-phase1a-60z59-hg002-grch38-v421-record-398	run-phase1a-ru88n-hg002-grch38-v421	event-run-phase1a-ru88n-hg002-grch38-v421-record-421	GRCh38|chr20|10126967|C|T	CROSS_RUN_EQUIVALENCE_UNRESOLVED
run-phase1a-60z59-hg002-grch38-v421	event-run-phase1a-60z59-hg002-grch38-v421-record-399	run-phase1a-ru88n-hg002-grch38-v421	event-run-phase1a-ru88n-hg002-grch38-v421-record-422	GRCh38|chr20|10127038|C|T	CROSS_RUN_EQUIVALENCE_UNRESOLVED
run-phase1a-60z59-hg002-grch38-v421	event-run-phase1a-60z59-hg002-grch38-v421-record-400	run-phase1a-ru88n-hg002-grch38-v421	event-run-phase1a-ru88n-hg002-grch38-v421-record-423	GRCh38|chr20|10127425|C|G	CROSS_RUN_EQUIVALENCE_UNRESOLVED
run-phase1a-60z59-hg002-grch38-v421	event-run-phase1a-60z59-hg002-grch38-v421-record-401	run-phase1a-ru88n-hg002-grch38-v421	event-run-phase1a-ru88n-hg002-grch38-v421-record-424	GRCh38|chr20|10128106|T|G	CROSS_RUN_EQUIVALENCE_UNRESOLVED
run-phase1a-60z59-hg002-grch38-v421	event-run-phase1a-60z59-hg002-grch38-v421-record-402	run-phase1a-ru88n-hg002-grch38-v421	event-run-phase1a-ru88n-hg002-grch38-v421-record-425	GRCh38|chr20|10128218|C|T	CROSS_RUN_EQUIVALENCE_UNRESOLVED
run-phase1a-60z59-hg002-grch38-v421	event-run-phase1a-60z59-hg002-grch38-v421-record-403	run-phase1a-ru88n-hg002-grch38-v421	event-run-phase1a-ru88n-hg002-grch38-v421-record-426	GRCh38|chr20|10128293|T|C	CROSS_RUN_EQUIVALENCE_UNRESOLVED
run-phase1a-60z59-hg002-grch38-v421	event-run-phase1a-60z59-hg002-grch38-v421-record-404	run-phase1a-ru88n-hg002-grch38-v421	event-run-phase1a-ru88n-hg002-grch38-v421-record-427	GRCh38|chr20|10129061|C|G	CROSS_RUN_EQUIVALENCE_UNRESOLVED
run-phase1a-60z59-hg002-grch38-v421	event-run-phase1a-60z59-hg002-grch38-v421-record-405	run-phase1a-ru88n-hg002-grch38-v421	event-run-phase1a-ru88n-hg002-grch38-v421-record-428	GRCh38|chr20|10130078|GT|G	CROSS_RUN_EQUIVALENCE_UNRESOLVED
run-phase1a-60z59-hg002-grch38-v421	event-run-phase1a-60z59-hg002-grch38-v421-record-406	run-phase1a-ru88n-hg002-grch38-v421	event-run-phase1a-ru88n-hg002-grch38-v421-record-429	GRCh38|chr20|10130609|T|G	CROSS_RUN_EQUIVALENCE_UNRESOLVED
run-phase1a-60z59-hg002-grch38-v421	event-run-phase1a-60z59-hg002-grch38-v421-record-407	run-phase1a-ru88n-hg002-grch38-v421	event-run-phase1a-ru88n-hg002-grch38-v421-record-430	GRCh38|chr20|10130698|A|G	CROSS_RUN_EQUIVALENCE_UNRESOLVED
run-phase1a-60z59-hg002-grch38-v421	event-run-phase1a-60z59-hg002-grch38-v421-record-408	run-phase1a-ru88n-hg002-grch38-v421	event-run-phase1a-ru88n-hg002-grch38-v421-record-431	GRCh38|chr20|10130768|T|C	CROSS_RUN_EQUIVALENCE_UNRESOLVED
run-phase1a-60z59-hg002-grch38-v421	event-run-phase1a-60z59-hg002-grch38-v421-record-409	run-phase1a-ru88n-hg002-grch38-v421	event-run-phase1a-ru88n-hg002-grch38-v421-record-432	GRCh38|chr20|10131053|C|A	CROSS_RUN_EQUIVALENCE_UNRESOLVED
run-phase1a-60z59-hg002-grch38-v421	event-run-phase1a-60z59-hg002-grch38-v421-record-410	run-phase1a-ru88n-hg002-grch38-v421	event-run-phase1a-ru88n-hg002-grch38-v421-record-433	GRCh38|chr20|10131057|T|A	CROSS_RUN_EQUIVALENCE_UNRESOLVED
run-phase1a-60z59-hg002-grch38-v421	event-run-phase1a-60z59-hg002-grch38-v421-record-411	run-phase1a-ru88n-hg002-grch38-v421	event-run-phase1a-ru88n-hg002-grch38-v421-record-434	GRCh38|chr20|10131271|A|G	CROSS_RUN_EQUIVALENCE_UNRESOLVED
run-phase1a-60z59-hg002-grch38-v421	event-run-phase1a-60z59-hg002-grch38-v421-record-412	run-phase1a-ru88n-hg002-grch38-v421	event-run-phase1a-ru88n-hg002-grch38-v421-record-435	GRCh38|chr20|10131743|G|T	CROSS_RUN_EQUIVALENCE_UNRESOLVED
run-phase1a-60z59-hg002-grch38-v421	event-run-phase1a-60z59-hg002-grch38-v421-record-413	run-phase1a-ru88n-hg002-grch38-v421	event-run-phase1a-ru88n-hg002-grch38-v421-record-436	GRCh38|chr20|10132221|T|C	CROSS_RUN_EQUIVALENCE_UNRESOLVED
run-phase1a-60z59-hg002-grch38-v421	event-run-phase1a-60z59-hg002-grch38-v421-record-414	run-phase1a-ru88n-hg002-grch38-v421	event-run-phase1a-ru88n-hg002-grch38-v421-record-437	GRCh38|chr20|10132773|G|A	CROSS_RUN_EQUIVALENCE_UNRESOLVED
run-phase1a-60z59-hg002-grch38-v421	event-run-phase1a-60z59-hg002-grch38-v421-record-415	run-phase1a-ru88n-hg002-grch38-v421	event-run-phase1a-ru88n-hg002-grch38-v421-record-438	GRCh38|chr20|10132952|G|A	CROSS_RUN_EQUIVALENCE_UNRESOLVED
run-phase1a-60z59-hg002-grch38-v421	event-run-phase1a-60z59-hg002-grch38-v421-record-416	run-phase1a-ru88n-hg002-grch38-v421	event-run-phase1a-ru88n-hg002-grch38-v421-record-439	GRCh38|chr20|10133077|C|T	CROSS_RUN_EQUIVALENCE_UNRESOLVED
run-phase1a-60z59-hg002-grch38-v421	event-run-phase1a-60z59-hg002-grch38-v421-record-417	run-phase1a-ru88n-hg002-grch38-v421	event-run-phase1a-ru88n-hg002-grch38-v421-record-440	GRCh38|chr20|10133397|T|A	CROSS_RUN_EQUIVALENCE_UNRESOLVED
run-phase1a-60z59-hg002-grch38-v421	event-run-phase1a-60z59-hg002-grch38-v421-record-418	run-phase1a-ru88n-hg002-grch38-v421	event-run-phase1a-ru88n-hg002-grch38-v421-record-441	GRCh38|chr20|10134057|CA|C	CROSS_RUN_EQUIVALENCE_UNRESOLVED
run-phase1a-60z59-hg002-grch38-v421	event-run-phase1a-60z59-hg002-grch38-v421-record-419	run-phase1a-ru88n-hg002-grch38-v421	event-run-phase1a-ru88n-hg002-grch38-v421-record-442	GRCh38|chr20|10134677|C|T	CROSS_RUN_EQUIVALENCE_UNRESOLVED
run-phase1a-60z59-hg002-grch38-v421	event-run-phase1a-60z59-hg002-grch38-v421-record-420	run-phase1a-ru88n-hg002-grch38-v421	event-run-phase1a-ru88n-hg002-grch38-v421-record-443	GRCh38|chr20|10134951|C|A	CROSS_RUN_EQUIVALENCE_UNRESOLVED
run-phase1a-60z59-hg002-grch38-v421	event-run-phase1a-60z59-hg002-grch38-v421-record-421	run-phase1a-ru88n-hg002-grch38-v421	event-run-phase1a-ru88n-hg002-grch38-v421-record-444	GRCh38|chr20|10135292|A|T	CROSS_RUN_EQUIVALENCE_UNRESOLVED
run-phase1a-60z59-hg002-grch38-v421	event-run-phase1a-60z59-hg002-grch38-v421-record-422	run-phase1a-ru88n-hg002-grch38-v421	event-run-phase1a-ru88n-hg002-grch38-v421-record-445	GRCh38|chr20|10140530|C|T	CROSS_RUN_EQUIVALENCE_UNRESOLVED
run-phase1a-60z59-hg002-grch38-v421	event-run-phase1a-60z59-hg002-grch38-v421-record-423	run-phase1a-ru88n-hg002-grch38-v421	event-run-phase1a-ru88n-hg002-grch38-v421-record-446	GRCh38|chr20|10142776|C|T	CROSS_RUN_EQUIVALENCE_UNRESOLVED
run-phase1a-60z59-hg002-grch38-v421	event-run-phase1a-60z59-hg002-grch38-v421-record-424	run-phase1a-ru88n-hg002-grch38-v421	event-run-phase1a-ru88n-hg002-grch38-v421-record-447	GRCh38|chr20|10143619|C|T	CROSS_RUN_EQUIVALENCE_UNRESOLVED
run-phase1a-60z59-hg002-grch38-v421	event-run-phase1a-60z59-hg002-grch38-v421-record-425	run-phase1a-ru88n-hg002-grch38-v421	event-run-phase1a-ru88n-hg002-grch38-v421-record-448	GRCh38|chr20|10144709|T|C	CROSS_RUN_EQUIVALENCE_UNRESOLVED
run-phase1a-60z59-hg002-grch38-v421	event-run-phase1a-60z59-hg002-grch38-v421-record-427	run-phase1a-ru88n-hg002-grch38-v421	event-run-phase1a-ru88n-hg002-grch38-v421-record-449	GRCh38|chr20|10145750|T|A	CROSS_RUN_EQUIVALENCE_UNRESOLVED
run-phase1a-60z59-hg002-grch38-v421	event-run-phase1a-60z59-hg002-grch38-v421-record-428	run-phase1a-ru88n-hg002-grch38-v421	event-run-phase1a-ru88n-hg002-grch38-v421-record-450	GRCh38|chr20|10147143|A|G	CROSS_RUN_EQUIVALENCE_UNRESOLVED
run-phase1a-60z59-hg002-grch38-v421	event-run-phase1a-60z59-hg002-grch38-v421-record-429	run-phase1a-ru88n-hg002-grch38-v421	event-run-phase1a-ru88n-hg002-grch38-v421-record-451	GRCh38|chr20|10147971|CTTTGT|C	CROSS_RUN_EQUIVALENCE_UNRESOLVED
run-phase1a-60z59-hg002-grch38-v421	event-run-phase1a-60z59-hg002-grch38-v421-record-430	run-phase1a-ru88n-hg002-grch38-v421	event-run-phase1a-ru88n-hg002-grch38-v421-record-452	GRCh38|chr20|10147986|T|G	CROSS_RUN_EQUIVALENCE_UNRESOLVED
run-phase1a-60z59-hg002-grch38-v421	event-run-phase1a-60z59-hg002-grch38-v421-record-431	run-phase1a-ru88n-hg002-grch38-v421	event-run-phase1a-ru88n-hg002-grch38-v421-record-453	GRCh38|chr20|10148004|T|C	CROSS_RUN_EQUIVALENCE_UNRESOLVED
run-phase1a-60z59-hg002-grch38-v421	event-run-phase1a-60z59-hg002-grch38-v421-record-432	run-phase1a-ru88n-hg002-grch38-v421	event-run-phase1a-ru88n-hg002-grch38-v421-record-454	GRCh38|chr20|10148111|T|A	CROSS_RUN_EQUIVALENCE_UNRESOLVED
run-phase1a-60z59-hg002-grch38-v421	event-run-phase1a-60z59-hg002-grch38-v421-record-433	run-phase1a-ru88n-hg002-grch38-v421	event-run-phase1a-ru88n-hg002-grch38-v421-record-455	GRCh38|chr20|10148952|A|G	CROSS_RUN_EQUIVALENCE_UNRESOLVED
run-phase1a-60z59-hg002-grch38-v421	event-run-phase1a-60z59-hg002-grch38-v421-record-434	run-phase1a-ru88n-hg002-grch38-v421	event-run-phase1a-ru88n-hg002-grch38-v421-record-456	GRCh38|chr20|10149369|G|A	CROSS_RUN_EQUIVALENCE_UNRESOLVED
run-phase1a-60z59-hg002-grch38-v421	event-run-phase1a-60z59-hg002-grch38-v421-record-435	run-phase1a-ru88n-hg002-grch38-v421	event-run-phase1a-ru88n-hg002-grch38-v421-record-457	GRCh38|chr20|10149601|AAC|A	CROSS_RUN_EQUIVALENCE_UNRESOLVED
run-phase1a-60z59-hg002-grch38-v421	event-run-phase1a-60z59-hg002-grch38-v421-record-436	run-phase1a-ru88n-hg002-grch38-v421	event-run-phase1a-ru88n-hg002-grch38-v421-record-458	GRCh38|chr20|10149697|G|GTA	CROSS_RUN_EQUIVALENCE_UNRESOLVED
run-phase1a-60z59-hg002-grch38-v421	event-run-phase1a-60z59-hg002-grch38-v421-record-437	run-phase1a-ru88n-hg002-grch38-v421	event-run-phase1a-ru88n-hg002-grch38-v421-record-459	GRCh38|chr20|10150519|G|T	CROSS_RUN_EQUIVALENCE_UNRESOLVED
run-phase1a-60z59-hg002-grch38-v421	event-run-phase1a-60z59-hg002-grch38-v421-record-438	run-phase1a-ru88n-hg002-grch38-v421	event-run-phase1a-ru88n-hg002-grch38-v421-record-460	GRCh38|chr20|10150548|T|C	CROSS_RUN_EQUIVALENCE_UNRESOLVED
run-phase1a-60z59-hg002-grch38-v421	event-run-phase1a-60z59-hg002-grch38-v421-record-439	run-phase1a-ru88n-hg002-grch38-v421	event-run-phase1a-ru88n-hg002-grch38-v421-record-461	GRCh38|chr20|10151332|T|C	CROSS_RUN_EQUIVALENCE_UNRESOLVED
run-phase1a-60z59-hg002-grch38-v421	event-run-phase1a-60z59-hg002-grch38-v421-record-440	run-phase1a-ru88n-hg002-grch38-v421	event-run-phase1a-ru88n-hg002-grch38-v421-record-462	GRCh38|chr20|10151350|G|A	CROSS_RUN_EQUIVALENCE_UNRESOLVED
run-phase1a-60z59-hg002-grch38-v421	event-run-phase1a-60z59-hg002-grch38-v421-record-441	run-phase1a-ru88n-hg002-grch38-v421	event-run-phase1a-ru88n-hg002-grch38-v421-record-463	GRCh38|chr20|10151443|A|G	CROSS_RUN_EQUIVALENCE_UNRESOLVED
run-phase1a-60z59-hg002-grch38-v421	event-run-phase1a-60z59-hg002-grch38-v421-record-442	run-phase1a-ru88n-hg002-grch38-v421	event-run-phase1a-ru88n-hg002-grch38-v421-record-464	GRCh38|chr20|10151653|G|GACACACACAC	CROSS_RUN_EQUIVALENCE_UNRESOLVED
run-phase1a-60z59-hg002-grch38-v421	event-run-phase1a-60z59-hg002-grch38-v421-record-443	run-phase1a-ru88n-hg002-grch38-v421	event-run-phase1a-ru88n-hg002-grch38-v421-record-465	GRCh38|chr20|10151856|T|C	CROSS_RUN_EQUIVALENCE_UNRESOLVED
run-phase1a-60z59-hg002-grch38-v421	event-run-phase1a-60z59-hg002-grch38-v421-record-451	run-phase1a-ru88n-hg002-grch38-v421	event-run-phase1a-ru88n-hg002-grch38-v421-record-466	GRCh38|chr20|10152310|G|GA	CROSS_RUN_EQUIVALENCE_UNRESOLVED
run-phase1a-60z59-hg002-grch38-v421	event-run-phase1a-60z59-hg002-grch38-v421-record-452	run-phase1a-ru88n-hg002-grch38-v421	event-run-phase1a-ru88n-hg002-grch38-v421-record-467	GRCh38|chr20|10153555|C|T	CROSS_RUN_EQUIVALENCE_UNRESOLVED
run-phase1a-60z59-hg002-grch38-v421	event-run-phase1a-60z59-hg002-grch38-v421-record-453	run-phase1a-ru88n-hg002-grch38-v421	event-run-phase1a-ru88n-hg002-grch38-v421-record-468	GRCh38|chr20|10153754|A|C	CROSS_RUN_EQUIVALENCE_UNRESOLVED
run-phase1a-60z59-hg002-grch38-v421	event-run-phase1a-60z59-hg002-grch38-v421-record-454	run-phase1a-ru88n-hg002-grch38-v421	event-run-phase1a-ru88n-hg002-grch38-v421-record-469	GRCh38|chr20|10153762|AAAAG|A	CROSS_RUN_EQUIVALENCE_UNRESOLVED
run-phase1a-60z59-hg002-grch38-v421	event-run-phase1a-60z59-hg002-grch38-v421-record-456	run-phase1a-ru88n-hg002-grch38-v421	event-run-phase1a-ru88n-hg002-grch38-v421-record-471	GRCh38|chr20|10173647|G|A	CROSS_RUN_EQUIVALENCE_UNRESOLVED
run-phase1a-60z59-hg002-grch38-v421	event-run-phase1a-60z59-hg002-grch38-v421-record-457	run-phase1a-ru88n-hg002-grch38-v421	event-run-phase1a-ru88n-hg002-grch38-v421-record-472	GRCh38|chr20|10174337|C|T	CROSS_RUN_EQUIVALENCE_UNRESOLVED
run-phase1a-60z59-hg002-grch38-v421	event-run-phase1a-60z59-hg002-grch38-v421-record-458	run-phase1a-ru88n-hg002-grch38-v421	event-run-phase1a-ru88n-hg002-grch38-v421-record-473	GRCh38|chr20|10174390|A|AT	CROSS_RUN_EQUIVALENCE_UNRESOLVED
run-phase1a-60z59-hg002-grch38-v421	event-run-phase1a-60z59-hg002-grch38-v421-record-459	run-phase1a-ru88n-hg002-grch38-v421	event-run-phase1a-ru88n-hg002-grch38-v421-record-474	GRCh38|chr20|10174395|C|CT	CROSS_RUN_EQUIVALENCE_UNRESOLVED
run-phase1a-60z59-hg002-grch38-v421	event-run-phase1a-60z59-hg002-grch38-v421-record-460	run-phase1a-ru88n-hg002-grch38-v421	event-run-phase1a-ru88n-hg002-grch38-v421-record-475	GRCh38|chr20|10174457|G|A	CROSS_RUN_EQUIVALENCE_UNRESOLVED
run-phase1a-60z59-hg002-grch38-v421	event-run-phase1a-60z59-hg002-grch38-v421-record-463	run-phase1a-ru88n-hg002-grch38-v421	event-run-phase1a-ru88n-hg002-grch38-v421-record-477	GRCh38|chr20|10175857|G|A	CROSS_RUN_EQUIVALENCE_UNRESOLVED
run-phase1a-60z59-hg002-grch38-v421	event-run-phase1a-60z59-hg002-grch38-v421-record-464	run-phase1a-ru88n-hg002-grch38-v421	event-run-phase1a-ru88n-hg002-grch38-v421-record-478	GRCh38|chr20|10177221|GAA|G	CROSS_RUN_EQUIVALENCE_UNRESOLVED
run-phase1a-60z59-hg002-grch38-v421	event-run-phase1a-60z59-hg002-grch38-v421-record-465	run-phase1a-ru88n-hg002-grch38-v421	event-run-phase1a-ru88n-hg002-grch38-v421-record-479	GRCh38|chr20|10177941|A|AAG	CROSS_RUN_EQUIVALENCE_UNRESOLVED
run-phase1a-60z59-hg002-grch38-v421	event-run-phase1a-60z59-hg002-grch38-v421-record-466	run-phase1a-ru88n-hg002-grch38-v421	event-run-phase1a-ru88n-hg002-grch38-v421-record-480	GRCh38|chr20|10178046|T|C	CROSS_RUN_EQUIVALENCE_UNRESOLVED
run-phase1a-60z59-hg002-grch38-v421	event-run-phase1a-60z59-hg002-grch38-v421-record-467	run-phase1a-ru88n-hg002-grch38-v421	event-run-phase1a-ru88n-hg002-grch38-v421-record-481	GRCh38|chr20|10178122|T|C	CROSS_RUN_EQUIVALENCE_UNRESOLVED
run-phase1a-60z59-hg002-grch38-v421	event-run-phase1a-60z59-hg002-grch38-v421-record-468	run-phase1a-ru88n-hg002-grch38-v421	event-run-phase1a-ru88n-hg002-grch38-v421-record-482	GRCh38|chr20|10178433|A|G	CROSS_RUN_EQUIVALENCE_UNRESOLVED
run-phase1a-60z59-hg002-grch38-v421	event-run-phase1a-60z59-hg002-grch38-v421-record-469	run-phase1a-ru88n-hg002-grch38-v421	event-run-phase1a-ru88n-hg002-grch38-v421-record-483	GRCh38|chr20|10178566|A|G	CROSS_RUN_EQUIVALENCE_UNRESOLVED
run-phase1a-60z59-hg002-grch38-v421	event-run-phase1a-60z59-hg002-grch38-v421-record-470	run-phase1a-ru88n-hg002-grch38-v421	event-run-phase1a-ru88n-hg002-grch38-v421-record-484	GRCh38|chr20|10178851|G|T	CROSS_RUN_EQUIVALENCE_UNRESOLVED
run-phase1a-60z59-hg002-grch38-v421	event-run-phase1a-60z59-hg002-grch38-v421-record-471	run-phase1a-ru88n-hg002-grch38-v421	event-run-phase1a-ru88n-hg002-grch38-v421-record-485	GRCh38|chr20|10179408|G|A	CROSS_RUN_EQUIVALENCE_UNRESOLVED
run-phase1a-60z59-hg002-grch38-v421	event-run-phase1a-60z59-hg002-grch38-v421-record-472	run-phase1a-ru88n-hg002-grch38-v421	event-run-phase1a-ru88n-hg002-grch38-v421-record-486	GRCh38|chr20|10179444|A|G	CROSS_RUN_EQUIVALENCE_UNRESOLVED
run-phase1a-60z59-hg002-grch38-v421	event-run-phase1a-60z59-hg002-grch38-v421-record-473	run-phase1a-ru88n-hg002-grch38-v421	event-run-phase1a-ru88n-hg002-grch38-v421-record-487	GRCh38|chr20|10180125|A|AC	CROSS_RUN_EQUIVALENCE_UNRESOLVED
run-phase1a-60z59-hg002-grch38-v421	event-run-phase1a-60z59-hg002-grch38-v421-record-474	run-phase1a-ru88n-hg002-grch38-v421	event-run-phase1a-ru88n-hg002-grch38-v421-record-488	GRCh38|chr20|10180577|C|T	CROSS_RUN_EQUIVALENCE_UNRESOLVED
run-phase1a-60z59-hg002-grch38-v421	event-run-phase1a-60z59-hg002-grch38-v421-record-475	run-phase1a-ru88n-hg002-grch38-v421	event-run-phase1a-ru88n-hg002-grch38-v421-record-489	GRCh38|chr20|10181679|C|T	CROSS_RUN_EQUIVALENCE_UNRESOLVED
run-phase1a-60z59-hg002-grch38-v421	event-run-phase1a-60z59-hg002-grch38-v421-record-476	run-phase1a-ru88n-hg002-grch38-v421	event-run-phase1a-ru88n-hg002-grch38-v421-record-490	GRCh38|chr20|10181975|C|T	CROSS_RUN_EQUIVALENCE_UNRESOLVED
run-phase1a-60z59-hg002-grch38-v421	event-run-phase1a-60z59-hg002-grch38-v421-record-479	run-phase1a-ru88n-hg002-grch38-v421	event-run-phase1a-ru88n-hg002-grch38-v421-record-492	GRCh38|chr20|10182698|CA|C	CROSS_RUN_EQUIVALENCE_UNRESOLVED
run-phase1a-60z59-hg002-grch38-v421	event-run-phase1a-60z59-hg002-grch38-v421-record-480	run-phase1a-ru88n-hg002-grch38-v421	event-run-phase1a-ru88n-hg002-grch38-v421-record-493	GRCh38|chr20|10183984|G|A	CROSS_RUN_EQUIVALENCE_UNRESOLVED
run-phase1a-60z59-hg002-grch38-v421	event-run-phase1a-60z59-hg002-grch38-v421-record-481	run-phase1a-ru88n-hg002-grch38-v421	event-run-phase1a-ru88n-hg002-grch38-v421-record-494	GRCh38|chr20|10184205|C|T	CROSS_RUN_EQUIVALENCE_UNRESOLVED
run-phase1a-60z59-hg002-grch38-v421	event-run-phase1a-60z59-hg002-grch38-v421-record-482	run-phase1a-ru88n-hg002-grch38-v421	event-run-phase1a-ru88n-hg002-grch38-v421-record-495	GRCh38|chr20|10185079|G|T	CROSS_RUN_EQUIVALENCE_UNRESOLVED
run-phase1a-60z59-hg002-grch38-v421	event-run-phase1a-60z59-hg002-grch38-v421-record-483	run-phase1a-ru88n-hg002-grch38-v421	event-run-phase1a-ru88n-hg002-grch38-v421-record-496	GRCh38|chr20|10185285|A|G	CROSS_RUN_EQUIVALENCE_UNRESOLVED
run-phase1a-60z59-hg002-grch38-v421	event-run-phase1a-60z59-hg002-grch38-v421-record-484	run-phase1a-ru88n-hg002-grch38-v421	event-run-phase1a-ru88n-hg002-grch38-v421-record-497	GRCh38|chr20|10185750|C|A	CROSS_RUN_EQUIVALENCE_UNRESOLVED
run-phase1a-60z59-hg002-grch38-v421	event-run-phase1a-60z59-hg002-grch38-v421-record-485	run-phase1a-ru88n-hg002-grch38-v421	event-run-phase1a-ru88n-hg002-grch38-v421-record-498	GRCh38|chr20|10186127|A|G	CROSS_RUN_EQUIVALENCE_UNRESOLVED
run-phase1a-60z59-hg002-grch38-v421	event-run-phase1a-60z59-hg002-grch38-v421-record-486	run-phase1a-ru88n-hg002-grch38-v421	event-run-phase1a-ru88n-hg002-grch38-v421-record-499	GRCh38|chr20|10186152|G|A	CROSS_RUN_EQUIVALENCE_UNRESOLVED
run-phase1a-60z59-hg002-grch38-v421	event-run-phase1a-60z59-hg002-grch38-v421-record-487	run-phase1a-ru88n-hg002-grch38-v421	event-run-phase1a-ru88n-hg002-grch38-v421-record-500	GRCh38|chr20|10186893|A|G	CROSS_RUN_EQUIVALENCE_UNRESOLVED
run-phase1a-60z59-hg002-grch38-v421	event-run-phase1a-60z59-hg002-grch38-v421-record-488	run-phase1a-ru88n-hg002-grch38-v421	event-run-phase1a-ru88n-hg002-grch38-v421-record-501	GRCh38|chr20|10188333|A|G	CROSS_RUN_EQUIVALENCE_UNRESOLVED
run-phase1a-60z59-hg002-grch38-v421	event-run-phase1a-60z59-hg002-grch38-v421-record-489	run-phase1a-ru88n-hg002-grch38-v421	event-run-phase1a-ru88n-hg002-grch38-v421-record-502	GRCh38|chr20|10188995|C|G	CROSS_RUN_EQUIVALENCE_UNRESOLVED
run-phase1a-60z59-hg002-grch38-v421	event-run-phase1a-60z59-hg002-grch38-v421-record-490	run-phase1a-ru88n-hg002-grch38-v421	event-run-phase1a-ru88n-hg002-grch38-v421-record-503	GRCh38|chr20|10189966|G|A	CROSS_RUN_EQUIVALENCE_UNRESOLVED
run-phase1a-60z59-hg002-grch38-v421	event-run-phase1a-60z59-hg002-grch38-v421-record-491	run-phase1a-ru88n-hg002-grch38-v421	event-run-phase1a-ru88n-hg002-grch38-v421-record-504	GRCh38|chr20|10189990|A|G	CROSS_RUN_EQUIVALENCE_UNRESOLVED
run-phase1a-60z59-hg002-grch38-v421	event-run-phase1a-60z59-hg002-grch38-v421-record-492	run-phase1a-ru88n-hg002-grch38-v421	event-run-phase1a-ru88n-hg002-grch38-v421-record-505	GRCh38|chr20|10190359|C|T	CROSS_RUN_EQUIVALENCE_UNRESOLVED
run-phase1a-60z59-hg002-grch38-v421	event-run-phase1a-60z59-hg002-grch38-v421-record-493	run-phase1a-ru88n-hg002-grch38-v421	event-run-phase1a-ru88n-hg002-grch38-v421-record-506	GRCh38|chr20|10190661|T|A	CROSS_RUN_EQUIVALENCE_UNRESOLVED
run-phase1a-60z59-hg002-grch38-v421	event-run-phase1a-60z59-hg002-grch38-v421-record-494	run-phase1a-ru88n-hg002-grch38-v421	event-run-phase1a-ru88n-hg002-grch38-v421-record-507	GRCh38|chr20|10191089|G|A	CROSS_RUN_EQUIVALENCE_UNRESOLVED
run-phase1a-60z59-hg002-grch38-v421	event-run-phase1a-60z59-hg002-grch38-v421-record-495	run-phase1a-ru88n-hg002-grch38-v421	event-run-phase1a-ru88n-hg002-grch38-v421-record-508	GRCh38|chr20|10191160|AG|A	CROSS_RUN_EQUIVALENCE_UNRESOLVED
run-phase1a-60z59-hg002-grch38-v421	event-run-phase1a-60z59-hg002-grch38-v421-record-496	run-phase1a-ru88n-hg002-grch38-v421	event-run-phase1a-ru88n-hg002-grch38-v421-record-509	GRCh38|chr20|10191771|C|T	CROSS_RUN_EQUIVALENCE_UNRESOLVED
run-phase1a-60z59-hg002-grch38-v421	event-run-phase1a-60z59-hg002-grch38-v421-record-497	run-phase1a-ru88n-hg002-grch38-v421	event-run-phase1a-ru88n-hg002-grch38-v421-record-510	GRCh38|chr20|10191957|T|C	CROSS_RUN_EQUIVALENCE_UNRESOLVED
run-phase1a-60z59-hg002-grch38-v421	event-run-phase1a-60z59-hg002-grch38-v421-record-498	run-phase1a-ru88n-hg002-grch38-v421	event-run-phase1a-ru88n-hg002-grch38-v421-record-511	GRCh38|chr20|10192028|C|T	CROSS_RUN_EQUIVALENCE_UNRESOLVED
run-phase1a-60z59-hg002-grch38-v421	event-run-phase1a-60z59-hg002-grch38-v421-record-499	run-phase1a-ru88n-hg002-grch38-v421	event-run-phase1a-ru88n-hg002-grch38-v421-record-512	GRCh38|chr20|10192081|T|A	CROSS_RUN_EQUIVALENCE_UNRESOLVED
run-phase1a-60z59-hg002-grch38-v421	event-run-phase1a-60z59-hg002-grch38-v421-record-500	run-phase1a-ru88n-hg002-grch38-v421	event-run-phase1a-ru88n-hg002-grch38-v421-record-513	GRCh38|chr20|10192148|G|A	CROSS_RUN_EQUIVALENCE_UNRESOLVED
run-phase1a-60z59-hg002-grch38-v421	event-run-phase1a-60z59-hg002-grch38-v421-record-501	run-phase1a-ru88n-hg002-grch38-v421	event-run-phase1a-ru88n-hg002-grch38-v421-record-514	GRCh38|chr20|10192529|G|A	CROSS_RUN_EQUIVALENCE_UNRESOLVED
run-phase1a-60z59-hg002-grch38-v421	event-run-phase1a-60z59-hg002-grch38-v421-record-502	run-phase1a-ru88n-hg002-grch38-v421	event-run-phase1a-ru88n-hg002-grch38-v421-record-515	GRCh38|chr20|10194272|C|T	CROSS_RUN_EQUIVALENCE_UNRESOLVED
run-phase1a-60z59-hg002-grch38-v421	event-run-phase1a-60z59-hg002-grch38-v421-record-503	run-phase1a-ru88n-hg002-grch38-v421	event-run-phase1a-ru88n-hg002-grch38-v421-record-516	GRCh38|chr20|10194457|T|A	CROSS_RUN_EQUIVALENCE_UNRESOLVED
run-phase1a-60z59-hg002-grch38-v421	event-run-phase1a-60z59-hg002-grch38-v421-record-504	run-phase1a-ru88n-hg002-grch38-v421	event-run-phase1a-ru88n-hg002-grch38-v421-record-517	GRCh38|chr20|10194477|T|C	CROSS_RUN_EQUIVALENCE_UNRESOLVED
run-phase1a-60z59-hg002-grch38-v421	event-run-phase1a-60z59-hg002-grch38-v421-record-505	run-phase1a-ru88n-hg002-grch38-v421	event-run-phase1a-ru88n-hg002-grch38-v421-record-518	GRCh38|chr20|10194528|G|A	CROSS_RUN_EQUIVALENCE_UNRESOLVED
run-phase1a-60z59-hg002-grch38-v421	event-run-phase1a-60z59-hg002-grch38-v421-record-507	run-phase1a-ru88n-hg002-grch38-v421	event-run-phase1a-ru88n-hg002-grch38-v421-record-519	GRCh38|chr20|10194817|C|G	CROSS_RUN_EQUIVALENCE_UNRESOLVED
run-phase1a-60z59-hg002-grch38-v421	event-run-phase1a-60z59-hg002-grch38-v421-record-508	run-phase1a-ru88n-hg002-grch38-v421	event-run-phase1a-ru88n-hg002-grch38-v421-record-520	GRCh38|chr20|10194826|A|C	CROSS_RUN_EQUIVALENCE_UNRESOLVED
run-phase1a-60z59-hg002-grch38-v421	event-run-phase1a-60z59-hg002-grch38-v421-record-509	run-phase1a-ru88n-hg002-grch38-v421	event-run-phase1a-ru88n-hg002-grch38-v421-record-521	GRCh38|chr20|10194847|A|G	CROSS_RUN_EQUIVALENCE_UNRESOLVED
run-phase1a-60z59-hg002-grch38-v421	event-run-phase1a-60z59-hg002-grch38-v421-record-510	run-phase1a-ru88n-hg002-grch38-v421	event-run-phase1a-ru88n-hg002-grch38-v421-record-522	GRCh38|chr20|10195783|T|C	CROSS_RUN_EQUIVALENCE_UNRESOLVED
run-phase1a-60z59-hg002-grch38-v421	event-run-phase1a-60z59-hg002-grch38-v421-record-511	run-phase1a-ru88n-hg002-grch38-v421	event-run-phase1a-ru88n-hg002-grch38-v421-record-523	GRCh38|chr20|10197003|A|G	CROSS_RUN_EQUIVALENCE_UNRESOLVED
run-phase1a-60z59-hg002-grch38-v421	event-run-phase1a-60z59-hg002-grch38-v421-record-512	run-phase1a-ru88n-hg002-grch38-v421	event-run-phase1a-ru88n-hg002-grch38-v421-record-524	GRCh38|chr20|10197374|G|T	CROSS_RUN_EQUIVALENCE_UNRESOLVED
run-phase1a-60z59-hg002-grch38-v421	event-run-phase1a-60z59-hg002-grch38-v421-record-513	run-phase1a-ru88n-hg002-grch38-v421	event-run-phase1a-ru88n-hg002-grch38-v421-record-525	GRCh38|chr20|10197539|C|A	CROSS_RUN_EQUIVALENCE_UNRESOLVED
run-phase1a-60z59-hg002-grch38-v421	event-run-phase1a-60z59-hg002-grch38-v421-record-514	run-phase1a-ru88n-hg002-grch38-v421	event-run-phase1a-ru88n-hg002-grch38-v421-record-526	GRCh38|chr20|10198883|G|A	CROSS_RUN_EQUIVALENCE_UNRESOLVED
run-phase1a-60z59-hg002-grch38-v421	event-run-phase1a-60z59-hg002-grch38-v421-record-515	run-phase1a-ru88n-hg002-grch38-v421	event-run-phase1a-ru88n-hg002-grch38-v421-record-527	GRCh38|chr20|10199622|G|A	CROSS_RUN_EQUIVALENCE_UNRESOLVED
run-phase1a-60z59-hg002-grch38-v421	event-run-phase1a-60z59-hg002-grch38-v421-record-516	run-phase1a-ru88n-hg002-grch38-v421	event-run-phase1a-ru88n-hg002-grch38-v421-record-528	GRCh38|chr20|10200790|G|A	CROSS_RUN_EQUIVALENCE_UNRESOLVED
run-phase1a-60z59-hg002-grch38-v421	event-run-phase1a-60z59-hg002-grch38-v421-record-517	run-phase1a-ru88n-hg002-grch38-v421	event-run-phase1a-ru88n-hg002-grch38-v421-record-529	GRCh38|chr20|10200934|C|T	CROSS_RUN_EQUIVALENCE_UNRESOLVED
run-phase1a-60z59-hg002-grch38-v421	event-run-phase1a-60z59-hg002-grch38-v421-record-518	run-phase1a-ru88n-hg002-grch38-v421	event-run-phase1a-ru88n-hg002-grch38-v421-record-530	GRCh38|chr20|10201606|T|A	CROSS_RUN_EQUIVALENCE_UNRESOLVED
run-phase1a-60z59-hg002-grch38-v421	event-run-phase1a-60z59-hg002-grch38-v421-record-519	run-phase1a-ru88n-hg002-grch38-v421	event-run-phase1a-ru88n-hg002-grch38-v421-record-531	GRCh38|chr20|10202370|T|A	CROSS_RUN_EQUIVALENCE_UNRESOLVED
run-phase1a-60z59-hg002-grch38-v421	event-run-phase1a-60z59-hg002-grch38-v421-record-520	run-phase1a-ru88n-hg002-grch38-v421	event-run-phase1a-ru88n-hg002-grch38-v421-record-532	GRCh38|chr20|10202869|A|G	CROSS_RUN_EQUIVALENCE_UNRESOLVED
run-phase1a-60z59-hg002-grch38-v421	event-run-phase1a-60z59-hg002-grch38-v421-record-521	run-phase1a-ru88n-hg002-grch38-v421	event-run-phase1a-ru88n-hg002-grch38-v421-record-533	GRCh38|chr20|10203066|G|A	CROSS_RUN_EQUIVALENCE_UNRESOLVED
run-phase1a-60z59-hg002-grch38-v421	event-run-phase1a-60z59-hg002-grch38-v421-record-522	run-phase1a-ru88n-hg002-grch38-v421	event-run-phase1a-ru88n-hg002-grch38-v421-record-534	GRCh38|chr20|10203135|C|G	CROSS_RUN_EQUIVALENCE_UNRESOLVED
run-phase1a-60z59-hg002-grch38-v421	event-run-phase1a-60z59-hg002-grch38-v421-record-523	run-phase1a-ru88n-hg002-grch38-v421	event-run-phase1a-ru88n-hg002-grch38-v421-record-535	GRCh38|chr20|10203733|TCA|T	CROSS_RUN_EQUIVALENCE_UNRESOLVED
run-phase1a-60z59-hg002-grch38-v421	event-run-phase1a-60z59-hg002-grch38-v421-record-524	run-phase1a-ru88n-hg002-grch38-v421	event-run-phase1a-ru88n-hg002-grch38-v421-record-536	GRCh38|chr20|10205244|A|T	CROSS_RUN_EQUIVALENCE_UNRESOLVED
run-phase1a-60z59-hg002-grch38-v421	event-run-phase1a-60z59-hg002-grch38-v421-record-525	run-phase1a-ru88n-hg002-grch38-v421	event-run-phase1a-ru88n-hg002-grch38-v421-record-537	GRCh38|chr20|10205498|T|C	CROSS_RUN_EQUIVALENCE_UNRESOLVED
run-phase1a-60z59-hg002-grch38-v421	event-run-phase1a-60z59-hg002-grch38-v421-record-526	run-phase1a-ru88n-hg002-grch38-v421	event-run-phase1a-ru88n-hg002-grch38-v421-record-538	GRCh38|chr20|10205723|CT|C	CROSS_RUN_EQUIVALENCE_UNRESOLVED
run-phase1a-60z59-hg002-grch38-v421	event-run-phase1a-60z59-hg002-grch38-v421-record-527	run-phase1a-ru88n-hg002-grch38-v421	event-run-phase1a-ru88n-hg002-grch38-v421-record-539	GRCh38|chr20|10206438|T|C	CROSS_RUN_EQUIVALENCE_UNRESOLVED
run-phase1a-60z59-hg002-grch38-v421	event-run-phase1a-60z59-hg002-grch38-v421-record-528	run-phase1a-ru88n-hg002-grch38-v421	event-run-phase1a-ru88n-hg002-grch38-v421-record-540	GRCh38|chr20|10206466|CAACCTCATTCTTTTGCAAATG|C	CROSS_RUN_EQUIVALENCE_UNRESOLVED
run-phase1a-60z59-hg002-grch38-v421	event-run-phase1a-60z59-hg002-grch38-v421-record-529	run-phase1a-ru88n-hg002-grch38-v421	event-run-phase1a-ru88n-hg002-grch38-v421-record-541	GRCh38|chr20|10206995|CA|C	CROSS_RUN_EQUIVALENCE_UNRESOLVED
run-phase1a-60z59-hg002-grch38-v421	event-run-phase1a-60z59-hg002-grch38-v421-record-530	run-phase1a-ru88n-hg002-grch38-v421	event-run-phase1a-ru88n-hg002-grch38-v421-record-542	GRCh38|chr20|10207220|T|C	CROSS_RUN_EQUIVALENCE_UNRESOLVED
run-phase1a-60z59-hg002-grch38-v421	event-run-phase1a-60z59-hg002-grch38-v421-record-531	run-phase1a-ru88n-hg002-grch38-v421	event-run-phase1a-ru88n-hg002-grch38-v421-record-543	GRCh38|chr20|10207330|C|T	CROSS_RUN_EQUIVALENCE_UNRESOLVED
run-phase1a-60z59-hg002-grch38-v421	event-run-phase1a-60z59-hg002-grch38-v421-record-532	run-phase1a-ru88n-hg002-grch38-v421	event-run-phase1a-ru88n-hg002-grch38-v421-record-544	GRCh38|chr20|10207597|G|A	CROSS_RUN_EQUIVALENCE_UNRESOLVED
run-phase1a-60z59-hg002-grch38-v421	event-run-phase1a-60z59-hg002-grch38-v421-record-533	run-phase1a-ru88n-hg002-grch38-v421	event-run-phase1a-ru88n-hg002-grch38-v421-record-545	GRCh38|chr20|10207780|C|T	CROSS_RUN_EQUIVALENCE_UNRESOLVED
run-phase1a-60z59-hg002-grch38-v421	event-run-phase1a-60z59-hg002-grch38-v421-record-534	run-phase1a-ru88n-hg002-grch38-v421	event-run-phase1a-ru88n-hg002-grch38-v421-record-546	GRCh38|chr20|10207792|A|G	CROSS_RUN_EQUIVALENCE_UNRESOLVED
run-phase1a-60z59-hg002-grch38-v421	event-run-phase1a-60z59-hg002-grch38-v421-record-535	run-phase1a-ru88n-hg002-grch38-v421	event-run-phase1a-ru88n-hg002-grch38-v421-record-547	GRCh38|chr20|10207964|A|C	CROSS_RUN_EQUIVALENCE_UNRESOLVED
run-phase1a-60z59-hg002-grch38-v421	event-run-phase1a-60z59-hg002-grch38-v421-record-536	run-phase1a-ru88n-hg002-grch38-v421	event-run-phase1a-ru88n-hg002-grch38-v421-record-548	GRCh38|chr20|10208290|G|A	CROSS_RUN_EQUIVALENCE_UNRESOLVED
run-phase1a-60z59-hg002-grch38-v421	event-run-phase1a-60z59-hg002-grch38-v421-record-537	run-phase1a-ru88n-hg002-grch38-v421	event-run-phase1a-ru88n-hg002-grch38-v421-record-549	GRCh38|chr20|10209445|A|C	CROSS_RUN_EQUIVALENCE_UNRESOLVED
run-phase1a-60z59-hg002-grch38-v421	event-run-phase1a-60z59-hg002-grch38-v421-record-538	run-phase1a-ru88n-hg002-grch38-v421	event-run-phase1a-ru88n-hg002-grch38-v421-record-550	GRCh38|chr20|10211256|C|CT	CROSS_RUN_EQUIVALENCE_UNRESOLVED
run-phase1a-60z59-hg002-grch38-v421	event-run-phase1a-60z59-hg002-grch38-v421-record-539	run-phase1a-ru88n-hg002-grch38-v421	event-run-phase1a-ru88n-hg002-grch38-v421-record-551	GRCh38|chr20|10212623|A|G	CROSS_RUN_EQUIVALENCE_UNRESOLVED
run-phase1a-60z59-hg002-grch38-v421	event-run-phase1a-60z59-hg002-grch38-v421-record-540	run-phase1a-ru88n-hg002-grch38-v421	event-run-phase1a-ru88n-hg002-grch38-v421-record-552	GRCh38|chr20|10212646|A|G	CROSS_RUN_EQUIVALENCE_UNRESOLVED
run-phase1a-60z59-hg002-grch38-v421	event-run-phase1a-60z59-hg002-grch38-v421-record-541	run-phase1a-ru88n-hg002-grch38-v421	event-run-phase1a-ru88n-hg002-grch38-v421-record-553	GRCh38|chr20|10214607|C|T	CROSS_RUN_EQUIVALENCE_UNRESOLVED
run-phase1a-60z59-hg002-grch38-v421	event-run-phase1a-60z59-hg002-grch38-v421-record-542	run-phase1a-ru88n-hg002-grch38-v421	event-run-phase1a-ru88n-hg002-grch38-v421-record-554	GRCh38|chr20|10215496|C|T	CROSS_RUN_EQUIVALENCE_UNRESOLVED
run-phase1a-60z59-hg002-grch38-v421	event-run-phase1a-60z59-hg002-grch38-v421-record-543	run-phase1a-ru88n-hg002-grch38-v421	event-run-phase1a-ru88n-hg002-grch38-v421-record-555	GRCh38|chr20|10216438|T|C	CROSS_RUN_EQUIVALENCE_UNRESOLVED
run-phase1a-60z59-hg002-grch38-v421	event-run-phase1a-60z59-hg002-grch38-v421-record-544	run-phase1a-ru88n-hg002-grch38-v421	event-run-phase1a-ru88n-hg002-grch38-v421-record-556	GRCh38|chr20|10216729|A|AT	CROSS_RUN_EQUIVALENCE_UNRESOLVED
run-phase1a-60z59-hg002-grch38-v421	event-run-phase1a-60z59-hg002-grch38-v421-record-545	run-phase1a-ru88n-hg002-grch38-v421	event-run-phase1a-ru88n-hg002-grch38-v421-record-557	GRCh38|chr20|10217156|T|C	CROSS_RUN_EQUIVALENCE_UNRESOLVED
run-phase1a-60z59-hg002-grch38-v421	event-run-phase1a-60z59-hg002-grch38-v421-record-546	run-phase1a-ru88n-hg002-grch38-v421	event-run-phase1a-ru88n-hg002-grch38-v421-record-558	GRCh38|chr20|10217311|A|ATGTG	CROSS_RUN_EQUIVALENCE_UNRESOLVED
run-phase1a-60z59-hg002-grch38-v421	event-run-phase1a-60z59-hg002-grch38-v421-record-550	run-phase1a-ru88n-hg002-grch38-v421	event-run-phase1a-ru88n-hg002-grch38-v421-record-563	GRCh38|chr20|10218306|A|C	CROSS_RUN_EQUIVALENCE_UNRESOLVED
run-phase1a-60z59-hg002-grch38-v421	event-run-phase1a-60z59-hg002-grch38-v421-record-551	run-phase1a-ru88n-hg002-grch38-v421	event-run-phase1a-ru88n-hg002-grch38-v421-record-564	GRCh38|chr20|10223169|A|G	CROSS_RUN_EQUIVALENCE_UNRESOLVED
run-phase1a-60z59-hg002-grch38-v421	event-run-phase1a-60z59-hg002-grch38-v421-record-552	run-phase1a-ru88n-hg002-grch38-v421	event-run-phase1a-ru88n-hg002-grch38-v421-record-565	GRCh38|chr20|10224657|A|G	CROSS_RUN_EQUIVALENCE_UNRESOLVED
run-phase1a-60z59-hg002-grch38-v421	event-run-phase1a-60z59-hg002-grch38-v421-record-553	run-phase1a-ru88n-hg002-grch38-v421	event-run-phase1a-ru88n-hg002-grch38-v421-record-566	GRCh38|chr20|10225469|A|G	CROSS_RUN_EQUIVALENCE_UNRESOLVED
run-phase1a-60z59-hg002-grch38-v421	event-run-phase1a-60z59-hg002-grch38-v421-record-554	run-phase1a-ru88n-hg002-grch38-v421	event-run-phase1a-ru88n-hg002-grch38-v421-record-567	GRCh38|chr20|10225606|T|C	CROSS_RUN_EQUIVALENCE_UNRESOLVED
run-phase1a-60z59-hg002-grch38-v421	event-run-phase1a-60z59-hg002-grch38-v421-record-555	run-phase1a-ru88n-hg002-grch38-v421	event-run-phase1a-ru88n-hg002-grch38-v421-record-568	GRCh38|chr20|10228100|G|A	CROSS_RUN_EQUIVALENCE_UNRESOLVED
run-phase1a-60z59-hg002-grch38-v421	event-run-phase1a-60z59-hg002-grch38-v421-record-556	run-phase1a-ru88n-hg002-grch38-v421	event-run-phase1a-ru88n-hg002-grch38-v421-record-569	GRCh38|chr20|10231564|T|C	CROSS_RUN_EQUIVALENCE_UNRESOLVED
run-phase1a-60z59-hg002-grch38-v421	event-run-phase1a-60z59-hg002-grch38-v421-record-557	run-phase1a-ru88n-hg002-grch38-v421	event-run-phase1a-ru88n-hg002-grch38-v421-record-570	GRCh38|chr20|10232447|C|T	CROSS_RUN_EQUIVALENCE_UNRESOLVED
run-phase1a-60z59-hg002-grch38-v421	event-run-phase1a-60z59-hg002-grch38-v421-record-558	run-phase1a-ru88n-hg002-grch38-v421	event-run-phase1a-ru88n-hg002-grch38-v421-record-571	GRCh38|chr20|10232894|T|C	CROSS_RUN_EQUIVALENCE_UNRESOLVED
run-phase1a-60z59-hg002-grch38-v421	event-run-phase1a-60z59-hg002-grch38-v421-record-559	run-phase1a-ru88n-hg002-grch38-v421	event-run-phase1a-ru88n-hg002-grch38-v421-record-572	GRCh38|chr20|10234185|AT|A	CROSS_RUN_EQUIVALENCE_UNRESOLVED
run-phase1a-60z59-hg002-grch38-v421	event-run-phase1a-60z59-hg002-grch38-v421-record-560	run-phase1a-ru88n-hg002-grch38-v421	event-run-phase1a-ru88n-hg002-grch38-v421-record-573	GRCh38|chr20|10235400|G|A	CROSS_RUN_EQUIVALENCE_UNRESOLVED
run-phase1a-60z59-hg002-grch38-v421	event-run-phase1a-60z59-hg002-grch38-v421-record-561	run-phase1a-ru88n-hg002-grch38-v421	event-run-phase1a-ru88n-hg002-grch38-v421-record-574	GRCh38|chr20|10236688|C|T	CROSS_RUN_EQUIVALENCE_UNRESOLVED
run-phase1a-60z59-hg002-grch38-v421	event-run-phase1a-60z59-hg002-grch38-v421-record-562	run-phase1a-ru88n-hg002-grch38-v421	event-run-phase1a-ru88n-hg002-grch38-v421-record-575	GRCh38|chr20|10236959|C|CATAA	CROSS_RUN_EQUIVALENCE_UNRESOLVED
run-phase1a-60z59-hg002-grch38-v421	event-run-phase1a-60z59-hg002-grch38-v421-record-563	run-phase1a-ru88n-hg002-grch38-v421	event-run-phase1a-ru88n-hg002-grch38-v421-record-576	GRCh38|chr20|10237125|G|A	CROSS_RUN_EQUIVALENCE_UNRESOLVED
run-phase1a-60z59-hg002-grch38-v421	event-run-phase1a-60z59-hg002-grch38-v421-record-564	run-phase1a-ru88n-hg002-grch38-v421	event-run-phase1a-ru88n-hg002-grch38-v421-record-577	GRCh38|chr20|10237252|A|G	CROSS_RUN_EQUIVALENCE_UNRESOLVED
run-phase1a-60z59-hg002-grch38-v421	event-run-phase1a-60z59-hg002-grch38-v421-record-565	run-phase1a-ru88n-hg002-grch38-v421	event-run-phase1a-ru88n-hg002-grch38-v421-record-578	GRCh38|chr20|10237507|C|G	CROSS_RUN_EQUIVALENCE_UNRESOLVED
run-phase1a-60z59-hg002-grch38-v421	event-run-phase1a-60z59-hg002-grch38-v421-record-566	run-phase1a-ru88n-hg002-grch38-v421	event-run-phase1a-ru88n-hg002-grch38-v421-record-579	GRCh38|chr20|10238665|T|C	CROSS_RUN_EQUIVALENCE_UNRESOLVED
run-phase1a-60z59-hg002-grch38-v421	event-run-phase1a-60z59-hg002-grch38-v421-record-567	run-phase1a-ru88n-hg002-grch38-v421	event-run-phase1a-ru88n-hg002-grch38-v421-record-580	GRCh38|chr20|10239151|A|G	CROSS_RUN_EQUIVALENCE_UNRESOLVED
run-phase1a-60z59-hg002-grch38-v421	event-run-phase1a-60z59-hg002-grch38-v421-record-568	run-phase1a-ru88n-hg002-grch38-v421	event-run-phase1a-ru88n-hg002-grch38-v421-record-581	GRCh38|chr20|10240008|G|A	CROSS_RUN_EQUIVALENCE_UNRESOLVED
run-phase1a-60z59-hg002-grch38-v421	event-run-phase1a-60z59-hg002-grch38-v421-record-569	run-phase1a-ru88n-hg002-grch38-v421	event-run-phase1a-ru88n-hg002-grch38-v421-record-582	GRCh38|chr20|10240396|C|T	CROSS_RUN_EQUIVALENCE_UNRESOLVED
run-phase1a-60z59-hg002-grch38-v421	event-run-phase1a-60z59-hg002-grch38-v421-record-570	run-phase1a-ru88n-hg002-grch38-v421	event-run-phase1a-ru88n-hg002-grch38-v421-record-583	GRCh38|chr20|10240487|G|A	CROSS_RUN_EQUIVALENCE_UNRESOLVED
run-phase1a-60z59-hg002-grch38-v421	event-run-phase1a-60z59-hg002-grch38-v421-record-571	run-phase1a-ru88n-hg002-grch38-v421	event-run-phase1a-ru88n-hg002-grch38-v421-record-584	GRCh38|chr20|10243238|A|G	CROSS_RUN_EQUIVALENCE_UNRESOLVED
run-phase1a-60z59-hg002-grch38-v421	event-run-phase1a-60z59-hg002-grch38-v421-record-572	run-phase1a-ru88n-hg002-grch38-v421	event-run-phase1a-ru88n-hg002-grch38-v421-record-585	GRCh38|chr20|10244102|G|A	CROSS_RUN_EQUIVALENCE_UNRESOLVED
run-phase1a-60z59-hg002-grch38-v421	event-run-phase1a-60z59-hg002-grch38-v421-record-573	run-phase1a-ru88n-hg002-grch38-v421	event-run-phase1a-ru88n-hg002-grch38-v421-record-586	GRCh38|chr20|10249643|T|C	CROSS_RUN_EQUIVALENCE_UNRESOLVED
run-phase1a-60z59-hg002-grch38-v421	event-run-phase1a-60z59-hg002-grch38-v421-record-574	run-phase1a-ru88n-hg002-grch38-v421	event-run-phase1a-ru88n-hg002-grch38-v421-record-587	GRCh38|chr20|10250526|C|T	CROSS_RUN_EQUIVALENCE_UNRESOLVED
run-phase1a-60z59-hg002-grch38-v421	event-run-phase1a-60z59-hg002-grch38-v421-record-575	run-phase1a-ru88n-hg002-grch38-v421	event-run-phase1a-ru88n-hg002-grch38-v421-record-588	GRCh38|chr20|10252404|C|G	CROSS_RUN_EQUIVALENCE_UNRESOLVED
run-phase1a-60z59-hg002-grch38-v421	event-run-phase1a-60z59-hg002-grch38-v421-record-576	run-phase1a-ru88n-hg002-grch38-v421	event-run-phase1a-ru88n-hg002-grch38-v421-record-589	GRCh38|chr20|10253444|T|A	CROSS_RUN_EQUIVALENCE_UNRESOLVED
run-phase1a-60z59-hg002-grch38-v421	event-run-phase1a-60z59-hg002-grch38-v421-record-577	run-phase1a-ru88n-hg002-grch38-v421	event-run-phase1a-ru88n-hg002-grch38-v421-record-590	GRCh38|chr20|10253609|G|A	CROSS_RUN_EQUIVALENCE_UNRESOLVED
run-phase1a-60z59-hg002-grch38-v421	event-run-phase1a-60z59-hg002-grch38-v421-record-578	run-phase1a-ru88n-hg002-grch38-v421	event-run-phase1a-ru88n-hg002-grch38-v421-record-591	GRCh38|chr20|10256575|T|A	CROSS_RUN_EQUIVALENCE_UNRESOLVED
run-phase1a-60z59-hg002-grch38-v421	event-run-phase1a-60z59-hg002-grch38-v421-record-579	run-phase1a-ru88n-hg002-grch38-v421	event-run-phase1a-ru88n-hg002-grch38-v421-record-592	GRCh38|chr20|10257168|A|G	CROSS_RUN_EQUIVALENCE_UNRESOLVED
run-phase1a-60z59-hg002-grch38-v421	event-run-phase1a-60z59-hg002-grch38-v421-record-580	run-phase1a-ru88n-hg002-grch38-v421	event-run-phase1a-ru88n-hg002-grch38-v421-record-593	GRCh38|chr20|10257688|T|G	CROSS_RUN_EQUIVALENCE_UNRESOLVED
run-phase1a-60z59-hg002-grch38-v421	event-run-phase1a-60z59-hg002-grch38-v421-record-581	run-phase1a-ru88n-hg002-grch38-v421	event-run-phase1a-ru88n-hg002-grch38-v421-record-594	GRCh38|chr20|10260688|TACACACACAC|T	CROSS_RUN_EQUIVALENCE_UNRESOLVED
run-phase1a-60z59-hg002-grch38-v421	event-run-phase1a-60z59-hg002-grch38-v421-record-582	run-phase1a-ru88n-hg002-grch38-v421	event-run-phase1a-ru88n-hg002-grch38-v421-record-595	GRCh38|chr20|10260746|C|G	CROSS_RUN_EQUIVALENCE_UNRESOLVED
run-phase1a-60z59-hg002-grch38-v421	event-run-phase1a-60z59-hg002-grch38-v421-record-583	run-phase1a-ru88n-hg002-grch38-v421	event-run-phase1a-ru88n-hg002-grch38-v421-record-596	GRCh38|chr20|10260835|G|C	CROSS_RUN_EQUIVALENCE_UNRESOLVED
run-phase1a-60z59-hg002-grch38-v421	event-run-phase1a-60z59-hg002-grch38-v421-record-584	run-phase1a-ru88n-hg002-grch38-v421	event-run-phase1a-ru88n-hg002-grch38-v421-record-597	GRCh38|chr20|10261163|C|T	CROSS_RUN_EQUIVALENCE_UNRESOLVED
run-phase1a-60z59-hg002-grch38-v421	event-run-phase1a-60z59-hg002-grch38-v421-record-585	run-phase1a-ru88n-hg002-grch38-v421	event-run-phase1a-ru88n-hg002-grch38-v421-record-598	GRCh38|chr20|10261363|A|C	CROSS_RUN_EQUIVALENCE_UNRESOLVED
run-phase1a-60z59-hg002-grch38-v421	event-run-phase1a-60z59-hg002-grch38-v421-record-586	run-phase1a-ru88n-hg002-grch38-v421	event-run-phase1a-ru88n-hg002-grch38-v421-record-599	GRCh38|chr20|10261746|C|G	CROSS_RUN_EQUIVALENCE_UNRESOLVED
run-phase1a-60z59-hg002-grch38-v421	event-run-phase1a-60z59-hg002-grch38-v421-record-588	run-phase1a-ru88n-hg002-grch38-v421	event-run-phase1a-ru88n-hg002-grch38-v421-record-602	GRCh38|chr20|10263978|T|C	CROSS_RUN_EQUIVALENCE_UNRESOLVED
run-phase1a-60z59-hg002-grch38-v421	event-run-phase1a-60z59-hg002-grch38-v421-record-589	run-phase1a-ru88n-hg002-grch38-v421	event-run-phase1a-ru88n-hg002-grch38-v421-record-603	GRCh38|chr20|10265443|A|G	CROSS_RUN_EQUIVALENCE_UNRESOLVED
run-phase1a-60z59-hg002-grch38-v421	event-run-phase1a-60z59-hg002-grch38-v421-record-590	run-phase1a-ru88n-hg002-grch38-v421	event-run-phase1a-ru88n-hg002-grch38-v421-record-604	GRCh38|chr20|10265920|T|A	CROSS_RUN_EQUIVALENCE_UNRESOLVED
run-phase1a-60z59-hg002-grch38-v421	event-run-phase1a-60z59-hg002-grch38-v421-record-591	run-phase1a-ru88n-hg002-grch38-v421	event-run-phase1a-ru88n-hg002-grch38-v421-record-605	GRCh38|chr20|10266216|T|C	CROSS_RUN_EQUIVALENCE_UNRESOLVED
run-phase1a-60z59-hg002-grch38-v421	event-run-phase1a-60z59-hg002-grch38-v421-record-593	run-phase1a-ru88n-hg002-grch38-v421	event-run-phase1a-ru88n-hg002-grch38-v421-record-607	GRCh38|chr20|10275458|C|A	CROSS_RUN_EQUIVALENCE_UNRESOLVED
run-phase1a-60z59-hg002-grch38-v421	event-run-phase1a-60z59-hg002-grch38-v421-record-594	run-phase1a-ru88n-hg002-grch38-v421	event-run-phase1a-ru88n-hg002-grch38-v421-record-608	GRCh38|chr20|10282162|TGGAA|T	CROSS_RUN_EQUIVALENCE_UNRESOLVED
run-phase1a-60z59-hg002-grch38-v421	event-run-phase1a-60z59-hg002-grch38-v421-record-595	run-phase1a-ru88n-hg002-grch38-v421	event-run-phase1a-ru88n-hg002-grch38-v421-record-609	GRCh38|chr20|10287078|T|C	CROSS_RUN_EQUIVALENCE_UNRESOLVED
run-phase1a-60z59-hg002-grch38-v421	event-run-phase1a-60z59-hg002-grch38-v421-record-597	run-phase1a-ru88n-hg002-grch38-v421	event-run-phase1a-ru88n-hg002-grch38-v421-record-610	GRCh38|chr20|10300722|G|A	CROSS_RUN_EQUIVALENCE_UNRESOLVED
run-phase1a-60z59-hg002-grch38-v421	event-run-phase1a-60z59-hg002-grch38-v421-record-598	run-phase1a-ru88n-hg002-grch38-v421	event-run-phase1a-ru88n-hg002-grch38-v421-record-611	GRCh38|chr20|10301326|C|A	CROSS_RUN_EQUIVALENCE_UNRESOLVED
run-phase1a-60z59-hg002-grch38-v421	event-run-phase1a-60z59-hg002-grch38-v421-record-599	run-phase1a-ru88n-hg002-grch38-v421	event-run-phase1a-ru88n-hg002-grch38-v421-record-612	GRCh38|chr20|10301379|C|T	CROSS_RUN_EQUIVALENCE_UNRESOLVED
run-phase1a-60z59-hg002-grch38-v421	event-run-phase1a-60z59-hg002-grch38-v421-record-600	run-phase1a-ru88n-hg002-grch38-v421	event-run-phase1a-ru88n-hg002-grch38-v421-record-613	GRCh38|chr20|10301896|G|A	CROSS_RUN_EQUIVALENCE_UNRESOLVED
run-phase1a-60z59-hg002-grch38-v421	event-run-phase1a-60z59-hg002-grch38-v421-record-601	run-phase1a-ru88n-hg002-grch38-v421	event-run-phase1a-ru88n-hg002-grch38-v421-record-614	GRCh38|chr20|10301920|A|T	CROSS_RUN_EQUIVALENCE_UNRESOLVED
run-phase1a-60z59-hg002-grch38-v421	event-run-phase1a-60z59-hg002-grch38-v421-record-602	run-phase1a-ru88n-hg002-grch38-v421	event-run-phase1a-ru88n-hg002-grch38-v421-record-615	GRCh38|chr20|10302797|A|T	CROSS_RUN_EQUIVALENCE_UNRESOLVED
run-phase1a-60z59-hg002-grch38-v421	event-run-phase1a-60z59-hg002-grch38-v421-record-603	run-phase1a-ru88n-hg002-grch38-v421	event-run-phase1a-ru88n-hg002-grch38-v421-record-616	GRCh38|chr20|10305502|G|A	CROSS_RUN_EQUIVALENCE_UNRESOLVED
run-phase1a-60z59-hg002-grch38-v421	event-run-phase1a-60z59-hg002-grch38-v421-record-604	run-phase1a-ru88n-hg002-grch38-v421	event-run-phase1a-ru88n-hg002-grch38-v421-record-617	GRCh38|chr20|10305665|A|C	CROSS_RUN_EQUIVALENCE_UNRESOLVED
run-phase1a-60z59-hg002-grch38-v421	event-run-phase1a-60z59-hg002-grch38-v421-record-605	run-phase1a-ru88n-hg002-grch38-v421	event-run-phase1a-ru88n-hg002-grch38-v421-record-618	GRCh38|chr20|10306436|G|T	CROSS_RUN_EQUIVALENCE_UNRESOLVED
run-phase1a-60z59-hg002-grch38-v421	event-run-phase1a-60z59-hg002-grch38-v421-record-606	run-phase1a-ru88n-hg002-grch38-v421	event-run-phase1a-ru88n-hg002-grch38-v421-record-619	GRCh38|chr20|10307094|T|C	CROSS_RUN_EQUIVALENCE_UNRESOLVED
run-phase1a-60z59-hg002-grch38-v421	event-run-phase1a-60z59-hg002-grch38-v421-record-610	run-phase1a-ru88n-hg002-grch38-v421	event-run-phase1a-ru88n-hg002-grch38-v421-record-620	GRCh38|chr20|10308476|T|TTTAGTAGA	CROSS_RUN_EQUIVALENCE_UNRESOLVED
run-phase1a-60z59-hg002-grch38-v421	event-run-phase1a-60z59-hg002-grch38-v421-record-611	run-phase1a-ru88n-hg002-grch38-v421	event-run-phase1a-ru88n-hg002-grch38-v421-record-621	GRCh38|chr20|10308477|C|G	CROSS_RUN_EQUIVALENCE_UNRESOLVED
run-phase1a-60z59-hg002-grch38-v421	event-run-phase1a-60z59-hg002-grch38-v421-record-612	run-phase1a-ru88n-hg002-grch38-v421	event-run-phase1a-ru88n-hg002-grch38-v421-record-622	GRCh38|chr20|10308723|G|A	CROSS_RUN_EQUIVALENCE_UNRESOLVED
run-phase1a-60z59-hg002-grch38-v421	event-run-phase1a-60z59-hg002-grch38-v421-record-613	run-phase1a-ru88n-hg002-grch38-v421	event-run-phase1a-ru88n-hg002-grch38-v421-record-623	GRCh38|chr20|10310312|G|A	CROSS_RUN_EQUIVALENCE_UNRESOLVED
run-phase1a-60z59-hg002-grch38-v421	event-run-phase1a-60z59-hg002-grch38-v421-record-614	run-phase1a-ru88n-hg002-grch38-v421	event-run-phase1a-ru88n-hg002-grch38-v421-record-624	GRCh38|chr20|10310359|C|A	CROSS_RUN_EQUIVALENCE_UNRESOLVED
run-phase1a-60z59-hg002-grch38-v421	event-run-phase1a-60z59-hg002-grch38-v421-record-615	run-phase1a-ru88n-hg002-grch38-v421	event-run-phase1a-ru88n-hg002-grch38-v421-record-625	GRCh38|chr20|10310839|A|T	CROSS_RUN_EQUIVALENCE_UNRESOLVED
run-phase1a-60z59-hg002-grch38-v421	event-run-phase1a-60z59-hg002-grch38-v421-record-616	run-phase1a-ru88n-hg002-grch38-v421	event-run-phase1a-ru88n-hg002-grch38-v421-record-626	GRCh38|chr20|10311164|A|C	CROSS_RUN_EQUIVALENCE_UNRESOLVED
run-phase1a-60z59-hg002-grch38-v421	event-run-phase1a-60z59-hg002-grch38-v421-record-617	run-phase1a-ru88n-hg002-grch38-v421	event-run-phase1a-ru88n-hg002-grch38-v421-record-627	GRCh38|chr20|10311429|A|G	CROSS_RUN_EQUIVALENCE_UNRESOLVED
run-phase1a-60z59-hg002-grch38-v421	event-run-phase1a-60z59-hg002-grch38-v421-record-618	run-phase1a-ru88n-hg002-grch38-v421	event-run-phase1a-ru88n-hg002-grch38-v421-record-628	GRCh38|chr20|10311583|A|G	CROSS_RUN_EQUIVALENCE_UNRESOLVED
run-phase1a-60z59-hg002-grch38-v421	event-run-phase1a-60z59-hg002-grch38-v421-record-619	run-phase1a-ru88n-hg002-grch38-v421	event-run-phase1a-ru88n-hg002-grch38-v421-record-629	GRCh38|chr20|10312064|GT|G	CROSS_RUN_EQUIVALENCE_UNRESOLVED
run-phase1a-60z59-hg002-grch38-v421	event-run-phase1a-60z59-hg002-grch38-v421-record-620	run-phase1a-ru88n-hg002-grch38-v421	event-run-phase1a-ru88n-hg002-grch38-v421-record-630	GRCh38|chr20|10312121|T|C	CROSS_RUN_EQUIVALENCE_UNRESOLVED
run-phase1a-60z59-hg002-grch38-v421	event-run-phase1a-60z59-hg002-grch38-v421-record-621	run-phase1a-ru88n-hg002-grch38-v421	event-run-phase1a-ru88n-hg002-grch38-v421-record-631	GRCh38|chr20|10312880|A|G	CROSS_RUN_EQUIVALENCE_UNRESOLVED
run-phase1a-60z59-hg002-grch38-v421	event-run-phase1a-60z59-hg002-grch38-v421-record-622	run-phase1a-ru88n-hg002-grch38-v421	event-run-phase1a-ru88n-hg002-grch38-v421-record-632	GRCh38|chr20|10313356|T|C	CROSS_RUN_EQUIVALENCE_UNRESOLVED
run-phase1a-60z59-hg002-grch38-v421	event-run-phase1a-60z59-hg002-grch38-v421-record-623	run-phase1a-ru88n-hg002-grch38-v421	event-run-phase1a-ru88n-hg002-grch38-v421-record-633	GRCh38|chr20|10313379|T|C	CROSS_RUN_EQUIVALENCE_UNRESOLVED
run-phase1a-60z59-hg002-grch38-v421	event-run-phase1a-60z59-hg002-grch38-v421-record-624	run-phase1a-ru88n-hg002-grch38-v421	event-run-phase1a-ru88n-hg002-grch38-v421-record-634	GRCh38|chr20|10313873|C|G	CROSS_RUN_EQUIVALENCE_UNRESOLVED
run-phase1a-60z59-hg002-grch38-v421	event-run-phase1a-60z59-hg002-grch38-v421-record-625	run-phase1a-ru88n-hg002-grch38-v421	event-run-phase1a-ru88n-hg002-grch38-v421-record-635	GRCh38|chr20|10313948|G|C	CROSS_RUN_EQUIVALENCE_UNRESOLVED
run-phase1a-60z59-hg002-grch38-v421	event-run-phase1a-60z59-hg002-grch38-v421-record-626	run-phase1a-ru88n-hg002-grch38-v421	event-run-phase1a-ru88n-hg002-grch38-v421-record-636	GRCh38|chr20|10314595|G|C	CROSS_RUN_EQUIVALENCE_UNRESOLVED
run-phase1a-60z59-hg002-grch38-v421	event-run-phase1a-60z59-hg002-grch38-v421-record-627	run-phase1a-ru88n-hg002-grch38-v421	event-run-phase1a-ru88n-hg002-grch38-v421-record-637	GRCh38|chr20|10314920|G|A	CROSS_RUN_EQUIVALENCE_UNRESOLVED
run-phase1a-60z59-hg002-grch38-v421	event-run-phase1a-60z59-hg002-grch38-v421-record-628	run-phase1a-ru88n-hg002-grch38-v421	event-run-phase1a-ru88n-hg002-grch38-v421-record-638	GRCh38|chr20|10315115|T|C	CROSS_RUN_EQUIVALENCE_UNRESOLVED
run-phase1a-60z59-hg002-grch38-v421	event-run-phase1a-60z59-hg002-grch38-v421-record-629	run-phase1a-ru88n-hg002-grch38-v421	event-run-phase1a-ru88n-hg002-grch38-v421-record-639	GRCh38|chr20|10315624|CA|C	CROSS_RUN_EQUIVALENCE_UNRESOLVED
run-phase1a-60z59-hg002-grch38-v421	event-run-phase1a-60z59-hg002-grch38-v421-record-630	run-phase1a-ru88n-hg002-grch38-v421	event-run-phase1a-ru88n-hg002-grch38-v421-record-640	GRCh38|chr20|10316075|T|C	CROSS_RUN_EQUIVALENCE_UNRESOLVED
run-phase1a-60z59-hg002-grch38-v421	event-run-phase1a-60z59-hg002-grch38-v421-record-631	run-phase1a-ru88n-hg002-grch38-v421	event-run-phase1a-ru88n-hg002-grch38-v421-record-641	GRCh38|chr20|10317647|GTATGT|G	CROSS_RUN_EQUIVALENCE_UNRESOLVED
run-phase1a-60z59-hg002-grch38-v421	event-run-phase1a-60z59-hg002-grch38-v421-record-632	run-phase1a-ru88n-hg002-grch38-v421	event-run-phase1a-ru88n-hg002-grch38-v421-record-642	GRCh38|chr20|10319661|G|A	CROSS_RUN_EQUIVALENCE_UNRESOLVED
run-phase1a-60z59-hg002-grch38-v421	event-run-phase1a-60z59-hg002-grch38-v421-record-633	run-phase1a-ru88n-hg002-grch38-v421	event-run-phase1a-ru88n-hg002-grch38-v421-record-643	GRCh38|chr20|10320366|A|G	CROSS_RUN_EQUIVALENCE_UNRESOLVED
run-phase1a-60z59-hg002-grch38-v421	event-run-phase1a-60z59-hg002-grch38-v421-record-634	run-phase1a-ru88n-hg002-grch38-v421	event-run-phase1a-ru88n-hg002-grch38-v421-record-644	GRCh38|chr20|10323726|G|A	CROSS_RUN_EQUIVALENCE_UNRESOLVED
run-phase1a-60z59-hg002-grch38-v421	event-run-phase1a-60z59-hg002-grch38-v421-record-635	run-phase1a-ru88n-hg002-grch38-v421	event-run-phase1a-ru88n-hg002-grch38-v421-record-645	GRCh38|chr20|10323893|A|G	CROSS_RUN_EQUIVALENCE_UNRESOLVED
run-phase1a-60z59-hg002-grch38-v421	event-run-phase1a-60z59-hg002-grch38-v421-record-637	run-phase1a-ru88n-hg002-grch38-v421	event-run-phase1a-ru88n-hg002-grch38-v421-record-646	GRCh38|chr20|10324674|G|A	CROSS_RUN_EQUIVALENCE_UNRESOLVED
run-phase1a-60z59-hg002-grch38-v421	event-run-phase1a-60z59-hg002-grch38-v421-record-640	run-phase1a-ru88n-hg002-grch38-v421	event-run-phase1a-ru88n-hg002-grch38-v421-record-648	GRCh38|chr20|10326466|C|G	CROSS_RUN_EQUIVALENCE_UNRESOLVED
run-phase1a-60z59-hg002-grch38-v421	event-run-phase1a-60z59-hg002-grch38-v421-record-641	run-phase1a-ru88n-hg002-grch38-v421	event-run-phase1a-ru88n-hg002-grch38-v421-record-649	GRCh38|chr20|10326926|T|C	CROSS_RUN_EQUIVALENCE_UNRESOLVED
run-phase1a-60z59-hg002-grch38-v421	event-run-phase1a-60z59-hg002-grch38-v421-record-642	run-phase1a-ru88n-hg002-grch38-v421	event-run-phase1a-ru88n-hg002-grch38-v421-record-650	GRCh38|chr20|10326978|C|T	CROSS_RUN_EQUIVALENCE_UNRESOLVED
run-phase1a-60z59-hg002-grch38-v421	event-run-phase1a-60z59-hg002-grch38-v421-record-643	run-phase1a-ru88n-hg002-grch38-v421	event-run-phase1a-ru88n-hg002-grch38-v421-record-651	GRCh38|chr20|10327028|G|C	CROSS_RUN_EQUIVALENCE_UNRESOLVED
run-phase1a-60z59-hg002-grch38-v421	event-run-phase1a-60z59-hg002-grch38-v421-record-645	run-phase1a-ru88n-hg002-grch38-v421	event-run-phase1a-ru88n-hg002-grch38-v421-record-652	GRCh38|chr20|10327422|A|C	CROSS_RUN_EQUIVALENCE_UNRESOLVED
run-phase1a-60z59-hg002-grch38-v421	event-run-phase1a-60z59-hg002-grch38-v421-record-646	run-phase1a-ru88n-hg002-grch38-v421	event-run-phase1a-ru88n-hg002-grch38-v421-record-653	GRCh38|chr20|10327613|A|G	CROSS_RUN_EQUIVALENCE_UNRESOLVED
run-phase1a-60z59-hg002-grch38-v421	event-run-phase1a-60z59-hg002-grch38-v421-record-647	run-phase1a-ru88n-hg002-grch38-v421	event-run-phase1a-ru88n-hg002-grch38-v421-record-654	GRCh38|chr20|10327764|C|T	CROSS_RUN_EQUIVALENCE_UNRESOLVED
run-phase1a-60z59-hg002-grch38-v421	event-run-phase1a-60z59-hg002-grch38-v421-record-648	run-phase1a-ru88n-hg002-grch38-v421	event-run-phase1a-ru88n-hg002-grch38-v421-record-655	GRCh38|chr20|10328450|C|T	CROSS_RUN_EQUIVALENCE_UNRESOLVED
run-phase1a-60z59-hg002-grch38-v421	event-run-phase1a-60z59-hg002-grch38-v421-record-649	run-phase1a-ru88n-hg002-grch38-v421	event-run-phase1a-ru88n-hg002-grch38-v421-record-656	GRCh38|chr20|10329188|G|A	CROSS_RUN_EQUIVALENCE_UNRESOLVED
run-phase1a-60z59-hg002-grch38-v421	event-run-phase1a-60z59-hg002-grch38-v421-record-650	run-phase1a-ru88n-hg002-grch38-v421	event-run-phase1a-ru88n-hg002-grch38-v421-record-657	GRCh38|chr20|10329694|T|C	CROSS_RUN_EQUIVALENCE_UNRESOLVED
run-phase1a-60z59-hg002-grch38-v421	event-run-phase1a-60z59-hg002-grch38-v421-record-651	run-phase1a-ru88n-hg002-grch38-v421	event-run-phase1a-ru88n-hg002-grch38-v421-record-658	GRCh38|chr20|10329801|A|G	CROSS_RUN_EQUIVALENCE_UNRESOLVED
run-phase1a-60z59-hg002-grch38-v421	event-run-phase1a-60z59-hg002-grch38-v421-record-652	run-phase1a-ru88n-hg002-grch38-v421	event-run-phase1a-ru88n-hg002-grch38-v421-record-659	GRCh38|chr20|10329985|A|G	CROSS_RUN_EQUIVALENCE_UNRESOLVED
run-phase1a-60z59-hg002-grch38-v421	event-run-phase1a-60z59-hg002-grch38-v421-record-653	run-phase1a-ru88n-hg002-grch38-v421	event-run-phase1a-ru88n-hg002-grch38-v421-record-660	GRCh38|chr20|10330517|C|T	CROSS_RUN_EQUIVALENCE_UNRESOLVED
run-phase1a-60z59-hg002-grch38-v421	event-run-phase1a-60z59-hg002-grch38-v421-record-654	run-phase1a-ru88n-hg002-grch38-v421	event-run-phase1a-ru88n-hg002-grch38-v421-record-661	GRCh38|chr20|10331111|A|G	CROSS_RUN_EQUIVALENCE_UNRESOLVED
run-phase1a-60z59-hg002-grch38-v421	event-run-phase1a-60z59-hg002-grch38-v421-record-655	run-phase1a-ru88n-hg002-grch38-v421	event-run-phase1a-ru88n-hg002-grch38-v421-record-662	GRCh38|chr20|10331141|G|C	CROSS_RUN_EQUIVALENCE_UNRESOLVED
run-phase1a-60z59-hg002-grch38-v421	event-run-phase1a-60z59-hg002-grch38-v421-record-656	run-phase1a-ru88n-hg002-grch38-v421	event-run-phase1a-ru88n-hg002-grch38-v421-record-663	GRCh38|chr20|10332257|C|A	CROSS_RUN_EQUIVALENCE_UNRESOLVED
run-phase1a-60z59-hg002-grch38-v421	event-run-phase1a-60z59-hg002-grch38-v421-record-657	run-phase1a-ru88n-hg002-grch38-v421	event-run-phase1a-ru88n-hg002-grch38-v421-record-664	GRCh38|chr20|10332325|G|A	CROSS_RUN_EQUIVALENCE_UNRESOLVED
run-phase1a-60z59-hg002-grch38-v421	event-run-phase1a-60z59-hg002-grch38-v421-record-658	run-phase1a-ru88n-hg002-grch38-v421	event-run-phase1a-ru88n-hg002-grch38-v421-record-665	GRCh38|chr20|10332569|A|G	CROSS_RUN_EQUIVALENCE_UNRESOLVED
run-phase1a-60z59-hg002-grch38-v421	event-run-phase1a-60z59-hg002-grch38-v421-record-659	run-phase1a-ru88n-hg002-grch38-v421	event-run-phase1a-ru88n-hg002-grch38-v421-record-666	GRCh38|chr20|10333093|C|T	CROSS_RUN_EQUIVALENCE_UNRESOLVED
run-phase1a-60z59-hg002-grch38-v421	event-run-phase1a-60z59-hg002-grch38-v421-record-660	run-phase1a-ru88n-hg002-grch38-v421	event-run-phase1a-ru88n-hg002-grch38-v421-record-667	GRCh38|chr20|10333735|A|C	CROSS_RUN_EQUIVALENCE_UNRESOLVED
run-phase1a-60z59-hg002-grch38-v421	event-run-phase1a-60z59-hg002-grch38-v421-record-661	run-phase1a-ru88n-hg002-grch38-v421	event-run-phase1a-ru88n-hg002-grch38-v421-record-668	GRCh38|chr20|10335591|CT|C	CROSS_RUN_EQUIVALENCE_UNRESOLVED
run-phase1a-60z59-hg002-grch38-v421	event-run-phase1a-60z59-hg002-grch38-v421-record-662	run-phase1a-ru88n-hg002-grch38-v421	event-run-phase1a-ru88n-hg002-grch38-v421-record-669	GRCh38|chr20|10336111|TA|T	CROSS_RUN_EQUIVALENCE_UNRESOLVED
run-phase1a-60z59-hg002-grch38-v421	event-run-phase1a-60z59-hg002-grch38-v421-record-663	run-phase1a-ru88n-hg002-grch38-v421	event-run-phase1a-ru88n-hg002-grch38-v421-record-670	GRCh38|chr20|10338291|G|A	CROSS_RUN_EQUIVALENCE_UNRESOLVED
run-phase1a-60z59-hg002-grch38-v421	event-run-phase1a-60z59-hg002-grch38-v421-record-665	run-phase1a-ru88n-hg002-grch38-v421	event-run-phase1a-ru88n-hg002-grch38-v421-record-673	GRCh38|chr20|10340628|C|A	CROSS_RUN_EQUIVALENCE_UNRESOLVED
run-phase1a-60z59-hg002-grch38-v421	event-run-phase1a-60z59-hg002-grch38-v421-record-666	run-phase1a-ru88n-hg002-grch38-v421	event-run-phase1a-ru88n-hg002-grch38-v421-record-674	GRCh38|chr20|10344025|TACACACACACAA|T	CROSS_RUN_EQUIVALENCE_UNRESOLVED
run-phase1a-60z59-hg002-grch38-v421	event-run-phase1a-60z59-hg002-grch38-v421-record-667	run-phase1a-ru88n-hg002-grch38-v421	event-run-phase1a-ru88n-hg002-grch38-v421-record-675	GRCh38|chr20|10347363|C|T	CROSS_RUN_EQUIVALENCE_UNRESOLVED
run-phase1a-60z59-hg002-grch38-v421	event-run-phase1a-60z59-hg002-grch38-v421-record-668	run-phase1a-ru88n-hg002-grch38-v421	event-run-phase1a-ru88n-hg002-grch38-v421-record-676	GRCh38|chr20|10347628|T|TAC	CROSS_RUN_EQUIVALENCE_UNRESOLVED
run-phase1a-60z59-hg002-grch38-v421	event-run-phase1a-60z59-hg002-grch38-v421-record-669	run-phase1a-ru88n-hg002-grch38-v421	event-run-phase1a-ru88n-hg002-grch38-v421-record-677	GRCh38|chr20|10348699|C|A	CROSS_RUN_EQUIVALENCE_UNRESOLVED
run-phase1a-60z59-hg002-grch38-v421	event-run-phase1a-60z59-hg002-grch38-v421-record-670	run-phase1a-ru88n-hg002-grch38-v421	event-run-phase1a-ru88n-hg002-grch38-v421-record-678	GRCh38|chr20|10349240|T|G	CROSS_RUN_EQUIVALENCE_UNRESOLVED
run-phase1a-60z59-hg002-grch38-v421	event-run-phase1a-60z59-hg002-grch38-v421-record-671	run-phase1a-ru88n-hg002-grch38-v421	event-run-phase1a-ru88n-hg002-grch38-v421-record-679	GRCh38|chr20|10350514|T|G	CROSS_RUN_EQUIVALENCE_UNRESOLVED
run-phase1a-60z59-hg002-grch38-v421	event-run-phase1a-60z59-hg002-grch38-v421-record-672	run-phase1a-ru88n-hg002-grch38-v421	event-run-phase1a-ru88n-hg002-grch38-v421-record-680	GRCh38|chr20|10351886|T|A	CROSS_RUN_EQUIVALENCE_UNRESOLVED
run-phase1a-60z59-hg002-grch38-v421	event-run-phase1a-60z59-hg002-grch38-v421-record-673	run-phase1a-ru88n-hg002-grch38-v421	event-run-phase1a-ru88n-hg002-grch38-v421-record-681	GRCh38|chr20|10352537|T|C	CROSS_RUN_EQUIVALENCE_UNRESOLVED
run-phase1a-60z59-hg002-grch38-v421	event-run-phase1a-60z59-hg002-grch38-v421-record-674	run-phase1a-ru88n-hg002-grch38-v421	event-run-phase1a-ru88n-hg002-grch38-v421-record-682	GRCh38|chr20|10352775|G|A	CROSS_RUN_EQUIVALENCE_UNRESOLVED
run-phase1a-60z59-hg002-grch38-v421	event-run-phase1a-60z59-hg002-grch38-v421-record-675	run-phase1a-ru88n-hg002-grch38-v421	event-run-phase1a-ru88n-hg002-grch38-v421-record-683	GRCh38|chr20|10352948|G|T	CROSS_RUN_EQUIVALENCE_UNRESOLVED
run-phase1a-60z59-hg002-grch38-v421	event-run-phase1a-60z59-hg002-grch38-v421-record-676	run-phase1a-ru88n-hg002-grch38-v421	event-run-phase1a-ru88n-hg002-grch38-v421-record-684	GRCh38|chr20|10353442|G|A	CROSS_RUN_EQUIVALENCE_UNRESOLVED
run-phase1a-60z59-hg002-grch38-v421	event-run-phase1a-60z59-hg002-grch38-v421-record-677	run-phase1a-ru88n-hg002-grch38-v421	event-run-phase1a-ru88n-hg002-grch38-v421-record-685	GRCh38|chr20|10353830|C|T	CROSS_RUN_EQUIVALENCE_UNRESOLVED
run-phase1a-60z59-hg002-grch38-v421	event-run-phase1a-60z59-hg002-grch38-v421-record-678	run-phase1a-ru88n-hg002-grch38-v421	event-run-phase1a-ru88n-hg002-grch38-v421-record-686	GRCh38|chr20|10353995|C|CTT	CROSS_RUN_EQUIVALENCE_UNRESOLVED
run-phase1a-60z59-hg002-grch38-v421	event-run-phase1a-60z59-hg002-grch38-v421-record-679	run-phase1a-ru88n-hg002-grch38-v421	event-run-phase1a-ru88n-hg002-grch38-v421-record-687	GRCh38|chr20|10354321|C|T	CROSS_RUN_EQUIVALENCE_UNRESOLVED
run-phase1a-60z59-hg002-grch38-v421	event-run-phase1a-60z59-hg002-grch38-v421-record-680	run-phase1a-ru88n-hg002-grch38-v421	event-run-phase1a-ru88n-hg002-grch38-v421-record-688	GRCh38|chr20|10356264|T|A	CROSS_RUN_EQUIVALENCE_UNRESOLVED
run-phase1a-60z59-hg002-grch38-v421	event-run-phase1a-60z59-hg002-grch38-v421-record-681	run-phase1a-ru88n-hg002-grch38-v421	event-run-phase1a-ru88n-hg002-grch38-v421-record-689	GRCh38|chr20|10358414|T|TA	CROSS_RUN_EQUIVALENCE_UNRESOLVED
run-phase1a-60z59-hg002-grch38-v421	event-run-phase1a-60z59-hg002-grch38-v421-record-682	run-phase1a-ru88n-hg002-grch38-v421	event-run-phase1a-ru88n-hg002-grch38-v421-record-690	GRCh38|chr20|10358572|C|CA	CROSS_RUN_EQUIVALENCE_UNRESOLVED
run-phase1a-60z59-hg002-grch38-v421	event-run-phase1a-60z59-hg002-grch38-v421-record-683	run-phase1a-ru88n-hg002-grch38-v421	event-run-phase1a-ru88n-hg002-grch38-v421-record-691	GRCh38|chr20|10359389|C|T	CROSS_RUN_EQUIVALENCE_UNRESOLVED
run-phase1a-60z59-hg002-grch38-v421	event-run-phase1a-60z59-hg002-grch38-v421-record-684	run-phase1a-ru88n-hg002-grch38-v421	event-run-phase1a-ru88n-hg002-grch38-v421-record-692	GRCh38|chr20|10359526|T|C	CROSS_RUN_EQUIVALENCE_UNRESOLVED
run-phase1a-60z59-hg002-grch38-v421	event-run-phase1a-60z59-hg002-grch38-v421-record-685	run-phase1a-ru88n-hg002-grch38-v421	event-run-phase1a-ru88n-hg002-grch38-v421-record-693	GRCh38|chr20|10359637|G|A	CROSS_RUN_EQUIVALENCE_UNRESOLVED
run-phase1a-60z59-hg002-grch38-v421	event-run-phase1a-60z59-hg002-grch38-v421-record-686	run-phase1a-ru88n-hg002-grch38-v421	event-run-phase1a-ru88n-hg002-grch38-v421-record-694	GRCh38|chr20|10361770|G|T	CROSS_RUN_EQUIVALENCE_UNRESOLVED
run-phase1a-60z59-hg002-grch38-v421	event-run-phase1a-60z59-hg002-grch38-v421-record-687	run-phase1a-ru88n-hg002-grch38-v421	event-run-phase1a-ru88n-hg002-grch38-v421-record-695	GRCh38|chr20|10361793|T|C	CROSS_RUN_EQUIVALENCE_UNRESOLVED
run-phase1a-60z59-hg002-grch38-v421	event-run-phase1a-60z59-hg002-grch38-v421-record-688	run-phase1a-ru88n-hg002-grch38-v421	event-run-phase1a-ru88n-hg002-grch38-v421-record-696	GRCh38|chr20|10362737|T|C	CROSS_RUN_EQUIVALENCE_UNRESOLVED
run-phase1a-60z59-hg002-grch38-v421	event-run-phase1a-60z59-hg002-grch38-v421-record-689	run-phase1a-ru88n-hg002-grch38-v421	event-run-phase1a-ru88n-hg002-grch38-v421-record-697	GRCh38|chr20|10363371|A|G	CROSS_RUN_EQUIVALENCE_UNRESOLVED
run-phase1a-60z59-hg002-grch38-v421	event-run-phase1a-60z59-hg002-grch38-v421-record-690	run-phase1a-ru88n-hg002-grch38-v421	event-run-phase1a-ru88n-hg002-grch38-v421-record-698	GRCh38|chr20|10363596|C|T	CROSS_RUN_EQUIVALENCE_UNRESOLVED
run-phase1a-60z59-hg002-grch38-v421	event-run-phase1a-60z59-hg002-grch38-v421-record-691	run-phase1a-ru88n-hg002-grch38-v421	event-run-phase1a-ru88n-hg002-grch38-v421-record-699	GRCh38|chr20|10363891|T|C	CROSS_RUN_EQUIVALENCE_UNRESOLVED
run-phase1a-60z59-hg002-grch38-v421	event-run-phase1a-60z59-hg002-grch38-v421-record-692	run-phase1a-ru88n-hg002-grch38-v421	event-run-phase1a-ru88n-hg002-grch38-v421-record-700	GRCh38|chr20|10364503|G|T	CROSS_RUN_EQUIVALENCE_UNRESOLVED
run-phase1a-60z59-hg002-grch38-v421	event-run-phase1a-60z59-hg002-grch38-v421-record-693	run-phase1a-ru88n-hg002-grch38-v421	event-run-phase1a-ru88n-hg002-grch38-v421-record-701	GRCh38|chr20|10364746|A|G	CROSS_RUN_EQUIVALENCE_UNRESOLVED
run-phase1a-60z59-hg002-grch38-v421	event-run-phase1a-60z59-hg002-grch38-v421-record-694	run-phase1a-ru88n-hg002-grch38-v421	event-run-phase1a-ru88n-hg002-grch38-v421-record-702	GRCh38|chr20|10364814|G|A	CROSS_RUN_EQUIVALENCE_UNRESOLVED
run-phase1a-60z59-hg002-grch38-v421	event-run-phase1a-60z59-hg002-grch38-v421-record-695	run-phase1a-ru88n-hg002-grch38-v421	event-run-phase1a-ru88n-hg002-grch38-v421-record-703	GRCh38|chr20|10365375|A|C	CROSS_RUN_EQUIVALENCE_UNRESOLVED
run-phase1a-60z59-hg002-grch38-v421	event-run-phase1a-60z59-hg002-grch38-v421-record-696	run-phase1a-ru88n-hg002-grch38-v421	event-run-phase1a-ru88n-hg002-grch38-v421-record-704	GRCh38|chr20|10365436|C|T	CROSS_RUN_EQUIVALENCE_UNRESOLVED
run-phase1a-60z59-hg002-grch38-v421	event-run-phase1a-60z59-hg002-grch38-v421-record-698	run-phase1a-ru88n-hg002-grch38-v421	event-run-phase1a-ru88n-hg002-grch38-v421-record-706	GRCh38|chr20|10365795|A|TAA	CROSS_RUN_EQUIVALENCE_UNRESOLVED
run-phase1a-60z59-hg002-grch38-v421	event-run-phase1a-60z59-hg002-grch38-v421-record-699	run-phase1a-ru88n-hg002-grch38-v421	event-run-phase1a-ru88n-hg002-grch38-v421-record-707	GRCh38|chr20|10366506|C|T	CROSS_RUN_EQUIVALENCE_UNRESOLVED
run-phase1a-60z59-hg002-grch38-v421	event-run-phase1a-60z59-hg002-grch38-v421-record-700	run-phase1a-ru88n-hg002-grch38-v421	event-run-phase1a-ru88n-hg002-grch38-v421-record-708	GRCh38|chr20|10366770|C|A	CROSS_RUN_EQUIVALENCE_UNRESOLVED
run-phase1a-60z59-hg002-grch38-v421	event-run-phase1a-60z59-hg002-grch38-v421-record-701	run-phase1a-ru88n-hg002-grch38-v421	event-run-phase1a-ru88n-hg002-grch38-v421-record-709	GRCh38|chr20|10367324|AAACTTT|A	CROSS_RUN_EQUIVALENCE_UNRESOLVED
run-phase1a-60z59-hg002-grch38-v421	event-run-phase1a-60z59-hg002-grch38-v421-record-702	run-phase1a-ru88n-hg002-grch38-v421	event-run-phase1a-ru88n-hg002-grch38-v421-record-710	GRCh38|chr20|10368210|GT|G	CROSS_RUN_EQUIVALENCE_UNRESOLVED
run-phase1a-60z59-hg002-grch38-v421	event-run-phase1a-60z59-hg002-grch38-v421-record-703	run-phase1a-ru88n-hg002-grch38-v421	event-run-phase1a-ru88n-hg002-grch38-v421-record-711	GRCh38|chr20|10368435|A|C	CROSS_RUN_EQUIVALENCE_UNRESOLVED
run-phase1a-60z59-hg002-grch38-v421	event-run-phase1a-60z59-hg002-grch38-v421-record-704	run-phase1a-ru88n-hg002-grch38-v421	event-run-phase1a-ru88n-hg002-grch38-v421-record-712	GRCh38|chr20|10368672|T|C	CROSS_RUN_EQUIVALENCE_UNRESOLVED
run-phase1a-60z59-hg002-grch38-v421	event-run-phase1a-60z59-hg002-grch38-v421-record-705	run-phase1a-ru88n-hg002-grch38-v421	event-run-phase1a-ru88n-hg002-grch38-v421-record-713	GRCh38|chr20|10368818|T|C	CROSS_RUN_EQUIVALENCE_UNRESOLVED
run-phase1a-60z59-hg002-grch38-v421	event-run-phase1a-60z59-hg002-grch38-v421-record-706	run-phase1a-ru88n-hg002-grch38-v421	event-run-phase1a-ru88n-hg002-grch38-v421-record-714	GRCh38|chr20|10368966|A|G	CROSS_RUN_EQUIVALENCE_UNRESOLVED
run-phase1a-60z59-hg002-grch38-v421	event-run-phase1a-60z59-hg002-grch38-v421-record-707	run-phase1a-ru88n-hg002-grch38-v421	event-run-phase1a-ru88n-hg002-grch38-v421-record-715	GRCh38|chr20|10369712|CTG|C	CROSS_RUN_EQUIVALENCE_UNRESOLVED
run-phase1a-60z59-hg002-grch38-v421	event-run-phase1a-60z59-hg002-grch38-v421-record-708	run-phase1a-ru88n-hg002-grch38-v421	event-run-phase1a-ru88n-hg002-grch38-v421-record-716	GRCh38|chr20|10370510|A|G	CROSS_RUN_EQUIVALENCE_UNRESOLVED
run-phase1a-60z59-hg002-grch38-v421	event-run-phase1a-60z59-hg002-grch38-v421-record-709	run-phase1a-ru88n-hg002-grch38-v421	event-run-phase1a-ru88n-hg002-grch38-v421-record-717	GRCh38|chr20|10370732|C|T	CROSS_RUN_EQUIVALENCE_UNRESOLVED
run-phase1a-60z59-hg002-grch38-v421	event-run-phase1a-60z59-hg002-grch38-v421-record-710	run-phase1a-ru88n-hg002-grch38-v421	event-run-phase1a-ru88n-hg002-grch38-v421-record-718	GRCh38|chr20|10371024|G|A	CROSS_RUN_EQUIVALENCE_UNRESOLVED
run-phase1a-60z59-hg002-grch38-v421	event-run-phase1a-60z59-hg002-grch38-v421-record-711	run-phase1a-ru88n-hg002-grch38-v421	event-run-phase1a-ru88n-hg002-grch38-v421-record-719	GRCh38|chr20|10371048|T|C	CROSS_RUN_EQUIVALENCE_UNRESOLVED
run-phase1a-60z59-hg002-grch38-v421	event-run-phase1a-60z59-hg002-grch38-v421-record-712	run-phase1a-ru88n-hg002-grch38-v421	event-run-phase1a-ru88n-hg002-grch38-v421-record-720	GRCh38|chr20|10371686|C|T	CROSS_RUN_EQUIVALENCE_UNRESOLVED
run-phase1a-60z59-hg002-grch38-v421	event-run-phase1a-60z59-hg002-grch38-v421-record-713	run-phase1a-ru88n-hg002-grch38-v421	event-run-phase1a-ru88n-hg002-grch38-v421-record-721	GRCh38|chr20|10371832|T|C	CROSS_RUN_EQUIVALENCE_UNRESOLVED
run-phase1a-60z59-hg002-grch38-v421	event-run-phase1a-60z59-hg002-grch38-v421-record-714	run-phase1a-ru88n-hg002-grch38-v421	event-run-phase1a-ru88n-hg002-grch38-v421-record-722	GRCh38|chr20|10371917|A|C	CROSS_RUN_EQUIVALENCE_UNRESOLVED
run-phase1a-60z59-hg002-grch38-v421	event-run-phase1a-60z59-hg002-grch38-v421-record-715	run-phase1a-ru88n-hg002-grch38-v421	event-run-phase1a-ru88n-hg002-grch38-v421-record-723	GRCh38|chr20|10372687|G|C	CROSS_RUN_EQUIVALENCE_UNRESOLVED
run-phase1a-60z59-hg002-grch38-v421	event-run-phase1a-60z59-hg002-grch38-v421-record-716	run-phase1a-ru88n-hg002-grch38-v421	event-run-phase1a-ru88n-hg002-grch38-v421-record-724	GRCh38|chr20|10373174|T|C	CROSS_RUN_EQUIVALENCE_UNRESOLVED
run-phase1a-60z59-hg002-grch38-v421	event-run-phase1a-60z59-hg002-grch38-v421-record-717	run-phase1a-ru88n-hg002-grch38-v421	event-run-phase1a-ru88n-hg002-grch38-v421-record-725	GRCh38|chr20|10373353|A|G	CROSS_RUN_EQUIVALENCE_UNRESOLVED
run-phase1a-60z59-hg002-grch38-v421	event-run-phase1a-60z59-hg002-grch38-v421-record-718	run-phase1a-ru88n-hg002-grch38-v421	event-run-phase1a-ru88n-hg002-grch38-v421-record-726	GRCh38|chr20|10373731|A|G	CROSS_RUN_EQUIVALENCE_UNRESOLVED
run-phase1a-60z59-hg002-grch38-v421	event-run-phase1a-60z59-hg002-grch38-v421-record-719	run-phase1a-ru88n-hg002-grch38-v421	event-run-phase1a-ru88n-hg002-grch38-v421-record-727	GRCh38|chr20|10373860|C|A	CROSS_RUN_EQUIVALENCE_UNRESOLVED
run-phase1a-60z59-hg002-grch38-v421	event-run-phase1a-60z59-hg002-grch38-v421-record-720	run-phase1a-ru88n-hg002-grch38-v421	event-run-phase1a-ru88n-hg002-grch38-v421-record-728	GRCh38|chr20|10373929|A|G	CROSS_RUN_EQUIVALENCE_UNRESOLVED
run-phase1a-60z59-hg002-grch38-v421	event-run-phase1a-60z59-hg002-grch38-v421-record-721	run-phase1a-ru88n-hg002-grch38-v421	event-run-phase1a-ru88n-hg002-grch38-v421-record-729	GRCh38|chr20|10374005|T|C	CROSS_RUN_EQUIVALENCE_UNRESOLVED
run-phase1a-60z59-hg002-grch38-v421	event-run-phase1a-60z59-hg002-grch38-v421-record-722	run-phase1a-ru88n-hg002-grch38-v421	event-run-phase1a-ru88n-hg002-grch38-v421-record-730	GRCh38|chr20|10374011|CA|C	CROSS_RUN_EQUIVALENCE_UNRESOLVED
run-phase1a-60z59-hg002-grch38-v421	event-run-phase1a-60z59-hg002-grch38-v421-record-723	run-phase1a-ru88n-hg002-grch38-v421	event-run-phase1a-ru88n-hg002-grch38-v421-record-731	GRCh38|chr20|10374409|T|C	CROSS_RUN_EQUIVALENCE_UNRESOLVED
run-phase1a-60z59-hg002-grch38-v421	event-run-phase1a-60z59-hg002-grch38-v421-record-724	run-phase1a-ru88n-hg002-grch38-v421	event-run-phase1a-ru88n-hg002-grch38-v421-record-732	GRCh38|chr20|10374528|T|C	CROSS_RUN_EQUIVALENCE_UNRESOLVED
run-phase1a-60z59-hg002-grch38-v421	event-run-phase1a-60z59-hg002-grch38-v421-record-725	run-phase1a-ru88n-hg002-grch38-v421	event-run-phase1a-ru88n-hg002-grch38-v421-record-733	GRCh38|chr20|10374687|G|T	CROSS_RUN_EQUIVALENCE_UNRESOLVED
run-phase1a-60z59-hg002-grch38-v421	event-run-phase1a-60z59-hg002-grch38-v421-record-726	run-phase1a-ru88n-hg002-grch38-v421	event-run-phase1a-ru88n-hg002-grch38-v421-record-734	GRCh38|chr20|10375020|A|C	CROSS_RUN_EQUIVALENCE_UNRESOLVED
run-phase1a-60z59-hg002-grch38-v421	event-run-phase1a-60z59-hg002-grch38-v421-record-727	run-phase1a-ru88n-hg002-grch38-v421	event-run-phase1a-ru88n-hg002-grch38-v421-record-735	GRCh38|chr20|10375376|G|A	CROSS_RUN_EQUIVALENCE_UNRESOLVED
run-phase1a-60z59-hg002-grch38-v421	event-run-phase1a-60z59-hg002-grch38-v421-record-728	run-phase1a-ru88n-hg002-grch38-v421	event-run-phase1a-ru88n-hg002-grch38-v421-record-736	GRCh38|chr20|10375405|C|T	CROSS_RUN_EQUIVALENCE_UNRESOLVED
run-phase1a-60z59-hg002-grch38-v421	event-run-phase1a-60z59-hg002-grch38-v421-record-729	run-phase1a-ru88n-hg002-grch38-v421	event-run-phase1a-ru88n-hg002-grch38-v421-record-737	GRCh38|chr20|10375406|T|A	CROSS_RUN_EQUIVALENCE_UNRESOLVED
run-phase1a-60z59-hg002-grch38-v421	event-run-phase1a-60z59-hg002-grch38-v421-record-730	run-phase1a-ru88n-hg002-grch38-v421	event-run-phase1a-ru88n-hg002-grch38-v421-record-740	GRCh38|chr20|10376315|G|T	CROSS_RUN_EQUIVALENCE_UNRESOLVED
run-phase1a-60z59-hg002-grch38-v421	event-run-phase1a-60z59-hg002-grch38-v421-record-731	run-phase1a-ru88n-hg002-grch38-v421	event-run-phase1a-ru88n-hg002-grch38-v421-record-741	GRCh38|chr20|10376493|A|G	CROSS_RUN_EQUIVALENCE_UNRESOLVED
run-phase1a-60z59-hg002-grch38-v421	event-run-phase1a-60z59-hg002-grch38-v421-record-732	run-phase1a-ru88n-hg002-grch38-v421	event-run-phase1a-ru88n-hg002-grch38-v421-record-742	GRCh38|chr20|10376527|C|T	CROSS_RUN_EQUIVALENCE_UNRESOLVED
run-phase1a-60z59-hg002-grch38-v421	event-run-phase1a-60z59-hg002-grch38-v421-record-733	run-phase1a-ru88n-hg002-grch38-v421	event-run-phase1a-ru88n-hg002-grch38-v421-record-743	GRCh38|chr20|10376757|T|C	CROSS_RUN_EQUIVALENCE_UNRESOLVED
run-phase1a-60z59-hg002-grch38-v421	event-run-phase1a-60z59-hg002-grch38-v421-record-734	run-phase1a-ru88n-hg002-grch38-v421	event-run-phase1a-ru88n-hg002-grch38-v421-record-744	GRCh38|chr20|10377094|G|A	CROSS_RUN_EQUIVALENCE_UNRESOLVED
run-phase1a-60z59-hg002-grch38-v421	event-run-phase1a-60z59-hg002-grch38-v421-record-735	run-phase1a-ru88n-hg002-grch38-v421	event-run-phase1a-ru88n-hg002-grch38-v421-record-745	GRCh38|chr20|10377872|C|T	CROSS_RUN_EQUIVALENCE_UNRESOLVED
run-phase1a-60z59-hg002-grch38-v421	event-run-phase1a-60z59-hg002-grch38-v421-record-736	run-phase1a-ru88n-hg002-grch38-v421	event-run-phase1a-ru88n-hg002-grch38-v421-record-746	GRCh38|chr20|10378269|T|A	CROSS_RUN_EQUIVALENCE_UNRESOLVED
run-phase1a-60z59-hg002-grch38-v421	event-run-phase1a-60z59-hg002-grch38-v421-record-737	run-phase1a-ru88n-hg002-grch38-v421	event-run-phase1a-ru88n-hg002-grch38-v421-record-747	GRCh38|chr20|10378370|T|C	CROSS_RUN_EQUIVALENCE_UNRESOLVED
run-phase1a-60z59-hg002-grch38-v421	event-run-phase1a-60z59-hg002-grch38-v421-record-738	run-phase1a-ru88n-hg002-grch38-v421	event-run-phase1a-ru88n-hg002-grch38-v421-record-748	GRCh38|chr20|10378432|G|A	CROSS_RUN_EQUIVALENCE_UNRESOLVED
run-phase1a-60z59-hg002-grch38-v421	event-run-phase1a-60z59-hg002-grch38-v421-record-740	run-phase1a-ru88n-hg002-grch38-v421	event-run-phase1a-ru88n-hg002-grch38-v421-record-749	GRCh38|chr20|10378481|CAG|C	CROSS_RUN_EQUIVALENCE_UNRESOLVED
run-phase1a-60z59-hg002-grch38-v421	event-run-phase1a-60z59-hg002-grch38-v421-record-741	run-phase1a-ru88n-hg002-grch38-v421	event-run-phase1a-ru88n-hg002-grch38-v421-record-750	GRCh38|chr20|10378613|A|C	CROSS_RUN_EQUIVALENCE_UNRESOLVED
run-phase1a-60z59-hg002-grch38-v421	event-run-phase1a-60z59-hg002-grch38-v421-record-742	run-phase1a-ru88n-hg002-grch38-v421	event-run-phase1a-ru88n-hg002-grch38-v421-record-751	GRCh38|chr20|10378751|G|A	CROSS_RUN_EQUIVALENCE_UNRESOLVED
run-phase1a-60z59-hg002-grch38-v421	event-run-phase1a-60z59-hg002-grch38-v421-record-743	run-phase1a-ru88n-hg002-grch38-v421	event-run-phase1a-ru88n-hg002-grch38-v421-record-752	GRCh38|chr20|10378933|GCT|G	CROSS_RUN_EQUIVALENCE_UNRESOLVED
run-phase1a-60z59-hg002-grch38-v421	event-run-phase1a-60z59-hg002-grch38-v421-record-745	run-phase1a-ru88n-hg002-grch38-v421	event-run-phase1a-ru88n-hg002-grch38-v421-record-754	GRCh38|chr20|10379051|CT|C	CROSS_RUN_EQUIVALENCE_UNRESOLVED
run-phase1a-60z59-hg002-grch38-v421	event-run-phase1a-60z59-hg002-grch38-v421-record-746	run-phase1a-ru88n-hg002-grch38-v421	event-run-phase1a-ru88n-hg002-grch38-v421-record-755	GRCh38|chr20|10379135|T|C	CROSS_RUN_EQUIVALENCE_UNRESOLVED
run-phase1a-60z59-hg002-grch38-v421	event-run-phase1a-60z59-hg002-grch38-v421-record-747	run-phase1a-ru88n-hg002-grch38-v421	event-run-phase1a-ru88n-hg002-grch38-v421-record-756	GRCh38|chr20|10379807|T|A	CROSS_RUN_EQUIVALENCE_UNRESOLVED
run-phase1a-60z59-hg002-grch38-v421	event-run-phase1a-60z59-hg002-grch38-v421-record-748	run-phase1a-ru88n-hg002-grch38-v421	event-run-phase1a-ru88n-hg002-grch38-v421-record-757	GRCh38|chr20|10379946|G|C	CROSS_RUN_EQUIVALENCE_UNRESOLVED
run-phase1a-60z59-hg002-grch38-v421	event-run-phase1a-60z59-hg002-grch38-v421-record-749	run-phase1a-ru88n-hg002-grch38-v421	event-run-phase1a-ru88n-hg002-grch38-v421-record-758	GRCh38|chr20|10380131|G|C	CROSS_RUN_EQUIVALENCE_UNRESOLVED
run-phase1a-60z59-hg002-grch38-v421	event-run-phase1a-60z59-hg002-grch38-v421-record-750	run-phase1a-ru88n-hg002-grch38-v421	event-run-phase1a-ru88n-hg002-grch38-v421-record-759	GRCh38|chr20|10380352|T|A	CROSS_RUN_EQUIVALENCE_UNRESOLVED
run-phase1a-60z59-hg002-grch38-v421	event-run-phase1a-60z59-hg002-grch38-v421-record-751	run-phase1a-ru88n-hg002-grch38-v421	event-run-phase1a-ru88n-hg002-grch38-v421-record-760	GRCh38|chr20|10380434|T|C	CROSS_RUN_EQUIVALENCE_UNRESOLVED
run-phase1a-60z59-hg002-grch38-v421	event-run-phase1a-60z59-hg002-grch38-v421-record-752	run-phase1a-ru88n-hg002-grch38-v421	event-run-phase1a-ru88n-hg002-grch38-v421-record-761	GRCh38|chr20|10380664|T|C	CROSS_RUN_EQUIVALENCE_UNRESOLVED
run-phase1a-60z59-hg002-grch38-v421	event-run-phase1a-60z59-hg002-grch38-v421-record-754	run-phase1a-ru88n-hg002-grch38-v421	event-run-phase1a-ru88n-hg002-grch38-v421-record-763	GRCh38|chr20|10381000|G|GA	CROSS_RUN_EQUIVALENCE_UNRESOLVED
run-phase1a-60z59-hg002-grch38-v421	event-run-phase1a-60z59-hg002-grch38-v421-record-755	run-phase1a-ru88n-hg002-grch38-v421	event-run-phase1a-ru88n-hg002-grch38-v421-record-764	GRCh38|chr20|10381135|A|T	CROSS_RUN_EQUIVALENCE_UNRESOLVED
run-phase1a-60z59-hg002-grch38-v421	event-run-phase1a-60z59-hg002-grch38-v421-record-756	run-phase1a-ru88n-hg002-grch38-v421	event-run-phase1a-ru88n-hg002-grch38-v421-record-765	GRCh38|chr20|10381171|C|T	CROSS_RUN_EQUIVALENCE_UNRESOLVED
run-phase1a-60z59-hg002-grch38-v421	event-run-phase1a-60z59-hg002-grch38-v421-record-757	run-phase1a-ru88n-hg002-grch38-v421	event-run-phase1a-ru88n-hg002-grch38-v421-record-766	GRCh38|chr20|10381224|C|T	CROSS_RUN_EQUIVALENCE_UNRESOLVED
run-phase1a-60z59-hg002-grch38-v421	event-run-phase1a-60z59-hg002-grch38-v421-record-758	run-phase1a-ru88n-hg002-grch38-v421	event-run-phase1a-ru88n-hg002-grch38-v421-record-767	GRCh38|chr20|10381352|G|T	CROSS_RUN_EQUIVALENCE_UNRESOLVED
run-phase1a-60z59-hg002-grch38-v421	event-run-phase1a-60z59-hg002-grch38-v421-record-759	run-phase1a-ru88n-hg002-grch38-v421	event-run-phase1a-ru88n-hg002-grch38-v421-record-768	GRCh38|chr20|10381735|T|C	CROSS_RUN_EQUIVALENCE_UNRESOLVED
run-phase1a-60z59-hg002-grch38-v421	event-run-phase1a-60z59-hg002-grch38-v421-record-761	run-phase1a-ru88n-hg002-grch38-v421	event-run-phase1a-ru88n-hg002-grch38-v421-record-769	GRCh38|chr20|10381961|G|A	CROSS_RUN_EQUIVALENCE_UNRESOLVED
run-phase1a-60z59-hg002-grch38-v421	event-run-phase1a-60z59-hg002-grch38-v421-record-762	run-phase1a-ru88n-hg002-grch38-v421	event-run-phase1a-ru88n-hg002-grch38-v421-record-770	GRCh38|chr20|10382404|C|A	CROSS_RUN_EQUIVALENCE_UNRESOLVED
run-phase1a-60z59-hg002-grch38-v421	event-run-phase1a-60z59-hg002-grch38-v421-record-763	run-phase1a-ru88n-hg002-grch38-v421	event-run-phase1a-ru88n-hg002-grch38-v421-record-771	GRCh38|chr20|10382619|T|C	CROSS_RUN_EQUIVALENCE_UNRESOLVED
run-phase1a-60z59-hg002-grch38-v421	event-run-phase1a-60z59-hg002-grch38-v421-record-764	run-phase1a-ru88n-hg002-grch38-v421	event-run-phase1a-ru88n-hg002-grch38-v421-record-772	GRCh38|chr20|10382629|C|T	CROSS_RUN_EQUIVALENCE_UNRESOLVED
run-phase1a-60z59-hg002-grch38-v421	event-run-phase1a-60z59-hg002-grch38-v421-record-765	run-phase1a-ru88n-hg002-grch38-v421	event-run-phase1a-ru88n-hg002-grch38-v421-record-773	GRCh38|chr20|10382732|A|G	CROSS_RUN_EQUIVALENCE_UNRESOLVED
run-phase1a-60z59-hg002-grch38-v421	event-run-phase1a-60z59-hg002-grch38-v421-record-766	run-phase1a-ru88n-hg002-grch38-v421	event-run-phase1a-ru88n-hg002-grch38-v421-record-774	GRCh38|chr20|10382755|A|G	CROSS_RUN_EQUIVALENCE_UNRESOLVED
run-phase1a-60z59-hg002-grch38-v421	event-run-phase1a-60z59-hg002-grch38-v421-record-767	run-phase1a-ru88n-hg002-grch38-v421	event-run-phase1a-ru88n-hg002-grch38-v421-record-775	GRCh38|chr20|10382787|T|C	CROSS_RUN_EQUIVALENCE_UNRESOLVED
run-phase1a-60z59-hg002-grch38-v421	event-run-phase1a-60z59-hg002-grch38-v421-record-768	run-phase1a-ru88n-hg002-grch38-v421	event-run-phase1a-ru88n-hg002-grch38-v421-record-776	GRCh38|chr20|10382835|T|C	CROSS_RUN_EQUIVALENCE_UNRESOLVED
run-phase1a-60z59-hg002-grch38-v421	event-run-phase1a-60z59-hg002-grch38-v421-record-769	run-phase1a-ru88n-hg002-grch38-v421	event-run-phase1a-ru88n-hg002-grch38-v421-record-777	GRCh38|chr20|10382951|T|C	CROSS_RUN_EQUIVALENCE_UNRESOLVED
run-phase1a-60z59-hg002-grch38-v421	event-run-phase1a-60z59-hg002-grch38-v421-record-770	run-phase1a-ru88n-hg002-grch38-v421	event-run-phase1a-ru88n-hg002-grch38-v421-record-778	GRCh38|chr20|10382952|G|A	CROSS_RUN_EQUIVALENCE_UNRESOLVED
run-phase1a-60z59-hg002-grch38-v421	event-run-phase1a-60z59-hg002-grch38-v421-record-771	run-phase1a-ru88n-hg002-grch38-v421	event-run-phase1a-ru88n-hg002-grch38-v421-record-779	GRCh38|chr20|10383207|C|CA	CROSS_RUN_EQUIVALENCE_UNRESOLVED
run-phase1a-60z59-hg002-grch38-v421	event-run-phase1a-60z59-hg002-grch38-v421-record-772	run-phase1a-ru88n-hg002-grch38-v421	event-run-phase1a-ru88n-hg002-grch38-v421-record-780	GRCh38|chr20|10383492|C|T	CROSS_RUN_EQUIVALENCE_UNRESOLVED
run-phase1a-60z59-hg002-grch38-v421	event-run-phase1a-60z59-hg002-grch38-v421-record-773	run-phase1a-ru88n-hg002-grch38-v421	event-run-phase1a-ru88n-hg002-grch38-v421-record-781	GRCh38|chr20|10383728|T|C	CROSS_RUN_EQUIVALENCE_UNRESOLVED
run-phase1a-60z59-hg002-grch38-v421	event-run-phase1a-60z59-hg002-grch38-v421-record-774	run-phase1a-ru88n-hg002-grch38-v421	event-run-phase1a-ru88n-hg002-grch38-v421-record-782	GRCh38|chr20|10384640|T|C	CROSS_RUN_EQUIVALENCE_UNRESOLVED
run-phase1a-60z59-hg002-grch38-v421	event-run-phase1a-60z59-hg002-grch38-v421-record-775	run-phase1a-ru88n-hg002-grch38-v421	event-run-phase1a-ru88n-hg002-grch38-v421-record-783	GRCh38|chr20|10384759|A|G	CROSS_RUN_EQUIVALENCE_UNRESOLVED
run-phase1a-60z59-hg002-grch38-v421	event-run-phase1a-60z59-hg002-grch38-v421-record-776	run-phase1a-ru88n-hg002-grch38-v421	event-run-phase1a-ru88n-hg002-grch38-v421-record-784	GRCh38|chr20|10385234|AT|A	CROSS_RUN_EQUIVALENCE_UNRESOLVED
run-phase1a-60z59-hg002-grch38-v421	event-run-phase1a-60z59-hg002-grch38-v421-record-777	run-phase1a-ru88n-hg002-grch38-v421	event-run-phase1a-ru88n-hg002-grch38-v421-record-785	GRCh38|chr20|10385361|T|A	CROSS_RUN_EQUIVALENCE_UNRESOLVED
run-phase1a-60z59-hg002-grch38-v421	event-run-phase1a-60z59-hg002-grch38-v421-record-778	run-phase1a-ru88n-hg002-grch38-v421	event-run-phase1a-ru88n-hg002-grch38-v421-record-786	GRCh38|chr20|10385750|G|A	CROSS_RUN_EQUIVALENCE_UNRESOLVED
run-phase1a-60z59-hg002-grch38-v421	event-run-phase1a-60z59-hg002-grch38-v421-record-779	run-phase1a-ru88n-hg002-grch38-v421	event-run-phase1a-ru88n-hg002-grch38-v421-record-787	GRCh38|chr20|10386250|T|C	CROSS_RUN_EQUIVALENCE_UNRESOLVED
run-phase1a-60z59-hg002-grch38-v421	event-run-phase1a-60z59-hg002-grch38-v421-record-782	run-phase1a-ru88n-hg002-grch38-v421	event-run-phase1a-ru88n-hg002-grch38-v421-record-788	GRCh38|chr20|10386675|C|G	CROSS_RUN_EQUIVALENCE_UNRESOLVED
run-phase1a-60z59-hg002-grch38-v421	event-run-phase1a-60z59-hg002-grch38-v421-record-783	run-phase1a-ru88n-hg002-grch38-v421	event-run-phase1a-ru88n-hg002-grch38-v421-record-789	GRCh38|chr20|10386761|C|T	CROSS_RUN_EQUIVALENCE_UNRESOLVED
run-phase1a-60z59-hg002-grch38-v421	event-run-phase1a-60z59-hg002-grch38-v421-record-784	run-phase1a-ru88n-hg002-grch38-v421	event-run-phase1a-ru88n-hg002-grch38-v421-record-790	GRCh38|chr20|10387261|A|C	CROSS_RUN_EQUIVALENCE_UNRESOLVED
run-phase1a-60z59-hg002-grch38-v421	event-run-phase1a-60z59-hg002-grch38-v421-record-785	run-phase1a-ru88n-hg002-grch38-v421	event-run-phase1a-ru88n-hg002-grch38-v421-record-791	GRCh38|chr20|10388733|T|C	CROSS_RUN_EQUIVALENCE_UNRESOLVED
run-phase1a-60z59-hg002-grch38-v421	event-run-phase1a-60z59-hg002-grch38-v421-record-786	run-phase1a-ru88n-hg002-grch38-v421	event-run-phase1a-ru88n-hg002-grch38-v421-record-792	GRCh38|chr20|10388878|C|T	CROSS_RUN_EQUIVALENCE_UNRESOLVED
run-phase1a-60z59-hg002-grch38-v421	event-run-phase1a-60z59-hg002-grch38-v421-record-787	run-phase1a-ru88n-hg002-grch38-v421	event-run-phase1a-ru88n-hg002-grch38-v421-record-793	GRCh38|chr20|10389015|C|G	CROSS_RUN_EQUIVALENCE_UNRESOLVED
run-phase1a-60z59-hg002-grch38-v421	event-run-phase1a-60z59-hg002-grch38-v421-record-788	run-phase1a-ru88n-hg002-grch38-v421	event-run-phase1a-ru88n-hg002-grch38-v421-record-794	GRCh38|chr20|10389026|T|C	CROSS_RUN_EQUIVALENCE_UNRESOLVED
run-phase1a-60z59-hg002-grch38-v421	event-run-phase1a-60z59-hg002-grch38-v421-record-789	run-phase1a-ru88n-hg002-grch38-v421	event-run-phase1a-ru88n-hg002-grch38-v421-record-795	GRCh38|chr20|10390272|G|A	CROSS_RUN_EQUIVALENCE_UNRESOLVED
run-phase1a-60z59-hg002-grch38-v421	event-run-phase1a-60z59-hg002-grch38-v421-record-790	run-phase1a-ru88n-hg002-grch38-v421	event-run-phase1a-ru88n-hg002-grch38-v421-record-796	GRCh38|chr20|10390433|C|CAAA	CROSS_RUN_EQUIVALENCE_UNRESOLVED
run-phase1a-60z59-hg002-grch38-v421	event-run-phase1a-60z59-hg002-grch38-v421-record-791	run-phase1a-ru88n-hg002-grch38-v421	event-run-phase1a-ru88n-hg002-grch38-v421-record-797	GRCh38|chr20|10390448|T|G	CROSS_RUN_EQUIVALENCE_UNRESOLVED
run-phase1a-60z59-hg002-grch38-v421	event-run-phase1a-60z59-hg002-grch38-v421-record-792	run-phase1a-ru88n-hg002-grch38-v421	event-run-phase1a-ru88n-hg002-grch38-v421-record-798	GRCh38|chr20|10390661|G|A	CROSS_RUN_EQUIVALENCE_UNRESOLVED
run-phase1a-60z59-hg002-grch38-v421	event-run-phase1a-60z59-hg002-grch38-v421-record-793	run-phase1a-ru88n-hg002-grch38-v421	event-run-phase1a-ru88n-hg002-grch38-v421-record-799	GRCh38|chr20|10390997|GT|G	CROSS_RUN_EQUIVALENCE_UNRESOLVED
run-phase1a-60z59-hg002-grch38-v421	event-run-phase1a-60z59-hg002-grch38-v421-record-794	run-phase1a-ru88n-hg002-grch38-v421	event-run-phase1a-ru88n-hg002-grch38-v421-record-800	GRCh38|chr20|10391567|C|T	CROSS_RUN_EQUIVALENCE_UNRESOLVED
run-phase1a-60z59-hg002-grch38-v421	event-run-phase1a-60z59-hg002-grch38-v421-record-795	run-phase1a-ru88n-hg002-grch38-v421	event-run-phase1a-ru88n-hg002-grch38-v421-record-801	GRCh38|chr20|10391655|G|T	CROSS_RUN_EQUIVALENCE_UNRESOLVED
run-phase1a-60z59-hg002-grch38-v421	event-run-phase1a-60z59-hg002-grch38-v421-record-796	run-phase1a-ru88n-hg002-grch38-v421	event-run-phase1a-ru88n-hg002-grch38-v421-record-802	GRCh38|chr20|10391656|C|T	CROSS_RUN_EQUIVALENCE_UNRESOLVED
run-phase1a-60z59-hg002-grch38-v421	event-run-phase1a-60z59-hg002-grch38-v421-record-797	run-phase1a-ru88n-hg002-grch38-v421	event-run-phase1a-ru88n-hg002-grch38-v421-record-803	GRCh38|chr20|10391667|T|C	CROSS_RUN_EQUIVALENCE_UNRESOLVED
run-phase1a-60z59-hg002-grch38-v421	event-run-phase1a-60z59-hg002-grch38-v421-record-798	run-phase1a-ru88n-hg002-grch38-v421	event-run-phase1a-ru88n-hg002-grch38-v421-record-804	GRCh38|chr20|10391695|A|T	CROSS_RUN_EQUIVALENCE_UNRESOLVED
run-phase1a-60z59-hg002-grch38-v421	event-run-phase1a-60z59-hg002-grch38-v421-record-799	run-phase1a-ru88n-hg002-grch38-v421	event-run-phase1a-ru88n-hg002-grch38-v421-record-805	GRCh38|chr20|10391809|T|C	CROSS_RUN_EQUIVALENCE_UNRESOLVED
run-phase1a-60z59-hg002-grch38-v421	event-run-phase1a-60z59-hg002-grch38-v421-record-800	run-phase1a-ru88n-hg002-grch38-v421	event-run-phase1a-ru88n-hg002-grch38-v421-record-806	GRCh38|chr20|10391862|A|G	CROSS_RUN_EQUIVALENCE_UNRESOLVED
run-phase1a-60z59-hg002-grch38-v421	event-run-phase1a-60z59-hg002-grch38-v421-record-801	run-phase1a-ru88n-hg002-grch38-v421	event-run-phase1a-ru88n-hg002-grch38-v421-record-807	GRCh38|chr20|10391952|G|A	CROSS_RUN_EQUIVALENCE_UNRESOLVED
run-phase1a-60z59-hg002-grch38-v421	event-run-phase1a-60z59-hg002-grch38-v421-record-802	run-phase1a-ru88n-hg002-grch38-v421	event-run-phase1a-ru88n-hg002-grch38-v421-record-808	GRCh38|chr20|10391991|G|A	CROSS_RUN_EQUIVALENCE_UNRESOLVED
run-phase1a-60z59-hg002-grch38-v421	event-run-phase1a-60z59-hg002-grch38-v421-record-804	run-phase1a-ru88n-hg002-grch38-v421	event-run-phase1a-ru88n-hg002-grch38-v421-record-809	GRCh38|chr20|10394239|C|CTATTAT	CROSS_RUN_EQUIVALENCE_UNRESOLVED
run-phase1a-60z59-hg002-grch38-v421	event-run-phase1a-60z59-hg002-grch38-v421-record-805	run-phase1a-ru88n-hg002-grch38-v421	event-run-phase1a-ru88n-hg002-grch38-v421-record-810	GRCh38|chr20|10395493|G|A	CROSS_RUN_EQUIVALENCE_UNRESOLVED
run-phase1a-60z59-hg002-grch38-v421	event-run-phase1a-60z59-hg002-grch38-v421-record-806	run-phase1a-ru88n-hg002-grch38-v421	event-run-phase1a-ru88n-hg002-grch38-v421-record-811	GRCh38|chr20|10395807|T|G	CROSS_RUN_EQUIVALENCE_UNRESOLVED
run-phase1a-60z59-hg002-grch38-v421	event-run-phase1a-60z59-hg002-grch38-v421-record-807	run-phase1a-ru88n-hg002-grch38-v421	event-run-phase1a-ru88n-hg002-grch38-v421-record-812	GRCh38|chr20|10399883|C|T	CROSS_RUN_EQUIVALENCE_UNRESOLVED
run-phase1a-60z59-hg002-grch38-v421	event-run-phase1a-60z59-hg002-grch38-v421-record-808	run-phase1a-ru88n-hg002-grch38-v421	event-run-phase1a-ru88n-hg002-grch38-v421-record-813	GRCh38|chr20|10404171|C|T	CROSS_RUN_EQUIVALENCE_UNRESOLVED
run-phase1a-60z59-hg002-grch38-v421	event-run-phase1a-60z59-hg002-grch38-v421-record-809	run-phase1a-ru88n-hg002-grch38-v421	event-run-phase1a-ru88n-hg002-grch38-v421-record-814	GRCh38|chr20|10409800|G|A	CROSS_RUN_EQUIVALENCE_UNRESOLVED
run-phase1a-60z59-hg002-grch38-v421	event-run-phase1a-60z59-hg002-grch38-v421-record-811	run-phase1a-ru88n-hg002-grch38-v421	event-run-phase1a-ru88n-hg002-grch38-v421-record-817	GRCh38|chr20|10410198|A|C	CROSS_RUN_EQUIVALENCE_UNRESOLVED
run-phase1a-60z59-hg002-grch38-v421	event-run-phase1a-60z59-hg002-grch38-v421-record-812	run-phase1a-ru88n-hg002-grch38-v421	event-run-phase1a-ru88n-hg002-grch38-v421-record-818	GRCh38|chr20|10410206|G|A	CROSS_RUN_EQUIVALENCE_UNRESOLVED
run-phase1a-60z59-hg002-grch38-v421	event-run-phase1a-60z59-hg002-grch38-v421-record-813	run-phase1a-ru88n-hg002-grch38-v421	event-run-phase1a-ru88n-hg002-grch38-v421-record-820	GRCh38|chr20|10411947|A|G	CROSS_RUN_EQUIVALENCE_UNRESOLVED
run-phase1a-60z59-hg002-grch38-v421	event-run-phase1a-60z59-hg002-grch38-v421-record-814	run-phase1a-ru88n-hg002-grch38-v421	event-run-phase1a-ru88n-hg002-grch38-v421-record-821	GRCh38|chr20|10412497|C|G	CROSS_RUN_EQUIVALENCE_UNRESOLVED
run-phase1a-60z59-hg002-grch38-v421	event-run-phase1a-60z59-hg002-grch38-v421-record-815	run-phase1a-ru88n-hg002-grch38-v421	event-run-phase1a-ru88n-hg002-grch38-v421-record-822	GRCh38|chr20|10417245|TA|T	CROSS_RUN_EQUIVALENCE_UNRESOLVED
run-phase1a-60z59-hg002-grch38-v421	event-run-phase1a-60z59-hg002-grch38-v421-record-816	run-phase1a-ru88n-hg002-grch38-v421	event-run-phase1a-ru88n-hg002-grch38-v421-record-823	GRCh38|chr20|10417671|TA|T	CROSS_RUN_EQUIVALENCE_UNRESOLVED
run-phase1a-60z59-hg002-grch38-v421	event-run-phase1a-60z59-hg002-grch38-v421-record-817	run-phase1a-ru88n-hg002-grch38-v421	event-run-phase1a-ru88n-hg002-grch38-v421-record-825	GRCh38|chr20|10424679|T|G	CROSS_RUN_EQUIVALENCE_UNRESOLVED
run-phase1a-60z59-hg002-grch38-v421	event-run-phase1a-60z59-hg002-grch38-v421-record-818	run-phase1a-ru88n-hg002-grch38-v421	event-run-phase1a-ru88n-hg002-grch38-v421-record-826	GRCh38|chr20|10424960|G|T	CROSS_RUN_EQUIVALENCE_UNRESOLVED
run-phase1a-60z59-hg002-grch38-v421	event-run-phase1a-60z59-hg002-grch38-v421-record-819	run-phase1a-ru88n-hg002-grch38-v421	event-run-phase1a-ru88n-hg002-grch38-v421-record-827	GRCh38|chr20|10426642|T|C	CROSS_RUN_EQUIVALENCE_UNRESOLVED
run-phase1a-60z59-hg002-grch38-v421	event-run-phase1a-60z59-hg002-grch38-v421-record-822	run-phase1a-ru88n-hg002-grch38-v421	event-run-phase1a-ru88n-hg002-grch38-v421-record-829	GRCh38|chr20|10428616|A|G	CROSS_RUN_EQUIVALENCE_UNRESOLVED
run-phase1a-60z59-hg002-grch38-v421	event-run-phase1a-60z59-hg002-grch38-v421-record-823	run-phase1a-ru88n-hg002-grch38-v421	event-run-phase1a-ru88n-hg002-grch38-v421-record-830	GRCh38|chr20|10428843|CAATA|C	CROSS_RUN_EQUIVALENCE_UNRESOLVED
run-phase1a-60z59-hg002-grch38-v421	event-run-phase1a-60z59-hg002-grch38-v421-record-824	run-phase1a-ru88n-hg002-grch38-v421	event-run-phase1a-ru88n-hg002-grch38-v421-record-831	GRCh38|chr20|10429137|C|T	CROSS_RUN_EQUIVALENCE_UNRESOLVED
run-phase1a-60z59-hg002-grch38-v421	event-run-phase1a-60z59-hg002-grch38-v421-record-825	run-phase1a-ru88n-hg002-grch38-v421	event-run-phase1a-ru88n-hg002-grch38-v421-record-832	GRCh38|chr20|10429846|C|T	CROSS_RUN_EQUIVALENCE_UNRESOLVED
run-phase1a-60z59-hg002-grch38-v421	event-run-phase1a-60z59-hg002-grch38-v421-record-826	run-phase1a-ru88n-hg002-grch38-v421	event-run-phase1a-ru88n-hg002-grch38-v421-record-833	GRCh38|chr20|10431527|AAAACCAAACC|A	CROSS_RUN_EQUIVALENCE_UNRESOLVED
run-phase1a-60z59-hg002-grch38-v421	event-run-phase1a-60z59-hg002-grch38-v421-record-827	run-phase1a-ru88n-hg002-grch38-v421	event-run-phase1a-ru88n-hg002-grch38-v421-record-834	GRCh38|chr20|10431948|C|CAT	CROSS_RUN_EQUIVALENCE_UNRESOLVED
run-phase1a-60z59-hg002-grch38-v421	event-run-phase1a-60z59-hg002-grch38-v421-record-829	run-phase1a-ru88n-hg002-grch38-v421	event-run-phase1a-ru88n-hg002-grch38-v421-record-835	GRCh38|chr20|10436038|A|AT	CROSS_RUN_EQUIVALENCE_UNRESOLVED
run-phase1a-60z59-hg002-grch38-v421	event-run-phase1a-60z59-hg002-grch38-v421-record-830	run-phase1a-ru88n-hg002-grch38-v421	event-run-phase1a-ru88n-hg002-grch38-v421-record-836	GRCh38|chr20|10436364|CT|C	CROSS_RUN_EQUIVALENCE_UNRESOLVED
run-phase1a-60z59-hg002-grch38-v421	event-run-phase1a-60z59-hg002-grch38-v421-record-831	run-phase1a-ru88n-hg002-grch38-v421	event-run-phase1a-ru88n-hg002-grch38-v421-record-837	GRCh38|chr20|10436844|A|T	CROSS_RUN_EQUIVALENCE_UNRESOLVED
run-phase1a-60z59-hg002-grch38-v421	event-run-phase1a-60z59-hg002-grch38-v421-record-832	run-phase1a-ru88n-hg002-grch38-v421	event-run-phase1a-ru88n-hg002-grch38-v421-record-838	GRCh38|chr20|10437680|A|G	CROSS_RUN_EQUIVALENCE_UNRESOLVED
run-phase1a-60z59-hg002-grch38-v421	event-run-phase1a-60z59-hg002-grch38-v421-record-833	run-phase1a-ru88n-hg002-grch38-v421	event-run-phase1a-ru88n-hg002-grch38-v421-record-839	GRCh38|chr20|10438153|G|A	CROSS_RUN_EQUIVALENCE_UNRESOLVED
run-phase1a-60z59-hg002-grch38-v421	event-run-phase1a-60z59-hg002-grch38-v421-record-834	run-phase1a-ru88n-hg002-grch38-v421	event-run-phase1a-ru88n-hg002-grch38-v421-record-840	GRCh38|chr20|10438433|G|A	CROSS_RUN_EQUIVALENCE_UNRESOLVED
run-phase1a-60z59-hg002-grch38-v421	event-run-phase1a-60z59-hg002-grch38-v421-record-835	run-phase1a-ru88n-hg002-grch38-v421	event-run-phase1a-ru88n-hg002-grch38-v421-record-841	GRCh38|chr20|10439293|C|T	CROSS_RUN_EQUIVALENCE_UNRESOLVED
run-phase1a-60z59-hg002-grch38-v421	event-run-phase1a-60z59-hg002-grch38-v421-record-836	run-phase1a-ru88n-hg002-grch38-v421	event-run-phase1a-ru88n-hg002-grch38-v421-record-842	GRCh38|chr20|10439606|C|A	CROSS_RUN_EQUIVALENCE_UNRESOLVED
run-phase1a-60z59-hg002-grch38-v421	event-run-phase1a-60z59-hg002-grch38-v421-record-837	run-phase1a-ru88n-hg002-grch38-v421	event-run-phase1a-ru88n-hg002-grch38-v421-record-843	GRCh38|chr20|10440147|A|T	CROSS_RUN_EQUIVALENCE_UNRESOLVED
run-phase1a-60z59-hg002-grch38-v421	event-run-phase1a-60z59-hg002-grch38-v421-record-838	run-phase1a-ru88n-hg002-grch38-v421	event-run-phase1a-ru88n-hg002-grch38-v421-record-844	GRCh38|chr20|10440228|G|A	CROSS_RUN_EQUIVALENCE_UNRESOLVED
run-phase1a-60z59-hg002-grch38-v421	event-run-phase1a-60z59-hg002-grch38-v421-record-839	run-phase1a-ru88n-hg002-grch38-v421	event-run-phase1a-ru88n-hg002-grch38-v421-record-845	GRCh38|chr20|10440323|T|C	CROSS_RUN_EQUIVALENCE_UNRESOLVED
run-phase1a-60z59-hg002-grch38-v421	event-run-phase1a-60z59-hg002-grch38-v421-record-840	run-phase1a-ru88n-hg002-grch38-v421	event-run-phase1a-ru88n-hg002-grch38-v421-record-846	GRCh38|chr20|10440382|G|A	CROSS_RUN_EQUIVALENCE_UNRESOLVED
run-phase1a-60z59-hg002-grch38-v421	event-run-phase1a-60z59-hg002-grch38-v421-record-841	run-phase1a-ru88n-hg002-grch38-v421	event-run-phase1a-ru88n-hg002-grch38-v421-record-847	GRCh38|chr20|10440479|T|A	CROSS_RUN_EQUIVALENCE_UNRESOLVED
run-phase1a-60z59-hg002-grch38-v421	event-run-phase1a-60z59-hg002-grch38-v421-record-842	run-phase1a-ru88n-hg002-grch38-v421	event-run-phase1a-ru88n-hg002-grch38-v421-record-848	GRCh38|chr20|10441705|G|T	CROSS_RUN_EQUIVALENCE_UNRESOLVED
run-phase1a-60z59-hg002-grch38-v421	event-run-phase1a-60z59-hg002-grch38-v421-record-843	run-phase1a-ru88n-hg002-grch38-v421	event-run-phase1a-ru88n-hg002-grch38-v421-record-849	GRCh38|chr20|10441731|G|GTT	CROSS_RUN_EQUIVALENCE_UNRESOLVED
run-phase1a-60z59-hg002-grch38-v421	event-run-phase1a-60z59-hg002-grch38-v421-record-844	run-phase1a-ru88n-hg002-grch38-v421	event-run-phase1a-ru88n-hg002-grch38-v421-record-850	GRCh38|chr20|10441927|G|A	CROSS_RUN_EQUIVALENCE_UNRESOLVED
run-phase1a-60z59-hg002-grch38-v421	event-run-phase1a-60z59-hg002-grch38-v421-record-845	run-phase1a-ru88n-hg002-grch38-v421	event-run-phase1a-ru88n-hg002-grch38-v421-record-851	GRCh38|chr20|10442361|A|G	CROSS_RUN_EQUIVALENCE_UNRESOLVED
run-phase1a-60z59-hg002-grch38-v421	event-run-phase1a-60z59-hg002-grch38-v421-record-846	run-phase1a-ru88n-hg002-grch38-v421	event-run-phase1a-ru88n-hg002-grch38-v421-record-852	GRCh38|chr20|10442552|T|C	CROSS_RUN_EQUIVALENCE_UNRESOLVED
run-phase1a-60z59-hg002-grch38-v421	event-run-phase1a-60z59-hg002-grch38-v421-record-847	run-phase1a-ru88n-hg002-grch38-v421	event-run-phase1a-ru88n-hg002-grch38-v421-record-853	GRCh38|chr20|10443105|A|G	CROSS_RUN_EQUIVALENCE_UNRESOLVED
run-phase1a-60z59-hg002-grch38-v421	event-run-phase1a-60z59-hg002-grch38-v421-record-848	run-phase1a-ru88n-hg002-grch38-v421	event-run-phase1a-ru88n-hg002-grch38-v421-record-854	GRCh38|chr20|10443550|G|A	CROSS_RUN_EQUIVALENCE_UNRESOLVED
run-phase1a-60z59-hg002-grch38-v421	event-run-phase1a-60z59-hg002-grch38-v421-record-849	run-phase1a-ru88n-hg002-grch38-v421	event-run-phase1a-ru88n-hg002-grch38-v421-record-855	GRCh38|chr20|10443918|A|G	CROSS_RUN_EQUIVALENCE_UNRESOLVED
run-phase1a-60z59-hg002-grch38-v421	event-run-phase1a-60z59-hg002-grch38-v421-record-850	run-phase1a-ru88n-hg002-grch38-v421	event-run-phase1a-ru88n-hg002-grch38-v421-record-856	GRCh38|chr20|10444063|T|C	CROSS_RUN_EQUIVALENCE_UNRESOLVED
run-phase1a-60z59-hg002-grch38-v421	event-run-phase1a-60z59-hg002-grch38-v421-record-851	run-phase1a-ru88n-hg002-grch38-v421	event-run-phase1a-ru88n-hg002-grch38-v421-record-857	GRCh38|chr20|10444207|A|AGGGGTGTCCTCAGGATAACCCTTTCTTT	CROSS_RUN_EQUIVALENCE_UNRESOLVED
run-phase1a-60z59-hg002-grch38-v421	event-run-phase1a-60z59-hg002-grch38-v421-record-852	run-phase1a-ru88n-hg002-grch38-v421	event-run-phase1a-ru88n-hg002-grch38-v421-record-858	GRCh38|chr20|10444399|C|G	CROSS_RUN_EQUIVALENCE_UNRESOLVED
run-phase1a-60z59-hg002-grch38-v421	event-run-phase1a-60z59-hg002-grch38-v421-record-853	run-phase1a-ru88n-hg002-grch38-v421	event-run-phase1a-ru88n-hg002-grch38-v421-record-859	GRCh38|chr20|10444552|A|G	CROSS_RUN_EQUIVALENCE_UNRESOLVED
run-phase1a-60z59-hg002-grch38-v421	event-run-phase1a-60z59-hg002-grch38-v421-record-854	run-phase1a-ru88n-hg002-grch38-v421	event-run-phase1a-ru88n-hg002-grch38-v421-record-860	GRCh38|chr20|10444679|A|G	CROSS_RUN_EQUIVALENCE_UNRESOLVED
run-phase1a-60z59-hg002-grch38-v421	event-run-phase1a-60z59-hg002-grch38-v421-record-855	run-phase1a-ru88n-hg002-grch38-v421	event-run-phase1a-ru88n-hg002-grch38-v421-record-861	GRCh38|chr20|10445182|T|C	CROSS_RUN_EQUIVALENCE_UNRESOLVED
run-phase1a-60z59-hg002-grch38-v421	event-run-phase1a-60z59-hg002-grch38-v421-record-857	run-phase1a-ru88n-hg002-grch38-v421	event-run-phase1a-ru88n-hg002-grch38-v421-record-862	GRCh38|chr20|10445508|A|G	CROSS_RUN_EQUIVALENCE_UNRESOLVED
run-phase1a-60z59-hg002-grch38-v421	event-run-phase1a-60z59-hg002-grch38-v421-record-858	run-phase1a-ru88n-hg002-grch38-v421	event-run-phase1a-ru88n-hg002-grch38-v421-record-863	GRCh38|chr20|10445526|A|G	CROSS_RUN_EQUIVALENCE_UNRESOLVED
run-phase1a-60z59-hg002-grch38-v421	event-run-phase1a-60z59-hg002-grch38-v421-record-859	run-phase1a-ru88n-hg002-grch38-v421	event-run-phase1a-ru88n-hg002-grch38-v421-record-864	GRCh38|chr20|10445796|T|G	CROSS_RUN_EQUIVALENCE_UNRESOLVED
run-phase1a-60z59-hg002-grch38-v421	event-run-phase1a-60z59-hg002-grch38-v421-record-861	run-phase1a-ru88n-hg002-grch38-v421	event-run-phase1a-ru88n-hg002-grch38-v421-record-865	GRCh38|chr20|10446086|T|A	CROSS_RUN_EQUIVALENCE_UNRESOLVED
run-phase1a-60z59-hg002-grch38-v421	event-run-phase1a-60z59-hg002-grch38-v421-record-862	run-phase1a-ru88n-hg002-grch38-v421	event-run-phase1a-ru88n-hg002-grch38-v421-record-866	GRCh38|chr20|10446327|A|G	CROSS_RUN_EQUIVALENCE_UNRESOLVED
run-phase1a-60z59-hg002-grch38-v421	event-run-phase1a-60z59-hg002-grch38-v421-record-863	run-phase1a-ru88n-hg002-grch38-v421	event-run-phase1a-ru88n-hg002-grch38-v421-record-867	GRCh38|chr20|10446363|A|G	CROSS_RUN_EQUIVALENCE_UNRESOLVED
run-phase1a-60z59-hg002-grch38-v421	event-run-phase1a-60z59-hg002-grch38-v421-record-864	run-phase1a-ru88n-hg002-grch38-v421	event-run-phase1a-ru88n-hg002-grch38-v421-record-868	GRCh38|chr20|10446411|CAAAA|C	CROSS_RUN_EQUIVALENCE_UNRESOLVED
run-phase1a-60z59-hg002-grch38-v421	event-run-phase1a-60z59-hg002-grch38-v421-record-865	run-phase1a-ru88n-hg002-grch38-v421	event-run-phase1a-ru88n-hg002-grch38-v421-record-869	GRCh38|chr20|10446520|T|TTGTAGGTAAGTGCA	CROSS_RUN_EQUIVALENCE_UNRESOLVED
run-phase1a-60z59-hg002-grch38-v421	event-run-phase1a-60z59-hg002-grch38-v421-record-866	run-phase1a-ru88n-hg002-grch38-v421	event-run-phase1a-ru88n-hg002-grch38-v421-record-870	GRCh38|chr20|10446724|T|C	CROSS_RUN_EQUIVALENCE_UNRESOLVED
run-phase1a-60z59-hg002-grch38-v421	event-run-phase1a-60z59-hg002-grch38-v421-record-867	run-phase1a-ru88n-hg002-grch38-v421	event-run-phase1a-ru88n-hg002-grch38-v421-record-871	GRCh38|chr20|10446899|TTTC|T	CROSS_RUN_EQUIVALENCE_UNRESOLVED
run-phase1a-60z59-hg002-grch38-v421	event-run-phase1a-60z59-hg002-grch38-v421-record-868	run-phase1a-ru88n-hg002-grch38-v421	event-run-phase1a-ru88n-hg002-grch38-v421-record-872	GRCh38|chr20|10447290|G|GT	CROSS_RUN_EQUIVALENCE_UNRESOLVED
run-phase1a-60z59-hg002-grch38-v421	event-run-phase1a-60z59-hg002-grch38-v421-record-869	run-phase1a-ru88n-hg002-grch38-v421	event-run-phase1a-ru88n-hg002-grch38-v421-record-873	GRCh38|chr20|10447312|C|T	CROSS_RUN_EQUIVALENCE_UNRESOLVED
run-phase1a-60z59-hg002-grch38-v421	event-run-phase1a-60z59-hg002-grch38-v421-record-870	run-phase1a-ru88n-hg002-grch38-v421	event-run-phase1a-ru88n-hg002-grch38-v421-record-874	GRCh38|chr20|10447648|C|T	CROSS_RUN_EQUIVALENCE_UNRESOLVED
run-phase1a-60z59-hg002-grch38-v421	event-run-phase1a-60z59-hg002-grch38-v421-record-872	run-phase1a-ru88n-hg002-grch38-v421	event-run-phase1a-ru88n-hg002-grch38-v421-record-875	GRCh38|chr20|10447965|A|G	CROSS_RUN_EQUIVALENCE_UNRESOLVED
run-phase1a-60z59-hg002-grch38-v421	event-run-phase1a-60z59-hg002-grch38-v421-record-873	run-phase1a-ru88n-hg002-grch38-v421	event-run-phase1a-ru88n-hg002-grch38-v421-record-876	GRCh38|chr20|10448001|G|A	CROSS_RUN_EQUIVALENCE_UNRESOLVED
run-phase1a-60z59-hg002-grch38-v421	event-run-phase1a-60z59-hg002-grch38-v421-record-874	run-phase1a-ru88n-hg002-grch38-v421	event-run-phase1a-ru88n-hg002-grch38-v421-record-877	GRCh38|chr20|10448084|ATGTT|A	CROSS_RUN_EQUIVALENCE_UNRESOLVED
run-phase1a-60z59-hg002-grch38-v421	event-run-phase1a-60z59-hg002-grch38-v421-record-875	run-phase1a-ru88n-hg002-grch38-v421	event-run-phase1a-ru88n-hg002-grch38-v421-record-878	GRCh38|chr20|10448128|T|C	CROSS_RUN_EQUIVALENCE_UNRESOLVED
run-phase1a-60z59-hg002-grch38-v421	event-run-phase1a-60z59-hg002-grch38-v421-record-876	run-phase1a-ru88n-hg002-grch38-v421	event-run-phase1a-ru88n-hg002-grch38-v421-record-879	GRCh38|chr20|10448953|T|C	CROSS_RUN_EQUIVALENCE_UNRESOLVED
run-phase1a-60z59-hg002-grch38-v421	event-run-phase1a-60z59-hg002-grch38-v421-record-877	run-phase1a-ru88n-hg002-grch38-v421	event-run-phase1a-ru88n-hg002-grch38-v421-record-880	GRCh38|chr20|10449015|C|T	CROSS_RUN_EQUIVALENCE_UNRESOLVED
run-phase1a-60z59-hg002-grch38-v421	event-run-phase1a-60z59-hg002-grch38-v421-record-878	run-phase1a-ru88n-hg002-grch38-v421	event-run-phase1a-ru88n-hg002-grch38-v421-record-881	GRCh38|chr20|10449203|C|T	CROSS_RUN_EQUIVALENCE_UNRESOLVED
run-phase1a-60z59-hg002-grch38-v421	event-run-phase1a-60z59-hg002-grch38-v421-record-879	run-phase1a-ru88n-hg002-grch38-v421	event-run-phase1a-ru88n-hg002-grch38-v421-record-882	GRCh38|chr20|10449208|T|G	CROSS_RUN_EQUIVALENCE_UNRESOLVED
run-phase1a-60z59-hg002-grch38-v421	event-run-phase1a-60z59-hg002-grch38-v421-record-880	run-phase1a-ru88n-hg002-grch38-v421	event-run-phase1a-ru88n-hg002-grch38-v421-record-883	GRCh38|chr20|10449963|A|C	CROSS_RUN_EQUIVALENCE_UNRESOLVED
run-phase1a-60z59-hg002-grch38-v421	event-run-phase1a-60z59-hg002-grch38-v421-record-881	run-phase1a-ru88n-hg002-grch38-v421	event-run-phase1a-ru88n-hg002-grch38-v421-record-884	GRCh38|chr20|10450140|A|G	CROSS_RUN_EQUIVALENCE_UNRESOLVED
run-phase1a-60z59-hg002-grch38-v421	event-run-phase1a-60z59-hg002-grch38-v421-record-882	run-phase1a-ru88n-hg002-grch38-v421	event-run-phase1a-ru88n-hg002-grch38-v421-record-885	GRCh38|chr20|10450191|AT|A	CROSS_RUN_EQUIVALENCE_UNRESOLVED
run-phase1a-60z59-hg002-grch38-v421	event-run-phase1a-60z59-hg002-grch38-v421-record-883	run-phase1a-ru88n-hg002-grch38-v421	event-run-phase1a-ru88n-hg002-grch38-v421-record-886	GRCh38|chr20|10450677|C|T	CROSS_RUN_EQUIVALENCE_UNRESOLVED
run-phase1a-60z59-hg002-grch38-v421	event-run-phase1a-60z59-hg002-grch38-v421-record-884	run-phase1a-ru88n-hg002-grch38-v421	event-run-phase1a-ru88n-hg002-grch38-v421-record-887	GRCh38|chr20|10450706|T|C	CROSS_RUN_EQUIVALENCE_UNRESOLVED
run-phase1a-60z59-hg002-grch38-v421	event-run-phase1a-60z59-hg002-grch38-v421-record-885	run-phase1a-ru88n-hg002-grch38-v421	event-run-phase1a-ru88n-hg002-grch38-v421-record-888	GRCh38|chr20|10450915|G|C	CROSS_RUN_EQUIVALENCE_UNRESOLVED
run-phase1a-60z59-hg002-grch38-v421	event-run-phase1a-60z59-hg002-grch38-v421-record-886	run-phase1a-ru88n-hg002-grch38-v421	event-run-phase1a-ru88n-hg002-grch38-v421-record-889	GRCh38|chr20|10450980|C|T	CROSS_RUN_EQUIVALENCE_UNRESOLVED
run-phase1a-60z59-hg002-grch38-v421	event-run-phase1a-60z59-hg002-grch38-v421-record-887	run-phase1a-ru88n-hg002-grch38-v421	event-run-phase1a-ru88n-hg002-grch38-v421-record-890	GRCh38|chr20|10450998|T|C	CROSS_RUN_EQUIVALENCE_UNRESOLVED
run-phase1a-60z59-hg002-grch38-v421	event-run-phase1a-60z59-hg002-grch38-v421-record-890	run-phase1a-ru88n-hg002-grch38-v421	event-run-phase1a-ru88n-hg002-grch38-v421-record-893	GRCh38|chr20|10451079|T|A	CROSS_RUN_EQUIVALENCE_UNRESOLVED
run-phase1a-60z59-hg002-grch38-v421	event-run-phase1a-60z59-hg002-grch38-v421-record-891	run-phase1a-ru88n-hg002-grch38-v421	event-run-phase1a-ru88n-hg002-grch38-v421-record-894	GRCh38|chr20|10452118|G|A	CROSS_RUN_EQUIVALENCE_UNRESOLVED
run-phase1a-60z59-hg002-grch38-v421	event-run-phase1a-60z59-hg002-grch38-v421-record-893	run-phase1a-ru88n-hg002-grch38-v421	event-run-phase1a-ru88n-hg002-grch38-v421-record-895	GRCh38|chr20|10452676|A|T	CROSS_RUN_EQUIVALENCE_UNRESOLVED
run-phase1a-60z59-hg002-grch38-v421	event-run-phase1a-60z59-hg002-grch38-v421-record-894	run-phase1a-ru88n-hg002-grch38-v421	event-run-phase1a-ru88n-hg002-grch38-v421-record-896	GRCh38|chr20|10452678|A|T	CROSS_RUN_EQUIVALENCE_UNRESOLVED
run-phase1a-60z59-hg002-grch38-v421	event-run-phase1a-60z59-hg002-grch38-v421-record-895	run-phase1a-ru88n-hg002-grch38-v421	event-run-phase1a-ru88n-hg002-grch38-v421-record-897	GRCh38|chr20|10452680|A|T	CROSS_RUN_EQUIVALENCE_UNRESOLVED
run-phase1a-60z59-hg002-grch38-v421	event-run-phase1a-60z59-hg002-grch38-v421-record-897	run-phase1a-ru88n-hg002-grch38-v421	event-run-phase1a-ru88n-hg002-grch38-v421-record-898	GRCh38|chr20|10452734|T|C	CROSS_RUN_EQUIVALENCE_UNRESOLVED
run-phase1a-60z59-hg002-grch38-v421	event-run-phase1a-60z59-hg002-grch38-v421-record-898	run-phase1a-ru88n-hg002-grch38-v421	event-run-phase1a-ru88n-hg002-grch38-v421-record-899	GRCh38|chr20|10452743|T|C	CROSS_RUN_EQUIVALENCE_UNRESOLVED
run-phase1a-60z59-hg002-grch38-v421	event-run-phase1a-60z59-hg002-grch38-v421-record-899	run-phase1a-ru88n-hg002-grch38-v421	event-run-phase1a-ru88n-hg002-grch38-v421-record-900	GRCh38|chr20|10452820|T|C	CROSS_RUN_EQUIVALENCE_UNRESOLVED
run-phase1a-60z59-hg002-grch38-v421	event-run-phase1a-60z59-hg002-grch38-v421-record-900	run-phase1a-ru88n-hg002-grch38-v421	event-run-phase1a-ru88n-hg002-grch38-v421-record-901	GRCh38|chr20|10452912|C|A	CROSS_RUN_EQUIVALENCE_UNRESOLVED
run-phase1a-60z59-hg002-grch38-v421	event-run-phase1a-60z59-hg002-grch38-v421-record-901	run-phase1a-ru88n-hg002-grch38-v421	event-run-phase1a-ru88n-hg002-grch38-v421-record-902	GRCh38|chr20|10452927|C|T	CROSS_RUN_EQUIVALENCE_UNRESOLVED
run-phase1a-60z59-hg002-grch38-v421	event-run-phase1a-60z59-hg002-grch38-v421-record-902	run-phase1a-ru88n-hg002-grch38-v421	event-run-phase1a-ru88n-hg002-grch38-v421-record-903	GRCh38|chr20|10452946|C|T	CROSS_RUN_EQUIVALENCE_UNRESOLVED
run-phase1a-60z59-hg002-grch38-v421	event-run-phase1a-60z59-hg002-grch38-v421-record-903	run-phase1a-ru88n-hg002-grch38-v421	event-run-phase1a-ru88n-hg002-grch38-v421-record-904	GRCh38|chr20|10453161|A|G	CROSS_RUN_EQUIVALENCE_UNRESOLVED
run-phase1a-60z59-hg002-grch38-v421	event-run-phase1a-60z59-hg002-grch38-v421-record-904	run-phase1a-ru88n-hg002-grch38-v421	event-run-phase1a-ru88n-hg002-grch38-v421-record-905	GRCh38|chr20|10453307|C|CGTGTGTGTGTAT	CROSS_RUN_EQUIVALENCE_UNRESOLVED
run-phase1a-60z59-hg002-grch38-v421	event-run-phase1a-60z59-hg002-grch38-v421-record-905	run-phase1a-ru88n-hg002-grch38-v421	event-run-phase1a-ru88n-hg002-grch38-v421-record-906	GRCh38|chr20|10453529|A|T	CROSS_RUN_EQUIVALENCE_UNRESOLVED
run-phase1a-60z59-hg002-grch38-v421	event-run-phase1a-60z59-hg002-grch38-v421-record-906	run-phase1a-ru88n-hg002-grch38-v421	event-run-phase1a-ru88n-hg002-grch38-v421-record-907	GRCh38|chr20|10453610|G|A	CROSS_RUN_EQUIVALENCE_UNRESOLVED
run-phase1a-60z59-hg002-grch38-v421	event-run-phase1a-60z59-hg002-grch38-v421-record-907	run-phase1a-ru88n-hg002-grch38-v421	event-run-phase1a-ru88n-hg002-grch38-v421-record-908	GRCh38|chr20|10453736|TA|T	CROSS_RUN_EQUIVALENCE_UNRESOLVED
run-phase1a-60z59-hg002-grch38-v421	event-run-phase1a-60z59-hg002-grch38-v421-record-908	run-phase1a-ru88n-hg002-grch38-v421	event-run-phase1a-ru88n-hg002-grch38-v421-record-909	GRCh38|chr20|10453871|T|C	CROSS_RUN_EQUIVALENCE_UNRESOLVED
run-phase1a-60z59-hg002-grch38-v421	event-run-phase1a-60z59-hg002-grch38-v421-record-909	run-phase1a-ru88n-hg002-grch38-v421	event-run-phase1a-ru88n-hg002-grch38-v421-record-910	GRCh38|chr20|10454419|GTA|G	CROSS_RUN_EQUIVALENCE_UNRESOLVED
run-phase1a-60z59-hg002-grch38-v421	event-run-phase1a-60z59-hg002-grch38-v421-record-910	run-phase1a-ru88n-hg002-grch38-v421	event-run-phase1a-ru88n-hg002-grch38-v421-record-911	GRCh38|chr20|10454570|C|T	CROSS_RUN_EQUIVALENCE_UNRESOLVED
run-phase1a-60z59-hg002-grch38-v421	event-run-phase1a-60z59-hg002-grch38-v421-record-911	run-phase1a-ru88n-hg002-grch38-v421	event-run-phase1a-ru88n-hg002-grch38-v421-record-912	GRCh38|chr20|10455300|A|C	CROSS_RUN_EQUIVALENCE_UNRESOLVED
run-phase1a-60z59-hg002-grch38-v421	event-run-phase1a-60z59-hg002-grch38-v421-record-913	run-phase1a-ru88n-hg002-grch38-v421	event-run-phase1a-ru88n-hg002-grch38-v421-record-914	GRCh38|chr20|10455599|A|ATTTA	CROSS_RUN_EQUIVALENCE_UNRESOLVED
run-phase1a-60z59-hg002-grch38-v421	event-run-phase1a-60z59-hg002-grch38-v421-record-914	run-phase1a-ru88n-hg002-grch38-v421	event-run-phase1a-ru88n-hg002-grch38-v421-record-915	GRCh38|chr20|10455767|A|G	CROSS_RUN_EQUIVALENCE_UNRESOLVED
run-phase1a-60z59-hg002-grch38-v421	event-run-phase1a-60z59-hg002-grch38-v421-record-915	run-phase1a-ru88n-hg002-grch38-v421	event-run-phase1a-ru88n-hg002-grch38-v421-record-916	GRCh38|chr20|10455934|A|G	CROSS_RUN_EQUIVALENCE_UNRESOLVED
run-phase1a-60z59-hg002-grch38-v421	event-run-phase1a-60z59-hg002-grch38-v421-record-916	run-phase1a-ru88n-hg002-grch38-v421	event-run-phase1a-ru88n-hg002-grch38-v421-record-917	GRCh38|chr20|10456052|A|G	CROSS_RUN_EQUIVALENCE_UNRESOLVED
run-phase1a-60z59-hg002-grch38-v421	event-run-phase1a-60z59-hg002-grch38-v421-record-917	run-phase1a-ru88n-hg002-grch38-v421	event-run-phase1a-ru88n-hg002-grch38-v421-record-918	GRCh38|chr20|10456260|C|G	CROSS_RUN_EQUIVALENCE_UNRESOLVED
run-phase1a-60z59-hg002-grch38-v421	event-run-phase1a-60z59-hg002-grch38-v421-record-918	run-phase1a-ru88n-hg002-grch38-v421	event-run-phase1a-ru88n-hg002-grch38-v421-record-919	GRCh38|chr20|10456530|C|T	CROSS_RUN_EQUIVALENCE_UNRESOLVED
run-phase1a-60z59-hg002-grch38-v421	event-run-phase1a-60z59-hg002-grch38-v421-record-919	run-phase1a-ru88n-hg002-grch38-v421	event-run-phase1a-ru88n-hg002-grch38-v421-record-920	GRCh38|chr20|10456917|A|G	CROSS_RUN_EQUIVALENCE_UNRESOLVED
run-phase1a-60z59-hg002-grch38-v421	event-run-phase1a-60z59-hg002-grch38-v421-record-920	run-phase1a-ru88n-hg002-grch38-v421	event-run-phase1a-ru88n-hg002-grch38-v421-record-921	GRCh38|chr20|10457141|G|T	CROSS_RUN_EQUIVALENCE_UNRESOLVED
run-phase1a-60z59-hg002-grch38-v421	event-run-phase1a-60z59-hg002-grch38-v421-record-921	run-phase1a-ru88n-hg002-grch38-v421	event-run-phase1a-ru88n-hg002-grch38-v421-record-922	GRCh38|chr20|10457443|G|GT	CROSS_RUN_EQUIVALENCE_UNRESOLVED
run-phase1a-60z59-hg002-grch38-v421	event-run-phase1a-60z59-hg002-grch38-v421-record-922	run-phase1a-ru88n-hg002-grch38-v421	event-run-phase1a-ru88n-hg002-grch38-v421-record-923	GRCh38|chr20|10457797|A|G	CROSS_RUN_EQUIVALENCE_UNRESOLVED
run-phase1a-60z59-hg002-grch38-v421	event-run-phase1a-60z59-hg002-grch38-v421-record-923	run-phase1a-ru88n-hg002-grch38-v421	event-run-phase1a-ru88n-hg002-grch38-v421-record-924	GRCh38|chr20|10457828|G|A	CROSS_RUN_EQUIVALENCE_UNRESOLVED
run-phase1a-60z59-hg002-grch38-v421	event-run-phase1a-60z59-hg002-grch38-v421-record-924	run-phase1a-ru88n-hg002-grch38-v421	event-run-phase1a-ru88n-hg002-grch38-v421-record-925	GRCh38|chr20|10458132|A|G	CROSS_RUN_EQUIVALENCE_UNRESOLVED
run-phase1a-60z59-hg002-grch38-v421	event-run-phase1a-60z59-hg002-grch38-v421-record-925	run-phase1a-ru88n-hg002-grch38-v421	event-run-phase1a-ru88n-hg002-grch38-v421-record-926	GRCh38|chr20|10458354|T|A	CROSS_RUN_EQUIVALENCE_UNRESOLVED
run-phase1a-60z59-hg002-grch38-v421	event-run-phase1a-60z59-hg002-grch38-v421-record-926	run-phase1a-ru88n-hg002-grch38-v421	event-run-phase1a-ru88n-hg002-grch38-v421-record-927	GRCh38|chr20|10458389|A|G	CROSS_RUN_EQUIVALENCE_UNRESOLVED
run-phase1a-60z59-hg002-grch38-v421	event-run-phase1a-60z59-hg002-grch38-v421-record-927	run-phase1a-ru88n-hg002-grch38-v421	event-run-phase1a-ru88n-hg002-grch38-v421-record-928	GRCh38|chr20|10458971|T|G	CROSS_RUN_EQUIVALENCE_UNRESOLVED
run-phase1a-60z59-hg002-grch38-v421	event-run-phase1a-60z59-hg002-grch38-v421-record-928	run-phase1a-ru88n-hg002-grch38-v421	event-run-phase1a-ru88n-hg002-grch38-v421-record-929	GRCh38|chr20|10459448|G|T	CROSS_RUN_EQUIVALENCE_UNRESOLVED
run-phase1a-60z59-hg002-grch38-v421	event-run-phase1a-60z59-hg002-grch38-v421-record-929	run-phase1a-ru88n-hg002-grch38-v421	event-run-phase1a-ru88n-hg002-grch38-v421-record-930	GRCh38|chr20|10459900|C|G	CROSS_RUN_EQUIVALENCE_UNRESOLVED
run-phase1a-60z59-hg002-grch38-v421	event-run-phase1a-60z59-hg002-grch38-v421-record-930	run-phase1a-ru88n-hg002-grch38-v421	event-run-phase1a-ru88n-hg002-grch38-v421-record-931	GRCh38|chr20|10460250|C|T	CROSS_RUN_EQUIVALENCE_UNRESOLVED
run-phase1a-60z59-hg002-grch38-v421	event-run-phase1a-60z59-hg002-grch38-v421-record-931	run-phase1a-ru88n-hg002-grch38-v421	event-run-phase1a-ru88n-hg002-grch38-v421-record-932	GRCh38|chr20|10460550|A|G	CROSS_RUN_EQUIVALENCE_UNRESOLVED
run-phase1a-60z59-hg002-grch38-v421	event-run-phase1a-60z59-hg002-grch38-v421-record-932	run-phase1a-ru88n-hg002-grch38-v421	event-run-phase1a-ru88n-hg002-grch38-v421-record-933	GRCh38|chr20|10460790|G|A	CROSS_RUN_EQUIVALENCE_UNRESOLVED
run-phase1a-60z59-hg002-grch38-v421	event-run-phase1a-60z59-hg002-grch38-v421-record-933	run-phase1a-ru88n-hg002-grch38-v421	event-run-phase1a-ru88n-hg002-grch38-v421-record-934	GRCh38|chr20|10462823|G|A	CROSS_RUN_EQUIVALENCE_UNRESOLVED
run-phase1a-60z59-hg002-grch38-v421	event-run-phase1a-60z59-hg002-grch38-v421-record-934	run-phase1a-ru88n-hg002-grch38-v421	event-run-phase1a-ru88n-hg002-grch38-v421-record-935	GRCh38|chr20|10462992|G|A	CROSS_RUN_EQUIVALENCE_UNRESOLVED
run-phase1a-60z59-hg002-grch38-v421	event-run-phase1a-60z59-hg002-grch38-v421-record-935	run-phase1a-ru88n-hg002-grch38-v421	event-run-phase1a-ru88n-hg002-grch38-v421-record-936	GRCh38|chr20|10463717|T|C	CROSS_RUN_EQUIVALENCE_UNRESOLVED
run-phase1a-60z59-hg002-grch38-v421	event-run-phase1a-60z59-hg002-grch38-v421-record-936	run-phase1a-ru88n-hg002-grch38-v421	event-run-phase1a-ru88n-hg002-grch38-v421-record-937	GRCh38|chr20|10464268|T|C	CROSS_RUN_EQUIVALENCE_UNRESOLVED
run-phase1a-60z59-hg002-grch38-v421	event-run-phase1a-60z59-hg002-grch38-v421-record-937	run-phase1a-ru88n-hg002-grch38-v421	event-run-phase1a-ru88n-hg002-grch38-v421-record-938	GRCh38|chr20|10464344|G|A	CROSS_RUN_EQUIVALENCE_UNRESOLVED
run-phase1a-60z59-hg002-grch38-v421	event-run-phase1a-60z59-hg002-grch38-v421-record-938	run-phase1a-ru88n-hg002-grch38-v421	event-run-phase1a-ru88n-hg002-grch38-v421-record-939	GRCh38|chr20|10464773|CT|C	CROSS_RUN_EQUIVALENCE_UNRESOLVED
run-phase1a-60z59-hg002-grch38-v421	event-run-phase1a-60z59-hg002-grch38-v421-record-939	run-phase1a-ru88n-hg002-grch38-v421	event-run-phase1a-ru88n-hg002-grch38-v421-record-940	GRCh38|chr20|10464823|TA|T	CROSS_RUN_EQUIVALENCE_UNRESOLVED
run-phase1a-60z59-hg002-grch38-v421	event-run-phase1a-60z59-hg002-grch38-v421-record-940	run-phase1a-ru88n-hg002-grch38-v421	event-run-phase1a-ru88n-hg002-grch38-v421-record-942	GRCh38|chr20|10465075|G|C	CROSS_RUN_EQUIVALENCE_UNRESOLVED
run-phase1a-60z59-hg002-grch38-v421	event-run-phase1a-60z59-hg002-grch38-v421-record-941	run-phase1a-ru88n-hg002-grch38-v421	event-run-phase1a-ru88n-hg002-grch38-v421-record-943	GRCh38|chr20|10465163|A|T	CROSS_RUN_EQUIVALENCE_UNRESOLVED
run-phase1a-60z59-hg002-grch38-v421	event-run-phase1a-60z59-hg002-grch38-v421-record-942	run-phase1a-ru88n-hg002-grch38-v421	event-run-phase1a-ru88n-hg002-grch38-v421-record-944	GRCh38|chr20|10465893|T|C	CROSS_RUN_EQUIVALENCE_UNRESOLVED
run-phase1a-60z59-hg002-grch38-v421	event-run-phase1a-60z59-hg002-grch38-v421-record-943	run-phase1a-ru88n-hg002-grch38-v421	event-run-phase1a-ru88n-hg002-grch38-v421-record-945	GRCh38|chr20|10466262|C|A	CROSS_RUN_EQUIVALENCE_UNRESOLVED
run-phase1a-60z59-hg002-grch38-v421	event-run-phase1a-60z59-hg002-grch38-v421-record-944	run-phase1a-ru88n-hg002-grch38-v421	event-run-phase1a-ru88n-hg002-grch38-v421-record-946	GRCh38|chr20|10466472|G|A	CROSS_RUN_EQUIVALENCE_UNRESOLVED
run-phase1a-60z59-hg002-grch38-v421	event-run-phase1a-60z59-hg002-grch38-v421-record-945	run-phase1a-ru88n-hg002-grch38-v421	event-run-phase1a-ru88n-hg002-grch38-v421-record-947	GRCh38|chr20|10466645|A|T	CROSS_RUN_EQUIVALENCE_UNRESOLVED
run-phase1a-60z59-hg002-grch38-v421	event-run-phase1a-60z59-hg002-grch38-v421-record-946	run-phase1a-ru88n-hg002-grch38-v421	event-run-phase1a-ru88n-hg002-grch38-v421-record-948	GRCh38|chr20|10466856|T|TA	CROSS_RUN_EQUIVALENCE_UNRESOLVED
run-phase1a-60z59-hg002-grch38-v421	event-run-phase1a-60z59-hg002-grch38-v421-record-947	run-phase1a-ru88n-hg002-grch38-v421	event-run-phase1a-ru88n-hg002-grch38-v421-record-949	GRCh38|chr20|10466932|A|G	CROSS_RUN_EQUIVALENCE_UNRESOLVED
run-phase1a-60z59-hg002-grch38-v421	event-run-phase1a-60z59-hg002-grch38-v421-record-948	run-phase1a-ru88n-hg002-grch38-v421	event-run-phase1a-ru88n-hg002-grch38-v421-record-950	GRCh38|chr20|10468058|C|T	CROSS_RUN_EQUIVALENCE_UNRESOLVED
run-phase1a-60z59-hg002-grch38-v421	event-run-phase1a-60z59-hg002-grch38-v421-record-949	run-phase1a-ru88n-hg002-grch38-v421	event-run-phase1a-ru88n-hg002-grch38-v421-record-951	GRCh38|chr20|10468182|C|T	CROSS_RUN_EQUIVALENCE_UNRESOLVED
run-phase1a-60z59-hg002-grch38-v421	event-run-phase1a-60z59-hg002-grch38-v421-record-950	run-phase1a-ru88n-hg002-grch38-v421	event-run-phase1a-ru88n-hg002-grch38-v421-record-952	GRCh38|chr20|10468689|T|C	CROSS_RUN_EQUIVALENCE_UNRESOLVED
run-phase1a-60z59-hg002-grch38-v421	event-run-phase1a-60z59-hg002-grch38-v421-record-951	run-phase1a-ru88n-hg002-grch38-v421	event-run-phase1a-ru88n-hg002-grch38-v421-record-953	GRCh38|chr20|10468901|T|C	CROSS_RUN_EQUIVALENCE_UNRESOLVED
run-phase1a-60z59-hg002-grch38-v421	event-run-phase1a-60z59-hg002-grch38-v421-record-952	run-phase1a-ru88n-hg002-grch38-v421	event-run-phase1a-ru88n-hg002-grch38-v421-record-954	GRCh38|chr20|10469209|C|T	CROSS_RUN_EQUIVALENCE_UNRESOLVED
run-phase1a-60z59-hg002-grch38-v421	event-run-phase1a-60z59-hg002-grch38-v421-record-953	run-phase1a-ru88n-hg002-grch38-v421	event-run-phase1a-ru88n-hg002-grch38-v421-record-955	GRCh38|chr20|10469429|A|G	CROSS_RUN_EQUIVALENCE_UNRESOLVED
run-phase1a-60z59-hg002-grch38-v421	event-run-phase1a-60z59-hg002-grch38-v421-record-954	run-phase1a-ru88n-hg002-grch38-v421	event-run-phase1a-ru88n-hg002-grch38-v421-record-956	GRCh38|chr20|10469543|G|A	CROSS_RUN_EQUIVALENCE_UNRESOLVED
run-phase1a-60z59-hg002-grch38-v421	event-run-phase1a-60z59-hg002-grch38-v421-record-955	run-phase1a-ru88n-hg002-grch38-v421	event-run-phase1a-ru88n-hg002-grch38-v421-record-957	GRCh38|chr20|10469547|C|T	CROSS_RUN_EQUIVALENCE_UNRESOLVED
run-phase1a-60z59-hg002-grch38-v421	event-run-phase1a-60z59-hg002-grch38-v421-record-956	run-phase1a-ru88n-hg002-grch38-v421	event-run-phase1a-ru88n-hg002-grch38-v421-record-958	GRCh38|chr20|10469854|C|T	CROSS_RUN_EQUIVALENCE_UNRESOLVED
run-phase1a-60z59-hg002-grch38-v421	event-run-phase1a-60z59-hg002-grch38-v421-record-957	run-phase1a-ru88n-hg002-grch38-v421	event-run-phase1a-ru88n-hg002-grch38-v421-record-959	GRCh38|chr20|10469958|G|A	CROSS_RUN_EQUIVALENCE_UNRESOLVED
run-phase1a-60z59-hg002-grch38-v421	event-run-phase1a-60z59-hg002-grch38-v421-record-958	run-phase1a-ru88n-hg002-grch38-v421	event-run-phase1a-ru88n-hg002-grch38-v421-record-960	GRCh38|chr20|10470152|A|G	CROSS_RUN_EQUIVALENCE_UNRESOLVED
run-phase1a-60z59-hg002-grch38-v421	event-run-phase1a-60z59-hg002-grch38-v421-record-959	run-phase1a-ru88n-hg002-grch38-v421	event-run-phase1a-ru88n-hg002-grch38-v421-record-961	GRCh38|chr20|10470436|T|C	CROSS_RUN_EQUIVALENCE_UNRESOLVED
run-phase1a-60z59-hg002-grch38-v421	event-run-phase1a-60z59-hg002-grch38-v421-record-960	run-phase1a-ru88n-hg002-grch38-v421	event-run-phase1a-ru88n-hg002-grch38-v421-record-962	GRCh38|chr20|10470838|G|A	CROSS_RUN_EQUIVALENCE_UNRESOLVED
run-phase1a-60z59-hg002-grch38-v421	event-run-phase1a-60z59-hg002-grch38-v421-record-961	run-phase1a-ru88n-hg002-grch38-v421	event-run-phase1a-ru88n-hg002-grch38-v421-record-963	GRCh38|chr20|10470925|G|T	CROSS_RUN_EQUIVALENCE_UNRESOLVED
run-phase1a-60z59-hg002-grch38-v421	event-run-phase1a-60z59-hg002-grch38-v421-record-962	run-phase1a-ru88n-hg002-grch38-v421	event-run-phase1a-ru88n-hg002-grch38-v421-record-964	GRCh38|chr20|10471052|G|T	CROSS_RUN_EQUIVALENCE_UNRESOLVED
run-phase1a-60z59-hg002-grch38-v421	event-run-phase1a-60z59-hg002-grch38-v421-record-963	run-phase1a-ru88n-hg002-grch38-v421	event-run-phase1a-ru88n-hg002-grch38-v421-record-965	GRCh38|chr20|10471226|G|A	CROSS_RUN_EQUIVALENCE_UNRESOLVED
run-phase1a-60z59-hg002-grch38-v421	event-run-phase1a-60z59-hg002-grch38-v421-record-964	run-phase1a-ru88n-hg002-grch38-v421	event-run-phase1a-ru88n-hg002-grch38-v421-record-966	GRCh38|chr20|10471243|A|G	CROSS_RUN_EQUIVALENCE_UNRESOLVED
run-phase1a-60z59-hg002-grch38-v421	event-run-phase1a-60z59-hg002-grch38-v421-record-965	run-phase1a-ru88n-hg002-grch38-v421	event-run-phase1a-ru88n-hg002-grch38-v421-record-967	GRCh38|chr20|10472234|C|CT	CROSS_RUN_EQUIVALENCE_UNRESOLVED
run-phase1a-60z59-hg002-grch38-v421	event-run-phase1a-60z59-hg002-grch38-v421-record-966	run-phase1a-ru88n-hg002-grch38-v421	event-run-phase1a-ru88n-hg002-grch38-v421-record-968	GRCh38|chr20|10472312|C|G	CROSS_RUN_EQUIVALENCE_UNRESOLVED
run-phase1a-60z59-hg002-grch38-v421	event-run-phase1a-60z59-hg002-grch38-v421-record-967	run-phase1a-ru88n-hg002-grch38-v421	event-run-phase1a-ru88n-hg002-grch38-v421-record-969	GRCh38|chr20|10472484|A|C	CROSS_RUN_EQUIVALENCE_UNRESOLVED
run-phase1a-60z59-hg002-grch38-v421	event-run-phase1a-60z59-hg002-grch38-v421-record-968	run-phase1a-ru88n-hg002-grch38-v421	event-run-phase1a-ru88n-hg002-grch38-v421-record-970	GRCh38|chr20|10473426|T|G	CROSS_RUN_EQUIVALENCE_UNRESOLVED
run-phase1a-60z59-hg002-grch38-v421	event-run-phase1a-60z59-hg002-grch38-v421-record-969	run-phase1a-ru88n-hg002-grch38-v421	event-run-phase1a-ru88n-hg002-grch38-v421-record-971	GRCh38|chr20|10473606|CT|C	CROSS_RUN_EQUIVALENCE_UNRESOLVED
run-phase1a-60z59-hg002-grch38-v421	event-run-phase1a-60z59-hg002-grch38-v421-record-970	run-phase1a-ru88n-hg002-grch38-v421	event-run-phase1a-ru88n-hg002-grch38-v421-record-973	GRCh38|chr20|10474520|A|G	CROSS_RUN_EQUIVALENCE_UNRESOLVED
run-phase1a-60z59-hg002-grch38-v421	event-run-phase1a-60z59-hg002-grch38-v421-record-971	run-phase1a-ru88n-hg002-grch38-v421	event-run-phase1a-ru88n-hg002-grch38-v421-record-974	GRCh38|chr20|10474737|G|A	CROSS_RUN_EQUIVALENCE_UNRESOLVED
run-phase1a-60z59-hg002-grch38-v421	event-run-phase1a-60z59-hg002-grch38-v421-record-972	run-phase1a-ru88n-hg002-grch38-v421	event-run-phase1a-ru88n-hg002-grch38-v421-record-975	GRCh38|chr20|10475729|A|G	CROSS_RUN_EQUIVALENCE_UNRESOLVED
run-phase1a-60z59-hg002-grch38-v421	event-run-phase1a-60z59-hg002-grch38-v421-record-973	run-phase1a-ru88n-hg002-grch38-v421	event-run-phase1a-ru88n-hg002-grch38-v421-record-976	GRCh38|chr20|10475837|G|A	CROSS_RUN_EQUIVALENCE_UNRESOLVED
run-phase1a-60z59-hg002-grch38-v421	event-run-phase1a-60z59-hg002-grch38-v421-record-974	run-phase1a-ru88n-hg002-grch38-v421	event-run-phase1a-ru88n-hg002-grch38-v421-record-977	GRCh38|chr20|10475938|C|T	CROSS_RUN_EQUIVALENCE_UNRESOLVED
run-phase1a-60z59-hg002-grch38-v421	event-run-phase1a-60z59-hg002-grch38-v421-record-975	run-phase1a-ru88n-hg002-grch38-v421	event-run-phase1a-ru88n-hg002-grch38-v421-record-978	GRCh38|chr20|10476141|A|G	CROSS_RUN_EQUIVALENCE_UNRESOLVED
run-phase1a-60z59-hg002-grch38-v421	event-run-phase1a-60z59-hg002-grch38-v421-record-976	run-phase1a-ru88n-hg002-grch38-v421	event-run-phase1a-ru88n-hg002-grch38-v421-record-979	GRCh38|chr20|10476142|C|CTG	CROSS_RUN_EQUIVALENCE_UNRESOLVED
run-phase1a-60z59-hg002-grch38-v421	event-run-phase1a-60z59-hg002-grch38-v421-record-977	run-phase1a-ru88n-hg002-grch38-v421	event-run-phase1a-ru88n-hg002-grch38-v421-record-980	GRCh38|chr20|10476768|G|T	CROSS_RUN_EQUIVALENCE_UNRESOLVED
run-phase1a-60z59-hg002-grch38-v421	event-run-phase1a-60z59-hg002-grch38-v421-record-978	run-phase1a-ru88n-hg002-grch38-v421	event-run-phase1a-ru88n-hg002-grch38-v421-record-981	GRCh38|chr20|10476926|T|C	CROSS_RUN_EQUIVALENCE_UNRESOLVED
run-phase1a-60z59-hg002-grch38-v421	event-run-phase1a-60z59-hg002-grch38-v421-record-979	run-phase1a-ru88n-hg002-grch38-v421	event-run-phase1a-ru88n-hg002-grch38-v421-record-982	GRCh38|chr20|10477170|CT|C	CROSS_RUN_EQUIVALENCE_UNRESOLVED
run-phase1a-60z59-hg002-grch38-v421	event-run-phase1a-60z59-hg002-grch38-v421-record-980	run-phase1a-ru88n-hg002-grch38-v421	event-run-phase1a-ru88n-hg002-grch38-v421-record-984	GRCh38|chr20|10477898|CTT|C	CROSS_RUN_EQUIVALENCE_UNRESOLVED
run-phase1a-60z59-hg002-grch38-v421	event-run-phase1a-60z59-hg002-grch38-v421-record-981	run-phase1a-ru88n-hg002-grch38-v421	event-run-phase1a-ru88n-hg002-grch38-v421-record-985	GRCh38|chr20|10477968|G|A	CROSS_RUN_EQUIVALENCE_UNRESOLVED
run-phase1a-60z59-hg002-grch38-v421	event-run-phase1a-60z59-hg002-grch38-v421-record-982	run-phase1a-ru88n-hg002-grch38-v421	event-run-phase1a-ru88n-hg002-grch38-v421-record-986	GRCh38|chr20|10478023|A|C	CROSS_RUN_EQUIVALENCE_UNRESOLVED
run-phase1a-60z59-hg002-grch38-v421	event-run-phase1a-60z59-hg002-grch38-v421-record-983	run-phase1a-ru88n-hg002-grch38-v421	event-run-phase1a-ru88n-hg002-grch38-v421-record-987	GRCh38|chr20|10478040|A|G	CROSS_RUN_EQUIVALENCE_UNRESOLVED
run-phase1a-60z59-hg002-grch38-v421	event-run-phase1a-60z59-hg002-grch38-v421-record-984	run-phase1a-ru88n-hg002-grch38-v421	event-run-phase1a-ru88n-hg002-grch38-v421-record-988	GRCh38|chr20|10478118|T|C	CROSS_RUN_EQUIVALENCE_UNRESOLVED
run-phase1a-60z59-hg002-grch38-v421	event-run-phase1a-60z59-hg002-grch38-v421-record-985	run-phase1a-ru88n-hg002-grch38-v421	event-run-phase1a-ru88n-hg002-grch38-v421-record-989	GRCh38|chr20|10478119|G|A	CROSS_RUN_EQUIVALENCE_UNRESOLVED
run-phase1a-60z59-hg002-grch38-v421	event-run-phase1a-60z59-hg002-grch38-v421-record-986	run-phase1a-ru88n-hg002-grch38-v421	event-run-phase1a-ru88n-hg002-grch38-v421-record-990	GRCh38|chr20|10479346|A|G	CROSS_RUN_EQUIVALENCE_UNRESOLVED
run-phase1a-60z59-hg002-grch38-v421	event-run-phase1a-60z59-hg002-grch38-v421-record-987	run-phase1a-ru88n-hg002-grch38-v421	event-run-phase1a-ru88n-hg002-grch38-v421-record-991	GRCh38|chr20|10479353|T|TTTTTTC	CROSS_RUN_EQUIVALENCE_UNRESOLVED
run-phase1a-60z59-hg002-grch38-v421	event-run-phase1a-60z59-hg002-grch38-v421-record-989	run-phase1a-ru88n-hg002-grch38-v421	event-run-phase1a-ru88n-hg002-grch38-v421-record-992	GRCh38|chr20|10479408|A|G	CROSS_RUN_EQUIVALENCE_UNRESOLVED
run-phase1a-60z59-hg002-grch38-v421	event-run-phase1a-60z59-hg002-grch38-v421-record-990	run-phase1a-ru88n-hg002-grch38-v421	event-run-phase1a-ru88n-hg002-grch38-v421-record-993	GRCh38|chr20|10479603|G|GC	CROSS_RUN_EQUIVALENCE_UNRESOLVED
run-phase1a-60z59-hg002-grch38-v421	event-run-phase1a-60z59-hg002-grch38-v421-record-991	run-phase1a-ru88n-hg002-grch38-v421	event-run-phase1a-ru88n-hg002-grch38-v421-record-994	GRCh38|chr20|10479636|A|AC	CROSS_RUN_EQUIVALENCE_UNRESOLVED
run-phase1a-60z59-hg002-grch38-v421	event-run-phase1a-60z59-hg002-grch38-v421-record-993	run-phase1a-ru88n-hg002-grch38-v421	event-run-phase1a-ru88n-hg002-grch38-v421-record-996	GRCh38|chr20|10479728|G|A	CROSS_RUN_EQUIVALENCE_UNRESOLVED
run-phase1a-60z59-hg002-grch38-v421	event-run-phase1a-60z59-hg002-grch38-v421-record-994	run-phase1a-ru88n-hg002-grch38-v421	event-run-phase1a-ru88n-hg002-grch38-v421-record-997	GRCh38|chr20|10479834|C|T	CROSS_RUN_EQUIVALENCE_UNRESOLVED
run-phase1a-60z59-hg002-grch38-v421	event-run-phase1a-60z59-hg002-grch38-v421-record-995	run-phase1a-ru88n-hg002-grch38-v421	event-run-phase1a-ru88n-hg002-grch38-v421-record-998	GRCh38|chr20|10480210|C|T	CROSS_RUN_EQUIVALENCE_UNRESOLVED
run-phase1a-60z59-hg002-grch38-v421	event-run-phase1a-60z59-hg002-grch38-v421-record-996	run-phase1a-ru88n-hg002-grch38-v421	event-run-phase1a-ru88n-hg002-grch38-v421-record-999	GRCh38|chr20|10480471|G|A	CROSS_RUN_EQUIVALENCE_UNRESOLVED
run-phase1a-60z59-hg002-grch38-v421	event-run-phase1a-60z59-hg002-grch38-v421-record-997	run-phase1a-ru88n-hg002-grch38-v421	event-run-phase1a-ru88n-hg002-grch38-v421-record-1000	GRCh38|chr20|10480573|T|C	CROSS_RUN_EQUIVALENCE_UNRESOLVED
run-phase1a-60z59-hg002-grch38-v421	event-run-phase1a-60z59-hg002-grch38-v421-record-998	run-phase1a-ru88n-hg002-grch38-v421	event-run-phase1a-ru88n-hg002-grch38-v421-record-1001	GRCh38|chr20|10480927|T|C	CROSS_RUN_EQUIVALENCE_UNRESOLVED
run-phase1a-60z59-hg002-grch38-v421	event-run-phase1a-60z59-hg002-grch38-v421-record-999	run-phase1a-ru88n-hg002-grch38-v421	event-run-phase1a-ru88n-hg002-grch38-v421-record-1002	GRCh38|chr20|10481082|CT|C	CROSS_RUN_EQUIVALENCE_UNRESOLVED
run-phase1a-60z59-hg002-grch38-v421	event-run-phase1a-60z59-hg002-grch38-v421-record-1000	run-phase1a-ru88n-hg002-grch38-v421	event-run-phase1a-ru88n-hg002-grch38-v421-record-1003	GRCh38|chr20|10481538|C|T	CROSS_RUN_EQUIVALENCE_UNRESOLVED
run-phase1a-60z59-hg002-grch38-v421	event-run-phase1a-60z59-hg002-grch38-v421-record-1001	run-phase1a-ru88n-hg002-grch38-v421	event-run-phase1a-ru88n-hg002-grch38-v421-record-1004	GRCh38|chr20|10481599|T|C	CROSS_RUN_EQUIVALENCE_UNRESOLVED
run-phase1a-60z59-hg002-grch38-v421	event-run-phase1a-60z59-hg002-grch38-v421-record-1002	run-phase1a-ru88n-hg002-grch38-v421	event-run-phase1a-ru88n-hg002-grch38-v421-record-1005	GRCh38|chr20|10481796|G|A	CROSS_RUN_EQUIVALENCE_UNRESOLVED
run-phase1a-60z59-hg002-grch38-v421	event-run-phase1a-60z59-hg002-grch38-v421-record-1003	run-phase1a-ru88n-hg002-grch38-v421	event-run-phase1a-ru88n-hg002-grch38-v421-record-1006	GRCh38|chr20|10482639|T|G	CROSS_RUN_EQUIVALENCE_UNRESOLVED
run-phase1a-60z59-hg002-grch38-v421	event-run-phase1a-60z59-hg002-grch38-v421-record-1004	run-phase1a-ru88n-hg002-grch38-v421	event-run-phase1a-ru88n-hg002-grch38-v421-record-1007	GRCh38|chr20|10483157|TTGCCCAGGCTAGAGTAAAG|T	CROSS_RUN_EQUIVALENCE_UNRESOLVED
run-phase1a-60z59-hg002-grch38-v421	event-run-phase1a-60z59-hg002-grch38-v421-record-1005	run-phase1a-ru88n-hg002-grch38-v421	event-run-phase1a-ru88n-hg002-grch38-v421-record-1008	GRCh38|chr20|10483644|TA|T	CROSS_RUN_EQUIVALENCE_UNRESOLVED
run-phase1a-60z59-hg002-grch38-v421	event-run-phase1a-60z59-hg002-grch38-v421-record-1006	run-phase1a-ru88n-hg002-grch38-v421	event-run-phase1a-ru88n-hg002-grch38-v421-record-1009	GRCh38|chr20|10485618|CA|C	CROSS_RUN_EQUIVALENCE_UNRESOLVED
run-phase1a-60z59-hg002-grch38-v421	event-run-phase1a-60z59-hg002-grch38-v421-record-1007	run-phase1a-ru88n-hg002-grch38-v421	event-run-phase1a-ru88n-hg002-grch38-v421-record-1010	GRCh38|chr20|10485692|G|A	CROSS_RUN_EQUIVALENCE_UNRESOLVED
run-phase1a-60z59-hg002-grch38-v421	event-run-phase1a-60z59-hg002-grch38-v421-record-1008	run-phase1a-ru88n-hg002-grch38-v421	event-run-phase1a-ru88n-hg002-grch38-v421-record-1011	GRCh38|chr20|10486184|ATT|A	CROSS_RUN_EQUIVALENCE_UNRESOLVED
run-phase1a-60z59-hg002-grch38-v421	event-run-phase1a-60z59-hg002-grch38-v421-record-1009	run-phase1a-ru88n-hg002-grch38-v421	event-run-phase1a-ru88n-hg002-grch38-v421-record-1012	GRCh38|chr20|10486334|A|G	CROSS_RUN_EQUIVALENCE_UNRESOLVED
run-phase1a-60z59-hg002-grch38-v421	event-run-phase1a-60z59-hg002-grch38-v421-record-1010	run-phase1a-ru88n-hg002-grch38-v421	event-run-phase1a-ru88n-hg002-grch38-v421-record-1013	GRCh38|chr20|10486345|C|CAG	CROSS_RUN_EQUIVALENCE_UNRESOLVED
run-phase1a-60z59-hg002-grch38-v421	event-run-phase1a-60z59-hg002-grch38-v421-record-1011	run-phase1a-ru88n-hg002-grch38-v421	event-run-phase1a-ru88n-hg002-grch38-v421-record-1014	GRCh38|chr20|10486417|G|C	CROSS_RUN_EQUIVALENCE_UNRESOLVED
run-phase1a-60z59-hg002-grch38-v421	event-run-phase1a-60z59-hg002-grch38-v421-record-1012	run-phase1a-ru88n-hg002-grch38-v421	event-run-phase1a-ru88n-hg002-grch38-v421-record-1015	GRCh38|chr20|10486779|A|G	CROSS_RUN_EQUIVALENCE_UNRESOLVED
run-phase1a-60z59-hg002-grch38-v421	event-run-phase1a-60z59-hg002-grch38-v421-record-1013	run-phase1a-ru88n-hg002-grch38-v421	event-run-phase1a-ru88n-hg002-grch38-v421-record-1016	GRCh38|chr20|10486803|G|A	CROSS_RUN_EQUIVALENCE_UNRESOLVED
run-phase1a-60z59-hg002-grch38-v421	event-run-phase1a-60z59-hg002-grch38-v421-record-1014	run-phase1a-ru88n-hg002-grch38-v421	event-run-phase1a-ru88n-hg002-grch38-v421-record-1017	GRCh38|chr20|10486925|G|GT	CROSS_RUN_EQUIVALENCE_UNRESOLVED
run-phase1a-60z59-hg002-grch38-v421	event-run-phase1a-60z59-hg002-grch38-v421-record-1015	run-phase1a-ru88n-hg002-grch38-v421	event-run-phase1a-ru88n-hg002-grch38-v421-record-1018	GRCh38|chr20|10486945|T|A	CROSS_RUN_EQUIVALENCE_UNRESOLVED
run-phase1a-60z59-hg002-grch38-v421	event-run-phase1a-60z59-hg002-grch38-v421-record-1016	run-phase1a-ru88n-hg002-grch38-v421	event-run-phase1a-ru88n-hg002-grch38-v421-record-1019	GRCh38|chr20|10487056|C|A	CROSS_RUN_EQUIVALENCE_UNRESOLVED
run-phase1a-60z59-hg002-grch38-v421	event-run-phase1a-60z59-hg002-grch38-v421-record-1017	run-phase1a-ru88n-hg002-grch38-v421	event-run-phase1a-ru88n-hg002-grch38-v421-record-1020	GRCh38|chr20|10487548|C|T	CROSS_RUN_EQUIVALENCE_UNRESOLVED
run-phase1a-60z59-hg002-grch38-v421	event-run-phase1a-60z59-hg002-grch38-v421-record-1018	run-phase1a-ru88n-hg002-grch38-v421	event-run-phase1a-ru88n-hg002-grch38-v421-record-1021	GRCh38|chr20|10487614|A|G	CROSS_RUN_EQUIVALENCE_UNRESOLVED
run-phase1a-60z59-hg002-grch38-v421	event-run-phase1a-60z59-hg002-grch38-v421-record-1019	run-phase1a-ru88n-hg002-grch38-v421	event-run-phase1a-ru88n-hg002-grch38-v421-record-1022	GRCh38|chr20|10487668|G|T	CROSS_RUN_EQUIVALENCE_UNRESOLVED
run-phase1a-60z59-hg002-grch38-v421	event-run-phase1a-60z59-hg002-grch38-v421-record-1020	run-phase1a-ru88n-hg002-grch38-v421	event-run-phase1a-ru88n-hg002-grch38-v421-record-1023	GRCh38|chr20|10487954|A|G	CROSS_RUN_EQUIVALENCE_UNRESOLVED
run-phase1a-60z59-hg002-grch38-v421	event-run-phase1a-60z59-hg002-grch38-v421-record-1021	run-phase1a-ru88n-hg002-grch38-v421	event-run-phase1a-ru88n-hg002-grch38-v421-record-1024	GRCh38|chr20|10488072|TTC|T	CROSS_RUN_EQUIVALENCE_UNRESOLVED
run-phase1a-60z59-hg002-grch38-v421	event-run-phase1a-60z59-hg002-grch38-v421-record-1022	run-phase1a-ru88n-hg002-grch38-v421	event-run-phase1a-ru88n-hg002-grch38-v421-record-1025	GRCh38|chr20|10488131|C|T	CROSS_RUN_EQUIVALENCE_UNRESOLVED
run-phase1a-60z59-hg002-grch38-v421	event-run-phase1a-60z59-hg002-grch38-v421-record-1023	run-phase1a-ru88n-hg002-grch38-v421	event-run-phase1a-ru88n-hg002-grch38-v421-record-1026	GRCh38|chr20|10488255|A|G	CROSS_RUN_EQUIVALENCE_UNRESOLVED
run-phase1a-60z59-hg002-grch38-v421	event-run-phase1a-60z59-hg002-grch38-v421-record-1024	run-phase1a-ru88n-hg002-grch38-v421	event-run-phase1a-ru88n-hg002-grch38-v421-record-1027	GRCh38|chr20|10488399|T|C	CROSS_RUN_EQUIVALENCE_UNRESOLVED
run-phase1a-60z59-hg002-grch38-v421	event-run-phase1a-60z59-hg002-grch38-v421-record-1025	run-phase1a-ru88n-hg002-grch38-v421	event-run-phase1a-ru88n-hg002-grch38-v421-record-1028	GRCh38|chr20|10488582|C|T	CROSS_RUN_EQUIVALENCE_UNRESOLVED
run-phase1a-60z59-hg002-grch38-v421	event-run-phase1a-60z59-hg002-grch38-v421-record-1026	run-phase1a-ru88n-hg002-grch38-v421	event-run-phase1a-ru88n-hg002-grch38-v421-record-1029	GRCh38|chr20|10489153|C|T	CROSS_RUN_EQUIVALENCE_UNRESOLVED
run-phase1a-60z59-hg002-grch38-v421	event-run-phase1a-60z59-hg002-grch38-v421-record-1027	run-phase1a-ru88n-hg002-grch38-v421	event-run-phase1a-ru88n-hg002-grch38-v421-record-1030	GRCh38|chr20|10489177|G|T	CROSS_RUN_EQUIVALENCE_UNRESOLVED
run-phase1a-60z59-hg002-grch38-v421	event-run-phase1a-60z59-hg002-grch38-v421-record-1028	run-phase1a-ru88n-hg002-grch38-v421	event-run-phase1a-ru88n-hg002-grch38-v421-record-1031	GRCh38|chr20|10489183|A|G	CROSS_RUN_EQUIVALENCE_UNRESOLVED
run-phase1a-60z59-hg002-grch38-v421	event-run-phase1a-60z59-hg002-grch38-v421-record-1029	run-phase1a-ru88n-hg002-grch38-v421	event-run-phase1a-ru88n-hg002-grch38-v421-record-1032	GRCh38|chr20|10489273|A|G	CROSS_RUN_EQUIVALENCE_UNRESOLVED
run-phase1a-60z59-hg002-grch38-v421	event-run-phase1a-60z59-hg002-grch38-v421-record-1030	run-phase1a-ru88n-hg002-grch38-v421	event-run-phase1a-ru88n-hg002-grch38-v421-record-1033	GRCh38|chr20|10489881|A|T	CROSS_RUN_EQUIVALENCE_UNRESOLVED
run-phase1a-60z59-hg002-grch38-v421	event-run-phase1a-60z59-hg002-grch38-v421-record-1032	run-phase1a-ru88n-hg002-grch38-v421	event-run-phase1a-ru88n-hg002-grch38-v421-record-1035	GRCh38|chr20|10490274|A|C	CROSS_RUN_EQUIVALENCE_UNRESOLVED
run-phase1a-60z59-hg002-grch38-v421	event-run-phase1a-60z59-hg002-grch38-v421-record-1033	run-phase1a-ru88n-hg002-grch38-v421	event-run-phase1a-ru88n-hg002-grch38-v421-record-1036	GRCh38|chr20|10490381|G|A	CROSS_RUN_EQUIVALENCE_UNRESOLVED
run-phase1a-60z59-hg002-grch38-v421	event-run-phase1a-60z59-hg002-grch38-v421-record-1034	run-phase1a-ru88n-hg002-grch38-v421	event-run-phase1a-ru88n-hg002-grch38-v421-record-1037	GRCh38|chr20|10490504|C|T	CROSS_RUN_EQUIVALENCE_UNRESOLVED
run-phase1a-60z59-hg002-grch38-v421	event-run-phase1a-60z59-hg002-grch38-v421-record-1035	run-phase1a-ru88n-hg002-grch38-v421	event-run-phase1a-ru88n-hg002-grch38-v421-record-1038	GRCh38|chr20|10490899|A|C	CROSS_RUN_EQUIVALENCE_UNRESOLVED
run-phase1a-60z59-hg002-grch38-v421	event-run-phase1a-60z59-hg002-grch38-v421-record-1036	run-phase1a-ru88n-hg002-grch38-v421	event-run-phase1a-ru88n-hg002-grch38-v421-record-1039	GRCh38|chr20|10490971|G|C	CROSS_RUN_EQUIVALENCE_UNRESOLVED
run-phase1a-60z59-hg002-grch38-v421	event-run-phase1a-60z59-hg002-grch38-v421-record-1038	run-phase1a-ru88n-hg002-grch38-v421	event-run-phase1a-ru88n-hg002-grch38-v421-record-1041	GRCh38|chr20|10491081|C|A	CROSS_RUN_EQUIVALENCE_UNRESOLVED
run-phase1a-60z59-hg002-grch38-v421	event-run-phase1a-60z59-hg002-grch38-v421-record-1039	run-phase1a-ru88n-hg002-grch38-v421	event-run-phase1a-ru88n-hg002-grch38-v421-record-1042	GRCh38|chr20|10491104|A|T	CROSS_RUN_EQUIVALENCE_UNRESOLVED
run-phase1a-60z59-hg002-grch38-v421	event-run-phase1a-60z59-hg002-grch38-v421-record-1040	run-phase1a-ru88n-hg002-grch38-v421	event-run-phase1a-ru88n-hg002-grch38-v421-record-1043	GRCh38|chr20|10491311|A|G	CROSS_RUN_EQUIVALENCE_UNRESOLVED
run-phase1a-60z59-hg002-grch38-v421	event-run-phase1a-60z59-hg002-grch38-v421-record-1041	run-phase1a-ru88n-hg002-grch38-v421	event-run-phase1a-ru88n-hg002-grch38-v421-record-1044	GRCh38|chr20|10491369|T|A	CROSS_RUN_EQUIVALENCE_UNRESOLVED
run-phase1a-60z59-hg002-grch38-v421	event-run-phase1a-60z59-hg002-grch38-v421-record-1042	run-phase1a-ru88n-hg002-grch38-v421	event-run-phase1a-ru88n-hg002-grch38-v421-record-1045	GRCh38|chr20|10491385|C|T	CROSS_RUN_EQUIVALENCE_UNRESOLVED
run-phase1a-60z59-hg002-grch38-v421	event-run-phase1a-60z59-hg002-grch38-v421-record-1043	run-phase1a-ru88n-hg002-grch38-v421	event-run-phase1a-ru88n-hg002-grch38-v421-record-1046	GRCh38|chr20|10491394|C|T	CROSS_RUN_EQUIVALENCE_UNRESOLVED
run-phase1a-60z59-hg002-grch38-v421	event-run-phase1a-60z59-hg002-grch38-v421-record-1044	run-phase1a-ru88n-hg002-grch38-v421	event-run-phase1a-ru88n-hg002-grch38-v421-record-1047	GRCh38|chr20|10491634|C|T	CROSS_RUN_EQUIVALENCE_UNRESOLVED
run-phase1a-60z59-hg002-grch38-v421	event-run-phase1a-60z59-hg002-grch38-v421-record-1045	run-phase1a-ru88n-hg002-grch38-v421	event-run-phase1a-ru88n-hg002-grch38-v421-record-1048	GRCh38|chr20|10491844|C|T	CROSS_RUN_EQUIVALENCE_UNRESOLVED
run-phase1a-60z59-hg002-grch38-v421	event-run-phase1a-60z59-hg002-grch38-v421-record-1046	run-phase1a-ru88n-hg002-grch38-v421	event-run-phase1a-ru88n-hg002-grch38-v421-record-1049	GRCh38|chr20|10491945|T|G	CROSS_RUN_EQUIVALENCE_UNRESOLVED
run-phase1a-60z59-hg002-grch38-v421	event-run-phase1a-60z59-hg002-grch38-v421-record-1047	run-phase1a-ru88n-hg002-grch38-v421	event-run-phase1a-ru88n-hg002-grch38-v421-record-1050	GRCh38|chr20|10492142|C|T	CROSS_RUN_EQUIVALENCE_UNRESOLVED
run-phase1a-60z59-hg002-grch38-v421	event-run-phase1a-60z59-hg002-grch38-v421-record-1048	run-phase1a-ru88n-hg002-grch38-v421	event-run-phase1a-ru88n-hg002-grch38-v421-record-1051	GRCh38|chr20|10492275|C|G	CROSS_RUN_EQUIVALENCE_UNRESOLVED
run-phase1a-60z59-hg002-grch38-v421	event-run-phase1a-60z59-hg002-grch38-v421-record-1049	run-phase1a-ru88n-hg002-grch38-v421	event-run-phase1a-ru88n-hg002-grch38-v421-record-1052	GRCh38|chr20|10492392|T|G	CROSS_RUN_EQUIVALENCE_UNRESOLVED
run-phase1a-60z59-hg002-grch38-v421	event-run-phase1a-60z59-hg002-grch38-v421-record-1050	run-phase1a-ru88n-hg002-grch38-v421	event-run-phase1a-ru88n-hg002-grch38-v421-record-1053	GRCh38|chr20|10492461|A|G	CROSS_RUN_EQUIVALENCE_UNRESOLVED
run-phase1a-60z59-hg002-grch38-v421	event-run-phase1a-60z59-hg002-grch38-v421-record-1051	run-phase1a-ru88n-hg002-grch38-v421	event-run-phase1a-ru88n-hg002-grch38-v421-record-1054	GRCh38|chr20|10492520|T|C	CROSS_RUN_EQUIVALENCE_UNRESOLVED
run-phase1a-60z59-hg002-grch38-v421	event-run-phase1a-60z59-hg002-grch38-v421-record-1052	run-phase1a-ru88n-hg002-grch38-v421	event-run-phase1a-ru88n-hg002-grch38-v421-record-1055	GRCh38|chr20|10492618|A|G	CROSS_RUN_EQUIVALENCE_UNRESOLVED
run-phase1a-60z59-hg002-grch38-v421	event-run-phase1a-60z59-hg002-grch38-v421-record-1053	run-phase1a-ru88n-hg002-grch38-v421	event-run-phase1a-ru88n-hg002-grch38-v421-record-1056	GRCh38|chr20|10492970|C|T	CROSS_RUN_EQUIVALENCE_UNRESOLVED
run-phase1a-60z59-hg002-grch38-v421	event-run-phase1a-60z59-hg002-grch38-v421-record-1054	run-phase1a-ru88n-hg002-grch38-v421	event-run-phase1a-ru88n-hg002-grch38-v421-record-1057	GRCh38|chr20|10492975|C|CT	CROSS_RUN_EQUIVALENCE_UNRESOLVED
run-phase1a-60z59-hg002-grch38-v421	event-run-phase1a-60z59-hg002-grch38-v421-record-1055	run-phase1a-ru88n-hg002-grch38-v421	event-run-phase1a-ru88n-hg002-grch38-v421-record-1058	GRCh38|chr20|10493283|T|A	CROSS_RUN_EQUIVALENCE_UNRESOLVED
run-phase1a-60z59-hg002-grch38-v421	event-run-phase1a-60z59-hg002-grch38-v421-record-1056	run-phase1a-ru88n-hg002-grch38-v421	event-run-phase1a-ru88n-hg002-grch38-v421-record-1059	GRCh38|chr20|10493409|G|A	CROSS_RUN_EQUIVALENCE_UNRESOLVED
run-phase1a-60z59-hg002-grch38-v421	event-run-phase1a-60z59-hg002-grch38-v421-record-1057	run-phase1a-ru88n-hg002-grch38-v421	event-run-phase1a-ru88n-hg002-grch38-v421-record-1060	GRCh38|chr20|10493456|C|T	CROSS_RUN_EQUIVALENCE_UNRESOLVED
run-phase1a-60z59-hg002-grch38-v421	event-run-phase1a-60z59-hg002-grch38-v421-record-1058	run-phase1a-ru88n-hg002-grch38-v421	event-run-phase1a-ru88n-hg002-grch38-v421-record-1061	GRCh38|chr20|10493553|G|GTTC	CROSS_RUN_EQUIVALENCE_UNRESOLVED
run-phase1a-60z59-hg002-grch38-v421	event-run-phase1a-60z59-hg002-grch38-v421-record-1059	run-phase1a-ru88n-hg002-grch38-v421	event-run-phase1a-ru88n-hg002-grch38-v421-record-1063	GRCh38|chr20|10493675|T|A	CROSS_RUN_EQUIVALENCE_UNRESOLVED
run-phase1a-60z59-hg002-grch38-v421	event-run-phase1a-60z59-hg002-grch38-v421-record-1061	run-phase1a-ru88n-hg002-grch38-v421	event-run-phase1a-ru88n-hg002-grch38-v421-record-1065	GRCh38|chr20|10494270|A|G	CROSS_RUN_EQUIVALENCE_UNRESOLVED
run-phase1a-60z59-hg002-grch38-v421	event-run-phase1a-60z59-hg002-grch38-v421-record-1062	run-phase1a-ru88n-hg002-grch38-v421	event-run-phase1a-ru88n-hg002-grch38-v421-record-1066	GRCh38|chr20|10495423|G|A	CROSS_RUN_EQUIVALENCE_UNRESOLVED
run-phase1a-60z59-hg002-grch38-v421	event-run-phase1a-60z59-hg002-grch38-v421-record-1063	run-phase1a-ru88n-hg002-grch38-v421	event-run-phase1a-ru88n-hg002-grch38-v421-record-1067	GRCh38|chr20|10495523|CTATT|C	CROSS_RUN_EQUIVALENCE_UNRESOLVED
run-phase1a-60z59-hg002-grch38-v421	event-run-phase1a-60z59-hg002-grch38-v421-record-1064	run-phase1a-ru88n-hg002-grch38-v421	event-run-phase1a-ru88n-hg002-grch38-v421-record-1068	GRCh38|chr20|10495884|T|G	CROSS_RUN_EQUIVALENCE_UNRESOLVED
run-phase1a-60z59-hg002-grch38-v421	event-run-phase1a-60z59-hg002-grch38-v421-record-1065	run-phase1a-ru88n-hg002-grch38-v421	event-run-phase1a-ru88n-hg002-grch38-v421-record-1069	GRCh38|chr20|10496035|A|AT	CROSS_RUN_EQUIVALENCE_UNRESOLVED
run-phase1a-60z59-hg002-grch38-v421	event-run-phase1a-60z59-hg002-grch38-v421-record-1066	run-phase1a-ru88n-hg002-grch38-v421	event-run-phase1a-ru88n-hg002-grch38-v421-record-1070	GRCh38|chr20|10496667|C|CA	CROSS_RUN_EQUIVALENCE_UNRESOLVED
run-phase1a-60z59-hg002-grch38-v421	event-run-phase1a-60z59-hg002-grch38-v421-record-1067	run-phase1a-ru88n-hg002-grch38-v421	event-run-phase1a-ru88n-hg002-grch38-v421-record-1071	GRCh38|chr20|10496707|T|A	CROSS_RUN_EQUIVALENCE_UNRESOLVED
run-phase1a-60z59-hg002-grch38-v421	event-run-phase1a-60z59-hg002-grch38-v421-record-1068	run-phase1a-ru88n-hg002-grch38-v421	event-run-phase1a-ru88n-hg002-grch38-v421-record-1072	GRCh38|chr20|10497102|C|T	CROSS_RUN_EQUIVALENCE_UNRESOLVED
run-phase1a-60z59-hg002-grch38-v421	event-run-phase1a-60z59-hg002-grch38-v421-record-1069	run-phase1a-ru88n-hg002-grch38-v421	event-run-phase1a-ru88n-hg002-grch38-v421-record-1073	GRCh38|chr20|10497199|A|G	CROSS_RUN_EQUIVALENCE_UNRESOLVED
run-phase1a-60z59-hg002-grch38-v421	event-run-phase1a-60z59-hg002-grch38-v421-record-1070	run-phase1a-ru88n-hg002-grch38-v421	event-run-phase1a-ru88n-hg002-grch38-v421-record-1074	GRCh38|chr20|10497729|T|G	CROSS_RUN_EQUIVALENCE_UNRESOLVED
run-phase1a-60z59-hg002-grch38-v421	event-run-phase1a-60z59-hg002-grch38-v421-record-1071	run-phase1a-ru88n-hg002-grch38-v421	event-run-phase1a-ru88n-hg002-grch38-v421-record-1075	GRCh38|chr20|10497958|T|C	CROSS_RUN_EQUIVALENCE_UNRESOLVED
run-phase1a-60z59-hg002-grch38-v421	event-run-phase1a-60z59-hg002-grch38-v421-record-1072	run-phase1a-ru88n-hg002-grch38-v421	event-run-phase1a-ru88n-hg002-grch38-v421-record-1076	GRCh38|chr20|10498221|A|G	CROSS_RUN_EQUIVALENCE_UNRESOLVED
run-phase1a-60z59-hg002-grch38-v421	event-run-phase1a-60z59-hg002-grch38-v421-record-1073	run-phase1a-ru88n-hg002-grch38-v421	event-run-phase1a-ru88n-hg002-grch38-v421-record-1077	GRCh38|chr20|10498684|CT|C	CROSS_RUN_EQUIVALENCE_UNRESOLVED
run-phase1a-60z59-hg002-grch38-v421	event-run-phase1a-60z59-hg002-grch38-v421-record-1074	run-phase1a-ru88n-hg002-grch38-v421	event-run-phase1a-ru88n-hg002-grch38-v421-record-1078	GRCh38|chr20|10498897|T|C	CROSS_RUN_EQUIVALENCE_UNRESOLVED
run-phase1a-60z59-hg002-grch38-v421	event-run-phase1a-60z59-hg002-grch38-v421-record-1075	run-phase1a-ru88n-hg002-grch38-v421	event-run-phase1a-ru88n-hg002-grch38-v421-record-1079	GRCh38|chr20|10499137|T|A	CROSS_RUN_EQUIVALENCE_UNRESOLVED
run-phase1a-60z59-hg002-grch38-v421	event-run-phase1a-60z59-hg002-grch38-v421-record-1077	run-phase1a-ru88n-hg002-grch38-v421	event-run-phase1a-ru88n-hg002-grch38-v421-record-1080	GRCh38|chr20|10500241|T|C	CROSS_RUN_EQUIVALENCE_UNRESOLVED
run-phase1a-60z59-hg002-grch38-v421	event-run-phase1a-60z59-hg002-grch38-v421-record-1078	run-phase1a-ru88n-hg002-grch38-v421	event-run-phase1a-ru88n-hg002-grch38-v421-record-1081	GRCh38|chr20|10501124|A|T	CROSS_RUN_EQUIVALENCE_UNRESOLVED
run-phase1a-60z59-hg002-grch38-v421	event-run-phase1a-60z59-hg002-grch38-v421-record-1079	run-phase1a-ru88n-hg002-grch38-v421	event-run-phase1a-ru88n-hg002-grch38-v421-record-1082	GRCh38|chr20|10501318|A|T	CROSS_RUN_EQUIVALENCE_UNRESOLVED
run-phase1a-60z59-hg002-grch38-v421	event-run-phase1a-60z59-hg002-grch38-v421-record-1080	run-phase1a-ru88n-hg002-grch38-v421	event-run-phase1a-ru88n-hg002-grch38-v421-record-1083	GRCh38|chr20|10501738|CT|C	CROSS_RUN_EQUIVALENCE_UNRESOLVED
run-phase1a-60z59-hg002-grch38-v421	event-run-phase1a-60z59-hg002-grch38-v421-record-1081	run-phase1a-ru88n-hg002-grch38-v421	event-run-phase1a-ru88n-hg002-grch38-v421-record-1084	GRCh38|chr20|10502055|C|T	CROSS_RUN_EQUIVALENCE_UNRESOLVED
run-phase1a-60z59-hg002-grch38-v421	event-run-phase1a-60z59-hg002-grch38-v421-record-1082	run-phase1a-ru88n-hg002-grch38-v421	event-run-phase1a-ru88n-hg002-grch38-v421-record-1085	GRCh38|chr20|10502221|G|A	CROSS_RUN_EQUIVALENCE_UNRESOLVED
run-phase1a-60z59-hg002-grch38-v421	event-run-phase1a-60z59-hg002-grch38-v421-record-1083	run-phase1a-ru88n-hg002-grch38-v421	event-run-phase1a-ru88n-hg002-grch38-v421-record-1086	GRCh38|chr20|10503694|C|T	CROSS_RUN_EQUIVALENCE_UNRESOLVED
run-phase1a-60z59-hg002-grch38-v421	event-run-phase1a-60z59-hg002-grch38-v421-record-1084	run-phase1a-ru88n-hg002-grch38-v421	event-run-phase1a-ru88n-hg002-grch38-v421-record-1087	GRCh38|chr20|10504303|A|C	CROSS_RUN_EQUIVALENCE_UNRESOLVED
run-phase1a-60z59-hg002-grch38-v421	event-run-phase1a-60z59-hg002-grch38-v421-record-1085	run-phase1a-ru88n-hg002-grch38-v421	event-run-phase1a-ru88n-hg002-grch38-v421-record-1088	GRCh38|chr20|10504443|T|C	CROSS_RUN_EQUIVALENCE_UNRESOLVED
run-phase1a-60z59-hg002-grch38-v421	event-run-phase1a-60z59-hg002-grch38-v421-record-1086	run-phase1a-ru88n-hg002-grch38-v421	event-run-phase1a-ru88n-hg002-grch38-v421-record-1089	GRCh38|chr20|10504445|G|T	CROSS_RUN_EQUIVALENCE_UNRESOLVED
run-phase1a-60z59-hg002-grch38-v421	event-run-phase1a-60z59-hg002-grch38-v421-record-1087	run-phase1a-ru88n-hg002-grch38-v421	event-run-phase1a-ru88n-hg002-grch38-v421-record-1090	GRCh38|chr20|10505595|G|A	CROSS_RUN_EQUIVALENCE_UNRESOLVED
run-phase1a-60z59-hg002-grch38-v421	event-run-phase1a-60z59-hg002-grch38-v421-record-1088	run-phase1a-ru88n-hg002-grch38-v421	event-run-phase1a-ru88n-hg002-grch38-v421-record-1091	GRCh38|chr20|10507000|A|G	CROSS_RUN_EQUIVALENCE_UNRESOLVED
run-phase1a-60z59-hg002-grch38-v421	event-run-phase1a-60z59-hg002-grch38-v421-record-1089	run-phase1a-ru88n-hg002-grch38-v421	event-run-phase1a-ru88n-hg002-grch38-v421-record-1092	GRCh38|chr20|10507511|C|T	CROSS_RUN_EQUIVALENCE_UNRESOLVED
run-phase1a-60z59-hg002-grch38-v421	event-run-phase1a-60z59-hg002-grch38-v421-record-1090	run-phase1a-ru88n-hg002-grch38-v421	event-run-phase1a-ru88n-hg002-grch38-v421-record-1093	GRCh38|chr20|10507904|T|TTA	CROSS_RUN_EQUIVALENCE_UNRESOLVED
run-phase1a-60z59-hg002-grch38-v421	event-run-phase1a-60z59-hg002-grch38-v421-record-1091	run-phase1a-ru88n-hg002-grch38-v421	event-run-phase1a-ru88n-hg002-grch38-v421-record-1094	GRCh38|chr20|10508204|G|A	CROSS_RUN_EQUIVALENCE_UNRESOLVED
run-phase1a-60z59-hg002-grch38-v421	event-run-phase1a-60z59-hg002-grch38-v421-record-1092	run-phase1a-ru88n-hg002-grch38-v421	event-run-phase1a-ru88n-hg002-grch38-v421-record-1095	GRCh38|chr20|10509255|T|C	CROSS_RUN_EQUIVALENCE_UNRESOLVED
run-phase1a-60z59-hg002-grch38-v421	event-run-phase1a-60z59-hg002-grch38-v421-record-1093	run-phase1a-ru88n-hg002-grch38-v421	event-run-phase1a-ru88n-hg002-grch38-v421-record-1096	GRCh38|chr20|10509677|G|A	CROSS_RUN_EQUIVALENCE_UNRESOLVED
run-phase1a-60z59-hg002-grch38-v421	event-run-phase1a-60z59-hg002-grch38-v421-record-1094	run-phase1a-ru88n-hg002-grch38-v421	event-run-phase1a-ru88n-hg002-grch38-v421-record-1097	GRCh38|chr20|10509955|G|A	CROSS_RUN_EQUIVALENCE_UNRESOLVED
run-phase1a-60z59-hg002-grch38-v421	event-run-phase1a-60z59-hg002-grch38-v421-record-1097	run-phase1a-ru88n-hg002-grch38-v421	event-run-phase1a-ru88n-hg002-grch38-v421-record-1100	GRCh38|chr20|10511022|G|A	CROSS_RUN_EQUIVALENCE_UNRESOLVED
run-phase1a-60z59-hg002-grch38-v421	event-run-phase1a-60z59-hg002-grch38-v421-record-1098	run-phase1a-ru88n-hg002-grch38-v421	event-run-phase1a-ru88n-hg002-grch38-v421-record-1101	GRCh38|chr20|10512776|CTCTATATATATATATATATATATATATATATATA|C	CROSS_RUN_EQUIVALENCE_UNRESOLVED
run-phase1a-60z59-hg002-grch38-v421	event-run-phase1a-60z59-hg002-grch38-v421-record-1099	run-phase1a-ru88n-hg002-grch38-v421	event-run-phase1a-ru88n-hg002-grch38-v421-record-1104	GRCh38|chr20|10514417|T|C	CROSS_RUN_EQUIVALENCE_UNRESOLVED
run-phase1a-60z59-hg002-grch38-v421	event-run-phase1a-60z59-hg002-grch38-v421-record-1101	run-phase1a-ru88n-hg002-grch38-v421	event-run-phase1a-ru88n-hg002-grch38-v421-record-1105	GRCh38|chr20|10515447|T|C	CROSS_RUN_EQUIVALENCE_UNRESOLVED
run-phase1a-60z59-hg002-grch38-v421	event-run-phase1a-60z59-hg002-grch38-v421-record-1102	run-phase1a-ru88n-hg002-grch38-v421	event-run-phase1a-ru88n-hg002-grch38-v421-record-1106	GRCh38|chr20|10516067|T|C	CROSS_RUN_EQUIVALENCE_UNRESOLVED
run-phase1a-60z59-hg002-grch38-v421	event-run-phase1a-60z59-hg002-grch38-v421-record-1103	run-phase1a-ru88n-hg002-grch38-v421	event-run-phase1a-ru88n-hg002-grch38-v421-record-1107	GRCh38|chr20|10516384|T|TCAATGTTGAC	CROSS_RUN_EQUIVALENCE_UNRESOLVED
run-phase1a-60z59-hg002-grch38-v421	event-run-phase1a-60z59-hg002-grch38-v421-record-1104	run-phase1a-ru88n-hg002-grch38-v421	event-run-phase1a-ru88n-hg002-grch38-v421-record-1108	GRCh38|chr20|10516386|A|G	CROSS_RUN_EQUIVALENCE_UNRESOLVED
run-phase1a-60z59-hg002-grch38-v421	event-run-phase1a-60z59-hg002-grch38-v421-record-1105	run-phase1a-ru88n-hg002-grch38-v421	event-run-phase1a-ru88n-hg002-grch38-v421-record-1109	GRCh38|chr20|10516431|G|A	CROSS_RUN_EQUIVALENCE_UNRESOLVED
run-phase1a-60z59-hg002-grch38-v421	event-run-phase1a-60z59-hg002-grch38-v421-record-1106	run-phase1a-ru88n-hg002-grch38-v421	event-run-phase1a-ru88n-hg002-grch38-v421-record-1110	GRCh38|chr20|10516470|T|C	CROSS_RUN_EQUIVALENCE_UNRESOLVED
run-phase1a-60z59-hg002-grch38-v421	event-run-phase1a-60z59-hg002-grch38-v421-record-1107	run-phase1a-ru88n-hg002-grch38-v421	event-run-phase1a-ru88n-hg002-grch38-v421-record-1111	GRCh38|chr20|10516522|G|A	CROSS_RUN_EQUIVALENCE_UNRESOLVED
run-phase1a-60z59-hg002-grch38-v421	event-run-phase1a-60z59-hg002-grch38-v421-record-1108	run-phase1a-ru88n-hg002-grch38-v421	event-run-phase1a-ru88n-hg002-grch38-v421-record-1112	GRCh38|chr20|10516542|C|T	CROSS_RUN_EQUIVALENCE_UNRESOLVED
run-phase1a-60z59-hg002-grch38-v421	event-run-phase1a-60z59-hg002-grch38-v421-record-1109	run-phase1a-ru88n-hg002-grch38-v421	event-run-phase1a-ru88n-hg002-grch38-v421-record-1113	GRCh38|chr20|10517053|G|A	CROSS_RUN_EQUIVALENCE_UNRESOLVED
run-phase1a-60z59-hg002-grch38-v421	event-run-phase1a-60z59-hg002-grch38-v421-record-1110	run-phase1a-ru88n-hg002-grch38-v421	event-run-phase1a-ru88n-hg002-grch38-v421-record-1114	GRCh38|chr20|10517055|A|G	CROSS_RUN_EQUIVALENCE_UNRESOLVED
run-phase1a-60z59-hg002-grch38-v421	event-run-phase1a-60z59-hg002-grch38-v421-record-1111	run-phase1a-ru88n-hg002-grch38-v421	event-run-phase1a-ru88n-hg002-grch38-v421-record-1115	GRCh38|chr20|10517088|C|T	CROSS_RUN_EQUIVALENCE_UNRESOLVED
run-phase1a-60z59-hg002-grch38-v421	event-run-phase1a-60z59-hg002-grch38-v421-record-1112	run-phase1a-ru88n-hg002-grch38-v421	event-run-phase1a-ru88n-hg002-grch38-v421-record-1116	GRCh38|chr20|10517184|G|T	CROSS_RUN_EQUIVALENCE_UNRESOLVED
run-phase1a-60z59-hg002-grch38-v421	event-run-phase1a-60z59-hg002-grch38-v421-record-1113	run-phase1a-ru88n-hg002-grch38-v421	event-run-phase1a-ru88n-hg002-grch38-v421-record-1117	GRCh38|chr20|10517209|A|G	CROSS_RUN_EQUIVALENCE_UNRESOLVED
run-phase1a-60z59-hg002-grch38-v421	event-run-phase1a-60z59-hg002-grch38-v421-record-1114	run-phase1a-ru88n-hg002-grch38-v421	event-run-phase1a-ru88n-hg002-grch38-v421-record-1118	GRCh38|chr20|10517369|C|G	CROSS_RUN_EQUIVALENCE_UNRESOLVED
run-phase1a-60z59-hg002-grch38-v421	event-run-phase1a-60z59-hg002-grch38-v421-record-1115	run-phase1a-ru88n-hg002-grch38-v421	event-run-phase1a-ru88n-hg002-grch38-v421-record-1119	GRCh38|chr20|10517501|C|T	CROSS_RUN_EQUIVALENCE_UNRESOLVED
run-phase1a-60z59-hg002-grch38-v421	event-run-phase1a-60z59-hg002-grch38-v421-record-1116	run-phase1a-ru88n-hg002-grch38-v421	event-run-phase1a-ru88n-hg002-grch38-v421-record-1120	GRCh38|chr20|10517687|A|G	CROSS_RUN_EQUIVALENCE_UNRESOLVED
run-phase1a-60z59-hg002-grch38-v421	event-run-phase1a-60z59-hg002-grch38-v421-record-1117	run-phase1a-ru88n-hg002-grch38-v421	event-run-phase1a-ru88n-hg002-grch38-v421-record-1121	GRCh38|chr20|10518357|T|C	CROSS_RUN_EQUIVALENCE_UNRESOLVED
run-phase1a-60z59-hg002-grch38-v421	event-run-phase1a-60z59-hg002-grch38-v421-record-1120	run-phase1a-ru88n-hg002-grch38-v421	event-run-phase1a-ru88n-hg002-grch38-v421-record-1122	GRCh38|chr20|10518404|T|C	CROSS_RUN_EQUIVALENCE_UNRESOLVED
run-phase1a-60z59-hg002-grch38-v421	event-run-phase1a-60z59-hg002-grch38-v421-record-1123	run-phase1a-ru88n-hg002-grch38-v421	event-run-phase1a-ru88n-hg002-grch38-v421-record-1125	GRCh38|chr20|10518931|C|T	CROSS_RUN_EQUIVALENCE_UNRESOLVED
run-phase1a-60z59-hg002-grch38-v421	event-run-phase1a-60z59-hg002-grch38-v421-record-1124	run-phase1a-ru88n-hg002-grch38-v421	event-run-phase1a-ru88n-hg002-grch38-v421-record-1126	GRCh38|chr20|10519075|A|G	CROSS_RUN_EQUIVALENCE_UNRESOLVED
run-phase1a-60z59-hg002-grch38-v421	event-run-phase1a-60z59-hg002-grch38-v421-record-1125	run-phase1a-ru88n-hg002-grch38-v421	event-run-phase1a-ru88n-hg002-grch38-v421-record-1127	GRCh38|chr20|10519076|C|T	CROSS_RUN_EQUIVALENCE_UNRESOLVED
run-phase1a-60z59-hg002-grch38-v421	event-run-phase1a-60z59-hg002-grch38-v421-record-1126	run-phase1a-ru88n-hg002-grch38-v421	event-run-phase1a-ru88n-hg002-grch38-v421-record-1128	GRCh38|chr20|10519205|G|T	CROSS_RUN_EQUIVALENCE_UNRESOLVED
run-phase1a-60z59-hg002-grch38-v421	event-run-phase1a-60z59-hg002-grch38-v421-record-1127	run-phase1a-ru88n-hg002-grch38-v421	event-run-phase1a-ru88n-hg002-grch38-v421-record-1129	GRCh38|chr20|10519242|T|A	CROSS_RUN_EQUIVALENCE_UNRESOLVED
run-phase1a-60z59-hg002-grch38-v421	event-run-phase1a-60z59-hg002-grch38-v421-record-1128	run-phase1a-ru88n-hg002-grch38-v421	event-run-phase1a-ru88n-hg002-grch38-v421-record-1130	GRCh38|chr20|10520535|GT|G	CROSS_RUN_EQUIVALENCE_UNRESOLVED
run-phase1a-60z59-hg002-grch38-v421	event-run-phase1a-60z59-hg002-grch38-v421-record-1129	run-phase1a-ru88n-hg002-grch38-v421	event-run-phase1a-ru88n-hg002-grch38-v421-record-1131	GRCh38|chr20|10520625|T|G	CROSS_RUN_EQUIVALENCE_UNRESOLVED
run-phase1a-60z59-hg002-grch38-v421	event-run-phase1a-60z59-hg002-grch38-v421-record-1130	run-phase1a-ru88n-hg002-grch38-v421	event-run-phase1a-ru88n-hg002-grch38-v421-record-1132	GRCh38|chr20|10520699|A|G	CROSS_RUN_EQUIVALENCE_UNRESOLVED
run-phase1a-60z59-hg002-grch38-v421	event-run-phase1a-60z59-hg002-grch38-v421-record-1131	run-phase1a-ru88n-hg002-grch38-v421	event-run-phase1a-ru88n-hg002-grch38-v421-record-1133	GRCh38|chr20|10520896|G|T	CROSS_RUN_EQUIVALENCE_UNRESOLVED
run-phase1a-60z59-hg002-grch38-v421	event-run-phase1a-60z59-hg002-grch38-v421-record-1132	run-phase1a-ru88n-hg002-grch38-v421	event-run-phase1a-ru88n-hg002-grch38-v421-record-1134	GRCh38|chr20|10521805|T|A	CROSS_RUN_EQUIVALENCE_UNRESOLVED
run-phase1a-60z59-hg002-grch38-v421	event-run-phase1a-60z59-hg002-grch38-v421-record-1133	run-phase1a-ru88n-hg002-grch38-v421	event-run-phase1a-ru88n-hg002-grch38-v421-record-1135	GRCh38|chr20|10521863|G|A	CROSS_RUN_EQUIVALENCE_UNRESOLVED
run-phase1a-60z59-hg002-grch38-v421	event-run-phase1a-60z59-hg002-grch38-v421-record-1134	run-phase1a-ru88n-hg002-grch38-v421	event-run-phase1a-ru88n-hg002-grch38-v421-record-1136	GRCh38|chr20|10522074|A|C	CROSS_RUN_EQUIVALENCE_UNRESOLVED
run-phase1a-60z59-hg002-grch38-v421	event-run-phase1a-60z59-hg002-grch38-v421-record-1135	run-phase1a-ru88n-hg002-grch38-v421	event-run-phase1a-ru88n-hg002-grch38-v421-record-1137	GRCh38|chr20|10523434|A|G	CROSS_RUN_EQUIVALENCE_UNRESOLVED
run-phase1a-60z59-hg002-grch38-v421	event-run-phase1a-60z59-hg002-grch38-v421-record-1136	run-phase1a-ru88n-hg002-grch38-v421	event-run-phase1a-ru88n-hg002-grch38-v421-record-1138	GRCh38|chr20|10523664|A|G	CROSS_RUN_EQUIVALENCE_UNRESOLVED
run-phase1a-60z59-hg002-grch38-v421	event-run-phase1a-60z59-hg002-grch38-v421-record-1137	run-phase1a-ru88n-hg002-grch38-v421	event-run-phase1a-ru88n-hg002-grch38-v421-record-1139	GRCh38|chr20|10523937|G|C	CROSS_RUN_EQUIVALENCE_UNRESOLVED
run-phase1a-60z59-hg002-grch38-v421	event-run-phase1a-60z59-hg002-grch38-v421-record-1138	run-phase1a-ru88n-hg002-grch38-v421	event-run-phase1a-ru88n-hg002-grch38-v421-record-1140	GRCh38|chr20|10524055|G|A	CROSS_RUN_EQUIVALENCE_UNRESOLVED
run-phase1a-60z59-hg002-grch38-v421	event-run-phase1a-60z59-hg002-grch38-v421-record-1139	run-phase1a-ru88n-hg002-grch38-v421	event-run-phase1a-ru88n-hg002-grch38-v421-record-1141	GRCh38|chr20|10524169|C|G	CROSS_RUN_EQUIVALENCE_UNRESOLVED
run-phase1a-60z59-hg002-grch38-v421	event-run-phase1a-60z59-hg002-grch38-v421-record-1140	run-phase1a-ru88n-hg002-grch38-v421	event-run-phase1a-ru88n-hg002-grch38-v421-record-1142	GRCh38|chr20|10524345|G|A	CROSS_RUN_EQUIVALENCE_UNRESOLVED
run-phase1a-60z59-hg002-grch38-v421	event-run-phase1a-60z59-hg002-grch38-v421-record-1141	run-phase1a-ru88n-hg002-grch38-v421	event-run-phase1a-ru88n-hg002-grch38-v421-record-1143	GRCh38|chr20|10524948|A|G	CROSS_RUN_EQUIVALENCE_UNRESOLVED
run-phase1a-60z59-hg002-grch38-v421	event-run-phase1a-60z59-hg002-grch38-v421-record-1142	run-phase1a-ru88n-hg002-grch38-v421	event-run-phase1a-ru88n-hg002-grch38-v421-record-1144	GRCh38|chr20|10525108|C|T	CROSS_RUN_EQUIVALENCE_UNRESOLVED
run-phase1a-60z59-hg002-grch38-v421	event-run-phase1a-60z59-hg002-grch38-v421-record-1143	run-phase1a-ru88n-hg002-grch38-v421	event-run-phase1a-ru88n-hg002-grch38-v421-record-1145	GRCh38|chr20|10525968|C|T	CROSS_RUN_EQUIVALENCE_UNRESOLVED
run-phase1a-60z59-hg002-grch38-v421	event-run-phase1a-60z59-hg002-grch38-v421-record-1144	run-phase1a-ru88n-hg002-grch38-v421	event-run-phase1a-ru88n-hg002-grch38-v421-record-1146	GRCh38|chr20|10525995|G|A	CROSS_RUN_EQUIVALENCE_UNRESOLVED
run-phase1a-60z59-hg002-grch38-v421	event-run-phase1a-60z59-hg002-grch38-v421-record-1145	run-phase1a-ru88n-hg002-grch38-v421	event-run-phase1a-ru88n-hg002-grch38-v421-record-1147	GRCh38|chr20|10526813|T|G	CROSS_RUN_EQUIVALENCE_UNRESOLVED
run-phase1a-60z59-hg002-grch38-v421	event-run-phase1a-60z59-hg002-grch38-v421-record-1146	run-phase1a-ru88n-hg002-grch38-v421	event-run-phase1a-ru88n-hg002-grch38-v421-record-1148	GRCh38|chr20|10527179|A|G	CROSS_RUN_EQUIVALENCE_UNRESOLVED
run-phase1a-60z59-hg002-grch38-v421	event-run-phase1a-60z59-hg002-grch38-v421-record-1147	run-phase1a-ru88n-hg002-grch38-v421	event-run-phase1a-ru88n-hg002-grch38-v421-record-1149	GRCh38|chr20|10527737|T|TC	CROSS_RUN_EQUIVALENCE_UNRESOLVED
run-phase1a-60z59-hg002-grch38-v421	event-run-phase1a-60z59-hg002-grch38-v421-record-1148	run-phase1a-ru88n-hg002-grch38-v421	event-run-phase1a-ru88n-hg002-grch38-v421-record-1150	GRCh38|chr20|10528207|C|T	CROSS_RUN_EQUIVALENCE_UNRESOLVED
run-phase1a-60z59-hg002-grch38-v421	event-run-phase1a-60z59-hg002-grch38-v421-record-1149	run-phase1a-ru88n-hg002-grch38-v421	event-run-phase1a-ru88n-hg002-grch38-v421-record-1151	GRCh38|chr20|10529069|T|G	CROSS_RUN_EQUIVALENCE_UNRESOLVED
run-phase1a-60z59-hg002-grch38-v421	event-run-phase1a-60z59-hg002-grch38-v421-record-1150	run-phase1a-ru88n-hg002-grch38-v421	event-run-phase1a-ru88n-hg002-grch38-v421-record-1152	GRCh38|chr20|10529386|T|C	CROSS_RUN_EQUIVALENCE_UNRESOLVED
run-phase1a-60z59-hg002-grch38-v421	event-run-phase1a-60z59-hg002-grch38-v421-record-1151	run-phase1a-ru88n-hg002-grch38-v421	event-run-phase1a-ru88n-hg002-grch38-v421-record-1153	GRCh38|chr20|10529520|G|T	CROSS_RUN_EQUIVALENCE_UNRESOLVED
run-phase1a-60z59-hg002-grch38-v421	event-run-phase1a-60z59-hg002-grch38-v421-record-1152	run-phase1a-ru88n-hg002-grch38-v421	event-run-phase1a-ru88n-hg002-grch38-v421-record-1154	GRCh38|chr20|10529542|T|G	CROSS_RUN_EQUIVALENCE_UNRESOLVED
run-phase1a-60z59-hg002-grch38-v421	event-run-phase1a-60z59-hg002-grch38-v421-record-1153	run-phase1a-ru88n-hg002-grch38-v421	event-run-phase1a-ru88n-hg002-grch38-v421-record-1155	GRCh38|chr20|10529574|G|A	CROSS_RUN_EQUIVALENCE_UNRESOLVED
run-phase1a-60z59-hg002-grch38-v421	event-run-phase1a-60z59-hg002-grch38-v421-record-1155	run-phase1a-ru88n-hg002-grch38-v421	event-run-phase1a-ru88n-hg002-grch38-v421-record-1156	GRCh38|chr20|10530843|C|T	CROSS_RUN_EQUIVALENCE_UNRESOLVED
run-phase1a-60z59-hg002-grch38-v421	event-run-phase1a-60z59-hg002-grch38-v421-record-1156	run-phase1a-ru88n-hg002-grch38-v421	event-run-phase1a-ru88n-hg002-grch38-v421-record-1157	GRCh38|chr20|10530938|A|T	CROSS_RUN_EQUIVALENCE_UNRESOLVED
run-phase1a-60z59-hg002-grch38-v421	event-run-phase1a-60z59-hg002-grch38-v421-record-1157	run-phase1a-ru88n-hg002-grch38-v421	event-run-phase1a-ru88n-hg002-grch38-v421-record-1158	GRCh38|chr20|10531467|G|A	CROSS_RUN_EQUIVALENCE_UNRESOLVED
run-phase1a-60z59-hg002-grch38-v421	event-run-phase1a-60z59-hg002-grch38-v421-record-1158	run-phase1a-ru88n-hg002-grch38-v421	event-run-phase1a-ru88n-hg002-grch38-v421-record-1159	GRCh38|chr20|10532150|A|G	CROSS_RUN_EQUIVALENCE_UNRESOLVED
run-phase1a-60z59-hg002-grch38-v421	event-run-phase1a-60z59-hg002-grch38-v421-record-1159	run-phase1a-ru88n-hg002-grch38-v421	event-run-phase1a-ru88n-hg002-grch38-v421-record-1160	GRCh38|chr20|10532198|G|A	CROSS_RUN_EQUIVALENCE_UNRESOLVED
run-phase1a-60z59-hg002-grch38-v421	event-run-phase1a-60z59-hg002-grch38-v421-record-1160	run-phase1a-ru88n-hg002-grch38-v421	event-run-phase1a-ru88n-hg002-grch38-v421-record-1161	GRCh38|chr20|10532583|C|T	CROSS_RUN_EQUIVALENCE_UNRESOLVED
run-phase1a-60z59-hg002-grch38-v421	event-run-phase1a-60z59-hg002-grch38-v421-record-1161	run-phase1a-ru88n-hg002-grch38-v421	event-run-phase1a-ru88n-hg002-grch38-v421-record-1162	GRCh38|chr20|10532735|A|G	CROSS_RUN_EQUIVALENCE_UNRESOLVED
run-phase1a-60z59-hg002-grch38-v421	event-run-phase1a-60z59-hg002-grch38-v421-record-1162	run-phase1a-ru88n-hg002-grch38-v421	event-run-phase1a-ru88n-hg002-grch38-v421-record-1163	GRCh38|chr20|10532778|AT|A	CROSS_RUN_EQUIVALENCE_UNRESOLVED
run-phase1a-60z59-hg002-grch38-v421	event-run-phase1a-60z59-hg002-grch38-v421-record-1165	run-phase1a-ru88n-hg002-grch38-v421	event-run-phase1a-ru88n-hg002-grch38-v421-record-1165	GRCh38|chr20|10533764|C|T	CROSS_RUN_EQUIVALENCE_UNRESOLVED
run-phase1a-60z59-hg002-grch38-v421	event-run-phase1a-60z59-hg002-grch38-v421-record-1166	run-phase1a-ru88n-hg002-grch38-v421	event-run-phase1a-ru88n-hg002-grch38-v421-record-1166	GRCh38|chr20|10533920|A|G	CROSS_RUN_EQUIVALENCE_UNRESOLVED
run-phase1a-60z59-hg002-grch38-v421	event-run-phase1a-60z59-hg002-grch38-v421-record-1167	run-phase1a-ru88n-hg002-grch38-v421	event-run-phase1a-ru88n-hg002-grch38-v421-record-1167	GRCh38|chr20|10533932|T|TA	CROSS_RUN_EQUIVALENCE_UNRESOLVED
run-phase1a-60z59-hg002-grch38-v421	event-run-phase1a-60z59-hg002-grch38-v421-record-1168	run-phase1a-ru88n-hg002-grch38-v421	event-run-phase1a-ru88n-hg002-grch38-v421-record-1168	GRCh38|chr20|10535243|G|T	CROSS_RUN_EQUIVALENCE_UNRESOLVED
run-phase1a-60z59-hg002-grch38-v421	event-run-phase1a-60z59-hg002-grch38-v421-record-1169	run-phase1a-ru88n-hg002-grch38-v421	event-run-phase1a-ru88n-hg002-grch38-v421-record-1169	GRCh38|chr20|10535522|G|A	CROSS_RUN_EQUIVALENCE_UNRESOLVED
run-phase1a-60z59-hg002-grch38-v421	event-run-phase1a-60z59-hg002-grch38-v421-record-1170	run-phase1a-ru88n-hg002-grch38-v421	event-run-phase1a-ru88n-hg002-grch38-v421-record-1170	GRCh38|chr20|10535718|G|T	CROSS_RUN_EQUIVALENCE_UNRESOLVED
run-phase1a-60z59-hg002-grch38-v421	event-run-phase1a-60z59-hg002-grch38-v421-record-1171	run-phase1a-ru88n-hg002-grch38-v421	event-run-phase1a-ru88n-hg002-grch38-v421-record-1171	GRCh38|chr20|10536000|A|AAAGT	CROSS_RUN_EQUIVALENCE_UNRESOLVED
run-phase1a-60z59-hg002-grch38-v421	event-run-phase1a-60z59-hg002-grch38-v421-record-1172	run-phase1a-ru88n-hg002-grch38-v421	event-run-phase1a-ru88n-hg002-grch38-v421-record-1172	GRCh38|chr20|10536039|C|T	CROSS_RUN_EQUIVALENCE_UNRESOLVED
run-phase1a-60z59-hg002-grch38-v421	event-run-phase1a-60z59-hg002-grch38-v421-record-1173	run-phase1a-ru88n-hg002-grch38-v421	event-run-phase1a-ru88n-hg002-grch38-v421-record-1173	GRCh38|chr20|10538291|A|AC	CROSS_RUN_EQUIVALENCE_UNRESOLVED
run-phase1a-60z59-hg002-grch38-v421	event-run-phase1a-60z59-hg002-grch38-v421-record-1174	run-phase1a-ru88n-hg002-grch38-v421	event-run-phase1a-ru88n-hg002-grch38-v421-record-1174	GRCh38|chr20|10538816|C|T	CROSS_RUN_EQUIVALENCE_UNRESOLVED
run-phase1a-60z59-hg002-grch38-v421	event-run-phase1a-60z59-hg002-grch38-v421-record-1175	run-phase1a-ru88n-hg002-grch38-v421	event-run-phase1a-ru88n-hg002-grch38-v421-record-1175	GRCh38|chr20|10538939|A|T	CROSS_RUN_EQUIVALENCE_UNRESOLVED
run-phase1a-60z59-hg002-grch38-v421	event-run-phase1a-60z59-hg002-grch38-v421-record-1176	run-phase1a-ru88n-hg002-grch38-v421	event-run-phase1a-ru88n-hg002-grch38-v421-record-1177	GRCh38|chr20|10539810|C|A	CROSS_RUN_EQUIVALENCE_UNRESOLVED
run-phase1a-60z59-hg002-grch38-v421	event-run-phase1a-60z59-hg002-grch38-v421-record-1178	run-phase1a-ru88n-hg002-grch38-v421	event-run-phase1a-ru88n-hg002-grch38-v421-record-1179	GRCh38|chr20|10542899|A|C	CROSS_RUN_EQUIVALENCE_UNRESOLVED
run-phase1a-60z59-hg002-grch38-v421	event-run-phase1a-60z59-hg002-grch38-v421-record-1179	run-phase1a-ru88n-hg002-grch38-v421	event-run-phase1a-ru88n-hg002-grch38-v421-record-1180	GRCh38|chr20|10543597|T|G	CROSS_RUN_EQUIVALENCE_UNRESOLVED
run-phase1a-60z59-hg002-grch38-v421	event-run-phase1a-60z59-hg002-grch38-v421-record-1180	run-phase1a-ru88n-hg002-grch38-v421	event-run-phase1a-ru88n-hg002-grch38-v421-record-1181	GRCh38|chr20|10544145|C|A	CROSS_RUN_EQUIVALENCE_UNRESOLVED
run-phase1a-60z59-hg002-grch38-v421	event-run-phase1a-60z59-hg002-grch38-v421-record-1181	run-phase1a-ru88n-hg002-grch38-v421	event-run-phase1a-ru88n-hg002-grch38-v421-record-1182	GRCh38|chr20|10544328|C|G	CROSS_RUN_EQUIVALENCE_UNRESOLVED
run-phase1a-60z59-hg002-grch38-v421	event-run-phase1a-60z59-hg002-grch38-v421-record-1182	run-phase1a-ru88n-hg002-grch38-v421	event-run-phase1a-ru88n-hg002-grch38-v421-record-1183	GRCh38|chr20|10544530|C|T	CROSS_RUN_EQUIVALENCE_UNRESOLVED
run-phase1a-60z59-hg002-grch38-v421	event-run-phase1a-60z59-hg002-grch38-v421-record-1183	run-phase1a-ru88n-hg002-grch38-v421	event-run-phase1a-ru88n-hg002-grch38-v421-record-1184	GRCh38|chr20|10544965|A|G	CROSS_RUN_EQUIVALENCE_UNRESOLVED
run-phase1a-60z59-hg002-grch38-v421	event-run-phase1a-60z59-hg002-grch38-v421-record-1184	run-phase1a-ru88n-hg002-grch38-v421	event-run-phase1a-ru88n-hg002-grch38-v421-record-1185	GRCh38|chr20|10545028|G|A	CROSS_RUN_EQUIVALENCE_UNRESOLVED
run-phase1a-60z59-hg002-grch38-v421	event-run-phase1a-60z59-hg002-grch38-v421-record-1185	run-phase1a-ru88n-hg002-grch38-v421	event-run-phase1a-ru88n-hg002-grch38-v421-record-1186	GRCh38|chr20|10545093|C|T	CROSS_RUN_EQUIVALENCE_UNRESOLVED
run-phase1a-60z59-hg002-grch38-v421	event-run-phase1a-60z59-hg002-grch38-v421-record-1186	run-phase1a-ru88n-hg002-grch38-v421	event-run-phase1a-ru88n-hg002-grch38-v421-record-1187	GRCh38|chr20|10545694|T|C	CROSS_RUN_EQUIVALENCE_UNRESOLVED
run-phase1a-60z59-hg002-grch38-v421	event-run-phase1a-60z59-hg002-grch38-v421-record-1187	run-phase1a-ru88n-hg002-grch38-v421	event-run-phase1a-ru88n-hg002-grch38-v421-record-1188	GRCh38|chr20|10545887|G|A	CROSS_RUN_EQUIVALENCE_UNRESOLVED
run-phase1a-60z59-hg002-grch38-v421	event-run-phase1a-60z59-hg002-grch38-v421-record-1188	run-phase1a-ru88n-hg002-grch38-v421	event-run-phase1a-ru88n-hg002-grch38-v421-record-1189	GRCh38|chr20|10546485|A|T	CROSS_RUN_EQUIVALENCE_UNRESOLVED
run-phase1a-60z59-hg002-grch38-v421	event-run-phase1a-60z59-hg002-grch38-v421-record-1189	run-phase1a-ru88n-hg002-grch38-v421	event-run-phase1a-ru88n-hg002-grch38-v421-record-1190	GRCh38|chr20|10547144|T|A	CROSS_RUN_EQUIVALENCE_UNRESOLVED
run-phase1a-60z59-hg002-grch38-v421	event-run-phase1a-60z59-hg002-grch38-v421-record-1190	run-phase1a-ru88n-hg002-grch38-v421	event-run-phase1a-ru88n-hg002-grch38-v421-record-1191	GRCh38|chr20|10547289|T|TTTACTC	CROSS_RUN_EQUIVALENCE_UNRESOLVED
run-phase1a-60z59-hg002-grch38-v421	event-run-phase1a-60z59-hg002-grch38-v421-record-1191	run-phase1a-ru88n-hg002-grch38-v421	event-run-phase1a-ru88n-hg002-grch38-v421-record-1192	GRCh38|chr20|10547961|A|T	CROSS_RUN_EQUIVALENCE_UNRESOLVED
run-phase1a-60z59-hg002-grch38-v421	event-run-phase1a-60z59-hg002-grch38-v421-record-1192	run-phase1a-ru88n-hg002-grch38-v421	event-run-phase1a-ru88n-hg002-grch38-v421-record-1193	GRCh38|chr20|10548143|G|C	CROSS_RUN_EQUIVALENCE_UNRESOLVED
run-phase1a-60z59-hg002-grch38-v421	event-run-phase1a-60z59-hg002-grch38-v421-record-1193	run-phase1a-ru88n-hg002-grch38-v421	event-run-phase1a-ru88n-hg002-grch38-v421-record-1194	GRCh38|chr20|10548162|T|C	CROSS_RUN_EQUIVALENCE_UNRESOLVED
run-phase1a-60z59-hg002-grch38-v421	event-run-phase1a-60z59-hg002-grch38-v421-record-1194	run-phase1a-ru88n-hg002-grch38-v421	event-run-phase1a-ru88n-hg002-grch38-v421-record-1195	GRCh38|chr20|10550564|G|T	CROSS_RUN_EQUIVALENCE_UNRESOLVED
run-phase1a-60z59-hg002-grch38-v421	event-run-phase1a-60z59-hg002-grch38-v421-record-1195	run-phase1a-ru88n-hg002-grch38-v421	event-run-phase1a-ru88n-hg002-grch38-v421-record-1196	GRCh38|chr20|10551684|G|C	CROSS_RUN_EQUIVALENCE_UNRESOLVED
run-phase1a-60z59-hg002-grch38-v421	event-run-phase1a-60z59-hg002-grch38-v421-record-1196	run-phase1a-ru88n-hg002-grch38-v421	event-run-phase1a-ru88n-hg002-grch38-v421-record-1197	GRCh38|chr20|10551807|G|A	CROSS_RUN_EQUIVALENCE_UNRESOLVED
run-phase1a-60z59-hg002-grch38-v421	event-run-phase1a-60z59-hg002-grch38-v421-record-1197	run-phase1a-ru88n-hg002-grch38-v421	event-run-phase1a-ru88n-hg002-grch38-v421-record-1199	GRCh38|chr20|10554578|T|C	CROSS_RUN_EQUIVALENCE_UNRESOLVED
run-phase1a-60z59-hg002-grch38-v421	event-run-phase1a-60z59-hg002-grch38-v421-record-1198	run-phase1a-ru88n-hg002-grch38-v421	event-run-phase1a-ru88n-hg002-grch38-v421-record-1200	GRCh38|chr20|10557777|G|A	CROSS_RUN_EQUIVALENCE_UNRESOLVED
run-phase1a-60z59-hg002-grch38-v421	event-run-phase1a-60z59-hg002-grch38-v421-record-1200	run-phase1a-ru88n-hg002-grch38-v421	event-run-phase1a-ru88n-hg002-grch38-v421-record-1201	GRCh38|chr20|10558891|G|C	CROSS_RUN_EQUIVALENCE_UNRESOLVED
run-phase1a-60z59-hg002-grch38-v421	event-run-phase1a-60z59-hg002-grch38-v421-record-1201	run-phase1a-ru88n-hg002-grch38-v421	event-run-phase1a-ru88n-hg002-grch38-v421-record-1203	GRCh38|chr20|10559283|C|T	CROSS_RUN_EQUIVALENCE_UNRESOLVED
run-phase1a-60z59-hg002-grch38-v421	event-run-phase1a-60z59-hg002-grch38-v421-record-1202	run-phase1a-ru88n-hg002-grch38-v421	event-run-phase1a-ru88n-hg002-grch38-v421-record-1204	GRCh38|chr20|10559341|A|G	CROSS_RUN_EQUIVALENCE_UNRESOLVED
run-phase1a-60z59-hg002-grch38-v421	event-run-phase1a-60z59-hg002-grch38-v421-record-1203	run-phase1a-ru88n-hg002-grch38-v421	event-run-phase1a-ru88n-hg002-grch38-v421-record-1205	GRCh38|chr20|10561340|G|A	CROSS_RUN_EQUIVALENCE_UNRESOLVED
run-phase1a-60z59-hg002-grch38-v421	event-run-phase1a-60z59-hg002-grch38-v421-record-1204	run-phase1a-ru88n-hg002-grch38-v421	event-run-phase1a-ru88n-hg002-grch38-v421-record-1206	GRCh38|chr20|10561439|A|T	CROSS_RUN_EQUIVALENCE_UNRESOLVED
run-phase1a-60z59-hg002-grch38-v421	event-run-phase1a-60z59-hg002-grch38-v421-record-1205	run-phase1a-ru88n-hg002-grch38-v421	event-run-phase1a-ru88n-hg002-grch38-v421-record-1207	GRCh38|chr20|10565390|G|A	CROSS_RUN_EQUIVALENCE_UNRESOLVED
run-phase1a-60z59-hg002-grch38-v421	event-run-phase1a-60z59-hg002-grch38-v421-record-1206	run-phase1a-ru88n-hg002-grch38-v421	event-run-phase1a-ru88n-hg002-grch38-v421-record-1208	GRCh38|chr20|10566231|GTTTTAGTTAAC|G	CROSS_RUN_EQUIVALENCE_UNRESOLVED
run-phase1a-60z59-hg002-grch38-v421	event-run-phase1a-60z59-hg002-grch38-v421-record-1207	run-phase1a-ru88n-hg002-grch38-v421	event-run-phase1a-ru88n-hg002-grch38-v421-record-1209	GRCh38|chr20|10566283|ATTTTTTTTTTTTT|A	CROSS_RUN_EQUIVALENCE_UNRESOLVED
run-phase1a-60z59-hg002-grch38-v421	event-run-phase1a-60z59-hg002-grch38-v421-record-1209	run-phase1a-ru88n-hg002-grch38-v421	event-run-phase1a-ru88n-hg002-grch38-v421-record-1211	GRCh38|chr20|10566533|G|C	CROSS_RUN_EQUIVALENCE_UNRESOLVED
run-phase1a-60z59-hg002-grch38-v421	event-run-phase1a-60z59-hg002-grch38-v421-record-1210	run-phase1a-ru88n-hg002-grch38-v421	event-run-phase1a-ru88n-hg002-grch38-v421-record-1212	GRCh38|chr20|10567157|G|A	CROSS_RUN_EQUIVALENCE_UNRESOLVED
run-phase1a-60z59-hg002-grch38-v421	event-run-phase1a-60z59-hg002-grch38-v421-record-1211	run-phase1a-ru88n-hg002-grch38-v421	event-run-phase1a-ru88n-hg002-grch38-v421-record-1213	GRCh38|chr20|10567497|G|A	CROSS_RUN_EQUIVALENCE_UNRESOLVED
run-phase1a-60z59-hg002-grch38-v421	event-run-phase1a-60z59-hg002-grch38-v421-record-1212	run-phase1a-ru88n-hg002-grch38-v421	event-run-phase1a-ru88n-hg002-grch38-v421-record-1214	GRCh38|chr20|10567537|T|C	CROSS_RUN_EQUIVALENCE_UNRESOLVED
run-phase1a-60z59-hg002-grch38-v421	event-run-phase1a-60z59-hg002-grch38-v421-record-1213	run-phase1a-ru88n-hg002-grch38-v421	event-run-phase1a-ru88n-hg002-grch38-v421-record-1215	GRCh38|chr20|10567570|A|G	CROSS_RUN_EQUIVALENCE_UNRESOLVED
run-phase1a-60z59-hg002-grch38-v421	event-run-phase1a-60z59-hg002-grch38-v421-record-1214	run-phase1a-ru88n-hg002-grch38-v421	event-run-phase1a-ru88n-hg002-grch38-v421-record-1216	GRCh38|chr20|10567754|A|G	CROSS_RUN_EQUIVALENCE_UNRESOLVED
run-phase1a-60z59-hg002-grch38-v421	event-run-phase1a-60z59-hg002-grch38-v421-record-1215	run-phase1a-ru88n-hg002-grch38-v421	event-run-phase1a-ru88n-hg002-grch38-v421-record-1217	GRCh38|chr20|10567856|G|A	CROSS_RUN_EQUIVALENCE_UNRESOLVED
run-phase1a-60z59-hg002-grch38-v421	event-run-phase1a-60z59-hg002-grch38-v421-record-1216	run-phase1a-ru88n-hg002-grch38-v421	event-run-phase1a-ru88n-hg002-grch38-v421-record-1218	GRCh38|chr20|10568855|G|A	CROSS_RUN_EQUIVALENCE_UNRESOLVED
run-phase1a-60z59-hg002-grch38-v421	event-run-phase1a-60z59-hg002-grch38-v421-record-1217	run-phase1a-ru88n-hg002-grch38-v421	event-run-phase1a-ru88n-hg002-grch38-v421-record-1219	GRCh38|chr20|10569175|A|AT	CROSS_RUN_EQUIVALENCE_UNRESOLVED
run-phase1a-60z59-hg002-grch38-v421	event-run-phase1a-60z59-hg002-grch38-v421-record-1218	run-phase1a-ru88n-hg002-grch38-v421	event-run-phase1a-ru88n-hg002-grch38-v421-record-1220	GRCh38|chr20|10569896|C|T	CROSS_RUN_EQUIVALENCE_UNRESOLVED
run-phase1a-60z59-hg002-grch38-v421	event-run-phase1a-60z59-hg002-grch38-v421-record-1219	run-phase1a-ru88n-hg002-grch38-v421	event-run-phase1a-ru88n-hg002-grch38-v421-record-1221	GRCh38|chr20|10570725|C|T	CROSS_RUN_EQUIVALENCE_UNRESOLVED
run-phase1a-60z59-hg002-grch38-v421	event-run-phase1a-60z59-hg002-grch38-v421-record-1220	run-phase1a-ru88n-hg002-grch38-v421	event-run-phase1a-ru88n-hg002-grch38-v421-record-1222	GRCh38|chr20|10570894|G|A	CROSS_RUN_EQUIVALENCE_UNRESOLVED
run-phase1a-60z59-hg002-grch38-v421	event-run-phase1a-60z59-hg002-grch38-v421-record-1221	run-phase1a-ru88n-hg002-grch38-v421	event-run-phase1a-ru88n-hg002-grch38-v421-record-1223	GRCh38|chr20|10570905|T|C	CROSS_RUN_EQUIVALENCE_UNRESOLVED
run-phase1a-60z59-hg002-grch38-v421	event-run-phase1a-60z59-hg002-grch38-v421-record-1222	run-phase1a-ru88n-hg002-grch38-v421	event-run-phase1a-ru88n-hg002-grch38-v421-record-1224	GRCh38|chr20|10571251|A|C	CROSS_RUN_EQUIVALENCE_UNRESOLVED
run-phase1a-60z59-hg002-grch38-v421	event-run-phase1a-60z59-hg002-grch38-v421-record-1223	run-phase1a-ru88n-hg002-grch38-v421	event-run-phase1a-ru88n-hg002-grch38-v421-record-1225	GRCh38|chr20|10571535|T|G	CROSS_RUN_EQUIVALENCE_UNRESOLVED
run-phase1a-60z59-hg002-grch38-v421	event-run-phase1a-60z59-hg002-grch38-v421-record-1224	run-phase1a-ru88n-hg002-grch38-v421	event-run-phase1a-ru88n-hg002-grch38-v421-record-1226	GRCh38|chr20|10572002|T|C	CROSS_RUN_EQUIVALENCE_UNRESOLVED
run-phase1a-60z59-hg002-grch38-v421	event-run-phase1a-60z59-hg002-grch38-v421-record-1225	run-phase1a-ru88n-hg002-grch38-v421	event-run-phase1a-ru88n-hg002-grch38-v421-record-1227	GRCh38|chr20|10574758|C|G	CROSS_RUN_EQUIVALENCE_UNRESOLVED
run-phase1a-60z59-hg002-grch38-v421	event-run-phase1a-60z59-hg002-grch38-v421-record-1226	run-phase1a-ru88n-hg002-grch38-v421	event-run-phase1a-ru88n-hg002-grch38-v421-record-1228	GRCh38|chr20|10574888|G|A	CROSS_RUN_EQUIVALENCE_UNRESOLVED
run-phase1a-60z59-hg002-grch38-v421	event-run-phase1a-60z59-hg002-grch38-v421-record-1227	run-phase1a-ru88n-hg002-grch38-v421	event-run-phase1a-ru88n-hg002-grch38-v421-record-1229	GRCh38|chr20|10576604|C|T	CROSS_RUN_EQUIVALENCE_UNRESOLVED
run-phase1a-60z59-hg002-grch38-v421	event-run-phase1a-60z59-hg002-grch38-v421-record-1228	run-phase1a-ru88n-hg002-grch38-v421	event-run-phase1a-ru88n-hg002-grch38-v421-record-1230	GRCh38|chr20|10578826|A|G	CROSS_RUN_EQUIVALENCE_UNRESOLVED
run-phase1a-60z59-hg002-grch38-v421	event-run-phase1a-60z59-hg002-grch38-v421-record-1229	run-phase1a-ru88n-hg002-grch38-v421	event-run-phase1a-ru88n-hg002-grch38-v421-record-1231	GRCh38|chr20|10579677|T|C	CROSS_RUN_EQUIVALENCE_UNRESOLVED
run-phase1a-60z59-hg002-grch38-v421	event-run-phase1a-60z59-hg002-grch38-v421-record-1230	run-phase1a-ru88n-hg002-grch38-v421	event-run-phase1a-ru88n-hg002-grch38-v421-record-1232	GRCh38|chr20|10580499|C|CT	CROSS_RUN_EQUIVALENCE_UNRESOLVED
run-phase1a-60z59-hg002-grch38-v421	event-run-phase1a-60z59-hg002-grch38-v421-record-1231	run-phase1a-ru88n-hg002-grch38-v421	event-run-phase1a-ru88n-hg002-grch38-v421-record-1233	GRCh38|chr20|10580721|T|C	CROSS_RUN_EQUIVALENCE_UNRESOLVED
run-phase1a-60z59-hg002-grch38-v421	event-run-phase1a-60z59-hg002-grch38-v421-record-1232	run-phase1a-ru88n-hg002-grch38-v421	event-run-phase1a-ru88n-hg002-grch38-v421-record-1234	GRCh38|chr20|10582010|C|T	CROSS_RUN_EQUIVALENCE_UNRESOLVED
run-phase1a-60z59-hg002-grch38-v421	event-run-phase1a-60z59-hg002-grch38-v421-record-1233	run-phase1a-ru88n-hg002-grch38-v421	event-run-phase1a-ru88n-hg002-grch38-v421-record-1235	GRCh38|chr20|10583260|A|G	CROSS_RUN_EQUIVALENCE_UNRESOLVED
run-phase1a-60z59-hg002-grch38-v421	event-run-phase1a-60z59-hg002-grch38-v421-record-1234	run-phase1a-ru88n-hg002-grch38-v421	event-run-phase1a-ru88n-hg002-grch38-v421-record-1236	GRCh38|chr20|10583861|C|T	CROSS_RUN_EQUIVALENCE_UNRESOLVED
run-phase1a-60z59-hg002-grch38-v421	event-run-phase1a-60z59-hg002-grch38-v421-record-1235	run-phase1a-ru88n-hg002-grch38-v421	event-run-phase1a-ru88n-hg002-grch38-v421-record-1237	GRCh38|chr20|10587577|A|G	CROSS_RUN_EQUIVALENCE_UNRESOLVED
run-phase1a-60z59-hg002-grch38-v421	event-run-phase1a-60z59-hg002-grch38-v421-record-1236	run-phase1a-ru88n-hg002-grch38-v421	event-run-phase1a-ru88n-hg002-grch38-v421-record-1238	GRCh38|chr20|10589820|GA|G	CROSS_RUN_EQUIVALENCE_UNRESOLVED
run-phase1a-60z59-hg002-grch38-v421	event-run-phase1a-60z59-hg002-grch38-v421-record-1237	run-phase1a-ru88n-hg002-grch38-v421	event-run-phase1a-ru88n-hg002-grch38-v421-record-1239	GRCh38|chr20|10590527|A|AT	CROSS_RUN_EQUIVALENCE_UNRESOLVED
run-phase1a-60z59-hg002-grch38-v421	event-run-phase1a-60z59-hg002-grch38-v421-record-1238	run-phase1a-ru88n-hg002-grch38-v421	event-run-phase1a-ru88n-hg002-grch38-v421-record-1240	GRCh38|chr20|10592346|AC|A	CROSS_RUN_EQUIVALENCE_UNRESOLVED
run-phase1a-60z59-hg002-grch38-v421	event-run-phase1a-60z59-hg002-grch38-v421-record-1241	run-phase1a-ru88n-hg002-grch38-v421	event-run-phase1a-ru88n-hg002-grch38-v421-record-1243	GRCh38|chr20|10592838|G|T	CROSS_RUN_EQUIVALENCE_UNRESOLVED
run-phase1a-60z59-hg002-grch38-v421	event-run-phase1a-60z59-hg002-grch38-v421-record-1242	run-phase1a-ru88n-hg002-grch38-v421	event-run-phase1a-ru88n-hg002-grch38-v421-record-1244	GRCh38|chr20|10595225|A|G	CROSS_RUN_EQUIVALENCE_UNRESOLVED
run-phase1a-60z59-hg002-grch38-v421	event-run-phase1a-60z59-hg002-grch38-v421-record-1243	run-phase1a-ru88n-hg002-grch38-v421	event-run-phase1a-ru88n-hg002-grch38-v421-record-1245	GRCh38|chr20|10595822|A|G	CROSS_RUN_EQUIVALENCE_UNRESOLVED
run-phase1a-60z59-hg002-grch38-v421	event-run-phase1a-60z59-hg002-grch38-v421-record-1244	run-phase1a-ru88n-hg002-grch38-v421	event-run-phase1a-ru88n-hg002-grch38-v421-record-1246	GRCh38|chr20|10597357|G|A	CROSS_RUN_EQUIVALENCE_UNRESOLVED
run-phase1a-60z59-hg002-grch38-v421	event-run-phase1a-60z59-hg002-grch38-v421-record-1245	run-phase1a-ru88n-hg002-grch38-v421	event-run-phase1a-ru88n-hg002-grch38-v421-record-1247	GRCh38|chr20|10597894|G|C	CROSS_RUN_EQUIVALENCE_UNRESOLVED
run-phase1a-60z59-hg002-grch38-v421	event-run-phase1a-60z59-hg002-grch38-v421-record-1246	run-phase1a-ru88n-hg002-grch38-v421	event-run-phase1a-ru88n-hg002-grch38-v421-record-1248	GRCh38|chr20|10599348|A|G	CROSS_RUN_EQUIVALENCE_UNRESOLVED
run-phase1a-60z59-hg002-grch38-v421	event-run-phase1a-60z59-hg002-grch38-v421-record-1247	run-phase1a-ru88n-hg002-grch38-v421	event-run-phase1a-ru88n-hg002-grch38-v421-record-1249	GRCh38|chr20|10600052|A|G	CROSS_RUN_EQUIVALENCE_UNRESOLVED
run-phase1a-60z59-hg002-grch38-v421	event-run-phase1a-60z59-hg002-grch38-v421-record-1248	run-phase1a-ru88n-hg002-grch38-v421	event-run-phase1a-ru88n-hg002-grch38-v421-record-1250	GRCh38|chr20|10601490|T|C	CROSS_RUN_EQUIVALENCE_UNRESOLVED
run-phase1a-60z59-hg002-grch38-v421	event-run-phase1a-60z59-hg002-grch38-v421-record-1249	run-phase1a-ru88n-hg002-grch38-v421	event-run-phase1a-ru88n-hg002-grch38-v421-record-1251	GRCh38|chr20|10603861|A|G	CROSS_RUN_EQUIVALENCE_UNRESOLVED
run-phase1a-60z59-hg002-grch38-v421	event-run-phase1a-60z59-hg002-grch38-v421-record-1250	run-phase1a-ru88n-hg002-grch38-v421	event-run-phase1a-ru88n-hg002-grch38-v421-record-1252	GRCh38|chr20|10604091|G|C	CROSS_RUN_EQUIVALENCE_UNRESOLVED
run-phase1a-60z59-hg002-grch38-v421	event-run-phase1a-60z59-hg002-grch38-v421-record-1251	run-phase1a-ru88n-hg002-grch38-v421	event-run-phase1a-ru88n-hg002-grch38-v421-record-1253	GRCh38|chr20|10608125|A|C	CROSS_RUN_EQUIVALENCE_UNRESOLVED
run-phase1a-60z59-hg002-grch38-v421	event-run-phase1a-60z59-hg002-grch38-v421-record-1252	run-phase1a-ru88n-hg002-grch38-v421	event-run-phase1a-ru88n-hg002-grch38-v421-record-1254	GRCh38|chr20|10608698|A|G	CROSS_RUN_EQUIVALENCE_UNRESOLVED
run-phase1a-60z59-hg002-grch38-v421	event-run-phase1a-60z59-hg002-grch38-v421-record-1253	run-phase1a-ru88n-hg002-grch38-v421	event-run-phase1a-ru88n-hg002-grch38-v421-record-1255	GRCh38|chr20|10608955|AAGTACCAAAG|A	CROSS_RUN_EQUIVALENCE_UNRESOLVED
run-phase1a-60z59-hg002-grch38-v421	event-run-phase1a-60z59-hg002-grch38-v421-record-1254	run-phase1a-ru88n-hg002-grch38-v421	event-run-phase1a-ru88n-hg002-grch38-v421-record-1256	GRCh38|chr20|10609933|TA|T	CROSS_RUN_EQUIVALENCE_UNRESOLVED
run-phase1a-60z59-hg002-grch38-v421	event-run-phase1a-60z59-hg002-grch38-v421-record-1255	run-phase1a-ru88n-hg002-grch38-v421	event-run-phase1a-ru88n-hg002-grch38-v421-record-1257	GRCh38|chr20|10610803|C|A	CROSS_RUN_EQUIVALENCE_UNRESOLVED
run-phase1a-60z59-hg002-grch38-v421	event-run-phase1a-60z59-hg002-grch38-v421-record-1256	run-phase1a-ru88n-hg002-grch38-v421	event-run-phase1a-ru88n-hg002-grch38-v421-record-1258	GRCh38|chr20|10610905|T|TCTC	CROSS_RUN_EQUIVALENCE_UNRESOLVED
run-phase1a-60z59-hg002-grch38-v421	event-run-phase1a-60z59-hg002-grch38-v421-record-1257	run-phase1a-ru88n-hg002-grch38-v421	event-run-phase1a-ru88n-hg002-grch38-v421-record-1259	GRCh38|chr20|10616378|CA|C	CROSS_RUN_EQUIVALENCE_UNRESOLVED
run-phase1a-60z59-hg002-grch38-v421	event-run-phase1a-60z59-hg002-grch38-v421-record-1260	run-phase1a-ru88n-hg002-grch38-v421	event-run-phase1a-ru88n-hg002-grch38-v421-record-1261	GRCh38|chr20|10616574|T|C	CROSS_RUN_EQUIVALENCE_UNRESOLVED
run-phase1a-60z59-hg002-grch38-v421	event-run-phase1a-60z59-hg002-grch38-v421-record-1261	run-phase1a-ru88n-hg002-grch38-v421	event-run-phase1a-ru88n-hg002-grch38-v421-record-1262	GRCh38|chr20|10617361|C|A	CROSS_RUN_EQUIVALENCE_UNRESOLVED
run-phase1a-60z59-hg002-grch38-v421	event-run-phase1a-60z59-hg002-grch38-v421-record-1262	run-phase1a-ru88n-hg002-grch38-v421	event-run-phase1a-ru88n-hg002-grch38-v421-record-1263	GRCh38|chr20|10617388|C|T	CROSS_RUN_EQUIVALENCE_UNRESOLVED
run-phase1a-60z59-hg002-grch38-v421	event-run-phase1a-60z59-hg002-grch38-v421-record-1263	run-phase1a-ru88n-hg002-grch38-v421	event-run-phase1a-ru88n-hg002-grch38-v421-record-1264	GRCh38|chr20|10617428|G|A	CROSS_RUN_EQUIVALENCE_UNRESOLVED
run-phase1a-60z59-hg002-grch38-v421	event-run-phase1a-60z59-hg002-grch38-v421-record-1265	run-phase1a-ru88n-hg002-grch38-v421	event-run-phase1a-ru88n-hg002-grch38-v421-record-1265	GRCh38|chr20|10618931|C|A	CROSS_RUN_EQUIVALENCE_UNRESOLVED
run-phase1a-60z59-hg002-grch38-v421	event-run-phase1a-60z59-hg002-grch38-v421-record-1266	run-phase1a-ru88n-hg002-grch38-v421	event-run-phase1a-ru88n-hg002-grch38-v421-record-1266	GRCh38|chr20|10618948|C|T	CROSS_RUN_EQUIVALENCE_UNRESOLVED
run-phase1a-60z59-hg002-grch38-v421	event-run-phase1a-60z59-hg002-grch38-v421-record-1267	run-phase1a-ru88n-hg002-grch38-v421	event-run-phase1a-ru88n-hg002-grch38-v421-record-1267	GRCh38|chr20|10619788|A|C	CROSS_RUN_EQUIVALENCE_UNRESOLVED
run-phase1a-60z59-hg002-grch38-v421	event-run-phase1a-60z59-hg002-grch38-v421-record-1268	run-phase1a-ru88n-hg002-grch38-v421	event-run-phase1a-ru88n-hg002-grch38-v421-record-1268	GRCh38|chr20|10622320|GA|G	CROSS_RUN_EQUIVALENCE_UNRESOLVED
run-phase1a-60z59-hg002-grch38-v421	event-run-phase1a-60z59-hg002-grch38-v421-record-1269	run-phase1a-ru88n-hg002-grch38-v421	event-run-phase1a-ru88n-hg002-grch38-v421-record-1269	GRCh38|chr20|10623102|G|A	CROSS_RUN_EQUIVALENCE_UNRESOLVED
run-phase1a-60z59-hg002-grch38-v421	event-run-phase1a-60z59-hg002-grch38-v421-record-1270	run-phase1a-ru88n-hg002-grch38-v421	event-run-phase1a-ru88n-hg002-grch38-v421-record-1270	GRCh38|chr20|10623818|G|A	CROSS_RUN_EQUIVALENCE_UNRESOLVED
run-phase1a-60z59-hg002-grch38-v421	event-run-phase1a-60z59-hg002-grch38-v421-record-1271	run-phase1a-ru88n-hg002-grch38-v421	event-run-phase1a-ru88n-hg002-grch38-v421-record-1271	GRCh38|chr20|10624193|G|A	CROSS_RUN_EQUIVALENCE_UNRESOLVED
run-phase1a-60z59-hg002-grch38-v421	event-run-phase1a-60z59-hg002-grch38-v421-record-1272	run-phase1a-ru88n-hg002-grch38-v421	event-run-phase1a-ru88n-hg002-grch38-v421-record-1272	GRCh38|chr20|10624983|T|G	CROSS_RUN_EQUIVALENCE_UNRESOLVED
run-phase1a-60z59-hg002-grch38-v421	event-run-phase1a-60z59-hg002-grch38-v421-record-1275	run-phase1a-ru88n-hg002-grch38-v421	event-run-phase1a-ru88n-hg002-grch38-v421-record-1273	GRCh38|chr20|10628414|CCCAAGTGGATTCATTTCCATTTT|C	CROSS_RUN_EQUIVALENCE_UNRESOLVED
run-phase1a-60z59-hg002-grch38-v421	event-run-phase1a-60z59-hg002-grch38-v421-record-1276	run-phase1a-ru88n-hg002-grch38-v421	event-run-phase1a-ru88n-hg002-grch38-v421-record-1274	GRCh38|chr20|10628946|C|T	CROSS_RUN_EQUIVALENCE_UNRESOLVED
run-phase1a-60z59-hg002-grch38-v421	event-run-phase1a-60z59-hg002-grch38-v421-record-1277	run-phase1a-ru88n-hg002-grch38-v421	event-run-phase1a-ru88n-hg002-grch38-v421-record-1275	GRCh38|chr20|10629122|A|G	CROSS_RUN_EQUIVALENCE_UNRESOLVED
run-phase1a-60z59-hg002-grch38-v421	event-run-phase1a-60z59-hg002-grch38-v421-record-1278	run-phase1a-ru88n-hg002-grch38-v421	event-run-phase1a-ru88n-hg002-grch38-v421-record-1276	GRCh38|chr20|10630415|A|G	CROSS_RUN_EQUIVALENCE_UNRESOLVED
run-phase1a-60z59-hg002-grch38-v421	event-run-phase1a-60z59-hg002-grch38-v421-record-1279	run-phase1a-ru88n-hg002-grch38-v421	event-run-phase1a-ru88n-hg002-grch38-v421-record-1277	GRCh38|chr20|10630675|A|G	CROSS_RUN_EQUIVALENCE_UNRESOLVED
run-phase1a-60z59-hg002-grch38-v421	event-run-phase1a-60z59-hg002-grch38-v421-record-1280	run-phase1a-ru88n-hg002-grch38-v421	event-run-phase1a-ru88n-hg002-grch38-v421-record-1278	GRCh38|chr20|10632315|C|T	CROSS_RUN_EQUIVALENCE_UNRESOLVED
run-phase1a-60z59-hg002-grch38-v421	event-run-phase1a-60z59-hg002-grch38-v421-record-1281	run-phase1a-ru88n-hg002-grch38-v421	event-run-phase1a-ru88n-hg002-grch38-v421-record-1279	GRCh38|chr20|10633647|A|G	CROSS_RUN_EQUIVALENCE_UNRESOLVED
run-phase1a-60z59-hg002-grch38-v421	event-run-phase1a-60z59-hg002-grch38-v421-record-1282	run-phase1a-ru88n-hg002-grch38-v421	event-run-phase1a-ru88n-hg002-grch38-v421-record-1280	GRCh38|chr20|10633691|C|G	CROSS_RUN_EQUIVALENCE_UNRESOLVED
run-phase1a-60z59-hg002-grch38-v421	event-run-phase1a-60z59-hg002-grch38-v421-record-1283	run-phase1a-ru88n-hg002-grch38-v421	event-run-phase1a-ru88n-hg002-grch38-v421-record-1281	GRCh38|chr20|10633787|A|G	CROSS_RUN_EQUIVALENCE_UNRESOLVED
run-phase1a-60z59-hg002-grch38-v421	event-run-phase1a-60z59-hg002-grch38-v421-record-1284	run-phase1a-ru88n-hg002-grch38-v421	event-run-phase1a-ru88n-hg002-grch38-v421-record-1282	GRCh38|chr20|10636508|T|G	CROSS_RUN_EQUIVALENCE_UNRESOLVED
run-phase1a-60z59-hg002-grch38-v421	event-run-phase1a-60z59-hg002-grch38-v421-record-1285	run-phase1a-ru88n-hg002-grch38-v421	event-run-phase1a-ru88n-hg002-grch38-v421-record-1283	GRCh38|chr20|10636512|A|C	CROSS_RUN_EQUIVALENCE_UNRESOLVED
run-phase1a-60z59-hg002-grch38-v421	event-run-phase1a-60z59-hg002-grch38-v421-record-1286	run-phase1a-ru88n-hg002-grch38-v421	event-run-phase1a-ru88n-hg002-grch38-v421-record-1285	GRCh38|chr20|10637926|T|C	CROSS_RUN_EQUIVALENCE_UNRESOLVED
run-phase1a-60z59-hg002-grch38-v421	event-run-phase1a-60z59-hg002-grch38-v421-record-1287	run-phase1a-ru88n-hg002-grch38-v421	event-run-phase1a-ru88n-hg002-grch38-v421-record-1286	GRCh38|chr20|10638291|TA|T	CROSS_RUN_EQUIVALENCE_UNRESOLVED
run-phase1a-60z59-hg002-grch38-v421	event-run-phase1a-60z59-hg002-grch38-v421-record-1288	run-phase1a-ru88n-hg002-grch38-v421	event-run-phase1a-ru88n-hg002-grch38-v421-record-1287	GRCh38|chr20|10638366|A|C	CROSS_RUN_EQUIVALENCE_UNRESOLVED
run-phase1a-60z59-hg002-grch38-v421	event-run-phase1a-60z59-hg002-grch38-v421-record-1289	run-phase1a-ru88n-hg002-grch38-v421	event-run-phase1a-ru88n-hg002-grch38-v421-record-1288	GRCh38|chr20|10638641|C|CA	CROSS_RUN_EQUIVALENCE_UNRESOLVED
run-phase1a-60z59-hg002-grch38-v421	event-run-phase1a-60z59-hg002-grch38-v421-record-1290	run-phase1a-ru88n-hg002-grch38-v421	event-run-phase1a-ru88n-hg002-grch38-v421-record-1289	GRCh38|chr20|10639011|TA|T	CROSS_RUN_EQUIVALENCE_UNRESOLVED
run-phase1a-60z59-hg002-grch38-v421	event-run-phase1a-60z59-hg002-grch38-v421-record-1291	run-phase1a-ru88n-hg002-grch38-v421	event-run-phase1a-ru88n-hg002-grch38-v421-record-1290	GRCh38|chr20|10639627|G|A	CROSS_RUN_EQUIVALENCE_UNRESOLVED
run-phase1a-60z59-hg002-grch38-v421	event-run-phase1a-60z59-hg002-grch38-v421-record-1292	run-phase1a-ru88n-hg002-grch38-v421	event-run-phase1a-ru88n-hg002-grch38-v421-record-1291	GRCh38|chr20|10639738|A|G	CROSS_RUN_EQUIVALENCE_UNRESOLVED
run-phase1a-60z59-hg002-grch38-v421	event-run-phase1a-60z59-hg002-grch38-v421-record-1293	run-phase1a-ru88n-hg002-grch38-v421	event-run-phase1a-ru88n-hg002-grch38-v421-record-1292	GRCh38|chr20|10640399|AC|A	CROSS_RUN_EQUIVALENCE_UNRESOLVED
run-phase1a-60z59-hg002-grch38-v421	event-run-phase1a-60z59-hg002-grch38-v421-record-1294	run-phase1a-ru88n-hg002-grch38-v421	event-run-phase1a-ru88n-hg002-grch38-v421-record-1293	GRCh38|chr20|10640565|C|T	CROSS_RUN_EQUIVALENCE_UNRESOLVED
run-phase1a-60z59-hg002-grch38-v421	event-run-phase1a-60z59-hg002-grch38-v421-record-1295	run-phase1a-ru88n-hg002-grch38-v421	event-run-phase1a-ru88n-hg002-grch38-v421-record-1294	GRCh38|chr20|10641432|CA|C	CROSS_RUN_EQUIVALENCE_UNRESOLVED
run-phase1a-60z59-hg002-grch38-v421	event-run-phase1a-60z59-hg002-grch38-v421-record-1296	run-phase1a-ru88n-hg002-grch38-v421	event-run-phase1a-ru88n-hg002-grch38-v421-record-1295	GRCh38|chr20|10642387|CT|C	CROSS_RUN_EQUIVALENCE_UNRESOLVED
run-phase1a-60z59-hg002-grch38-v421	event-run-phase1a-60z59-hg002-grch38-v421-record-1297	run-phase1a-ru88n-hg002-grch38-v421	event-run-phase1a-ru88n-hg002-grch38-v421-record-1296	GRCh38|chr20|10643398|G|A	CROSS_RUN_EQUIVALENCE_UNRESOLVED
run-phase1a-60z59-hg002-grch38-v421	event-run-phase1a-60z59-hg002-grch38-v421-record-1298	run-phase1a-ru88n-hg002-grch38-v421	event-run-phase1a-ru88n-hg002-grch38-v421-record-1297	GRCh38|chr20|10643542|A|G	CROSS_RUN_EQUIVALENCE_UNRESOLVED
run-phase1a-60z59-hg002-grch38-v421	event-run-phase1a-60z59-hg002-grch38-v421-record-1301	run-phase1a-ru88n-hg002-grch38-v421	event-run-phase1a-ru88n-hg002-grch38-v421-record-1300	GRCh38|chr20|10647320|CCA|C	CROSS_RUN_EQUIVALENCE_UNRESOLVED
run-phase1a-60z59-hg002-grch38-v421	event-run-phase1a-60z59-hg002-grch38-v421-record-1302	run-phase1a-ru88n-hg002-grch38-v421	event-run-phase1a-ru88n-hg002-grch38-v421-record-1302	GRCh38|chr20|10652589|G|A	CROSS_RUN_EQUIVALENCE_UNRESOLVED
run-phase1a-60z59-hg002-grch38-v421	event-run-phase1a-60z59-hg002-grch38-v421-record-1303	run-phase1a-ru88n-hg002-grch38-v421	event-run-phase1a-ru88n-hg002-grch38-v421-record-1303	GRCh38|chr20|10652665|T|C	CROSS_RUN_EQUIVALENCE_UNRESOLVED
run-phase1a-60z59-hg002-grch38-v421	event-run-phase1a-60z59-hg002-grch38-v421-record-1304	run-phase1a-ru88n-hg002-grch38-v421	event-run-phase1a-ru88n-hg002-grch38-v421-record-1304	GRCh38|chr20|10655435|T|C	CROSS_RUN_EQUIVALENCE_UNRESOLVED
run-phase1a-60z59-hg002-grch38-v421	event-run-phase1a-60z59-hg002-grch38-v421-record-1305	run-phase1a-ru88n-hg002-grch38-v421	event-run-phase1a-ru88n-hg002-grch38-v421-record-1305	GRCh38|chr20|10657350|T|TAAA	CROSS_RUN_EQUIVALENCE_UNRESOLVED
run-phase1a-60z59-hg002-grch38-v421	event-run-phase1a-60z59-hg002-grch38-v421-record-1306	run-phase1a-ru88n-hg002-grch38-v421	event-run-phase1a-ru88n-hg002-grch38-v421-record-1306	GRCh38|chr20|10657738|A|T	CROSS_RUN_EQUIVALENCE_UNRESOLVED
run-phase1a-60z59-hg002-grch38-v421	event-run-phase1a-60z59-hg002-grch38-v421-record-1307	run-phase1a-ru88n-hg002-grch38-v421	event-run-phase1a-ru88n-hg002-grch38-v421-record-1307	GRCh38|chr20|10657920|G|A	CROSS_RUN_EQUIVALENCE_UNRESOLVED
run-phase1a-60z59-hg002-grch38-v421	event-run-phase1a-60z59-hg002-grch38-v421-record-1308	run-phase1a-ru88n-hg002-grch38-v421	event-run-phase1a-ru88n-hg002-grch38-v421-record-1308	GRCh38|chr20|10658198|G|T	CROSS_RUN_EQUIVALENCE_UNRESOLVED
run-phase1a-60z59-hg002-grch38-v421	event-run-phase1a-60z59-hg002-grch38-v421-record-1309	run-phase1a-ru88n-hg002-grch38-v421	event-run-phase1a-ru88n-hg002-grch38-v421-record-1309	GRCh38|chr20|10658737|A|G	CROSS_RUN_EQUIVALENCE_UNRESOLVED
run-phase1a-60z59-hg002-grch38-v421	event-run-phase1a-60z59-hg002-grch38-v421-record-1310	run-phase1a-ru88n-hg002-grch38-v421	event-run-phase1a-ru88n-hg002-grch38-v421-record-1310	GRCh38|chr20|10658895|G|A	CROSS_RUN_EQUIVALENCE_UNRESOLVED
run-phase1a-60z59-hg002-grch38-v421	event-run-phase1a-60z59-hg002-grch38-v421-record-1311	run-phase1a-ru88n-hg002-grch38-v421	event-run-phase1a-ru88n-hg002-grch38-v421-record-1311	GRCh38|chr20|10659275|A|G	CROSS_RUN_EQUIVALENCE_UNRESOLVED
run-phase1a-60z59-hg002-grch38-v421	event-run-phase1a-60z59-hg002-grch38-v421-record-1312	run-phase1a-ru88n-hg002-grch38-v421	event-run-phase1a-ru88n-hg002-grch38-v421-record-1312	GRCh38|chr20|10659340|T|C	CROSS_RUN_EQUIVALENCE_UNRESOLVED
run-phase1a-60z59-hg002-grch38-v421	event-run-phase1a-60z59-hg002-grch38-v421-record-1313	run-phase1a-ru88n-hg002-grch38-v421	event-run-phase1a-ru88n-hg002-grch38-v421-record-1313	GRCh38|chr20|10659442|A|T	CROSS_RUN_EQUIVALENCE_UNRESOLVED
run-phase1a-60z59-hg002-grch38-v421	event-run-phase1a-60z59-hg002-grch38-v421-record-1314	run-phase1a-ru88n-hg002-grch38-v421	event-run-phase1a-ru88n-hg002-grch38-v421-record-1314	GRCh38|chr20|10659553|A|G	CROSS_RUN_EQUIVALENCE_UNRESOLVED
run-phase1a-60z59-hg002-grch38-v421	event-run-phase1a-60z59-hg002-grch38-v421-record-1316	run-phase1a-ru88n-hg002-grch38-v421	event-run-phase1a-ru88n-hg002-grch38-v421-record-1315	GRCh38|chr20|10659658|C|A	CROSS_RUN_EQUIVALENCE_UNRESOLVED
run-phase1a-60z59-hg002-grch38-v421	event-run-phase1a-60z59-hg002-grch38-v421-record-1317	run-phase1a-ru88n-hg002-grch38-v421	event-run-phase1a-ru88n-hg002-grch38-v421-record-1316	GRCh38|chr20|10659796|T|A	CROSS_RUN_EQUIVALENCE_UNRESOLVED
run-phase1a-60z59-hg002-grch38-v421	event-run-phase1a-60z59-hg002-grch38-v421-record-1318	run-phase1a-ru88n-hg002-grch38-v421	event-run-phase1a-ru88n-hg002-grch38-v421-record-1317	GRCh38|chr20|10660152|A|G	CROSS_RUN_EQUIVALENCE_UNRESOLVED
run-phase1a-60z59-hg002-grch38-v421	event-run-phase1a-60z59-hg002-grch38-v421-record-1319	run-phase1a-ru88n-hg002-grch38-v421	event-run-phase1a-ru88n-hg002-grch38-v421-record-1318	GRCh38|chr20|10660229|A|G	CROSS_RUN_EQUIVALENCE_UNRESOLVED
run-phase1a-60z59-hg002-grch38-v421	event-run-phase1a-60z59-hg002-grch38-v421-record-1320	run-phase1a-ru88n-hg002-grch38-v421	event-run-phase1a-ru88n-hg002-grch38-v421-record-1319	GRCh38|chr20|10660317|TGCAG|T	CROSS_RUN_EQUIVALENCE_UNRESOLVED
run-phase1a-60z59-hg002-grch38-v421	event-run-phase1a-60z59-hg002-grch38-v421-record-1321	run-phase1a-ru88n-hg002-grch38-v421	event-run-phase1a-ru88n-hg002-grch38-v421-record-1320	GRCh38|chr20|10660580|T|C	CROSS_RUN_EQUIVALENCE_UNRESOLVED
run-phase1a-60z59-hg002-grch38-v421	event-run-phase1a-60z59-hg002-grch38-v421-record-1322	run-phase1a-ru88n-hg002-grch38-v421	event-run-phase1a-ru88n-hg002-grch38-v421-record-1321	GRCh38|chr20|10660985|C|A	CROSS_RUN_EQUIVALENCE_UNRESOLVED
run-phase1a-60z59-hg002-grch38-v421	event-run-phase1a-60z59-hg002-grch38-v421-record-1323	run-phase1a-ru88n-hg002-grch38-v421	event-run-phase1a-ru88n-hg002-grch38-v421-record-1322	GRCh38|chr20|10661481|A|G	CROSS_RUN_EQUIVALENCE_UNRESOLVED
run-phase1a-60z59-hg002-grch38-v421	event-run-phase1a-60z59-hg002-grch38-v421-record-1324	run-phase1a-ru88n-hg002-grch38-v421	event-run-phase1a-ru88n-hg002-grch38-v421-record-1323	GRCh38|chr20|10663033|CA|C	CROSS_RUN_EQUIVALENCE_UNRESOLVED
run-phase1a-60z59-hg002-grch38-v421	event-run-phase1a-60z59-hg002-grch38-v421-record-1325	run-phase1a-ru88n-hg002-grch38-v421	event-run-phase1a-ru88n-hg002-grch38-v421-record-1324	GRCh38|chr20|10663088|C|CA	CROSS_RUN_EQUIVALENCE_UNRESOLVED
run-phase1a-60z59-hg002-grch38-v421	event-run-phase1a-60z59-hg002-grch38-v421-record-1326	run-phase1a-ru88n-hg002-grch38-v421	event-run-phase1a-ru88n-hg002-grch38-v421-record-1325	GRCh38|chr20|10663202|A|C	CROSS_RUN_EQUIVALENCE_UNRESOLVED
run-phase1a-60z59-hg002-grch38-v421	event-run-phase1a-60z59-hg002-grch38-v421-record-1327	run-phase1a-ru88n-hg002-grch38-v421	event-run-phase1a-ru88n-hg002-grch38-v421-record-1326	GRCh38|chr20|10663304|G|T	CROSS_RUN_EQUIVALENCE_UNRESOLVED
run-phase1a-60z59-hg002-grch38-v421	event-run-phase1a-60z59-hg002-grch38-v421-record-1328	run-phase1a-ru88n-hg002-grch38-v421	event-run-phase1a-ru88n-hg002-grch38-v421-record-1327	GRCh38|chr20|10663510|A|G	CROSS_RUN_EQUIVALENCE_UNRESOLVED
run-phase1a-60z59-hg002-grch38-v421	event-run-phase1a-60z59-hg002-grch38-v421-record-1329	run-phase1a-ru88n-hg002-grch38-v421	event-run-phase1a-ru88n-hg002-grch38-v421-record-1328	GRCh38|chr20|10664373|A|AAC	CROSS_RUN_EQUIVALENCE_UNRESOLVED
run-phase1a-60z59-hg002-grch38-v421	event-run-phase1a-60z59-hg002-grch38-v421-record-1330	run-phase1a-ru88n-hg002-grch38-v421	event-run-phase1a-ru88n-hg002-grch38-v421-record-1329	GRCh38|chr20|10664549|A|G	CROSS_RUN_EQUIVALENCE_UNRESOLVED
run-phase1a-60z59-hg002-grch38-v421	event-run-phase1a-60z59-hg002-grch38-v421-record-1331	run-phase1a-ru88n-hg002-grch38-v421	event-run-phase1a-ru88n-hg002-grch38-v421-record-1330	GRCh38|chr20|10666023|T|G	CROSS_RUN_EQUIVALENCE_UNRESOLVED
run-phase1a-60z59-hg002-grch38-v421	event-run-phase1a-60z59-hg002-grch38-v421-record-1332	run-phase1a-ru88n-hg002-grch38-v421	event-run-phase1a-ru88n-hg002-grch38-v421-record-1331	GRCh38|chr20|10667303|A|G	CROSS_RUN_EQUIVALENCE_UNRESOLVED
run-phase1a-60z59-hg002-grch38-v421	event-run-phase1a-60z59-hg002-grch38-v421-record-1334	run-phase1a-ru88n-hg002-grch38-v421	event-run-phase1a-ru88n-hg002-grch38-v421-record-1334	GRCh38|chr20|10669037|A|AAAT	CROSS_RUN_EQUIVALENCE_UNRESOLVED
run-phase1a-60z59-hg002-grch38-v421	event-run-phase1a-60z59-hg002-grch38-v421-record-1335	run-phase1a-ru88n-hg002-grch38-v421	event-run-phase1a-ru88n-hg002-grch38-v421-record-1336	GRCh38|chr20|10673091|G|A	CROSS_RUN_EQUIVALENCE_UNRESOLVED
run-phase1a-60z59-hg002-grch38-v421	event-run-phase1a-60z59-hg002-grch38-v421-record-1336	run-phase1a-ru88n-hg002-grch38-v421	event-run-phase1a-ru88n-hg002-grch38-v421-record-1337	GRCh38|chr20|10673166|C|CA	CROSS_RUN_EQUIVALENCE_UNRESOLVED
run-phase1a-60z59-hg002-grch38-v421	event-run-phase1a-60z59-hg002-grch38-v421-record-1337	run-phase1a-ru88n-hg002-grch38-v421	event-run-phase1a-ru88n-hg002-grch38-v421-record-1338	GRCh38|chr20|10677154|CTG|C	CROSS_RUN_EQUIVALENCE_UNRESOLVED
run-phase1a-60z59-hg002-grch38-v421	event-run-phase1a-60z59-hg002-grch38-v421-record-1338	run-phase1a-ru88n-hg002-grch38-v421	event-run-phase1a-ru88n-hg002-grch38-v421-record-1339	GRCh38|chr20|10684675|T|C	CROSS_RUN_EQUIVALENCE_UNRESOLVED
run-phase1a-60z59-hg002-grch38-v421	event-run-phase1a-60z59-hg002-grch38-v421-record-1339	run-phase1a-ru88n-hg002-grch38-v421	event-run-phase1a-ru88n-hg002-grch38-v421-record-1340	GRCh38|chr20|10694849|A|G	CROSS_RUN_EQUIVALENCE_UNRESOLVED
run-phase1a-60z59-hg002-grch38-v421	event-run-phase1a-60z59-hg002-grch38-v421-record-1340	run-phase1a-ru88n-hg002-grch38-v421	event-run-phase1a-ru88n-hg002-grch38-v421-record-1342	GRCh38|chr20|10703018|A|T	CROSS_RUN_EQUIVALENCE_UNRESOLVED
run-phase1a-60z59-hg002-grch38-v421	event-run-phase1a-60z59-hg002-grch38-v421-record-1344	run-phase1a-ru88n-hg002-grch38-v421	event-run-phase1a-ru88n-hg002-grch38-v421-record-1344	GRCh38|chr20|10710418|C|T	CROSS_RUN_EQUIVALENCE_UNRESOLVED
run-phase1a-60z59-hg002-grch38-v421	event-run-phase1a-60z59-hg002-grch38-v421-record-1345	run-phase1a-ru88n-hg002-grch38-v421	event-run-phase1a-ru88n-hg002-grch38-v421-record-1345	GRCh38|chr20|10717399|G|A	CROSS_RUN_EQUIVALENCE_UNRESOLVED
run-phase1a-60z59-hg002-grch38-v421	event-run-phase1a-60z59-hg002-grch38-v421-record-1347	run-phase1a-ru88n-hg002-grch38-v421	event-run-phase1a-ru88n-hg002-grch38-v421-record-1346	GRCh38|chr20|10718916|G|A	CROSS_RUN_EQUIVALENCE_UNRESOLVED
run-phase1a-60z59-hg002-grch38-v421	event-run-phase1a-60z59-hg002-grch38-v421-record-1348	run-phase1a-ru88n-hg002-grch38-v421	event-run-phase1a-ru88n-hg002-grch38-v421-record-1347	GRCh38|chr20|10720946|G|T	CROSS_RUN_EQUIVALENCE_UNRESOLVED
run-phase1a-60z59-hg002-grch38-v421	event-run-phase1a-60z59-hg002-grch38-v421-record-1349	run-phase1a-ru88n-hg002-grch38-v421	event-run-phase1a-ru88n-hg002-grch38-v421-record-1348	GRCh38|chr20|10723345|A|G	CROSS_RUN_EQUIVALENCE_UNRESOLVED
run-phase1a-60z59-hg002-grch38-v421	event-run-phase1a-60z59-hg002-grch38-v421-record-1350	run-phase1a-ru88n-hg002-grch38-v421	event-run-phase1a-ru88n-hg002-grch38-v421-record-1349	GRCh38|chr20|10727378|C|G	CROSS_RUN_EQUIVALENCE_UNRESOLVED
run-phase1a-60z59-hg002-grch38-v421	event-run-phase1a-60z59-hg002-grch38-v421-record-1351	run-phase1a-ru88n-hg002-grch38-v421	event-run-phase1a-ru88n-hg002-grch38-v421-record-1350	GRCh38|chr20|10728830|C|G	CROSS_RUN_EQUIVALENCE_UNRESOLVED
run-phase1a-60z59-hg002-grch38-v421	event-run-phase1a-60z59-hg002-grch38-v421-record-1352	run-phase1a-ru88n-hg002-grch38-v421	event-run-phase1a-ru88n-hg002-grch38-v421-record-1351	GRCh38|chr20|10731402|C|G	CROSS_RUN_EQUIVALENCE_UNRESOLVED
run-phase1a-60z59-hg002-grch38-v421	event-run-phase1a-60z59-hg002-grch38-v421-record-1353	run-phase1a-ru88n-hg002-grch38-v421	event-run-phase1a-ru88n-hg002-grch38-v421-record-1352	GRCh38|chr20|10731737|G|T	CROSS_RUN_EQUIVALENCE_UNRESOLVED
run-phase1a-60z59-hg002-grch38-v421	event-run-phase1a-60z59-hg002-grch38-v421-record-1354	run-phase1a-ru88n-hg002-grch38-v421	event-run-phase1a-ru88n-hg002-grch38-v421-record-1353	GRCh38|chr20|10732162|T|C	CROSS_RUN_EQUIVALENCE_UNRESOLVED
run-phase1a-60z59-hg002-grch38-v421	event-run-phase1a-60z59-hg002-grch38-v421-record-1356	run-phase1a-ru88n-hg002-grch38-v421	event-run-phase1a-ru88n-hg002-grch38-v421-record-1354	GRCh38|chr20|10733968|T|C	CROSS_RUN_EQUIVALENCE_UNRESOLVED
run-phase1a-60z59-hg002-grch38-v421	event-run-phase1a-60z59-hg002-grch38-v421-record-1357	run-phase1a-ru88n-hg002-grch38-v421	event-run-phase1a-ru88n-hg002-grch38-v421-record-1355	GRCh38|chr20|10734596|C|T	CROSS_RUN_EQUIVALENCE_UNRESOLVED
run-phase1a-60z59-hg002-grch38-v421	event-run-phase1a-60z59-hg002-grch38-v421-record-1358	run-phase1a-ru88n-hg002-grch38-v421	event-run-phase1a-ru88n-hg002-grch38-v421-record-1356	GRCh38|chr20|10735802|C|A	CROSS_RUN_EQUIVALENCE_UNRESOLVED
run-phase1a-60z59-hg002-grch38-v421	event-run-phase1a-60z59-hg002-grch38-v421-record-1359	run-phase1a-ru88n-hg002-grch38-v421	event-run-phase1a-ru88n-hg002-grch38-v421-record-1357	GRCh38|chr20|10736109|G|A	CROSS_RUN_EQUIVALENCE_UNRESOLVED
run-phase1a-60z59-hg002-grch38-v421	event-run-phase1a-60z59-hg002-grch38-v421-record-1360	run-phase1a-ru88n-hg002-grch38-v421	event-run-phase1a-ru88n-hg002-grch38-v421-record-1358	GRCh38|chr20|10739581|G|A	CROSS_RUN_EQUIVALENCE_UNRESOLVED
run-phase1a-60z59-hg002-grch38-v421	event-run-phase1a-60z59-hg002-grch38-v421-record-1361	run-phase1a-ru88n-hg002-grch38-v421	event-run-phase1a-ru88n-hg002-grch38-v421-record-1359	GRCh38|chr20|10740525|A|G	CROSS_RUN_EQUIVALENCE_UNRESOLVED
run-phase1a-60z59-hg002-grch38-v421	event-run-phase1a-60z59-hg002-grch38-v421-record-1362	run-phase1a-ru88n-hg002-grch38-v421	event-run-phase1a-ru88n-hg002-grch38-v421-record-1360	GRCh38|chr20|10743989|T|C	CROSS_RUN_EQUIVALENCE_UNRESOLVED
run-phase1a-60z59-hg002-grch38-v421	event-run-phase1a-60z59-hg002-grch38-v421-record-1363	run-phase1a-ru88n-hg002-grch38-v421	event-run-phase1a-ru88n-hg002-grch38-v421-record-1361	GRCh38|chr20|10745176|C|T	CROSS_RUN_EQUIVALENCE_UNRESOLVED
run-phase1a-60z59-hg002-grch38-v421	event-run-phase1a-60z59-hg002-grch38-v421-record-1364	run-phase1a-ru88n-hg002-grch38-v421	event-run-phase1a-ru88n-hg002-grch38-v421-record-1362	GRCh38|chr20|10745403|A|G	CROSS_RUN_EQUIVALENCE_UNRESOLVED
run-phase1a-60z59-hg002-grch38-v421	event-run-phase1a-60z59-hg002-grch38-v421-record-1365	run-phase1a-ru88n-hg002-grch38-v421	event-run-phase1a-ru88n-hg002-grch38-v421-record-1363	GRCh38|chr20|10745480|A|G	CROSS_RUN_EQUIVALENCE_UNRESOLVED
run-phase1a-60z59-hg002-grch38-v421	event-run-phase1a-60z59-hg002-grch38-v421-record-1366	run-phase1a-ru88n-hg002-grch38-v421	event-run-phase1a-ru88n-hg002-grch38-v421-record-1364	GRCh38|chr20|10746059|C|A	CROSS_RUN_EQUIVALENCE_UNRESOLVED
run-phase1a-60z59-hg002-grch38-v421	event-run-phase1a-60z59-hg002-grch38-v421-record-1367	run-phase1a-ru88n-hg002-grch38-v421	event-run-phase1a-ru88n-hg002-grch38-v421-record-1365	GRCh38|chr20|10746269|G|T	CROSS_RUN_EQUIVALENCE_UNRESOLVED
run-phase1a-60z59-hg002-grch38-v421	event-run-phase1a-60z59-hg002-grch38-v421-record-1368	run-phase1a-ru88n-hg002-grch38-v421	event-run-phase1a-ru88n-hg002-grch38-v421-record-1366	GRCh38|chr20|10747651|G|A	CROSS_RUN_EQUIVALENCE_UNRESOLVED
run-phase1a-60z59-hg002-grch38-v421	event-run-phase1a-60z59-hg002-grch38-v421-record-1369	run-phase1a-ru88n-hg002-grch38-v421	event-run-phase1a-ru88n-hg002-grch38-v421-record-1367	GRCh38|chr20|10748210|C|T	CROSS_RUN_EQUIVALENCE_UNRESOLVED
run-phase1a-60z59-hg002-grch38-v421	event-run-phase1a-60z59-hg002-grch38-v421-record-1370	run-phase1a-ru88n-hg002-grch38-v421	event-run-phase1a-ru88n-hg002-grch38-v421-record-1368	GRCh38|chr20|10748222|C|CA	CROSS_RUN_EQUIVALENCE_UNRESOLVED
run-phase1a-60z59-hg002-grch38-v421	event-run-phase1a-60z59-hg002-grch38-v421-record-1371	run-phase1a-ru88n-hg002-grch38-v421	event-run-phase1a-ru88n-hg002-grch38-v421-record-1369	GRCh38|chr20|10748666|A|C	CROSS_RUN_EQUIVALENCE_UNRESOLVED
run-phase1a-60z59-hg002-grch38-v421	event-run-phase1a-60z59-hg002-grch38-v421-record-1372	run-phase1a-ru88n-hg002-grch38-v421	event-run-phase1a-ru88n-hg002-grch38-v421-record-1370	GRCh38|chr20|10748865|T|C	CROSS_RUN_EQUIVALENCE_UNRESOLVED
run-phase1a-60z59-hg002-grch38-v421	event-run-phase1a-60z59-hg002-grch38-v421-record-1373	run-phase1a-ru88n-hg002-grch38-v421	event-run-phase1a-ru88n-hg002-grch38-v421-record-1371	GRCh38|chr20|10749005|A|C	CROSS_RUN_EQUIVALENCE_UNRESOLVED
run-phase1a-60z59-hg002-grch38-v421	event-run-phase1a-60z59-hg002-grch38-v421-record-1374	run-phase1a-ru88n-hg002-grch38-v421	event-run-phase1a-ru88n-hg002-grch38-v421-record-1372	GRCh38|chr20|10749164|A|C	CROSS_RUN_EQUIVALENCE_UNRESOLVED
run-phase1a-60z59-hg002-grch38-v421	event-run-phase1a-60z59-hg002-grch38-v421-record-1375	run-phase1a-ru88n-hg002-grch38-v421	event-run-phase1a-ru88n-hg002-grch38-v421-record-1373	GRCh38|chr20|10749384|A|G	CROSS_RUN_EQUIVALENCE_UNRESOLVED
run-phase1a-60z59-hg002-grch38-v421	event-run-phase1a-60z59-hg002-grch38-v421-record-1376	run-phase1a-ru88n-hg002-grch38-v421	event-run-phase1a-ru88n-hg002-grch38-v421-record-1374	GRCh38|chr20|10749431|A|G	CROSS_RUN_EQUIVALENCE_UNRESOLVED
run-phase1a-60z59-hg002-grch38-v421	event-run-phase1a-60z59-hg002-grch38-v421-record-1377	run-phase1a-ru88n-hg002-grch38-v421	event-run-phase1a-ru88n-hg002-grch38-v421-record-1375	GRCh38|chr20|10749503|T|G	CROSS_RUN_EQUIVALENCE_UNRESOLVED
run-phase1a-60z59-hg002-grch38-v421	event-run-phase1a-60z59-hg002-grch38-v421-record-1378	run-phase1a-ru88n-hg002-grch38-v421	event-run-phase1a-ru88n-hg002-grch38-v421-record-1376	GRCh38|chr20|10749517|G|C	CROSS_RUN_EQUIVALENCE_UNRESOLVED
run-phase1a-60z59-hg002-grch38-v421	event-run-phase1a-60z59-hg002-grch38-v421-record-1379	run-phase1a-ru88n-hg002-grch38-v421	event-run-phase1a-ru88n-hg002-grch38-v421-record-1377	GRCh38|chr20|10749615|G|T	CROSS_RUN_EQUIVALENCE_UNRESOLVED
run-phase1a-60z59-hg002-grch38-v421	event-run-phase1a-60z59-hg002-grch38-v421-record-1380	run-phase1a-ru88n-hg002-grch38-v421	event-run-phase1a-ru88n-hg002-grch38-v421-record-1378	GRCh38|chr20|10749688|T|G	CROSS_RUN_EQUIVALENCE_UNRESOLVED
run-phase1a-60z59-hg002-grch38-v421	event-run-phase1a-60z59-hg002-grch38-v421-record-1381	run-phase1a-ru88n-hg002-grch38-v421	event-run-phase1a-ru88n-hg002-grch38-v421-record-1379	GRCh38|chr20|10749970|A|C	CROSS_RUN_EQUIVALENCE_UNRESOLVED
run-phase1a-60z59-hg002-grch38-v421	event-run-phase1a-60z59-hg002-grch38-v421-record-1382	run-phase1a-ru88n-hg002-grch38-v421	event-run-phase1a-ru88n-hg002-grch38-v421-record-1380	GRCh38|chr20|10749988|C|A	CROSS_RUN_EQUIVALENCE_UNRESOLVED
run-phase1a-60z59-hg002-grch38-v421	event-run-phase1a-60z59-hg002-grch38-v421-record-1383	run-phase1a-ru88n-hg002-grch38-v421	event-run-phase1a-ru88n-hg002-grch38-v421-record-1381	GRCh38|chr20|10750111|A|G	CROSS_RUN_EQUIVALENCE_UNRESOLVED
run-phase1a-60z59-hg002-grch38-v421	event-run-phase1a-60z59-hg002-grch38-v421-record-1384	run-phase1a-ru88n-hg002-grch38-v421	event-run-phase1a-ru88n-hg002-grch38-v421-record-1382	GRCh38|chr20|10750123|T|A	CROSS_RUN_EQUIVALENCE_UNRESOLVED
run-phase1a-60z59-hg002-grch38-v421	event-run-phase1a-60z59-hg002-grch38-v421-record-1385	run-phase1a-ru88n-hg002-grch38-v421	event-run-phase1a-ru88n-hg002-grch38-v421-record-1383	GRCh38|chr20|10750554|G|A	CROSS_RUN_EQUIVALENCE_UNRESOLVED
run-phase1a-60z59-hg002-grch38-v421	event-run-phase1a-60z59-hg002-grch38-v421-record-1386	run-phase1a-ru88n-hg002-grch38-v421	event-run-phase1a-ru88n-hg002-grch38-v421-record-1384	GRCh38|chr20|10750846|T|C	CROSS_RUN_EQUIVALENCE_UNRESOLVED
run-phase1a-60z59-hg002-grch38-v421	event-run-phase1a-60z59-hg002-grch38-v421-record-1387	run-phase1a-ru88n-hg002-grch38-v421	event-run-phase1a-ru88n-hg002-grch38-v421-record-1385	GRCh38|chr20|10751015|G|A	CROSS_RUN_EQUIVALENCE_UNRESOLVED
run-phase1a-60z59-hg002-grch38-v421	event-run-phase1a-60z59-hg002-grch38-v421-record-1388	run-phase1a-ru88n-hg002-grch38-v421	event-run-phase1a-ru88n-hg002-grch38-v421-record-1386	GRCh38|chr20|10751068|A|C	CROSS_RUN_EQUIVALENCE_UNRESOLVED
run-phase1a-60z59-hg002-grch38-v421	event-run-phase1a-60z59-hg002-grch38-v421-record-1389	run-phase1a-ru88n-hg002-grch38-v421	event-run-phase1a-ru88n-hg002-grch38-v421-record-1387	GRCh38|chr20|10751074|AAAAC|A	CROSS_RUN_EQUIVALENCE_UNRESOLVED
run-phase1a-60z59-hg002-grch38-v421	event-run-phase1a-60z59-hg002-grch38-v421-record-1390	run-phase1a-ru88n-hg002-grch38-v421	event-run-phase1a-ru88n-hg002-grch38-v421-record-1388	GRCh38|chr20|10751141|T|C	CROSS_RUN_EQUIVALENCE_UNRESOLVED
run-phase1a-60z59-hg002-grch38-v421	event-run-phase1a-60z59-hg002-grch38-v421-record-1391	run-phase1a-ru88n-hg002-grch38-v421	event-run-phase1a-ru88n-hg002-grch38-v421-record-1389	GRCh38|chr20|10751283|G|A	CROSS_RUN_EQUIVALENCE_UNRESOLVED
run-phase1a-60z59-hg002-grch38-v421	event-run-phase1a-60z59-hg002-grch38-v421-record-1392	run-phase1a-ru88n-hg002-grch38-v421	event-run-phase1a-ru88n-hg002-grch38-v421-record-1390	GRCh38|chr20|10751298|G|GT	CROSS_RUN_EQUIVALENCE_UNRESOLVED
run-phase1a-60z59-hg002-grch38-v421	event-run-phase1a-60z59-hg002-grch38-v421-record-1393	run-phase1a-ru88n-hg002-grch38-v421	event-run-phase1a-ru88n-hg002-grch38-v421-record-1391	GRCh38|chr20|10751407|C|CAGACAATTCCTCT	CROSS_RUN_EQUIVALENCE_UNRESOLVED
run-phase1a-60z59-hg002-grch38-v421	event-run-phase1a-60z59-hg002-grch38-v421-record-1394	run-phase1a-ru88n-hg002-grch38-v421	event-run-phase1a-ru88n-hg002-grch38-v421-record-1392	GRCh38|chr20|10751776|T|C	CROSS_RUN_EQUIVALENCE_UNRESOLVED
run-phase1a-60z59-hg002-grch38-v421	event-run-phase1a-60z59-hg002-grch38-v421-record-1395	run-phase1a-ru88n-hg002-grch38-v421	event-run-phase1a-ru88n-hg002-grch38-v421-record-1393	GRCh38|chr20|10751866|A|G	CROSS_RUN_EQUIVALENCE_UNRESOLVED
run-phase1a-60z59-hg002-grch38-v421	event-run-phase1a-60z59-hg002-grch38-v421-record-1396	run-phase1a-ru88n-hg002-grch38-v421	event-run-phase1a-ru88n-hg002-grch38-v421-record-1394	GRCh38|chr20|10751892|C|T	CROSS_RUN_EQUIVALENCE_UNRESOLVED
run-phase1a-60z59-hg002-grch38-v421	event-run-phase1a-60z59-hg002-grch38-v421-record-1397	run-phase1a-ru88n-hg002-grch38-v421	event-run-phase1a-ru88n-hg002-grch38-v421-record-1395	GRCh38|chr20|10752422|A|G	CROSS_RUN_EQUIVALENCE_UNRESOLVED
run-phase1a-60z59-hg002-grch38-v421	event-run-phase1a-60z59-hg002-grch38-v421-record-1398	run-phase1a-ru88n-hg002-grch38-v421	event-run-phase1a-ru88n-hg002-grch38-v421-record-1396	GRCh38|chr20|10752508|T|C	CROSS_RUN_EQUIVALENCE_UNRESOLVED
run-phase1a-60z59-hg002-grch38-v421	event-run-phase1a-60z59-hg002-grch38-v421-record-1399	run-phase1a-ru88n-hg002-grch38-v421	event-run-phase1a-ru88n-hg002-grch38-v421-record-1397	GRCh38|chr20|10752643|T|G	CROSS_RUN_EQUIVALENCE_UNRESOLVED
run-phase1a-60z59-hg002-grch38-v421	event-run-phase1a-60z59-hg002-grch38-v421-record-1400	run-phase1a-ru88n-hg002-grch38-v421	event-run-phase1a-ru88n-hg002-grch38-v421-record-1398	GRCh38|chr20|10753002|A|G	CROSS_RUN_EQUIVALENCE_UNRESOLVED
run-phase1a-60z59-hg002-grch38-v421	event-run-phase1a-60z59-hg002-grch38-v421-record-1401	run-phase1a-ru88n-hg002-grch38-v421	event-run-phase1a-ru88n-hg002-grch38-v421-record-1399	GRCh38|chr20|10753230|G|GAGAA	CROSS_RUN_EQUIVALENCE_UNRESOLVED
run-phase1a-60z59-hg002-grch38-v421	event-run-phase1a-60z59-hg002-grch38-v421-record-1402	run-phase1a-ru88n-hg002-grch38-v421	event-run-phase1a-ru88n-hg002-grch38-v421-record-1400	GRCh38|chr20|10753335|G|A	CROSS_RUN_EQUIVALENCE_UNRESOLVED
run-phase1a-60z59-hg002-grch38-v421	event-run-phase1a-60z59-hg002-grch38-v421-record-1403	run-phase1a-ru88n-hg002-grch38-v421	event-run-phase1a-ru88n-hg002-grch38-v421-record-1401	GRCh38|chr20|10753590|G|A	CROSS_RUN_EQUIVALENCE_UNRESOLVED
run-phase1a-60z59-hg002-grch38-v421	event-run-phase1a-60z59-hg002-grch38-v421-record-1404	run-phase1a-ru88n-hg002-grch38-v421	event-run-phase1a-ru88n-hg002-grch38-v421-record-1402	GRCh38|chr20|10753839|A|G	CROSS_RUN_EQUIVALENCE_UNRESOLVED
run-phase1a-60z59-hg002-grch38-v421	event-run-phase1a-60z59-hg002-grch38-v421-record-1405	run-phase1a-ru88n-hg002-grch38-v421	event-run-phase1a-ru88n-hg002-grch38-v421-record-1403	GRCh38|chr20|10753948|T|G	CROSS_RUN_EQUIVALENCE_UNRESOLVED
run-phase1a-60z59-hg002-grch38-v421	event-run-phase1a-60z59-hg002-grch38-v421-record-1406	run-phase1a-ru88n-hg002-grch38-v421	event-run-phase1a-ru88n-hg002-grch38-v421-record-1404	GRCh38|chr20|10754025|C|T	CROSS_RUN_EQUIVALENCE_UNRESOLVED
run-phase1a-60z59-hg002-grch38-v421	event-run-phase1a-60z59-hg002-grch38-v421-record-1407	run-phase1a-ru88n-hg002-grch38-v421	event-run-phase1a-ru88n-hg002-grch38-v421-record-1405	GRCh38|chr20|10754247|T|C	CROSS_RUN_EQUIVALENCE_UNRESOLVED
run-phase1a-60z59-hg002-grch38-v421	event-run-phase1a-60z59-hg002-grch38-v421-record-1408	run-phase1a-ru88n-hg002-grch38-v421	event-run-phase1a-ru88n-hg002-grch38-v421-record-1406	GRCh38|chr20|10754267|C|A	CROSS_RUN_EQUIVALENCE_UNRESOLVED
run-phase1a-60z59-hg002-grch38-v421	event-run-phase1a-60z59-hg002-grch38-v421-record-1410	run-phase1a-ru88n-hg002-grch38-v421	event-run-phase1a-ru88n-hg002-grch38-v421-record-1407	GRCh38|chr20|10756817|A|AAAAC	CROSS_RUN_EQUIVALENCE_UNRESOLVED
run-phase1a-60z59-hg002-grch38-v421	event-run-phase1a-60z59-hg002-grch38-v421-record-1411	run-phase1a-ru88n-hg002-grch38-v421	event-run-phase1a-ru88n-hg002-grch38-v421-record-1408	GRCh38|chr20|10757300|C|T	CROSS_RUN_EQUIVALENCE_UNRESOLVED
run-phase1a-60z59-hg002-grch38-v421	event-run-phase1a-60z59-hg002-grch38-v421-record-1412	run-phase1a-ru88n-hg002-grch38-v421	event-run-phase1a-ru88n-hg002-grch38-v421-record-1409	GRCh38|chr20|10758302|A|C	CROSS_RUN_EQUIVALENCE_UNRESOLVED
run-phase1a-60z59-hg002-grch38-v421	event-run-phase1a-60z59-hg002-grch38-v421-record-1413	run-phase1a-ru88n-hg002-grch38-v421	event-run-phase1a-ru88n-hg002-grch38-v421-record-1410	GRCh38|chr20|10759189|G|GT	CROSS_RUN_EQUIVALENCE_UNRESOLVED
run-phase1a-60z59-hg002-grch38-v421	event-run-phase1a-60z59-hg002-grch38-v421-record-1414	run-phase1a-ru88n-hg002-grch38-v421	event-run-phase1a-ru88n-hg002-grch38-v421-record-1411	GRCh38|chr20|10759702|A|G	CROSS_RUN_EQUIVALENCE_UNRESOLVED
run-phase1a-60z59-hg002-grch38-v421	event-run-phase1a-60z59-hg002-grch38-v421-record-1416	run-phase1a-ru88n-hg002-grch38-v421	event-run-phase1a-ru88n-hg002-grch38-v421-record-1413	GRCh38|chr20|10760355|G|A	CROSS_RUN_EQUIVALENCE_UNRESOLVED
run-phase1a-60z59-hg002-grch38-v421	event-run-phase1a-60z59-hg002-grch38-v421-record-1417	run-phase1a-ru88n-hg002-grch38-v421	event-run-phase1a-ru88n-hg002-grch38-v421-record-1414	GRCh38|chr20|10760527|A|T	CROSS_RUN_EQUIVALENCE_UNRESOLVED
run-phase1a-60z59-hg002-grch38-v421	event-run-phase1a-60z59-hg002-grch38-v421-record-1418	run-phase1a-ru88n-hg002-grch38-v421	event-run-phase1a-ru88n-hg002-grch38-v421-record-1415	GRCh38|chr20|10760799|C|CT	CROSS_RUN_EQUIVALENCE_UNRESOLVED
run-phase1a-60z59-hg002-grch38-v421	event-run-phase1a-60z59-hg002-grch38-v421-record-1419	run-phase1a-ru88n-hg002-grch38-v421	event-run-phase1a-ru88n-hg002-grch38-v421-record-1416	GRCh38|chr20|10761423|C|T	CROSS_RUN_EQUIVALENCE_UNRESOLVED
run-phase1a-60z59-hg002-grch38-v421	event-run-phase1a-60z59-hg002-grch38-v421-record-1420	run-phase1a-ru88n-hg002-grch38-v421	event-run-phase1a-ru88n-hg002-grch38-v421-record-1417	GRCh38|chr20|10762284|C|A	CROSS_RUN_EQUIVALENCE_UNRESOLVED
run-phase1a-60z59-hg002-grch38-v421	event-run-phase1a-60z59-hg002-grch38-v421-record-1421	run-phase1a-ru88n-hg002-grch38-v421	event-run-phase1a-ru88n-hg002-grch38-v421-record-1418	GRCh38|chr20|10762376|T|G	CROSS_RUN_EQUIVALENCE_UNRESOLVED
run-phase1a-60z59-hg002-grch38-v421	event-run-phase1a-60z59-hg002-grch38-v421-record-1422	run-phase1a-ru88n-hg002-grch38-v421	event-run-phase1a-ru88n-hg002-grch38-v421-record-1419	GRCh38|chr20|10762764|TTATA|T	CROSS_RUN_EQUIVALENCE_UNRESOLVED
run-phase1a-60z59-hg002-grch38-v421	event-run-phase1a-60z59-hg002-grch38-v421-record-1423	run-phase1a-ru88n-hg002-grch38-v421	event-run-phase1a-ru88n-hg002-grch38-v421-record-1420	GRCh38|chr20|10762786|A|G	CROSS_RUN_EQUIVALENCE_UNRESOLVED
run-phase1a-60z59-hg002-grch38-v421	event-run-phase1a-60z59-hg002-grch38-v421-record-1424	run-phase1a-ru88n-hg002-grch38-v421	event-run-phase1a-ru88n-hg002-grch38-v421-record-1423	GRCh38|chr20|10762852|G|A	CROSS_RUN_EQUIVALENCE_UNRESOLVED
run-phase1a-60z59-hg002-grch38-v421	event-run-phase1a-60z59-hg002-grch38-v421-record-1425	run-phase1a-ru88n-hg002-grch38-v421	event-run-phase1a-ru88n-hg002-grch38-v421-record-1424	GRCh38|chr20|10763134|G|T	CROSS_RUN_EQUIVALENCE_UNRESOLVED
run-phase1a-60z59-hg002-grch38-v421	event-run-phase1a-60z59-hg002-grch38-v421-record-1426	run-phase1a-ru88n-hg002-grch38-v421	event-run-phase1a-ru88n-hg002-grch38-v421-record-1425	GRCh38|chr20|10763874|TC|T	CROSS_RUN_EQUIVALENCE_UNRESOLVED
run-phase1a-60z59-hg002-grch38-v421	event-run-phase1a-60z59-hg002-grch38-v421-record-1427	run-phase1a-ru88n-hg002-grch38-v421	event-run-phase1a-ru88n-hg002-grch38-v421-record-1426	GRCh38|chr20|10763925|A|G	CROSS_RUN_EQUIVALENCE_UNRESOLVED
run-phase1a-60z59-hg002-grch38-v421	event-run-phase1a-60z59-hg002-grch38-v421-record-1428	run-phase1a-ru88n-hg002-grch38-v421	event-run-phase1a-ru88n-hg002-grch38-v421-record-1427	GRCh38|chr20|10764066|T|C	CROSS_RUN_EQUIVALENCE_UNRESOLVED
run-phase1a-60z59-hg002-grch38-v421	event-run-phase1a-60z59-hg002-grch38-v421-record-1429	run-phase1a-ru88n-hg002-grch38-v421	event-run-phase1a-ru88n-hg002-grch38-v421-record-1428	GRCh38|chr20|10764113|A|G	CROSS_RUN_EQUIVALENCE_UNRESOLVED
run-phase1a-60z59-hg002-grch38-v421	event-run-phase1a-60z59-hg002-grch38-v421-record-1430	run-phase1a-ru88n-hg002-grch38-v421	event-run-phase1a-ru88n-hg002-grch38-v421-record-1429	GRCh38|chr20|10764471|T|C	CROSS_RUN_EQUIVALENCE_UNRESOLVED
run-phase1a-60z59-hg002-grch38-v421	event-run-phase1a-60z59-hg002-grch38-v421-record-1431	run-phase1a-ru88n-hg002-grch38-v421	event-run-phase1a-ru88n-hg002-grch38-v421-record-1430	GRCh38|chr20|10764524|T|G	CROSS_RUN_EQUIVALENCE_UNRESOLVED
run-phase1a-60z59-hg002-grch38-v421	event-run-phase1a-60z59-hg002-grch38-v421-record-1432	run-phase1a-ru88n-hg002-grch38-v421	event-run-phase1a-ru88n-hg002-grch38-v421-record-1431	GRCh38|chr20|10764897|G|C	CROSS_RUN_EQUIVALENCE_UNRESOLVED
run-phase1a-60z59-hg002-grch38-v421	event-run-phase1a-60z59-hg002-grch38-v421-record-1433	run-phase1a-ru88n-hg002-grch38-v421	event-run-phase1a-ru88n-hg002-grch38-v421-record-1432	GRCh38|chr20|10765830|A|G	CROSS_RUN_EQUIVALENCE_UNRESOLVED
run-phase1a-60z59-hg002-grch38-v421	event-run-phase1a-60z59-hg002-grch38-v421-record-1435	run-phase1a-ru88n-hg002-grch38-v421	event-run-phase1a-ru88n-hg002-grch38-v421-record-1434	GRCh38|chr20|10766892|T|C	CROSS_RUN_EQUIVALENCE_UNRESOLVED
run-phase1a-60z59-hg002-grch38-v421	event-run-phase1a-60z59-hg002-grch38-v421-record-1436	run-phase1a-ru88n-hg002-grch38-v421	event-run-phase1a-ru88n-hg002-grch38-v421-record-1435	GRCh38|chr20|10766909|T|C	CROSS_RUN_EQUIVALENCE_UNRESOLVED
run-phase1a-60z59-hg002-grch38-v421	event-run-phase1a-60z59-hg002-grch38-v421-record-1437	run-phase1a-ru88n-hg002-grch38-v421	event-run-phase1a-ru88n-hg002-grch38-v421-record-1436	GRCh38|chr20|10767717|T|TC	CROSS_RUN_EQUIVALENCE_UNRESOLVED
run-phase1a-60z59-hg002-grch38-v421	event-run-phase1a-60z59-hg002-grch38-v421-record-1438	run-phase1a-ru88n-hg002-grch38-v421	event-run-phase1a-ru88n-hg002-grch38-v421-record-1437	GRCh38|chr20|10768426|A|G	CROSS_RUN_EQUIVALENCE_UNRESOLVED
run-phase1a-60z59-hg002-grch38-v421	event-run-phase1a-60z59-hg002-grch38-v421-record-1439	run-phase1a-ru88n-hg002-grch38-v421	event-run-phase1a-ru88n-hg002-grch38-v421-record-1438	GRCh38|chr20|10768573|A|T	CROSS_RUN_EQUIVALENCE_UNRESOLVED
run-phase1a-60z59-hg002-grch38-v421	event-run-phase1a-60z59-hg002-grch38-v421-record-1440	run-phase1a-ru88n-hg002-grch38-v421	event-run-phase1a-ru88n-hg002-grch38-v421-record-1439	GRCh38|chr20|10770563|T|G	CROSS_RUN_EQUIVALENCE_UNRESOLVED
run-phase1a-60z59-hg002-grch38-v421	event-run-phase1a-60z59-hg002-grch38-v421-record-1441	run-phase1a-ru88n-hg002-grch38-v421	event-run-phase1a-ru88n-hg002-grch38-v421-record-1440	GRCh38|chr20|10771163|T|A	CROSS_RUN_EQUIVALENCE_UNRESOLVED
run-phase1a-60z59-hg002-grch38-v421	event-run-phase1a-60z59-hg002-grch38-v421-record-1443	run-phase1a-ru88n-hg002-grch38-v421	event-run-phase1a-ru88n-hg002-grch38-v421-record-1442	GRCh38|chr20|10772589|G|A	CROSS_RUN_EQUIVALENCE_UNRESOLVED
run-phase1a-60z59-hg002-grch38-v421	event-run-phase1a-60z59-hg002-grch38-v421-record-1444	run-phase1a-ru88n-hg002-grch38-v421	event-run-phase1a-ru88n-hg002-grch38-v421-record-1443	GRCh38|chr20|10774505|C|A	CROSS_RUN_EQUIVALENCE_UNRESOLVED
run-phase1a-60z59-hg002-grch38-v421	event-run-phase1a-60z59-hg002-grch38-v421-record-1445	run-phase1a-ru88n-hg002-grch38-v421	event-run-phase1a-ru88n-hg002-grch38-v421-record-1444	GRCh38|chr20|10774772|C|T	CROSS_RUN_EQUIVALENCE_UNRESOLVED
run-phase1a-60z59-hg002-grch38-v421	event-run-phase1a-60z59-hg002-grch38-v421-record-1446	run-phase1a-ru88n-hg002-grch38-v421	event-run-phase1a-ru88n-hg002-grch38-v421-record-1445	GRCh38|chr20|10775518|G|A	CROSS_RUN_EQUIVALENCE_UNRESOLVED
run-phase1a-60z59-hg002-grch38-v421	event-run-phase1a-60z59-hg002-grch38-v421-record-1447	run-phase1a-ru88n-hg002-grch38-v421	event-run-phase1a-ru88n-hg002-grch38-v421-record-1446	GRCh38|chr20|10775866|C|T	CROSS_RUN_EQUIVALENCE_UNRESOLVED
run-phase1a-60z59-hg002-grch38-v421	event-run-phase1a-60z59-hg002-grch38-v421-record-1448	run-phase1a-ru88n-hg002-grch38-v421	event-run-phase1a-ru88n-hg002-grch38-v421-record-1447	GRCh38|chr20|10776838|T|TCACACACACACA	CROSS_RUN_EQUIVALENCE_UNRESOLVED
run-phase1a-60z59-hg002-grch38-v421	event-run-phase1a-60z59-hg002-grch38-v421-record-1449	run-phase1a-ru88n-hg002-grch38-v421	event-run-phase1a-ru88n-hg002-grch38-v421-record-1448	GRCh38|chr20|10778727|T|C	CROSS_RUN_EQUIVALENCE_UNRESOLVED
run-phase1a-60z59-hg002-grch38-v421	event-run-phase1a-60z59-hg002-grch38-v421-record-1450	run-phase1a-ru88n-hg002-grch38-v421	event-run-phase1a-ru88n-hg002-grch38-v421-record-1449	GRCh38|chr20|10778811|C|T	CROSS_RUN_EQUIVALENCE_UNRESOLVED
run-phase1a-60z59-hg002-grch38-v421	event-run-phase1a-60z59-hg002-grch38-v421-record-1451	run-phase1a-ru88n-hg002-grch38-v421	event-run-phase1a-ru88n-hg002-grch38-v421-record-1450	GRCh38|chr20|10780782|T|A	CROSS_RUN_EQUIVALENCE_UNRESOLVED
run-phase1a-60z59-hg002-grch38-v421	event-run-phase1a-60z59-hg002-grch38-v421-record-1452	run-phase1a-ru88n-hg002-grch38-v421	event-run-phase1a-ru88n-hg002-grch38-v421-record-1451	GRCh38|chr20|10782366|A|G	CROSS_RUN_EQUIVALENCE_UNRESOLVED
run-phase1a-60z59-hg002-grch38-v421	event-run-phase1a-60z59-hg002-grch38-v421-record-1453	run-phase1a-ru88n-hg002-grch38-v421	event-run-phase1a-ru88n-hg002-grch38-v421-record-1452	GRCh38|chr20|10783359|G|A	CROSS_RUN_EQUIVALENCE_UNRESOLVED
run-phase1a-60z59-hg002-grch38-v421	event-run-phase1a-60z59-hg002-grch38-v421-record-1454	run-phase1a-ru88n-hg002-grch38-v421	event-run-phase1a-ru88n-hg002-grch38-v421-record-1453	GRCh38|chr20|10783728|T|TA	CROSS_RUN_EQUIVALENCE_UNRESOLVED
run-phase1a-60z59-hg002-grch38-v421	event-run-phase1a-60z59-hg002-grch38-v421-record-1455	run-phase1a-ru88n-hg002-grch38-v421	event-run-phase1a-ru88n-hg002-grch38-v421-record-1454	GRCh38|chr20|10785338|A|G	CROSS_RUN_EQUIVALENCE_UNRESOLVED
run-phase1a-60z59-hg002-grch38-v421	event-run-phase1a-60z59-hg002-grch38-v421-record-1456	run-phase1a-ru88n-hg002-grch38-v421	event-run-phase1a-ru88n-hg002-grch38-v421-record-1455	GRCh38|chr20|10785514|C|T	CROSS_RUN_EQUIVALENCE_UNRESOLVED
run-phase1a-60z59-hg002-grch38-v421	event-run-phase1a-60z59-hg002-grch38-v421-record-1457	run-phase1a-ru88n-hg002-grch38-v421	event-run-phase1a-ru88n-hg002-grch38-v421-record-1456	GRCh38|chr20|10788426|G|T	CROSS_RUN_EQUIVALENCE_UNRESOLVED
run-phase1a-60z59-hg002-grch38-v421	event-run-phase1a-60z59-hg002-grch38-v421-record-1459	run-phase1a-ru88n-hg002-grch38-v421	event-run-phase1a-ru88n-hg002-grch38-v421-record-1458	GRCh38|chr20|10789229|T|C	CROSS_RUN_EQUIVALENCE_UNRESOLVED
run-phase1a-60z59-hg002-grch38-v421	event-run-phase1a-60z59-hg002-grch38-v421-record-1460	run-phase1a-ru88n-hg002-grch38-v421	event-run-phase1a-ru88n-hg002-grch38-v421-record-1459	GRCh38|chr20|10792650|T|C	CROSS_RUN_EQUIVALENCE_UNRESOLVED
run-phase1a-60z59-hg002-grch38-v421	event-run-phase1a-60z59-hg002-grch38-v421-record-1461	run-phase1a-ru88n-hg002-grch38-v421	event-run-phase1a-ru88n-hg002-grch38-v421-record-1460	GRCh38|chr20|10792877|A|G	CROSS_RUN_EQUIVALENCE_UNRESOLVED
run-phase1a-60z59-hg002-grch38-v421	event-run-phase1a-60z59-hg002-grch38-v421-record-1462	run-phase1a-ru88n-hg002-grch38-v421	event-run-phase1a-ru88n-hg002-grch38-v421-record-1461	GRCh38|chr20|10794676|TAC|T	CROSS_RUN_EQUIVALENCE_UNRESOLVED
run-phase1a-60z59-hg002-grch38-v421	event-run-phase1a-60z59-hg002-grch38-v421-record-1463	run-phase1a-ru88n-hg002-grch38-v421	event-run-phase1a-ru88n-hg002-grch38-v421-record-1462	GRCh38|chr20|10794845|T|C	CROSS_RUN_EQUIVALENCE_UNRESOLVED
run-phase1a-60z59-hg002-grch38-v421	event-run-phase1a-60z59-hg002-grch38-v421-record-1464	run-phase1a-ru88n-hg002-grch38-v421	event-run-phase1a-ru88n-hg002-grch38-v421-record-1463	GRCh38|chr20|10795015|C|T	CROSS_RUN_EQUIVALENCE_UNRESOLVED
run-phase1a-60z59-hg002-grch38-v421	event-run-phase1a-60z59-hg002-grch38-v421-record-1465	run-phase1a-ru88n-hg002-grch38-v421	event-run-phase1a-ru88n-hg002-grch38-v421-record-1464	GRCh38|chr20|10795016|A|G	CROSS_RUN_EQUIVALENCE_UNRESOLVED
run-phase1a-60z59-hg002-grch38-v421	event-run-phase1a-60z59-hg002-grch38-v421-record-1466	run-phase1a-ru88n-hg002-grch38-v421	event-run-phase1a-ru88n-hg002-grch38-v421-record-1465	GRCh38|chr20|10795702|CT|C	CROSS_RUN_EQUIVALENCE_UNRESOLVED
run-phase1a-60z59-hg002-grch38-v421	event-run-phase1a-60z59-hg002-grch38-v421-record-1467	run-phase1a-ru88n-hg002-grch38-v421	event-run-phase1a-ru88n-hg002-grch38-v421-record-1466	GRCh38|chr20|10795848|G|A	CROSS_RUN_EQUIVALENCE_UNRESOLVED
run-phase1a-60z59-hg002-grch38-v421	event-run-phase1a-60z59-hg002-grch38-v421-record-1468	run-phase1a-ru88n-hg002-grch38-v421	event-run-phase1a-ru88n-hg002-grch38-v421-record-1467	GRCh38|chr20|10796316|C|T	CROSS_RUN_EQUIVALENCE_UNRESOLVED
run-phase1a-60z59-hg002-grch38-v421	event-run-phase1a-60z59-hg002-grch38-v421-record-1469	run-phase1a-ru88n-hg002-grch38-v421	event-run-phase1a-ru88n-hg002-grch38-v421-record-1468	GRCh38|chr20|10796738|A|G	CROSS_RUN_EQUIVALENCE_UNRESOLVED
run-phase1a-60z59-hg002-grch38-v421	event-run-phase1a-60z59-hg002-grch38-v421-record-1470	run-phase1a-ru88n-hg002-grch38-v421	event-run-phase1a-ru88n-hg002-grch38-v421-record-1469	GRCh38|chr20|10796766|G|A	CROSS_RUN_EQUIVALENCE_UNRESOLVED
run-phase1a-60z59-hg002-grch38-v421	event-run-phase1a-60z59-hg002-grch38-v421-record-1471	run-phase1a-ru88n-hg002-grch38-v421	event-run-phase1a-ru88n-hg002-grch38-v421-record-1470	GRCh38|chr20|10797104|A|G	CROSS_RUN_EQUIVALENCE_UNRESOLVED
run-phase1a-60z59-hg002-grch38-v421	event-run-phase1a-60z59-hg002-grch38-v421-record-1472	run-phase1a-ru88n-hg002-grch38-v421	event-run-phase1a-ru88n-hg002-grch38-v421-record-1471	GRCh38|chr20|10797105|T|C	CROSS_RUN_EQUIVALENCE_UNRESOLVED
run-phase1a-60z59-hg002-grch38-v421	event-run-phase1a-60z59-hg002-grch38-v421-record-1473	run-phase1a-ru88n-hg002-grch38-v421	event-run-phase1a-ru88n-hg002-grch38-v421-record-1472	GRCh38|chr20|10797374|A|G	CROSS_RUN_EQUIVALENCE_UNRESOLVED
run-phase1a-60z59-hg002-grch38-v421	event-run-phase1a-60z59-hg002-grch38-v421-record-1474	run-phase1a-ru88n-hg002-grch38-v421	event-run-phase1a-ru88n-hg002-grch38-v421-record-1473	GRCh38|chr20|10797414|C|T	CROSS_RUN_EQUIVALENCE_UNRESOLVED
run-phase1a-60z59-hg002-grch38-v421	event-run-phase1a-60z59-hg002-grch38-v421-record-1475	run-phase1a-ru88n-hg002-grch38-v421	event-run-phase1a-ru88n-hg002-grch38-v421-record-1474	GRCh38|chr20|10798687|T|C	CROSS_RUN_EQUIVALENCE_UNRESOLVED
run-phase1a-60z59-hg002-grch38-v421	event-run-phase1a-60z59-hg002-grch38-v421-record-1476	run-phase1a-ru88n-hg002-grch38-v421	event-run-phase1a-ru88n-hg002-grch38-v421-record-1475	GRCh38|chr20|10799987|ATGG|A	CROSS_RUN_EQUIVALENCE_UNRESOLVED
run-phase1a-60z59-hg002-grch38-v421	event-run-phase1a-60z59-hg002-grch38-v421-record-1477	run-phase1a-ru88n-hg002-grch38-v421	event-run-phase1a-ru88n-hg002-grch38-v421-record-1476	GRCh38|chr20|10800092|C|T	CROSS_RUN_EQUIVALENCE_UNRESOLVED
run-phase1a-60z59-hg002-grch38-v421	event-run-phase1a-60z59-hg002-grch38-v421-record-1478	run-phase1a-ru88n-hg002-grch38-v421	event-run-phase1a-ru88n-hg002-grch38-v421-record-1477	GRCh38|chr20|10800231|G|A	CROSS_RUN_EQUIVALENCE_UNRESOLVED
run-phase1a-60z59-hg002-grch38-v421	event-run-phase1a-60z59-hg002-grch38-v421-record-1479	run-phase1a-ru88n-hg002-grch38-v421	event-run-phase1a-ru88n-hg002-grch38-v421-record-1478	GRCh38|chr20|10800243|C|T	CROSS_RUN_EQUIVALENCE_UNRESOLVED
run-phase1a-60z59-hg002-grch38-v421	event-run-phase1a-60z59-hg002-grch38-v421-record-1480	run-phase1a-ru88n-hg002-grch38-v421	event-run-phase1a-ru88n-hg002-grch38-v421-record-1479	GRCh38|chr20|10800583|C|T	CROSS_RUN_EQUIVALENCE_UNRESOLVED
run-phase1a-60z59-hg002-grch38-v421	event-run-phase1a-60z59-hg002-grch38-v421-record-1481	run-phase1a-ru88n-hg002-grch38-v421	event-run-phase1a-ru88n-hg002-grch38-v421-record-1480	GRCh38|chr20|10800788|C|T	CROSS_RUN_EQUIVALENCE_UNRESOLVED
run-phase1a-60z59-hg002-grch38-v421	event-run-phase1a-60z59-hg002-grch38-v421-record-1482	run-phase1a-ru88n-hg002-grch38-v421	event-run-phase1a-ru88n-hg002-grch38-v421-record-1481	GRCh38|chr20|10800875|A|T	CROSS_RUN_EQUIVALENCE_UNRESOLVED
run-phase1a-60z59-hg002-grch38-v421	event-run-phase1a-60z59-hg002-grch38-v421-record-1484	run-phase1a-ru88n-hg002-grch38-v421	event-run-phase1a-ru88n-hg002-grch38-v421-record-1482	GRCh38|chr20|10802758|CAT|C	CROSS_RUN_EQUIVALENCE_UNRESOLVED
run-phase1a-60z59-hg002-grch38-v421	event-run-phase1a-60z59-hg002-grch38-v421-record-1485	run-phase1a-ru88n-hg002-grch38-v421	event-run-phase1a-ru88n-hg002-grch38-v421-record-1485	GRCh38|chr20|10802906|CATAT|C	CROSS_RUN_EQUIVALENCE_UNRESOLVED
run-phase1a-60z59-hg002-grch38-v421	event-run-phase1a-60z59-hg002-grch38-v421-record-1486	run-phase1a-ru88n-hg002-grch38-v421	event-run-phase1a-ru88n-hg002-grch38-v421-record-1486	GRCh38|chr20|10804417|A|G	CROSS_RUN_EQUIVALENCE_UNRESOLVED
run-phase1a-60z59-hg002-grch38-v421	event-run-phase1a-60z59-hg002-grch38-v421-record-1487	run-phase1a-ru88n-hg002-grch38-v421	event-run-phase1a-ru88n-hg002-grch38-v421-record-1487	GRCh38|chr20|10804443|C|T	CROSS_RUN_EQUIVALENCE_UNRESOLVED
run-phase1a-60z59-hg002-grch38-v421	event-run-phase1a-60z59-hg002-grch38-v421-record-1488	run-phase1a-ru88n-hg002-grch38-v421	event-run-phase1a-ru88n-hg002-grch38-v421-record-1488	GRCh38|chr20|10804974|G|A	CROSS_RUN_EQUIVALENCE_UNRESOLVED
run-phase1a-60z59-hg002-grch38-v421	event-run-phase1a-60z59-hg002-grch38-v421-record-1489	run-phase1a-ru88n-hg002-grch38-v421	event-run-phase1a-ru88n-hg002-grch38-v421-record-1489	GRCh38|chr20|10805018|GAAGAAAGA|G	CROSS_RUN_EQUIVALENCE_UNRESOLVED
run-phase1a-60z59-hg002-grch38-v421	event-run-phase1a-60z59-hg002-grch38-v421-record-1490	run-phase1a-ru88n-hg002-grch38-v421	event-run-phase1a-ru88n-hg002-grch38-v421-record-1490	GRCh38|chr20|10806264|G|A	CROSS_RUN_EQUIVALENCE_UNRESOLVED
run-phase1a-60z59-hg002-grch38-v421	event-run-phase1a-60z59-hg002-grch38-v421-record-1493	run-phase1a-ru88n-hg002-grch38-v421	event-run-phase1a-ru88n-hg002-grch38-v421-record-1493	GRCh38|chr20|10809316|C|T	CROSS_RUN_EQUIVALENCE_UNRESOLVED
run-phase1a-60z59-hg002-grch38-v421	event-run-phase1a-60z59-hg002-grch38-v421-record-1494	run-phase1a-ru88n-hg002-grch38-v421	event-run-phase1a-ru88n-hg002-grch38-v421-record-1494	GRCh38|chr20|10810257|G|T	CROSS_RUN_EQUIVALENCE_UNRESOLVED
run-phase1a-60z59-hg002-grch38-v421	event-run-phase1a-60z59-hg002-grch38-v421-record-1495	run-phase1a-ru88n-hg002-grch38-v421	event-run-phase1a-ru88n-hg002-grch38-v421-record-1495	GRCh38|chr20|10810317|C|T	CROSS_RUN_EQUIVALENCE_UNRESOLVED
run-phase1a-60z59-hg002-grch38-v421	event-run-phase1a-60z59-hg002-grch38-v421-record-1497	run-phase1a-ru88n-hg002-grch38-v421	event-run-phase1a-ru88n-hg002-grch38-v421-record-1496	GRCh38|chr20|10811812|G|T	CROSS_RUN_EQUIVALENCE_UNRESOLVED
run-phase1a-60z59-hg002-grch38-v421	event-run-phase1a-60z59-hg002-grch38-v421-record-1498	run-phase1a-ru88n-hg002-grch38-v421	event-run-phase1a-ru88n-hg002-grch38-v421-record-1497	GRCh38|chr20|10811851|T|G	CROSS_RUN_EQUIVALENCE_UNRESOLVED
run-phase1a-60z59-hg002-grch38-v421	event-run-phase1a-60z59-hg002-grch38-v421-record-1499	run-phase1a-ru88n-hg002-grch38-v421	event-run-phase1a-ru88n-hg002-grch38-v421-record-1498	GRCh38|chr20|10811997|C|T	CROSS_RUN_EQUIVALENCE_UNRESOLVED
run-phase1a-60z59-hg002-grch38-v421	event-run-phase1a-60z59-hg002-grch38-v421-record-1500	run-phase1a-ru88n-hg002-grch38-v421	event-run-phase1a-ru88n-hg002-grch38-v421-record-1499	GRCh38|chr20|10812043|G|A	CROSS_RUN_EQUIVALENCE_UNRESOLVED
run-phase1a-60z59-hg002-grch38-v421	event-run-phase1a-60z59-hg002-grch38-v421-record-1501	run-phase1a-ru88n-hg002-grch38-v421	event-run-phase1a-ru88n-hg002-grch38-v421-record-1500	GRCh38|chr20|10812079|T|A	CROSS_RUN_EQUIVALENCE_UNRESOLVED
run-phase1a-60z59-hg002-grch38-v421	event-run-phase1a-60z59-hg002-grch38-v421-record-1502	run-phase1a-ru88n-hg002-grch38-v421	event-run-phase1a-ru88n-hg002-grch38-v421-record-1501	GRCh38|chr20|10812154|T|G	CROSS_RUN_EQUIVALENCE_UNRESOLVED
run-phase1a-60z59-hg002-grch38-v421	event-run-phase1a-60z59-hg002-grch38-v421-record-1503	run-phase1a-ru88n-hg002-grch38-v421	event-run-phase1a-ru88n-hg002-grch38-v421-record-1502	GRCh38|chr20|10812294|G|A	CROSS_RUN_EQUIVALENCE_UNRESOLVED
run-phase1a-60z59-hg002-grch38-v421	event-run-phase1a-60z59-hg002-grch38-v421-record-1504	run-phase1a-ru88n-hg002-grch38-v421	event-run-phase1a-ru88n-hg002-grch38-v421-record-1503	GRCh38|chr20|10812361|C|G	CROSS_RUN_EQUIVALENCE_UNRESOLVED
run-phase1a-60z59-hg002-grch38-v421	event-run-phase1a-60z59-hg002-grch38-v421-record-1505	run-phase1a-ru88n-hg002-grch38-v421	event-run-phase1a-ru88n-hg002-grch38-v421-record-1504	GRCh38|chr20|10812527|T|C	CROSS_RUN_EQUIVALENCE_UNRESOLVED
run-phase1a-60z59-hg002-grch38-v421	event-run-phase1a-60z59-hg002-grch38-v421-record-1506	run-phase1a-ru88n-hg002-grch38-v421	event-run-phase1a-ru88n-hg002-grch38-v421-record-1505	GRCh38|chr20|10812641|A|G	CROSS_RUN_EQUIVALENCE_UNRESOLVED
run-phase1a-60z59-hg002-grch38-v421	event-run-phase1a-60z59-hg002-grch38-v421-record-1507	run-phase1a-ru88n-hg002-grch38-v421	event-run-phase1a-ru88n-hg002-grch38-v421-record-1506	GRCh38|chr20|10812776|T|G	CROSS_RUN_EQUIVALENCE_UNRESOLVED
run-phase1a-60z59-hg002-grch38-v421	event-run-phase1a-60z59-hg002-grch38-v421-record-1508	run-phase1a-ru88n-hg002-grch38-v421	event-run-phase1a-ru88n-hg002-grch38-v421-record-1507	GRCh38|chr20|10812834|G|A	CROSS_RUN_EQUIVALENCE_UNRESOLVED
run-phase1a-60z59-hg002-grch38-v421	event-run-phase1a-60z59-hg002-grch38-v421-record-1509	run-phase1a-ru88n-hg002-grch38-v421	event-run-phase1a-ru88n-hg002-grch38-v421-record-1508	GRCh38|chr20|10813006|G|A	CROSS_RUN_EQUIVALENCE_UNRESOLVED
run-phase1a-60z59-hg002-grch38-v421	event-run-phase1a-60z59-hg002-grch38-v421-record-1510	run-phase1a-ru88n-hg002-grch38-v421	event-run-phase1a-ru88n-hg002-grch38-v421-record-1509	GRCh38|chr20|10813141|A|T	CROSS_RUN_EQUIVALENCE_UNRESOLVED
run-phase1a-60z59-hg002-grch38-v421	event-run-phase1a-60z59-hg002-grch38-v421-record-1511	run-phase1a-ru88n-hg002-grch38-v421	event-run-phase1a-ru88n-hg002-grch38-v421-record-1510	GRCh38|chr20|10813454|G|A	CROSS_RUN_EQUIVALENCE_UNRESOLVED
run-phase1a-60z59-hg002-grch38-v421	event-run-phase1a-60z59-hg002-grch38-v421-record-1512	run-phase1a-ru88n-hg002-grch38-v421	event-run-phase1a-ru88n-hg002-grch38-v421-record-1511	GRCh38|chr20|10813501|C|G	CROSS_RUN_EQUIVALENCE_UNRESOLVED
run-phase1a-60z59-hg002-grch38-v421	event-run-phase1a-60z59-hg002-grch38-v421-record-1513	run-phase1a-ru88n-hg002-grch38-v421	event-run-phase1a-ru88n-hg002-grch38-v421-record-1512	GRCh38|chr20|10813528|C|T	CROSS_RUN_EQUIVALENCE_UNRESOLVED
run-phase1a-60z59-hg002-grch38-v421	event-run-phase1a-60z59-hg002-grch38-v421-record-1514	run-phase1a-ru88n-hg002-grch38-v421	event-run-phase1a-ru88n-hg002-grch38-v421-record-1514	GRCh38|chr20|10815763|T|C	CROSS_RUN_EQUIVALENCE_UNRESOLVED
run-phase1a-60z59-hg002-grch38-v421	event-run-phase1a-60z59-hg002-grch38-v421-record-1515	run-phase1a-ru88n-hg002-grch38-v421	event-run-phase1a-ru88n-hg002-grch38-v421-record-1515	GRCh38|chr20|10816339|G|A	CROSS_RUN_EQUIVALENCE_UNRESOLVED
run-phase1a-60z59-hg002-grch38-v421	event-run-phase1a-60z59-hg002-grch38-v421-record-1516	run-phase1a-ru88n-hg002-grch38-v421	event-run-phase1a-ru88n-hg002-grch38-v421-record-1516	GRCh38|chr20|10816387|A|C	CROSS_RUN_EQUIVALENCE_UNRESOLVED
run-phase1a-60z59-hg002-grch38-v421	event-run-phase1a-60z59-hg002-grch38-v421-record-1517	run-phase1a-ru88n-hg002-grch38-v421	event-run-phase1a-ru88n-hg002-grch38-v421-record-1517	GRCh38|chr20|10816422|G|A	CROSS_RUN_EQUIVALENCE_UNRESOLVED
run-phase1a-60z59-hg002-grch38-v421	event-run-phase1a-60z59-hg002-grch38-v421-record-1518	run-phase1a-ru88n-hg002-grch38-v421	event-run-phase1a-ru88n-hg002-grch38-v421-record-1518	GRCh38|chr20|10816827|G|A	CROSS_RUN_EQUIVALENCE_UNRESOLVED
run-phase1a-60z59-hg002-grch38-v421	event-run-phase1a-60z59-hg002-grch38-v421-record-1519	run-phase1a-ru88n-hg002-grch38-v421	event-run-phase1a-ru88n-hg002-grch38-v421-record-1519	GRCh38|chr20|10817032|A|C	CROSS_RUN_EQUIVALENCE_UNRESOLVED
run-phase1a-60z59-hg002-grch38-v421	event-run-phase1a-60z59-hg002-grch38-v421-record-1520	run-phase1a-ru88n-hg002-grch38-v421	event-run-phase1a-ru88n-hg002-grch38-v421-record-1520	GRCh38|chr20|10818506|C|G	CROSS_RUN_EQUIVALENCE_UNRESOLVED
run-phase1a-60z59-hg002-grch38-v421	event-run-phase1a-60z59-hg002-grch38-v421-record-1521	run-phase1a-ru88n-hg002-grch38-v421	event-run-phase1a-ru88n-hg002-grch38-v421-record-1521	GRCh38|chr20|10821438|C|G	CROSS_RUN_EQUIVALENCE_UNRESOLVED
run-phase1a-60z59-hg002-grch38-v421	event-run-phase1a-60z59-hg002-grch38-v421-record-1522	run-phase1a-ru88n-hg002-grch38-v421	event-run-phase1a-ru88n-hg002-grch38-v421-record-1522	GRCh38|chr20|10822458|T|A	CROSS_RUN_EQUIVALENCE_UNRESOLVED
run-phase1a-60z59-hg002-grch38-v421	event-run-phase1a-60z59-hg002-grch38-v421-record-1523	run-phase1a-ru88n-hg002-grch38-v421	event-run-phase1a-ru88n-hg002-grch38-v421-record-1523	GRCh38|chr20|10822641|A|C	CROSS_RUN_EQUIVALENCE_UNRESOLVED
run-phase1a-60z59-hg002-grch38-v421	event-run-phase1a-60z59-hg002-grch38-v421-record-1524	run-phase1a-ru88n-hg002-grch38-v421	event-run-phase1a-ru88n-hg002-grch38-v421-record-1524	GRCh38|chr20|10822786|T|A	CROSS_RUN_EQUIVALENCE_UNRESOLVED
run-phase1a-60z59-hg002-grch38-v421	event-run-phase1a-60z59-hg002-grch38-v421-record-1525	run-phase1a-ru88n-hg002-grch38-v421	event-run-phase1a-ru88n-hg002-grch38-v421-record-1525	GRCh38|chr20|10824286|A|G	CROSS_RUN_EQUIVALENCE_UNRESOLVED
run-phase1a-60z59-hg002-grch38-v421	event-run-phase1a-60z59-hg002-grch38-v421-record-1526	run-phase1a-ru88n-hg002-grch38-v421	event-run-phase1a-ru88n-hg002-grch38-v421-record-1526	GRCh38|chr20|10824644|A|G	CROSS_RUN_EQUIVALENCE_UNRESOLVED
run-phase1a-60z59-hg002-grch38-v421	event-run-phase1a-60z59-hg002-grch38-v421-record-1527	run-phase1a-ru88n-hg002-grch38-v421	event-run-phase1a-ru88n-hg002-grch38-v421-record-1527	GRCh38|chr20|10828035|T|C	CROSS_RUN_EQUIVALENCE_UNRESOLVED
run-phase1a-60z59-hg002-grch38-v421	event-run-phase1a-60z59-hg002-grch38-v421-record-1528	run-phase1a-ru88n-hg002-grch38-v421	event-run-phase1a-ru88n-hg002-grch38-v421-record-1528	GRCh38|chr20|10828264|A|C	CROSS_RUN_EQUIVALENCE_UNRESOLVED
run-phase1a-60z59-hg002-grch38-v421	event-run-phase1a-60z59-hg002-grch38-v421-record-1529	run-phase1a-ru88n-hg002-grch38-v421	event-run-phase1a-ru88n-hg002-grch38-v421-record-1529	GRCh38|chr20|10828577|AT|A	CROSS_RUN_EQUIVALENCE_UNRESOLVED
run-phase1a-60z59-hg002-grch38-v421	event-run-phase1a-60z59-hg002-grch38-v421-record-1530	run-phase1a-ru88n-hg002-grch38-v421	event-run-phase1a-ru88n-hg002-grch38-v421-record-1530	GRCh38|chr20|10830091|A|G	CROSS_RUN_EQUIVALENCE_UNRESOLVED
run-phase1a-60z59-hg002-grch38-v421	event-run-phase1a-60z59-hg002-grch38-v421-record-1531	run-phase1a-ru88n-hg002-grch38-v421	event-run-phase1a-ru88n-hg002-grch38-v421-record-1531	GRCh38|chr20|10830780|T|TTATG	CROSS_RUN_EQUIVALENCE_UNRESOLVED
run-phase1a-60z59-hg002-grch38-v421	event-run-phase1a-60z59-hg002-grch38-v421-record-1532	run-phase1a-ru88n-hg002-grch38-v421	event-run-phase1a-ru88n-hg002-grch38-v421-record-1532	GRCh38|chr20|10833224|G|A	CROSS_RUN_EQUIVALENCE_UNRESOLVED
run-phase1a-60z59-hg002-grch38-v421	event-run-phase1a-60z59-hg002-grch38-v421-record-1533	run-phase1a-ru88n-hg002-grch38-v421	event-run-phase1a-ru88n-hg002-grch38-v421-record-1533	GRCh38|chr20|10834034|G|A	CROSS_RUN_EQUIVALENCE_UNRESOLVED
run-phase1a-60z59-hg002-grch38-v421	event-run-phase1a-60z59-hg002-grch38-v421-record-1534	run-phase1a-ru88n-hg002-grch38-v421	event-run-phase1a-ru88n-hg002-grch38-v421-record-1534	GRCh38|chr20|10834424|C|CT	CROSS_RUN_EQUIVALENCE_UNRESOLVED
run-phase1a-60z59-hg002-grch38-v421	event-run-phase1a-60z59-hg002-grch38-v421-record-1535	run-phase1a-ru88n-hg002-grch38-v421	event-run-phase1a-ru88n-hg002-grch38-v421-record-1535	GRCh38|chr20|10836898|T|G	CROSS_RUN_EQUIVALENCE_UNRESOLVED
run-phase1a-60z59-hg002-grch38-v421	event-run-phase1a-60z59-hg002-grch38-v421-record-1536	run-phase1a-ru88n-hg002-grch38-v421	event-run-phase1a-ru88n-hg002-grch38-v421-record-1536	GRCh38|chr20|10838562|T|C	CROSS_RUN_EQUIVALENCE_UNRESOLVED
run-phase1a-60z59-hg002-grch38-v421	event-run-phase1a-60z59-hg002-grch38-v421-record-1537	run-phase1a-ru88n-hg002-grch38-v421	event-run-phase1a-ru88n-hg002-grch38-v421-record-1537	GRCh38|chr20|10839541|G|T	CROSS_RUN_EQUIVALENCE_UNRESOLVED
run-phase1a-60z59-hg002-grch38-v421	event-run-phase1a-60z59-hg002-grch38-v421-record-1538	run-phase1a-ru88n-hg002-grch38-v421	event-run-phase1a-ru88n-hg002-grch38-v421-record-1538	GRCh38|chr20|10842858|G|A	CROSS_RUN_EQUIVALENCE_UNRESOLVED
run-phase1a-60z59-hg002-grch38-v421	event-run-phase1a-60z59-hg002-grch38-v421-record-1539	run-phase1a-ru88n-hg002-grch38-v421	event-run-phase1a-ru88n-hg002-grch38-v421-record-1539	GRCh38|chr20|10843031|G|GA	CROSS_RUN_EQUIVALENCE_UNRESOLVED
run-phase1a-60z59-hg002-grch38-v421	event-run-phase1a-60z59-hg002-grch38-v421-record-1540	run-phase1a-ru88n-hg002-grch38-v421	event-run-phase1a-ru88n-hg002-grch38-v421-record-1540	GRCh38|chr20|10847619|A|C	CROSS_RUN_EQUIVALENCE_UNRESOLVED
run-phase1a-60z59-hg002-grch38-v421	event-run-phase1a-60z59-hg002-grch38-v421-record-1541	run-phase1a-ru88n-hg002-grch38-v421	event-run-phase1a-ru88n-hg002-grch38-v421-record-1541	GRCh38|chr20|10847652|G|A	CROSS_RUN_EQUIVALENCE_UNRESOLVED
run-phase1a-60z59-hg002-grch38-v421	event-run-phase1a-60z59-hg002-grch38-v421-record-1542	run-phase1a-ru88n-hg002-grch38-v421	event-run-phase1a-ru88n-hg002-grch38-v421-record-1542	GRCh38|chr20|10847992|G|A	CROSS_RUN_EQUIVALENCE_UNRESOLVED
run-phase1a-60z59-hg002-grch38-v421	event-run-phase1a-60z59-hg002-grch38-v421-record-1543	run-phase1a-ru88n-hg002-grch38-v421	event-run-phase1a-ru88n-hg002-grch38-v421-record-1543	GRCh38|chr20|10848600|G|A	CROSS_RUN_EQUIVALENCE_UNRESOLVED
run-phase1a-60z59-hg002-grch38-v421	event-run-phase1a-60z59-hg002-grch38-v421-record-1544	run-phase1a-ru88n-hg002-grch38-v421	event-run-phase1a-ru88n-hg002-grch38-v421-record-1544	GRCh38|chr20|10848639|C|T	CROSS_RUN_EQUIVALENCE_UNRESOLVED
run-phase1a-60z59-hg002-grch38-v421	event-run-phase1a-60z59-hg002-grch38-v421-record-1545	run-phase1a-ru88n-hg002-grch38-v421	event-run-phase1a-ru88n-hg002-grch38-v421-record-1545	GRCh38|chr20|10849017|CA|C	CROSS_RUN_EQUIVALENCE_UNRESOLVED
run-phase1a-60z59-hg002-grch38-v421	event-run-phase1a-60z59-hg002-grch38-v421-record-1546	run-phase1a-ru88n-hg002-grch38-v421	event-run-phase1a-ru88n-hg002-grch38-v421-record-1547	GRCh38|chr20|10849091|G|C	CROSS_RUN_EQUIVALENCE_UNRESOLVED
run-phase1a-60z59-hg002-grch38-v421	event-run-phase1a-60z59-hg002-grch38-v421-record-1547	run-phase1a-ru88n-hg002-grch38-v421	event-run-phase1a-ru88n-hg002-grch38-v421-record-1548	GRCh38|chr20|10849331|G|T	CROSS_RUN_EQUIVALENCE_UNRESOLVED
run-phase1a-60z59-hg002-grch38-v421	event-run-phase1a-60z59-hg002-grch38-v421-record-1548	run-phase1a-ru88n-hg002-grch38-v421	event-run-phase1a-ru88n-hg002-grch38-v421-record-1549	GRCh38|chr20|10849942|A|G	CROSS_RUN_EQUIVALENCE_UNRESOLVED
run-phase1a-60z59-hg002-grch38-v421	event-run-phase1a-60z59-hg002-grch38-v421-record-1549	run-phase1a-ru88n-hg002-grch38-v421	event-run-phase1a-ru88n-hg002-grch38-v421-record-1550	GRCh38|chr20|10851164|G|A	CROSS_RUN_EQUIVALENCE_UNRESOLVED
run-phase1a-60z59-hg002-grch38-v421	event-run-phase1a-60z59-hg002-grch38-v421-record-1550	run-phase1a-ru88n-hg002-grch38-v421	event-run-phase1a-ru88n-hg002-grch38-v421-record-1551	GRCh38|chr20|10851760|G|GTCAT	CROSS_RUN_EQUIVALENCE_UNRESOLVED
run-phase1a-60z59-hg002-grch38-v421	event-run-phase1a-60z59-hg002-grch38-v421-record-1551	run-phase1a-ru88n-hg002-grch38-v421	event-run-phase1a-ru88n-hg002-grch38-v421-record-1552	GRCh38|chr20|10852337|C|T	CROSS_RUN_EQUIVALENCE_UNRESOLVED
run-phase1a-60z59-hg002-grch38-v421	event-run-phase1a-60z59-hg002-grch38-v421-record-1552	run-phase1a-ru88n-hg002-grch38-v421	event-run-phase1a-ru88n-hg002-grch38-v421-record-1553	GRCh38|chr20|10853070|T|A	CROSS_RUN_EQUIVALENCE_UNRESOLVED
run-phase1a-60z59-hg002-grch38-v421	event-run-phase1a-60z59-hg002-grch38-v421-record-1553	run-phase1a-ru88n-hg002-grch38-v421	event-run-phase1a-ru88n-hg002-grch38-v421-record-1555	GRCh38|chr20|10853430|T|C	CROSS_RUN_EQUIVALENCE_UNRESOLVED
run-phase1a-60z59-hg002-grch38-v421	event-run-phase1a-60z59-hg002-grch38-v421-record-1554	run-phase1a-ru88n-hg002-grch38-v421	event-run-phase1a-ru88n-hg002-grch38-v421-record-1556	GRCh38|chr20|10854598|T|G	CROSS_RUN_EQUIVALENCE_UNRESOLVED
run-phase1a-60z59-hg002-grch38-v421	event-run-phase1a-60z59-hg002-grch38-v421-record-1555	run-phase1a-ru88n-hg002-grch38-v421	event-run-phase1a-ru88n-hg002-grch38-v421-record-1558	GRCh38|chr20|10859032|ATT|A	CROSS_RUN_EQUIVALENCE_UNRESOLVED
run-phase1a-60z59-hg002-grch38-v421	event-run-phase1a-60z59-hg002-grch38-v421-record-1556	run-phase1a-ru88n-hg002-grch38-v421	event-run-phase1a-ru88n-hg002-grch38-v421-record-1559	GRCh38|chr20|10860165|C|T	CROSS_RUN_EQUIVALENCE_UNRESOLVED
run-phase1a-60z59-hg002-grch38-v421	event-run-phase1a-60z59-hg002-grch38-v421-record-1557	run-phase1a-ru88n-hg002-grch38-v421	event-run-phase1a-ru88n-hg002-grch38-v421-record-1560	GRCh38|chr20|10860462|G|A	CROSS_RUN_EQUIVALENCE_UNRESOLVED
run-phase1a-60z59-hg002-grch38-v421	event-run-phase1a-60z59-hg002-grch38-v421-record-1558	run-phase1a-ru88n-hg002-grch38-v421	event-run-phase1a-ru88n-hg002-grch38-v421-record-1561	GRCh38|chr20|10861593|T|C	CROSS_RUN_EQUIVALENCE_UNRESOLVED
run-phase1a-60z59-hg002-grch38-v421	event-run-phase1a-60z59-hg002-grch38-v421-record-1559	run-phase1a-ru88n-hg002-grch38-v421	event-run-phase1a-ru88n-hg002-grch38-v421-record-1562	GRCh38|chr20|10862314|A|AT	CROSS_RUN_EQUIVALENCE_UNRESOLVED
run-phase1a-60z59-hg002-grch38-v421	event-run-phase1a-60z59-hg002-grch38-v421-record-1560	run-phase1a-ru88n-hg002-grch38-v421	event-run-phase1a-ru88n-hg002-grch38-v421-record-1563	GRCh38|chr20|10863192|A|G	CROSS_RUN_EQUIVALENCE_UNRESOLVED
run-phase1a-60z59-hg002-grch38-v421	event-run-phase1a-60z59-hg002-grch38-v421-record-1561	run-phase1a-ru88n-hg002-grch38-v421	event-run-phase1a-ru88n-hg002-grch38-v421-record-1564	GRCh38|chr20|10863364|G|T	CROSS_RUN_EQUIVALENCE_UNRESOLVED
run-phase1a-60z59-hg002-grch38-v421	event-run-phase1a-60z59-hg002-grch38-v421-record-1562	run-phase1a-ru88n-hg002-grch38-v421	event-run-phase1a-ru88n-hg002-grch38-v421-record-1565	GRCh38|chr20|10863381|C|T	CROSS_RUN_EQUIVALENCE_UNRESOLVED
run-phase1a-60z59-hg002-grch38-v421	event-run-phase1a-60z59-hg002-grch38-v421-record-1563	run-phase1a-ru88n-hg002-grch38-v421	event-run-phase1a-ru88n-hg002-grch38-v421-record-1566	GRCh38|chr20|10863586|G|C	CROSS_RUN_EQUIVALENCE_UNRESOLVED
run-phase1a-60z59-hg002-grch38-v421	event-run-phase1a-60z59-hg002-grch38-v421-record-1564	run-phase1a-ru88n-hg002-grch38-v421	event-run-phase1a-ru88n-hg002-grch38-v421-record-1567	GRCh38|chr20|10864565|C|T	CROSS_RUN_EQUIVALENCE_UNRESOLVED
run-phase1a-60z59-hg002-grch38-v421	event-run-phase1a-60z59-hg002-grch38-v421-record-1565	run-phase1a-ru88n-hg002-grch38-v421	event-run-phase1a-ru88n-hg002-grch38-v421-record-1568	GRCh38|chr20|10866500|A|G	CROSS_RUN_EQUIVALENCE_UNRESOLVED
run-phase1a-60z59-hg002-grch38-v421	event-run-phase1a-60z59-hg002-grch38-v421-record-1566	run-phase1a-ru88n-hg002-grch38-v421	event-run-phase1a-ru88n-hg002-grch38-v421-record-1569	GRCh38|chr20|10866535|G|A	CROSS_RUN_EQUIVALENCE_UNRESOLVED
run-phase1a-60z59-hg002-grch38-v421	event-run-phase1a-60z59-hg002-grch38-v421-record-1567	run-phase1a-ru88n-hg002-grch38-v421	event-run-phase1a-ru88n-hg002-grch38-v421-record-1570	GRCh38|chr20|10867021|T|C	CROSS_RUN_EQUIVALENCE_UNRESOLVED
run-phase1a-60z59-hg002-grch38-v421	event-run-phase1a-60z59-hg002-grch38-v421-record-1568	run-phase1a-ru88n-hg002-grch38-v421	event-run-phase1a-ru88n-hg002-grch38-v421-record-1571	GRCh38|chr20|10870626|G|A	CROSS_RUN_EQUIVALENCE_UNRESOLVED
run-phase1a-60z59-hg002-grch38-v421	event-run-phase1a-60z59-hg002-grch38-v421-record-1569	run-phase1a-ru88n-hg002-grch38-v421	event-run-phase1a-ru88n-hg002-grch38-v421-record-1572	GRCh38|chr20|10871228|C|CTGTG	CROSS_RUN_EQUIVALENCE_UNRESOLVED
run-phase1a-60z59-hg002-grch38-v421	event-run-phase1a-60z59-hg002-grch38-v421-record-1570	run-phase1a-ru88n-hg002-grch38-v421	event-run-phase1a-ru88n-hg002-grch38-v421-record-1573	GRCh38|chr20|10871230|C|G	CROSS_RUN_EQUIVALENCE_UNRESOLVED
run-phase1a-60z59-hg002-grch38-v421	event-run-phase1a-60z59-hg002-grch38-v421-record-1571	run-phase1a-ru88n-hg002-grch38-v421	event-run-phase1a-ru88n-hg002-grch38-v421-record-1574	GRCh38|chr20|10871232|C|G	CROSS_RUN_EQUIVALENCE_UNRESOLVED
run-phase1a-60z59-hg002-grch38-v421	event-run-phase1a-60z59-hg002-grch38-v421-record-1572	run-phase1a-ru88n-hg002-grch38-v421	event-run-phase1a-ru88n-hg002-grch38-v421-record-1575	GRCh38|chr20|10871400|T|G	CROSS_RUN_EQUIVALENCE_UNRESOLVED
run-phase1a-60z59-hg002-grch38-v421	event-run-phase1a-60z59-hg002-grch38-v421-record-1573	run-phase1a-ru88n-hg002-grch38-v421	event-run-phase1a-ru88n-hg002-grch38-v421-record-1576	GRCh38|chr20|10871845|C|T	CROSS_RUN_EQUIVALENCE_UNRESOLVED
run-phase1a-60z59-hg002-grch38-v421	event-run-phase1a-60z59-hg002-grch38-v421-record-1574	run-phase1a-ru88n-hg002-grch38-v421	event-run-phase1a-ru88n-hg002-grch38-v421-record-1577	GRCh38|chr20|10871928|C|CTATTTTATTT	CROSS_RUN_EQUIVALENCE_UNRESOLVED
run-phase1a-60z59-hg002-grch38-v421	event-run-phase1a-60z59-hg002-grch38-v421-record-1575	run-phase1a-ru88n-hg002-grch38-v421	event-run-phase1a-ru88n-hg002-grch38-v421-record-1578	GRCh38|chr20|10872568|A|G	CROSS_RUN_EQUIVALENCE_UNRESOLVED
run-phase1a-60z59-hg002-grch38-v421	event-run-phase1a-60z59-hg002-grch38-v421-record-1576	run-phase1a-ru88n-hg002-grch38-v421	event-run-phase1a-ru88n-hg002-grch38-v421-record-1579	GRCh38|chr20|10872640|A|AT	CROSS_RUN_EQUIVALENCE_UNRESOLVED
run-phase1a-60z59-hg002-grch38-v421	event-run-phase1a-60z59-hg002-grch38-v421-record-1577	run-phase1a-ru88n-hg002-grch38-v421	event-run-phase1a-ru88n-hg002-grch38-v421-record-1580	GRCh38|chr20|10872793|G|C	CROSS_RUN_EQUIVALENCE_UNRESOLVED
run-phase1a-60z59-hg002-grch38-v421	event-run-phase1a-60z59-hg002-grch38-v421-record-1578	run-phase1a-ru88n-hg002-grch38-v421	event-run-phase1a-ru88n-hg002-grch38-v421-record-1581	GRCh38|chr20|10872862|A|C	CROSS_RUN_EQUIVALENCE_UNRESOLVED
run-phase1a-60z59-hg002-grch38-v421	event-run-phase1a-60z59-hg002-grch38-v421-record-1579	run-phase1a-ru88n-hg002-grch38-v421	event-run-phase1a-ru88n-hg002-grch38-v421-record-1582	GRCh38|chr20|10874510|C|T	CROSS_RUN_EQUIVALENCE_UNRESOLVED
run-phase1a-60z59-hg002-grch38-v421	event-run-phase1a-60z59-hg002-grch38-v421-record-1580	run-phase1a-ru88n-hg002-grch38-v421	event-run-phase1a-ru88n-hg002-grch38-v421-record-1583	GRCh38|chr20|10874689|A|G	CROSS_RUN_EQUIVALENCE_UNRESOLVED
run-phase1a-60z59-hg002-grch38-v421	event-run-phase1a-60z59-hg002-grch38-v421-record-1581	run-phase1a-ru88n-hg002-grch38-v421	event-run-phase1a-ru88n-hg002-grch38-v421-record-1584	GRCh38|chr20|10875474|A|C	CROSS_RUN_EQUIVALENCE_UNRESOLVED
run-phase1a-60z59-hg002-grch38-v421	event-run-phase1a-60z59-hg002-grch38-v421-record-1582	run-phase1a-ru88n-hg002-grch38-v421	event-run-phase1a-ru88n-hg002-grch38-v421-record-1585	GRCh38|chr20|10879687|G|A	CROSS_RUN_EQUIVALENCE_UNRESOLVED
run-phase1a-60z59-hg002-grch38-v421	event-run-phase1a-60z59-hg002-grch38-v421-record-1583	run-phase1a-ru88n-hg002-grch38-v421	event-run-phase1a-ru88n-hg002-grch38-v421-record-1586	GRCh38|chr20|10879694|G|A	CROSS_RUN_EQUIVALENCE_UNRESOLVED
run-phase1a-60z59-hg002-grch38-v421	event-run-phase1a-60z59-hg002-grch38-v421-record-1584	run-phase1a-ru88n-hg002-grch38-v421	event-run-phase1a-ru88n-hg002-grch38-v421-record-1587	GRCh38|chr20|10881272|T|G	CROSS_RUN_EQUIVALENCE_UNRESOLVED
run-phase1a-60z59-hg002-grch38-v421	event-run-phase1a-60z59-hg002-grch38-v421-record-1585	run-phase1a-ru88n-hg002-grch38-v421	event-run-phase1a-ru88n-hg002-grch38-v421-record-1588	GRCh38|chr20|10881691|A|C	CROSS_RUN_EQUIVALENCE_UNRESOLVED
run-phase1a-60z59-hg002-grch38-v421	event-run-phase1a-60z59-hg002-grch38-v421-record-1586	run-phase1a-ru88n-hg002-grch38-v421	event-run-phase1a-ru88n-hg002-grch38-v421-record-1589	GRCh38|chr20|10881785|A|G	CROSS_RUN_EQUIVALENCE_UNRESOLVED
run-phase1a-60z59-hg002-grch38-v421	event-run-phase1a-60z59-hg002-grch38-v421-record-1587	run-phase1a-ru88n-hg002-grch38-v421	event-run-phase1a-ru88n-hg002-grch38-v421-record-1590	GRCh38|chr20|10881944|A|T	CROSS_RUN_EQUIVALENCE_UNRESOLVED
run-phase1a-60z59-hg002-grch38-v421	event-run-phase1a-60z59-hg002-grch38-v421-record-1588	run-phase1a-ru88n-hg002-grch38-v421	event-run-phase1a-ru88n-hg002-grch38-v421-record-1591	GRCh38|chr20|10882886|C|T	CROSS_RUN_EQUIVALENCE_UNRESOLVED
run-phase1a-60z59-hg002-grch38-v421	event-run-phase1a-60z59-hg002-grch38-v421-record-1589	run-phase1a-ru88n-hg002-grch38-v421	event-run-phase1a-ru88n-hg002-grch38-v421-record-1592	GRCh38|chr20|10883133|C|CATATATATATAT	CROSS_RUN_EQUIVALENCE_UNRESOLVED
run-phase1a-60z59-hg002-grch38-v421	event-run-phase1a-60z59-hg002-grch38-v421-record-1590	run-phase1a-ru88n-hg002-grch38-v421	event-run-phase1a-ru88n-hg002-grch38-v421-record-1593	GRCh38|chr20|10883678|C|T	CROSS_RUN_EQUIVALENCE_UNRESOLVED
run-phase1a-60z59-hg002-grch38-v421	event-run-phase1a-60z59-hg002-grch38-v421-record-1591	run-phase1a-ru88n-hg002-grch38-v421	event-run-phase1a-ru88n-hg002-grch38-v421-record-1594	GRCh38|chr20|10883868|A|T	CROSS_RUN_EQUIVALENCE_UNRESOLVED
run-phase1a-60z59-hg002-grch38-v421	event-run-phase1a-60z59-hg002-grch38-v421-record-1592	run-phase1a-ru88n-hg002-grch38-v421	event-run-phase1a-ru88n-hg002-grch38-v421-record-1595	GRCh38|chr20|10884874|A|G	CROSS_RUN_EQUIVALENCE_UNRESOLVED
run-phase1a-60z59-hg002-grch38-v421	event-run-phase1a-60z59-hg002-grch38-v421-record-1593	run-phase1a-ru88n-hg002-grch38-v421	event-run-phase1a-ru88n-hg002-grch38-v421-record-1596	GRCh38|chr20|10886012|C|G	CROSS_RUN_EQUIVALENCE_UNRESOLVED
run-phase1a-60z59-hg002-grch38-v421	event-run-phase1a-60z59-hg002-grch38-v421-record-1594	run-phase1a-ru88n-hg002-grch38-v421	event-run-phase1a-ru88n-hg002-grch38-v421-record-1597	GRCh38|chr20|10886348|G|A	CROSS_RUN_EQUIVALENCE_UNRESOLVED
run-phase1a-60z59-hg002-grch38-v421	event-run-phase1a-60z59-hg002-grch38-v421-record-1595	run-phase1a-ru88n-hg002-grch38-v421	event-run-phase1a-ru88n-hg002-grch38-v421-record-1598	GRCh38|chr20|10886789|T|C	CROSS_RUN_EQUIVALENCE_UNRESOLVED
run-phase1a-60z59-hg002-grch38-v421	event-run-phase1a-60z59-hg002-grch38-v421-record-1596	run-phase1a-ru88n-hg002-grch38-v421	event-run-phase1a-ru88n-hg002-grch38-v421-record-1599	GRCh38|chr20|10888055|C|CTGTCAGGTT	CROSS_RUN_EQUIVALENCE_UNRESOLVED
run-phase1a-60z59-hg002-grch38-v421	event-run-phase1a-60z59-hg002-grch38-v421-record-1597	run-phase1a-ru88n-hg002-grch38-v421	event-run-phase1a-ru88n-hg002-grch38-v421-record-1600	GRCh38|chr20|10889130|G|A	CROSS_RUN_EQUIVALENCE_UNRESOLVED
run-phase1a-60z59-hg002-grch38-v421	event-run-phase1a-60z59-hg002-grch38-v421-record-1598	run-phase1a-ru88n-hg002-grch38-v421	event-run-phase1a-ru88n-hg002-grch38-v421-record-1601	GRCh38|chr20|10889936|T|C	CROSS_RUN_EQUIVALENCE_UNRESOLVED
run-phase1a-60z59-hg002-grch38-v421	event-run-phase1a-60z59-hg002-grch38-v421-record-1603	run-phase1a-ru88n-hg002-grch38-v421	event-run-phase1a-ru88n-hg002-grch38-v421-record-1605	GRCh38|chr20|10892705|A|C	CROSS_RUN_EQUIVALENCE_UNRESOLVED
run-phase1a-60z59-hg002-grch38-v421	event-run-phase1a-60z59-hg002-grch38-v421-record-1604	run-phase1a-ru88n-hg002-grch38-v421	event-run-phase1a-ru88n-hg002-grch38-v421-record-1606	GRCh38|chr20|10893142|T|C	CROSS_RUN_EQUIVALENCE_UNRESOLVED
run-phase1a-60z59-hg002-grch38-v421	event-run-phase1a-60z59-hg002-grch38-v421-record-1605	run-phase1a-ru88n-hg002-grch38-v421	event-run-phase1a-ru88n-hg002-grch38-v421-record-1607	GRCh38|chr20|10894318|C|A	CROSS_RUN_EQUIVALENCE_UNRESOLVED
run-phase1a-60z59-hg002-grch38-v421	event-run-phase1a-60z59-hg002-grch38-v421-record-1606	run-phase1a-ru88n-hg002-grch38-v421	event-run-phase1a-ru88n-hg002-grch38-v421-record-1608	GRCh38|chr20|10894739|C|G	CROSS_RUN_EQUIVALENCE_UNRESOLVED
run-phase1a-60z59-hg002-grch38-v421	event-run-phase1a-60z59-hg002-grch38-v421-record-1607	run-phase1a-ru88n-hg002-grch38-v421	event-run-phase1a-ru88n-hg002-grch38-v421-record-1609	GRCh38|chr20|10895012|G|A	CROSS_RUN_EQUIVALENCE_UNRESOLVED
run-phase1a-60z59-hg002-grch38-v421	event-run-phase1a-60z59-hg002-grch38-v421-record-1608	run-phase1a-ru88n-hg002-grch38-v421	event-run-phase1a-ru88n-hg002-grch38-v421-record-1610	GRCh38|chr20|10895013|T|TA	CROSS_RUN_EQUIVALENCE_UNRESOLVED
run-phase1a-60z59-hg002-grch38-v421	event-run-phase1a-60z59-hg002-grch38-v421-record-1609	run-phase1a-ru88n-hg002-grch38-v421	event-run-phase1a-ru88n-hg002-grch38-v421-record-1611	GRCh38|chr20|10895431|C|CA	CROSS_RUN_EQUIVALENCE_UNRESOLVED
run-phase1a-60z59-hg002-grch38-v421	event-run-phase1a-60z59-hg002-grch38-v421-record-1610	run-phase1a-ru88n-hg002-grch38-v421	event-run-phase1a-ru88n-hg002-grch38-v421-record-1612	GRCh38|chr20|10898688|C|T	CROSS_RUN_EQUIVALENCE_UNRESOLVED
run-phase1a-60z59-hg002-grch38-v421	event-run-phase1a-60z59-hg002-grch38-v421-record-1614	run-phase1a-ru88n-hg002-grch38-v421	event-run-phase1a-ru88n-hg002-grch38-v421-record-1616	GRCh38|chr20|10900749|T|C	CROSS_RUN_EQUIVALENCE_UNRESOLVED
run-phase1a-60z59-hg002-grch38-v421	event-run-phase1a-60z59-hg002-grch38-v421-record-1615	run-phase1a-ru88n-hg002-grch38-v421	event-run-phase1a-ru88n-hg002-grch38-v421-record-1617	GRCh38|chr20|10901195|T|G	CROSS_RUN_EQUIVALENCE_UNRESOLVED
run-phase1a-60z59-hg002-grch38-v421	event-run-phase1a-60z59-hg002-grch38-v421-record-1616	run-phase1a-ru88n-hg002-grch38-v421	event-run-phase1a-ru88n-hg002-grch38-v421-record-1618	GRCh38|chr20|10901294|T|C	CROSS_RUN_EQUIVALENCE_UNRESOLVED
run-phase1a-60z59-hg002-grch38-v421	event-run-phase1a-60z59-hg002-grch38-v421-record-1617	run-phase1a-ru88n-hg002-grch38-v421	event-run-phase1a-ru88n-hg002-grch38-v421-record-1619	GRCh38|chr20|10901904|A|C	CROSS_RUN_EQUIVALENCE_UNRESOLVED
run-phase1a-60z59-hg002-grch38-v421	event-run-phase1a-60z59-hg002-grch38-v421-record-1618	run-phase1a-ru88n-hg002-grch38-v421	event-run-phase1a-ru88n-hg002-grch38-v421-record-1620	GRCh38|chr20|10902173|C|T	CROSS_RUN_EQUIVALENCE_UNRESOLVED
run-phase1a-60z59-hg002-grch38-v421	event-run-phase1a-60z59-hg002-grch38-v421-record-1619	run-phase1a-ru88n-hg002-grch38-v421	event-run-phase1a-ru88n-hg002-grch38-v421-record-1621	GRCh38|chr20|10902483|A|G	CROSS_RUN_EQUIVALENCE_UNRESOLVED
run-phase1a-60z59-hg002-grch38-v421	event-run-phase1a-60z59-hg002-grch38-v421-record-1620	run-phase1a-ru88n-hg002-grch38-v421	event-run-phase1a-ru88n-hg002-grch38-v421-record-1622	GRCh38|chr20|10902779|A|G	CROSS_RUN_EQUIVALENCE_UNRESOLVED
run-phase1a-60z59-hg002-grch38-v421	event-run-phase1a-60z59-hg002-grch38-v421-record-1621	run-phase1a-ru88n-hg002-grch38-v421	event-run-phase1a-ru88n-hg002-grch38-v421-record-1623	GRCh38|chr20|10902837|A|G	CROSS_RUN_EQUIVALENCE_UNRESOLVED
run-phase1a-60z59-hg002-grch38-v421	event-run-phase1a-60z59-hg002-grch38-v421-record-1622	run-phase1a-ru88n-hg002-grch38-v421	event-run-phase1a-ru88n-hg002-grch38-v421-record-1624	GRCh38|chr20|10904797|T|C	CROSS_RUN_EQUIVALENCE_UNRESOLVED
run-phase1a-60z59-hg002-grch38-v421	event-run-phase1a-60z59-hg002-grch38-v421-record-1623	run-phase1a-ru88n-hg002-grch38-v421	event-run-phase1a-ru88n-hg002-grch38-v421-record-1625	GRCh38|chr20|10906666|T|G	CROSS_RUN_EQUIVALENCE_UNRESOLVED
run-phase1a-60z59-hg002-grch38-v421	event-run-phase1a-60z59-hg002-grch38-v421-record-1624	run-phase1a-ru88n-hg002-grch38-v421	event-run-phase1a-ru88n-hg002-grch38-v421-record-1626	GRCh38|chr20|10906777|A|T	CROSS_RUN_EQUIVALENCE_UNRESOLVED
run-phase1a-60z59-hg002-grch38-v421	event-run-phase1a-60z59-hg002-grch38-v421-record-1625	run-phase1a-ru88n-hg002-grch38-v421	event-run-phase1a-ru88n-hg002-grch38-v421-record-1627	GRCh38|chr20|10906834|A|G	CROSS_RUN_EQUIVALENCE_UNRESOLVED
run-phase1a-60z59-hg002-grch38-v421	event-run-phase1a-60z59-hg002-grch38-v421-record-1626	run-phase1a-ru88n-hg002-grch38-v421	event-run-phase1a-ru88n-hg002-grch38-v421-record-1628	GRCh38|chr20|10907075|A|G	CROSS_RUN_EQUIVALENCE_UNRESOLVED
run-phase1a-60z59-hg002-grch38-v421	event-run-phase1a-60z59-hg002-grch38-v421-record-1627	run-phase1a-ru88n-hg002-grch38-v421	event-run-phase1a-ru88n-hg002-grch38-v421-record-1629	GRCh38|chr20|10907123|A|G	CROSS_RUN_EQUIVALENCE_UNRESOLVED
run-phase1a-60z59-hg002-grch38-v421	event-run-phase1a-60z59-hg002-grch38-v421-record-1628	run-phase1a-ru88n-hg002-grch38-v421	event-run-phase1a-ru88n-hg002-grch38-v421-record-1630	GRCh38|chr20|10907261|GT|G	CROSS_RUN_EQUIVALENCE_UNRESOLVED
run-phase1a-60z59-hg002-grch38-v421	event-run-phase1a-60z59-hg002-grch38-v421-record-1629	run-phase1a-ru88n-hg002-grch38-v421	event-run-phase1a-ru88n-hg002-grch38-v421-record-1631	GRCh38|chr20|10907861|A|G	CROSS_RUN_EQUIVALENCE_UNRESOLVED
run-phase1a-60z59-hg002-grch38-v421	event-run-phase1a-60z59-hg002-grch38-v421-record-1630	run-phase1a-ru88n-hg002-grch38-v421	event-run-phase1a-ru88n-hg002-grch38-v421-record-1632	GRCh38|chr20|10908873|C|A	CROSS_RUN_EQUIVALENCE_UNRESOLVED
run-phase1a-60z59-hg002-grch38-v421	event-run-phase1a-60z59-hg002-grch38-v421-record-1631	run-phase1a-ru88n-hg002-grch38-v421	event-run-phase1a-ru88n-hg002-grch38-v421-record-1633	GRCh38|chr20|10908997|A|G	CROSS_RUN_EQUIVALENCE_UNRESOLVED
run-phase1a-60z59-hg002-grch38-v421	event-run-phase1a-60z59-hg002-grch38-v421-record-1632	run-phase1a-ru88n-hg002-grch38-v421	event-run-phase1a-ru88n-hg002-grch38-v421-record-1634	GRCh38|chr20|10909283|G|A	CROSS_RUN_EQUIVALENCE_UNRESOLVED
run-phase1a-60z59-hg002-grch38-v421	event-run-phase1a-60z59-hg002-grch38-v421-record-1633	run-phase1a-ru88n-hg002-grch38-v421	event-run-phase1a-ru88n-hg002-grch38-v421-record-1635	GRCh38|chr20|10909486|T|C	CROSS_RUN_EQUIVALENCE_UNRESOLVED
run-phase1a-60z59-hg002-grch38-v421	event-run-phase1a-60z59-hg002-grch38-v421-record-1634	run-phase1a-ru88n-hg002-grch38-v421	event-run-phase1a-ru88n-hg002-grch38-v421-record-1636	GRCh38|chr20|10909974|TACTC|T	CROSS_RUN_EQUIVALENCE_UNRESOLVED
run-phase1a-60z59-hg002-grch38-v421	event-run-phase1a-60z59-hg002-grch38-v421-record-1635	run-phase1a-ru88n-hg002-grch38-v421	event-run-phase1a-ru88n-hg002-grch38-v421-record-1637	GRCh38|chr20|10910301|T|C	CROSS_RUN_EQUIVALENCE_UNRESOLVED
run-phase1a-60z59-hg002-grch38-v421	event-run-phase1a-60z59-hg002-grch38-v421-record-1636	run-phase1a-ru88n-hg002-grch38-v421	event-run-phase1a-ru88n-hg002-grch38-v421-record-1638	GRCh38|chr20|10910372|G|T	CROSS_RUN_EQUIVALENCE_UNRESOLVED
run-phase1a-60z59-hg002-grch38-v421	event-run-phase1a-60z59-hg002-grch38-v421-record-1637	run-phase1a-ru88n-hg002-grch38-v421	event-run-phase1a-ru88n-hg002-grch38-v421-record-1639	GRCh38|chr20|10910524|G|A	CROSS_RUN_EQUIVALENCE_UNRESOLVED
run-phase1a-60z59-hg002-grch38-v421	event-run-phase1a-60z59-hg002-grch38-v421-record-1638	run-phase1a-ru88n-hg002-grch38-v421	event-run-phase1a-ru88n-hg002-grch38-v421-record-1640	GRCh38|chr20|10911150|T|C	CROSS_RUN_EQUIVALENCE_UNRESOLVED
run-phase1a-60z59-hg002-grch38-v421	event-run-phase1a-60z59-hg002-grch38-v421-record-1639	run-phase1a-ru88n-hg002-grch38-v421	event-run-phase1a-ru88n-hg002-grch38-v421-record-1641	GRCh38|chr20|10913760|CCTCAT|C	CROSS_RUN_EQUIVALENCE_UNRESOLVED
run-phase1a-60z59-hg002-grch38-v421	event-run-phase1a-60z59-hg002-grch38-v421-record-1640	run-phase1a-ru88n-hg002-grch38-v421	event-run-phase1a-ru88n-hg002-grch38-v421-record-1642	GRCh38|chr20|10914126|AC|A	CROSS_RUN_EQUIVALENCE_UNRESOLVED
run-phase1a-60z59-hg002-grch38-v421	event-run-phase1a-60z59-hg002-grch38-v421-record-1641	run-phase1a-ru88n-hg002-grch38-v421	event-run-phase1a-ru88n-hg002-grch38-v421-record-1643	GRCh38|chr20|10914850|C|T	CROSS_RUN_EQUIVALENCE_UNRESOLVED
run-phase1a-60z59-hg002-grch38-v421	event-run-phase1a-60z59-hg002-grch38-v421-record-1642	run-phase1a-ru88n-hg002-grch38-v421	event-run-phase1a-ru88n-hg002-grch38-v421-record-1644	GRCh38|chr20|10914864|C|T	CROSS_RUN_EQUIVALENCE_UNRESOLVED
run-phase1a-60z59-hg002-grch38-v421	event-run-phase1a-60z59-hg002-grch38-v421-record-1644	run-phase1a-ru88n-hg002-grch38-v421	event-run-phase1a-ru88n-hg002-grch38-v421-record-1645	GRCh38|chr20|10917686|G|A	CROSS_RUN_EQUIVALENCE_UNRESOLVED
run-phase1a-60z59-hg002-grch38-v421	event-run-phase1a-60z59-hg002-grch38-v421-record-1645	run-phase1a-ru88n-hg002-grch38-v421	event-run-phase1a-ru88n-hg002-grch38-v421-record-1646	GRCh38|chr20|10918577|C|G	CROSS_RUN_EQUIVALENCE_UNRESOLVED
run-phase1a-60z59-hg002-grch38-v421	event-run-phase1a-60z59-hg002-grch38-v421-record-1646	run-phase1a-ru88n-hg002-grch38-v421	event-run-phase1a-ru88n-hg002-grch38-v421-record-1647	GRCh38|chr20|10918847|C|CAA	CROSS_RUN_EQUIVALENCE_UNRESOLVED
run-phase1a-60z59-hg002-grch38-v421	event-run-phase1a-60z59-hg002-grch38-v421-record-1647	run-phase1a-ru88n-hg002-grch38-v421	event-run-phase1a-ru88n-hg002-grch38-v421-record-1648	GRCh38|chr20|10921913|A|G	CROSS_RUN_EQUIVALENCE_UNRESOLVED
run-phase1a-60z59-hg002-grch38-v421	event-run-phase1a-60z59-hg002-grch38-v421-record-1648	run-phase1a-ru88n-hg002-grch38-v421	event-run-phase1a-ru88n-hg002-grch38-v421-record-1649	GRCh38|chr20|10922601|T|G	CROSS_RUN_EQUIVALENCE_UNRESOLVED
run-phase1a-60z59-hg002-grch38-v421	event-run-phase1a-60z59-hg002-grch38-v421-record-1649	run-phase1a-ru88n-hg002-grch38-v421	event-run-phase1a-ru88n-hg002-grch38-v421-record-1650	GRCh38|chr20|10923051|A|C	CROSS_RUN_EQUIVALENCE_UNRESOLVED
run-phase1a-60z59-hg002-grch38-v421	event-run-phase1a-60z59-hg002-grch38-v421-record-1650	run-phase1a-ru88n-hg002-grch38-v421	event-run-phase1a-ru88n-hg002-grch38-v421-record-1651	GRCh38|chr20|10923902|G|T	CROSS_RUN_EQUIVALENCE_UNRESOLVED
run-phase1a-60z59-hg002-grch38-v421	event-run-phase1a-60z59-hg002-grch38-v421-record-1651	run-phase1a-ru88n-hg002-grch38-v421	event-run-phase1a-ru88n-hg002-grch38-v421-record-1652	GRCh38|chr20|10926005|C|T	CROSS_RUN_EQUIVALENCE_UNRESOLVED
run-phase1a-60z59-hg002-grch38-v421	event-run-phase1a-60z59-hg002-grch38-v421-record-1652	run-phase1a-ru88n-hg002-grch38-v421	event-run-phase1a-ru88n-hg002-grch38-v421-record-1653	GRCh38|chr20|10926389|C|T	CROSS_RUN_EQUIVALENCE_UNRESOLVED
run-phase1a-60z59-hg002-grch38-v421	event-run-phase1a-60z59-hg002-grch38-v421-record-1653	run-phase1a-ru88n-hg002-grch38-v421	event-run-phase1a-ru88n-hg002-grch38-v421-record-1654	GRCh38|chr20|10926768|G|C	CROSS_RUN_EQUIVALENCE_UNRESOLVED
run-phase1a-60z59-hg002-grch38-v421	event-run-phase1a-60z59-hg002-grch38-v421-record-1654	run-phase1a-ru88n-hg002-grch38-v421	event-run-phase1a-ru88n-hg002-grch38-v421-record-1655	GRCh38|chr20|10926995|G|C	CROSS_RUN_EQUIVALENCE_UNRESOLVED
run-phase1a-60z59-hg002-grch38-v421	event-run-phase1a-60z59-hg002-grch38-v421-record-1656	run-phase1a-ru88n-hg002-grch38-v421	event-run-phase1a-ru88n-hg002-grch38-v421-record-1656	GRCh38|chr20|10927055|G|A	CROSS_RUN_EQUIVALENCE_UNRESOLVED
run-phase1a-60z59-hg002-grch38-v421	event-run-phase1a-60z59-hg002-grch38-v421-record-1657	run-phase1a-ru88n-hg002-grch38-v421	event-run-phase1a-ru88n-hg002-grch38-v421-record-1657	GRCh38|chr20|10928394|T|C	CROSS_RUN_EQUIVALENCE_UNRESOLVED
run-phase1a-60z59-hg002-grch38-v421	event-run-phase1a-60z59-hg002-grch38-v421-record-1658	run-phase1a-ru88n-hg002-grch38-v421	event-run-phase1a-ru88n-hg002-grch38-v421-record-1658	GRCh38|chr20|10929704|C|T	CROSS_RUN_EQUIVALENCE_UNRESOLVED
run-phase1a-60z59-hg002-grch38-v421	event-run-phase1a-60z59-hg002-grch38-v421-record-1659	run-phase1a-ru88n-hg002-grch38-v421	event-run-phase1a-ru88n-hg002-grch38-v421-record-1659	GRCh38|chr20|10930845|CA|C	CROSS_RUN_EQUIVALENCE_UNRESOLVED
run-phase1a-60z59-hg002-grch38-v421	event-run-phase1a-60z59-hg002-grch38-v421-record-1660	run-phase1a-ru88n-hg002-grch38-v421	event-run-phase1a-ru88n-hg002-grch38-v421-record-1660	GRCh38|chr20|10932646|C|T	CROSS_RUN_EQUIVALENCE_UNRESOLVED
run-phase1a-60z59-hg002-grch38-v421	event-run-phase1a-60z59-hg002-grch38-v421-record-1661	run-phase1a-ru88n-hg002-grch38-v421	event-run-phase1a-ru88n-hg002-grch38-v421-record-1661	GRCh38|chr20|10932788|A|T	CROSS_RUN_EQUIVALENCE_UNRESOLVED
run-phase1a-60z59-hg002-grch38-v421	event-run-phase1a-60z59-hg002-grch38-v421-record-1662	run-phase1a-ru88n-hg002-grch38-v421	event-run-phase1a-ru88n-hg002-grch38-v421-record-1662	GRCh38|chr20|10932868|G|T	CROSS_RUN_EQUIVALENCE_UNRESOLVED
run-phase1a-60z59-hg002-grch38-v421	event-run-phase1a-60z59-hg002-grch38-v421-record-1663	run-phase1a-ru88n-hg002-grch38-v421	event-run-phase1a-ru88n-hg002-grch38-v421-record-1663	GRCh38|chr20|10934355|A|T	CROSS_RUN_EQUIVALENCE_UNRESOLVED
run-phase1a-60z59-hg002-grch38-v421	event-run-phase1a-60z59-hg002-grch38-v421-record-1664	run-phase1a-ru88n-hg002-grch38-v421	event-run-phase1a-ru88n-hg002-grch38-v421-record-1664	GRCh38|chr20|10935394|TC|T	CROSS_RUN_EQUIVALENCE_UNRESOLVED
run-phase1a-60z59-hg002-grch38-v421	event-run-phase1a-60z59-hg002-grch38-v421-record-1665	run-phase1a-ru88n-hg002-grch38-v421	event-run-phase1a-ru88n-hg002-grch38-v421-record-1665	GRCh38|chr20|10936669|C|T	CROSS_RUN_EQUIVALENCE_UNRESOLVED
run-phase1a-60z59-hg002-grch38-v421	event-run-phase1a-60z59-hg002-grch38-v421-record-1666	run-phase1a-ru88n-hg002-grch38-v421	event-run-phase1a-ru88n-hg002-grch38-v421-record-1666	GRCh38|chr20|10936859|T|A	CROSS_RUN_EQUIVALENCE_UNRESOLVED
run-phase1a-60z59-hg002-grch38-v421	event-run-phase1a-60z59-hg002-grch38-v421-record-1667	run-phase1a-ru88n-hg002-grch38-v421	event-run-phase1a-ru88n-hg002-grch38-v421-record-1667	GRCh38|chr20|10937400|C|T	CROSS_RUN_EQUIVALENCE_UNRESOLVED
run-phase1a-60z59-hg002-grch38-v421	event-run-phase1a-60z59-hg002-grch38-v421-record-1668	run-phase1a-ru88n-hg002-grch38-v421	event-run-phase1a-ru88n-hg002-grch38-v421-record-1668	GRCh38|chr20|10938558|C|T	CROSS_RUN_EQUIVALENCE_UNRESOLVED
run-phase1a-60z59-hg002-grch38-v421	event-run-phase1a-60z59-hg002-grch38-v421-record-1669	run-phase1a-ru88n-hg002-grch38-v421	event-run-phase1a-ru88n-hg002-grch38-v421-record-1669	GRCh38|chr20|10938875|C|T	CROSS_RUN_EQUIVALENCE_UNRESOLVED
run-phase1a-60z59-hg002-grch38-v421	event-run-phase1a-60z59-hg002-grch38-v421-record-1670	run-phase1a-ru88n-hg002-grch38-v421	event-run-phase1a-ru88n-hg002-grch38-v421-record-1670	GRCh38|chr20|10939065|G|T	CROSS_RUN_EQUIVALENCE_UNRESOLVED
run-phase1a-60z59-hg002-grch38-v421	event-run-phase1a-60z59-hg002-grch38-v421-record-1671	run-phase1a-ru88n-hg002-grch38-v421	event-run-phase1a-ru88n-hg002-grch38-v421-record-1671	GRCh38|chr20|10940224|C|T	CROSS_RUN_EQUIVALENCE_UNRESOLVED
run-phase1a-60z59-hg002-grch38-v421	event-run-phase1a-60z59-hg002-grch38-v421-record-1672	run-phase1a-ru88n-hg002-grch38-v421	event-run-phase1a-ru88n-hg002-grch38-v421-record-1672	GRCh38|chr20|10941498|C|T	CROSS_RUN_EQUIVALENCE_UNRESOLVED
run-phase1a-60z59-hg002-grch38-v421	event-run-phase1a-60z59-hg002-grch38-v421-record-1673	run-phase1a-ru88n-hg002-grch38-v421	event-run-phase1a-ru88n-hg002-grch38-v421-record-1673	GRCh38|chr20|10943155|G|A	CROSS_RUN_EQUIVALENCE_UNRESOLVED
run-phase1a-60z59-hg002-grch38-v421	event-run-phase1a-60z59-hg002-grch38-v421-record-1674	run-phase1a-ru88n-hg002-grch38-v421	event-run-phase1a-ru88n-hg002-grch38-v421-record-1674	GRCh38|chr20|10943176|C|T	CROSS_RUN_EQUIVALENCE_UNRESOLVED
run-phase1a-60z59-hg002-grch38-v421	event-run-phase1a-60z59-hg002-grch38-v421-record-1675	run-phase1a-ru88n-hg002-grch38-v421	event-run-phase1a-ru88n-hg002-grch38-v421-record-1675	GRCh38|chr20|10943185|C|A	CROSS_RUN_EQUIVALENCE_UNRESOLVED
run-phase1a-60z59-hg002-grch38-v421	event-run-phase1a-60z59-hg002-grch38-v421-record-1676	run-phase1a-ru88n-hg002-grch38-v421	event-run-phase1a-ru88n-hg002-grch38-v421-record-1676	GRCh38|chr20|10943199|C|T	CROSS_RUN_EQUIVALENCE_UNRESOLVED
run-phase1a-60z59-hg002-grch38-v421	event-run-phase1a-60z59-hg002-grch38-v421-record-1677	run-phase1a-ru88n-hg002-grch38-v421	event-run-phase1a-ru88n-hg002-grch38-v421-record-1677	GRCh38|chr20|10943292|G|A	CROSS_RUN_EQUIVALENCE_UNRESOLVED
run-phase1a-60z59-hg002-grch38-v421	event-run-phase1a-60z59-hg002-grch38-v421-record-1678	run-phase1a-ru88n-hg002-grch38-v421	event-run-phase1a-ru88n-hg002-grch38-v421-record-1678	GRCh38|chr20|10943348|G|C	CROSS_RUN_EQUIVALENCE_UNRESOLVED
run-phase1a-60z59-hg002-grch38-v421	event-run-phase1a-60z59-hg002-grch38-v421-record-1679	run-phase1a-ru88n-hg002-grch38-v421	event-run-phase1a-ru88n-hg002-grch38-v421-record-1679	GRCh38|chr20|10946153|G|A	CROSS_RUN_EQUIVALENCE_UNRESOLVED
run-phase1a-60z59-hg002-grch38-v421	event-run-phase1a-60z59-hg002-grch38-v421-record-1680	run-phase1a-ru88n-hg002-grch38-v421	event-run-phase1a-ru88n-hg002-grch38-v421-record-1680	GRCh38|chr20|10946312|G|A	CROSS_RUN_EQUIVALENCE_UNRESOLVED
run-phase1a-60z59-hg002-grch38-v421	event-run-phase1a-60z59-hg002-grch38-v421-record-1681	run-phase1a-ru88n-hg002-grch38-v421	event-run-phase1a-ru88n-hg002-grch38-v421-record-1681	GRCh38|chr20|10946339|T|C	CROSS_RUN_EQUIVALENCE_UNRESOLVED
run-phase1a-60z59-hg002-grch38-v421	event-run-phase1a-60z59-hg002-grch38-v421-record-1687	run-phase1a-ru88n-hg002-grch38-v421	event-run-phase1a-ru88n-hg002-grch38-v421-record-1683	GRCh38|chr20|10947667|T|C	CROSS_RUN_EQUIVALENCE_UNRESOLVED
run-phase1a-60z59-hg002-grch38-v421	event-run-phase1a-60z59-hg002-grch38-v421-record-1688	run-phase1a-ru88n-hg002-grch38-v421	event-run-phase1a-ru88n-hg002-grch38-v421-record-1684	GRCh38|chr20|10948413|C|T	CROSS_RUN_EQUIVALENCE_UNRESOLVED
run-phase1a-60z59-hg002-grch38-v421	event-run-phase1a-60z59-hg002-grch38-v421-record-1689	run-phase1a-ru88n-hg002-grch38-v421	event-run-phase1a-ru88n-hg002-grch38-v421-record-1685	GRCh38|chr20|10948469|G|A	CROSS_RUN_EQUIVALENCE_UNRESOLVED
run-phase1a-60z59-hg002-grch38-v421	event-run-phase1a-60z59-hg002-grch38-v421-record-1690	run-phase1a-ru88n-hg002-grch38-v421	event-run-phase1a-ru88n-hg002-grch38-v421-record-1686	GRCh38|chr20|10948906|T|C	CROSS_RUN_EQUIVALENCE_UNRESOLVED
run-phase1a-60z59-hg002-grch38-v421	event-run-phase1a-60z59-hg002-grch38-v421-record-1691	run-phase1a-ru88n-hg002-grch38-v421	event-run-phase1a-ru88n-hg002-grch38-v421-record-1687	GRCh38|chr20|10949404|G|GTC	CROSS_RUN_EQUIVALENCE_UNRESOLVED
run-phase1a-60z59-hg002-grch38-v421	event-run-phase1a-60z59-hg002-grch38-v421-record-1692	run-phase1a-ru88n-hg002-grch38-v421	event-run-phase1a-ru88n-hg002-grch38-v421-record-1688	GRCh38|chr20|10950060|A|G	CROSS_RUN_EQUIVALENCE_UNRESOLVED
run-phase1a-60z59-hg002-grch38-v421	event-run-phase1a-60z59-hg002-grch38-v421-record-1693	run-phase1a-ru88n-hg002-grch38-v421	event-run-phase1a-ru88n-hg002-grch38-v421-record-1689	GRCh38|chr20|10950424|T|C	CROSS_RUN_EQUIVALENCE_UNRESOLVED
run-phase1a-60z59-hg002-grch38-v421	event-run-phase1a-60z59-hg002-grch38-v421-record-1694	run-phase1a-ru88n-hg002-grch38-v421	event-run-phase1a-ru88n-hg002-grch38-v421-record-1690	GRCh38|chr20|10951022|C|T	CROSS_RUN_EQUIVALENCE_UNRESOLVED
run-phase1a-60z59-hg002-grch38-v421	event-run-phase1a-60z59-hg002-grch38-v421-record-1695	run-phase1a-ru88n-hg002-grch38-v421	event-run-phase1a-ru88n-hg002-grch38-v421-record-1691	GRCh38|chr20|10951053|T|C	CROSS_RUN_EQUIVALENCE_UNRESOLVED
run-phase1a-60z59-hg002-grch38-v421	event-run-phase1a-60z59-hg002-grch38-v421-record-1696	run-phase1a-ru88n-hg002-grch38-v421	event-run-phase1a-ru88n-hg002-grch38-v421-record-1692	GRCh38|chr20|10951370|G|A	CROSS_RUN_EQUIVALENCE_UNRESOLVED
run-phase1a-60z59-hg002-grch38-v421	event-run-phase1a-60z59-hg002-grch38-v421-record-1697	run-phase1a-ru88n-hg002-grch38-v421	event-run-phase1a-ru88n-hg002-grch38-v421-record-1693	GRCh38|chr20|10951591|C|A	CROSS_RUN_EQUIVALENCE_UNRESOLVED
run-phase1a-60z59-hg002-grch38-v421	event-run-phase1a-60z59-hg002-grch38-v421-record-1698	run-phase1a-ru88n-hg002-grch38-v421	event-run-phase1a-ru88n-hg002-grch38-v421-record-1694	GRCh38|chr20|10951771|T|C	CROSS_RUN_EQUIVALENCE_UNRESOLVED
run-phase1a-60z59-hg002-grch38-v421	event-run-phase1a-60z59-hg002-grch38-v421-record-1699	run-phase1a-ru88n-hg002-grch38-v421	event-run-phase1a-ru88n-hg002-grch38-v421-record-1695	GRCh38|chr20|10951912|T|A	CROSS_RUN_EQUIVALENCE_UNRESOLVED
run-phase1a-60z59-hg002-grch38-v421	event-run-phase1a-60z59-hg002-grch38-v421-record-1700	run-phase1a-ru88n-hg002-grch38-v421	event-run-phase1a-ru88n-hg002-grch38-v421-record-1696	GRCh38|chr20|10953125|G|A	CROSS_RUN_EQUIVALENCE_UNRESOLVED
run-phase1a-60z59-hg002-grch38-v421	event-run-phase1a-60z59-hg002-grch38-v421-record-1701	run-phase1a-ru88n-hg002-grch38-v421	event-run-phase1a-ru88n-hg002-grch38-v421-record-1697	GRCh38|chr20|10953559|C|T	CROSS_RUN_EQUIVALENCE_UNRESOLVED
run-phase1a-60z59-hg002-grch38-v421	event-run-phase1a-60z59-hg002-grch38-v421-record-1702	run-phase1a-ru88n-hg002-grch38-v421	event-run-phase1a-ru88n-hg002-grch38-v421-record-1698	GRCh38|chr20|10953867|C|T	CROSS_RUN_EQUIVALENCE_UNRESOLVED
run-phase1a-60z59-hg002-grch38-v421	event-run-phase1a-60z59-hg002-grch38-v421-record-1703	run-phase1a-ru88n-hg002-grch38-v421	event-run-phase1a-ru88n-hg002-grch38-v421-record-1699	GRCh38|chr20|10953935|A|C	CROSS_RUN_EQUIVALENCE_UNRESOLVED
run-phase1a-60z59-hg002-grch38-v421	event-run-phase1a-60z59-hg002-grch38-v421-record-1704	run-phase1a-ru88n-hg002-grch38-v421	event-run-phase1a-ru88n-hg002-grch38-v421-record-1700	GRCh38|chr20|10954454|C|T	CROSS_RUN_EQUIVALENCE_UNRESOLVED
run-phase1a-60z59-hg002-grch38-v421	event-run-phase1a-60z59-hg002-grch38-v421-record-1705	run-phase1a-ru88n-hg002-grch38-v421	event-run-phase1a-ru88n-hg002-grch38-v421-record-1701	GRCh38|chr20|10954766|G|A	CROSS_RUN_EQUIVALENCE_UNRESOLVED
run-phase1a-60z59-hg002-grch38-v421	event-run-phase1a-60z59-hg002-grch38-v421-record-1706	run-phase1a-ru88n-hg002-grch38-v421	event-run-phase1a-ru88n-hg002-grch38-v421-record-1702	GRCh38|chr20|10954850|C|T	CROSS_RUN_EQUIVALENCE_UNRESOLVED
run-phase1a-60z59-hg002-grch38-v421	event-run-phase1a-60z59-hg002-grch38-v421-record-1707	run-phase1a-ru88n-hg002-grch38-v421	event-run-phase1a-ru88n-hg002-grch38-v421-record-1703	GRCh38|chr20|10955381|T|G	CROSS_RUN_EQUIVALENCE_UNRESOLVED
run-phase1a-60z59-hg002-grch38-v421	event-run-phase1a-60z59-hg002-grch38-v421-record-1710	run-phase1a-ru88n-hg002-grch38-v421	event-run-phase1a-ru88n-hg002-grch38-v421-record-1704	GRCh38|chr20|10956332|G|A	CROSS_RUN_EQUIVALENCE_UNRESOLVED
run-phase1a-60z59-hg002-grch38-v421	event-run-phase1a-60z59-hg002-grch38-v421-record-1711	run-phase1a-ru88n-hg002-grch38-v421	event-run-phase1a-ru88n-hg002-grch38-v421-record-1705	GRCh38|chr20|10956727|G|A	CROSS_RUN_EQUIVALENCE_UNRESOLVED
run-phase1a-60z59-hg002-grch38-v421	event-run-phase1a-60z59-hg002-grch38-v421-record-1712	run-phase1a-ru88n-hg002-grch38-v421	event-run-phase1a-ru88n-hg002-grch38-v421-record-1706	GRCh38|chr20|10957699|G|A	CROSS_RUN_EQUIVALENCE_UNRESOLVED
run-phase1a-60z59-hg002-grch38-v421	event-run-phase1a-60z59-hg002-grch38-v421-record-1713	run-phase1a-ru88n-hg002-grch38-v421	event-run-phase1a-ru88n-hg002-grch38-v421-record-1707	GRCh38|chr20|10957861|A|G	CROSS_RUN_EQUIVALENCE_UNRESOLVED
run-phase1a-60z59-hg002-grch38-v421	event-run-phase1a-60z59-hg002-grch38-v421-record-1714	run-phase1a-ru88n-hg002-grch38-v421	event-run-phase1a-ru88n-hg002-grch38-v421-record-1708	GRCh38|chr20|10958784|T|A	CROSS_RUN_EQUIVALENCE_UNRESOLVED
run-phase1a-60z59-hg002-grch38-v421	event-run-phase1a-60z59-hg002-grch38-v421-record-1715	run-phase1a-ru88n-hg002-grch38-v421	event-run-phase1a-ru88n-hg002-grch38-v421-record-1709	GRCh38|chr20|10959471|A|G	CROSS_RUN_EQUIVALENCE_UNRESOLVED
run-phase1a-60z59-hg002-grch38-v421	event-run-phase1a-60z59-hg002-grch38-v421-record-1716	run-phase1a-ru88n-hg002-grch38-v421	event-run-phase1a-ru88n-hg002-grch38-v421-record-1710	GRCh38|chr20|10960260|A|AT	CROSS_RUN_EQUIVALENCE_UNRESOLVED
run-phase1a-60z59-hg002-grch38-v421	event-run-phase1a-60z59-hg002-grch38-v421-record-1717	run-phase1a-ru88n-hg002-grch38-v421	event-run-phase1a-ru88n-hg002-grch38-v421-record-1711	GRCh38|chr20|10960286|A|G	CROSS_RUN_EQUIVALENCE_UNRESOLVED
run-phase1a-60z59-hg002-grch38-v421	event-run-phase1a-60z59-hg002-grch38-v421-record-1718	run-phase1a-ru88n-hg002-grch38-v421	event-run-phase1a-ru88n-hg002-grch38-v421-record-1712	GRCh38|chr20|10960354|T|C	CROSS_RUN_EQUIVALENCE_UNRESOLVED
run-phase1a-60z59-hg002-grch38-v421	event-run-phase1a-60z59-hg002-grch38-v421-record-1719	run-phase1a-ru88n-hg002-grch38-v421	event-run-phase1a-ru88n-hg002-grch38-v421-record-1713	GRCh38|chr20|10961201|A|G	CROSS_RUN_EQUIVALENCE_UNRESOLVED
run-phase1a-60z59-hg002-grch38-v421	event-run-phase1a-60z59-hg002-grch38-v421-record-1720	run-phase1a-ru88n-hg002-grch38-v421	event-run-phase1a-ru88n-hg002-grch38-v421-record-1714	GRCh38|chr20|10961543|T|C	CROSS_RUN_EQUIVALENCE_UNRESOLVED
run-phase1a-60z59-hg002-grch38-v421	event-run-phase1a-60z59-hg002-grch38-v421-record-1721	run-phase1a-ru88n-hg002-grch38-v421	event-run-phase1a-ru88n-hg002-grch38-v421-record-1715	GRCh38|chr20|10962056|T|C	CROSS_RUN_EQUIVALENCE_UNRESOLVED
run-phase1a-60z59-hg002-grch38-v421	event-run-phase1a-60z59-hg002-grch38-v421-record-1722	run-phase1a-ru88n-hg002-grch38-v421	event-run-phase1a-ru88n-hg002-grch38-v421-record-1716	GRCh38|chr20|10962096|C|A	CROSS_RUN_EQUIVALENCE_UNRESOLVED
run-phase1a-60z59-hg002-grch38-v421	event-run-phase1a-60z59-hg002-grch38-v421-record-1723	run-phase1a-ru88n-hg002-grch38-v421	event-run-phase1a-ru88n-hg002-grch38-v421-record-1717	GRCh38|chr20|10963125|ATAGATGAACATGTGACCCACGCTCAC|A	CROSS_RUN_EQUIVALENCE_UNRESOLVED
run-phase1a-60z59-hg002-grch38-v421	event-run-phase1a-60z59-hg002-grch38-v421-record-1724	run-phase1a-ru88n-hg002-grch38-v421	event-run-phase1a-ru88n-hg002-grch38-v421-record-1718	GRCh38|chr20|10965452|A|G	CROSS_RUN_EQUIVALENCE_UNRESOLVED
run-phase1a-60z59-hg002-grch38-v421	event-run-phase1a-60z59-hg002-grch38-v421-record-1725	run-phase1a-ru88n-hg002-grch38-v421	event-run-phase1a-ru88n-hg002-grch38-v421-record-1719	GRCh38|chr20|10966554|A|G	CROSS_RUN_EQUIVALENCE_UNRESOLVED
run-phase1a-60z59-hg002-grch38-v421	event-run-phase1a-60z59-hg002-grch38-v421-record-1726	run-phase1a-ru88n-hg002-grch38-v421	event-run-phase1a-ru88n-hg002-grch38-v421-record-1720	GRCh38|chr20|10967903|G|A	CROSS_RUN_EQUIVALENCE_UNRESOLVED
run-phase1a-60z59-hg002-grch38-v421	event-run-phase1a-60z59-hg002-grch38-v421-record-1727	run-phase1a-ru88n-hg002-grch38-v421	event-run-phase1a-ru88n-hg002-grch38-v421-record-1721	GRCh38|chr20|10968177|G|GA	CROSS_RUN_EQUIVALENCE_UNRESOLVED
run-phase1a-60z59-hg002-grch38-v421	event-run-phase1a-60z59-hg002-grch38-v421-record-1728	run-phase1a-ru88n-hg002-grch38-v421	event-run-phase1a-ru88n-hg002-grch38-v421-record-1722	GRCh38|chr20|10968666|G|A	CROSS_RUN_EQUIVALENCE_UNRESOLVED
run-phase1a-60z59-hg002-grch38-v421	event-run-phase1a-60z59-hg002-grch38-v421-record-1729	run-phase1a-ru88n-hg002-grch38-v421	event-run-phase1a-ru88n-hg002-grch38-v421-record-1723	GRCh38|chr20|10968761|C|T	CROSS_RUN_EQUIVALENCE_UNRESOLVED
run-phase1a-60z59-hg002-grch38-v421	event-run-phase1a-60z59-hg002-grch38-v421-record-1730	run-phase1a-ru88n-hg002-grch38-v421	event-run-phase1a-ru88n-hg002-grch38-v421-record-1724	GRCh38|chr20|10969591|C|T	CROSS_RUN_EQUIVALENCE_UNRESOLVED
run-phase1a-60z59-hg002-grch38-v421	event-run-phase1a-60z59-hg002-grch38-v421-record-1731	run-phase1a-ru88n-hg002-grch38-v421	event-run-phase1a-ru88n-hg002-grch38-v421-record-1725	GRCh38|chr20|10969935|T|C	CROSS_RUN_EQUIVALENCE_UNRESOLVED
run-phase1a-60z59-hg002-grch38-v421	event-run-phase1a-60z59-hg002-grch38-v421-record-1732	run-phase1a-ru88n-hg002-grch38-v421	event-run-phase1a-ru88n-hg002-grch38-v421-record-1726	GRCh38|chr20|10970264|TAAAG|T	CROSS_RUN_EQUIVALENCE_UNRESOLVED
run-phase1a-60z59-hg002-grch38-v421	event-run-phase1a-60z59-hg002-grch38-v421-record-1733	run-phase1a-ru88n-hg002-grch38-v421	event-run-phase1a-ru88n-hg002-grch38-v421-record-1727	GRCh38|chr20|10970313|T|C	CROSS_RUN_EQUIVALENCE_UNRESOLVED
run-phase1a-60z59-hg002-grch38-v421	event-run-phase1a-60z59-hg002-grch38-v421-record-1734	run-phase1a-ru88n-hg002-grch38-v421	event-run-phase1a-ru88n-hg002-grch38-v421-record-1728	GRCh38|chr20|10970582|AAGGAGC|A	CROSS_RUN_EQUIVALENCE_UNRESOLVED
run-phase1a-60z59-hg002-grch38-v421	event-run-phase1a-60z59-hg002-grch38-v421-record-1735	run-phase1a-ru88n-hg002-grch38-v421	event-run-phase1a-ru88n-hg002-grch38-v421-record-1729	GRCh38|chr20|10971010|T|C	CROSS_RUN_EQUIVALENCE_UNRESOLVED
run-phase1a-60z59-hg002-grch38-v421	event-run-phase1a-60z59-hg002-grch38-v421-record-1736	run-phase1a-ru88n-hg002-grch38-v421	event-run-phase1a-ru88n-hg002-grch38-v421-record-1730	GRCh38|chr20|10971595|C|T	CROSS_RUN_EQUIVALENCE_UNRESOLVED
run-phase1a-60z59-hg002-grch38-v421	event-run-phase1a-60z59-hg002-grch38-v421-record-1737	run-phase1a-ru88n-hg002-grch38-v421	event-run-phase1a-ru88n-hg002-grch38-v421-record-1731	GRCh38|chr20|10972790|C|G	CROSS_RUN_EQUIVALENCE_UNRESOLVED
run-phase1a-60z59-hg002-grch38-v421	event-run-phase1a-60z59-hg002-grch38-v421-record-1738	run-phase1a-ru88n-hg002-grch38-v421	event-run-phase1a-ru88n-hg002-grch38-v421-record-1732	GRCh38|chr20|10973240|T|C	CROSS_RUN_EQUIVALENCE_UNRESOLVED
run-phase1a-60z59-hg002-grch38-v421	event-run-phase1a-60z59-hg002-grch38-v421-record-1739	run-phase1a-ru88n-hg002-grch38-v421	event-run-phase1a-ru88n-hg002-grch38-v421-record-1733	GRCh38|chr20|10974043|G|C	CROSS_RUN_EQUIVALENCE_UNRESOLVED
run-phase1a-60z59-hg002-grch38-v421	event-run-phase1a-60z59-hg002-grch38-v421-record-1740	run-phase1a-ru88n-hg002-grch38-v421	event-run-phase1a-ru88n-hg002-grch38-v421-record-1734	GRCh38|chr20|10974585|G|A	CROSS_RUN_EQUIVALENCE_UNRESOLVED
run-phase1a-60z59-hg002-grch38-v421	event-run-phase1a-60z59-hg002-grch38-v421-record-1741	run-phase1a-ru88n-hg002-grch38-v421	event-run-phase1a-ru88n-hg002-grch38-v421-record-1735	GRCh38|chr20|10974606|G|C	CROSS_RUN_EQUIVALENCE_UNRESOLVED
run-phase1a-60z59-hg002-grch38-v421	event-run-phase1a-60z59-hg002-grch38-v421-record-1742	run-phase1a-ru88n-hg002-grch38-v421	event-run-phase1a-ru88n-hg002-grch38-v421-record-1736	GRCh38|chr20|10974972|C|T	CROSS_RUN_EQUIVALENCE_UNRESOLVED
run-phase1a-60z59-hg002-grch38-v421	event-run-phase1a-60z59-hg002-grch38-v421-record-1743	run-phase1a-ru88n-hg002-grch38-v421	event-run-phase1a-ru88n-hg002-grch38-v421-record-1737	GRCh38|chr20|10975844|G|A	CROSS_RUN_EQUIVALENCE_UNRESOLVED
run-phase1a-60z59-hg002-grch38-v421	event-run-phase1a-60z59-hg002-grch38-v421-record-1744	run-phase1a-ru88n-hg002-grch38-v421	event-run-phase1a-ru88n-hg002-grch38-v421-record-1738	GRCh38|chr20|10975847|C|T	CROSS_RUN_EQUIVALENCE_UNRESOLVED
run-phase1a-60z59-hg002-grch38-v421	event-run-phase1a-60z59-hg002-grch38-v421-record-1745	run-phase1a-ru88n-hg002-grch38-v421	event-run-phase1a-ru88n-hg002-grch38-v421-record-1739	GRCh38|chr20|10978014|T|C	CROSS_RUN_EQUIVALENCE_UNRESOLVED
run-phase1a-60z59-hg002-grch38-v421	event-run-phase1a-60z59-hg002-grch38-v421-record-1746	run-phase1a-ru88n-hg002-grch38-v421	event-run-phase1a-ru88n-hg002-grch38-v421-record-1740	GRCh38|chr20|10978298|C|G	CROSS_RUN_EQUIVALENCE_UNRESOLVED
run-phase1a-60z59-hg002-grch38-v421	event-run-phase1a-60z59-hg002-grch38-v421-record-1747	run-phase1a-ru88n-hg002-grch38-v421	event-run-phase1a-ru88n-hg002-grch38-v421-record-1741	GRCh38|chr20|10978552|G|C	CROSS_RUN_EQUIVALENCE_UNRESOLVED
run-phase1a-60z59-hg002-grch38-v421	event-run-phase1a-60z59-hg002-grch38-v421-record-1748	run-phase1a-ru88n-hg002-grch38-v421	event-run-phase1a-ru88n-hg002-grch38-v421-record-1742	GRCh38|chr20|10978803|G|A	CROSS_RUN_EQUIVALENCE_UNRESOLVED
run-phase1a-60z59-hg002-grch38-v421	event-run-phase1a-60z59-hg002-grch38-v421-record-1749	run-phase1a-ru88n-hg002-grch38-v421	event-run-phase1a-ru88n-hg002-grch38-v421-record-1743	GRCh38|chr20|10979909|C|T	CROSS_RUN_EQUIVALENCE_UNRESOLVED
run-phase1a-60z59-hg002-grch38-v421	event-run-phase1a-60z59-hg002-grch38-v421-record-1750	run-phase1a-ru88n-hg002-grch38-v421	event-run-phase1a-ru88n-hg002-grch38-v421-record-1744	GRCh38|chr20|10980079|T|C	CROSS_RUN_EQUIVALENCE_UNRESOLVED
run-phase1a-60z59-hg002-grch38-v421	event-run-phase1a-60z59-hg002-grch38-v421-record-1751	run-phase1a-ru88n-hg002-grch38-v421	event-run-phase1a-ru88n-hg002-grch38-v421-record-1745	GRCh38|chr20|10981287|C|A	CROSS_RUN_EQUIVALENCE_UNRESOLVED
run-phase1a-60z59-hg002-grch38-v421	event-run-phase1a-60z59-hg002-grch38-v421-record-1752	run-phase1a-ru88n-hg002-grch38-v421	event-run-phase1a-ru88n-hg002-grch38-v421-record-1746	GRCh38|chr20|10981537|G|A	CROSS_RUN_EQUIVALENCE_UNRESOLVED
run-phase1a-60z59-hg002-grch38-v421	event-run-phase1a-60z59-hg002-grch38-v421-record-1753	run-phase1a-ru88n-hg002-grch38-v421	event-run-phase1a-ru88n-hg002-grch38-v421-record-1747	GRCh38|chr20|10981733|C|CT	CROSS_RUN_EQUIVALENCE_UNRESOLVED
run-phase1a-60z59-hg002-grch38-v421	event-run-phase1a-60z59-hg002-grch38-v421-record-1754	run-phase1a-ru88n-hg002-grch38-v421	event-run-phase1a-ru88n-hg002-grch38-v421-record-1748	GRCh38|chr20|10983027|G|T	CROSS_RUN_EQUIVALENCE_UNRESOLVED
run-phase1a-60z59-hg002-grch38-v421	event-run-phase1a-60z59-hg002-grch38-v421-record-1755	run-phase1a-ru88n-hg002-grch38-v421	event-run-phase1a-ru88n-hg002-grch38-v421-record-1749	GRCh38|chr20|10983073|C|T	CROSS_RUN_EQUIVALENCE_UNRESOLVED
run-phase1a-60z59-hg002-grch38-v421	event-run-phase1a-60z59-hg002-grch38-v421-record-1756	run-phase1a-ru88n-hg002-grch38-v421	event-run-phase1a-ru88n-hg002-grch38-v421-record-1750	GRCh38|chr20|10983718|T|C	CROSS_RUN_EQUIVALENCE_UNRESOLVED
run-phase1a-60z59-hg002-grch38-v421	event-run-phase1a-60z59-hg002-grch38-v421-record-1757	run-phase1a-ru88n-hg002-grch38-v421	event-run-phase1a-ru88n-hg002-grch38-v421-record-1751	GRCh38|chr20|10985350|G|A	CROSS_RUN_EQUIVALENCE_UNRESOLVED
run-phase1a-60z59-hg002-grch38-v421	event-run-phase1a-60z59-hg002-grch38-v421-record-1758	run-phase1a-ru88n-hg002-grch38-v421	event-run-phase1a-ru88n-hg002-grch38-v421-record-1752	GRCh38|chr20|10985686|C|T	CROSS_RUN_EQUIVALENCE_UNRESOLVED
run-phase1a-60z59-hg002-grch38-v421	event-run-phase1a-60z59-hg002-grch38-v421-record-1759	run-phase1a-ru88n-hg002-grch38-v421	event-run-phase1a-ru88n-hg002-grch38-v421-record-1753	GRCh38|chr20|10985828|C|G	CROSS_RUN_EQUIVALENCE_UNRESOLVED
run-phase1a-60z59-hg002-grch38-v421	event-run-phase1a-60z59-hg002-grch38-v421-record-1760	run-phase1a-ru88n-hg002-grch38-v421	event-run-phase1a-ru88n-hg002-grch38-v421-record-1754	GRCh38|chr20|10986514|G|A	CROSS_RUN_EQUIVALENCE_UNRESOLVED
run-phase1a-60z59-hg002-grch38-v421	event-run-phase1a-60z59-hg002-grch38-v421-record-1761	run-phase1a-ru88n-hg002-grch38-v421	event-run-phase1a-ru88n-hg002-grch38-v421-record-1755	GRCh38|chr20|10986566|T|G	CROSS_RUN_EQUIVALENCE_UNRESOLVED
run-phase1a-60z59-hg002-grch38-v421	event-run-phase1a-60z59-hg002-grch38-v421-record-1762	run-phase1a-ru88n-hg002-grch38-v421	event-run-phase1a-ru88n-hg002-grch38-v421-record-1756	GRCh38|chr20|10987013|T|C	CROSS_RUN_EQUIVALENCE_UNRESOLVED
run-phase1a-60z59-hg002-grch38-v421	event-run-phase1a-60z59-hg002-grch38-v421-record-1764	run-phase1a-ru88n-hg002-grch38-v421	event-run-phase1a-ru88n-hg002-grch38-v421-record-1758	GRCh38|chr20|10987944|G|GTG	CROSS_RUN_EQUIVALENCE_UNRESOLVED
run-phase1a-60z59-hg002-grch38-v421	event-run-phase1a-60z59-hg002-grch38-v421-record-1765	run-phase1a-ru88n-hg002-grch38-v421	event-run-phase1a-ru88n-hg002-grch38-v421-record-1759	GRCh38|chr20|10987970|G|A	CROSS_RUN_EQUIVALENCE_UNRESOLVED
run-phase1a-60z59-hg002-grch38-v421	event-run-phase1a-60z59-hg002-grch38-v421-record-1766	run-phase1a-ru88n-hg002-grch38-v421	event-run-phase1a-ru88n-hg002-grch38-v421-record-1760	GRCh38|chr20|10988085|T|C	CROSS_RUN_EQUIVALENCE_UNRESOLVED
run-phase1a-60z59-hg002-grch38-v421	event-run-phase1a-60z59-hg002-grch38-v421-record-1767	run-phase1a-ru88n-hg002-grch38-v421	event-run-phase1a-ru88n-hg002-grch38-v421-record-1761	GRCh38|chr20|10988243|C|T	CROSS_RUN_EQUIVALENCE_UNRESOLVED
run-phase1a-60z59-hg002-grch38-v421	event-run-phase1a-60z59-hg002-grch38-v421-record-1768	run-phase1a-ru88n-hg002-grch38-v421	event-run-phase1a-ru88n-hg002-grch38-v421-record-1762	GRCh38|chr20|10988382|A|G	CROSS_RUN_EQUIVALENCE_UNRESOLVED
run-phase1a-60z59-hg002-grch38-v421	event-run-phase1a-60z59-hg002-grch38-v421-record-1769	run-phase1a-ru88n-hg002-grch38-v421	event-run-phase1a-ru88n-hg002-grch38-v421-record-1763	GRCh38|chr20|10988447|C|CTT	CROSS_RUN_EQUIVALENCE_UNRESOLVED
run-phase1a-60z59-hg002-grch38-v421	event-run-phase1a-60z59-hg002-grch38-v421-record-1770	run-phase1a-ru88n-hg002-grch38-v421	event-run-phase1a-ru88n-hg002-grch38-v421-record-1764	GRCh38|chr20|10988724|G|A	CROSS_RUN_EQUIVALENCE_UNRESOLVED
run-phase1a-60z59-hg002-grch38-v421	event-run-phase1a-60z59-hg002-grch38-v421-record-1771	run-phase1a-ru88n-hg002-grch38-v421	event-run-phase1a-ru88n-hg002-grch38-v421-record-1765	GRCh38|chr20|10988875|CT|C	CROSS_RUN_EQUIVALENCE_UNRESOLVED
run-phase1a-60z59-hg002-grch38-v421	event-run-phase1a-60z59-hg002-grch38-v421-record-1772	run-phase1a-ru88n-hg002-grch38-v421	event-run-phase1a-ru88n-hg002-grch38-v421-record-1766	GRCh38|chr20|10989139|CT|C	CROSS_RUN_EQUIVALENCE_UNRESOLVED
run-phase1a-60z59-hg002-grch38-v421	event-run-phase1a-60z59-hg002-grch38-v421-record-1773	run-phase1a-ru88n-hg002-grch38-v421	event-run-phase1a-ru88n-hg002-grch38-v421-record-1767	GRCh38|chr20|10989553|G|A	CROSS_RUN_EQUIVALENCE_UNRESOLVED
run-phase1a-60z59-hg002-grch38-v421	event-run-phase1a-60z59-hg002-grch38-v421-record-1774	run-phase1a-ru88n-hg002-grch38-v421	event-run-phase1a-ru88n-hg002-grch38-v421-record-1768	GRCh38|chr20|10989614|A|G	CROSS_RUN_EQUIVALENCE_UNRESOLVED
run-phase1a-60z59-hg002-grch38-v421	event-run-phase1a-60z59-hg002-grch38-v421-record-1775	run-phase1a-ru88n-hg002-grch38-v421	event-run-phase1a-ru88n-hg002-grch38-v421-record-1769	GRCh38|chr20|10990075|G|GA	CROSS_RUN_EQUIVALENCE_UNRESOLVED
run-phase1a-60z59-hg002-grch38-v421	event-run-phase1a-60z59-hg002-grch38-v421-record-1776	run-phase1a-ru88n-hg002-grch38-v421	event-run-phase1a-ru88n-hg002-grch38-v421-record-1770	GRCh38|chr20|10990605|AT|A	CROSS_RUN_EQUIVALENCE_UNRESOLVED
run-phase1a-60z59-hg002-grch38-v421	event-run-phase1a-60z59-hg002-grch38-v421-record-1777	run-phase1a-ru88n-hg002-grch38-v421	event-run-phase1a-ru88n-hg002-grch38-v421-record-1771	GRCh38|chr20|10990681|T|TAC	CROSS_RUN_EQUIVALENCE_UNRESOLVED
run-phase1a-60z59-hg002-grch38-v421	event-run-phase1a-60z59-hg002-grch38-v421-record-1778	run-phase1a-ru88n-hg002-grch38-v421	event-run-phase1a-ru88n-hg002-grch38-v421-record-1772	GRCh38|chr20|10990938|TC|T	CROSS_RUN_EQUIVALENCE_UNRESOLVED
run-phase1a-60z59-hg002-grch38-v421	event-run-phase1a-60z59-hg002-grch38-v421-record-1779	run-phase1a-ru88n-hg002-grch38-v421	event-run-phase1a-ru88n-hg002-grch38-v421-record-1773	GRCh38|chr20|10991096|T|C	CROSS_RUN_EQUIVALENCE_UNRESOLVED
run-phase1a-60z59-hg002-grch38-v421	event-run-phase1a-60z59-hg002-grch38-v421-record-1780	run-phase1a-ru88n-hg002-grch38-v421	event-run-phase1a-ru88n-hg002-grch38-v421-record-1774	GRCh38|chr20|10991434|A|G	CROSS_RUN_EQUIVALENCE_UNRESOLVED
run-phase1a-60z59-hg002-grch38-v421	event-run-phase1a-60z59-hg002-grch38-v421-record-1781	run-phase1a-ru88n-hg002-grch38-v421	event-run-phase1a-ru88n-hg002-grch38-v421-record-1775	GRCh38|chr20|10991762|T|TA	CROSS_RUN_EQUIVALENCE_UNRESOLVED
run-phase1a-60z59-hg002-grch38-v421	event-run-phase1a-60z59-hg002-grch38-v421-record-1782	run-phase1a-ru88n-hg002-grch38-v421	event-run-phase1a-ru88n-hg002-grch38-v421-record-1776	GRCh38|chr20|10992191|A|G	CROSS_RUN_EQUIVALENCE_UNRESOLVED
run-phase1a-60z59-hg002-grch38-v421	event-run-phase1a-60z59-hg002-grch38-v421-record-1783	run-phase1a-ru88n-hg002-grch38-v421	event-run-phase1a-ru88n-hg002-grch38-v421-record-1777	GRCh38|chr20|10992610|G|T	CROSS_RUN_EQUIVALENCE_UNRESOLVED
run-phase1a-60z59-hg002-grch38-v421	event-run-phase1a-60z59-hg002-grch38-v421-record-1784	run-phase1a-ru88n-hg002-grch38-v421	event-run-phase1a-ru88n-hg002-grch38-v421-record-1778	GRCh38|chr20|10993024|C|T	CROSS_RUN_EQUIVALENCE_UNRESOLVED
run-phase1a-60z59-hg002-grch38-v421	event-run-phase1a-60z59-hg002-grch38-v421-record-1785	run-phase1a-ru88n-hg002-grch38-v421	event-run-phase1a-ru88n-hg002-grch38-v421-record-1779	GRCh38|chr20|10994137|C|G	CROSS_RUN_EQUIVALENCE_UNRESOLVED
run-phase1a-60z59-hg002-grch38-v421	event-run-phase1a-60z59-hg002-grch38-v421-record-1786	run-phase1a-ru88n-hg002-grch38-v421	event-run-phase1a-ru88n-hg002-grch38-v421-record-1780	GRCh38|chr20|10994278|G|A	CROSS_RUN_EQUIVALENCE_UNRESOLVED
run-phase1a-60z59-hg002-grch38-v421	event-run-phase1a-60z59-hg002-grch38-v421-record-1787	run-phase1a-ru88n-hg002-grch38-v421	event-run-phase1a-ru88n-hg002-grch38-v421-record-1781	GRCh38|chr20|10994314|T|C	CROSS_RUN_EQUIVALENCE_UNRESOLVED
run-phase1a-60z59-hg002-grch38-v421	event-run-phase1a-60z59-hg002-grch38-v421-record-1788	run-phase1a-ru88n-hg002-grch38-v421	event-run-phase1a-ru88n-hg002-grch38-v421-record-1782	GRCh38|chr20|10994562|A|T	CROSS_RUN_EQUIVALENCE_UNRESOLVED
run-phase1a-60z59-hg002-grch38-v421	event-run-phase1a-60z59-hg002-grch38-v421-record-1789	run-phase1a-ru88n-hg002-grch38-v421	event-run-phase1a-ru88n-hg002-grch38-v421-record-1783	GRCh38|chr20|10994637|A|G	CROSS_RUN_EQUIVALENCE_UNRESOLVED
run-phase1a-60z59-hg002-grch38-v421	event-run-phase1a-60z59-hg002-grch38-v421-record-1790	run-phase1a-ru88n-hg002-grch38-v421	event-run-phase1a-ru88n-hg002-grch38-v421-record-1784	GRCh38|chr20|10995023|C|T	CROSS_RUN_EQUIVALENCE_UNRESOLVED
run-phase1a-60z59-hg002-grch38-v421	event-run-phase1a-60z59-hg002-grch38-v421-record-1791	run-phase1a-ru88n-hg002-grch38-v421	event-run-phase1a-ru88n-hg002-grch38-v421-record-1785	GRCh38|chr20|10995398|C|G	CROSS_RUN_EQUIVALENCE_UNRESOLVED
run-phase1a-60z59-hg002-grch38-v421	event-run-phase1a-60z59-hg002-grch38-v421-record-1792	run-phase1a-ru88n-hg002-grch38-v421	event-run-phase1a-ru88n-hg002-grch38-v421-record-1786	GRCh38|chr20|10996306|A|G	CROSS_RUN_EQUIVALENCE_UNRESOLVED
run-phase1a-60z59-hg002-grch38-v421	event-run-phase1a-60z59-hg002-grch38-v421-record-1793	run-phase1a-ru88n-hg002-grch38-v421	event-run-phase1a-ru88n-hg002-grch38-v421-record-1787	GRCh38|chr20|10996902|A|G	CROSS_RUN_EQUIVALENCE_UNRESOLVED
run-phase1a-60z59-hg002-grch38-v421	event-run-phase1a-60z59-hg002-grch38-v421-record-1794	run-phase1a-ru88n-hg002-grch38-v421	event-run-phase1a-ru88n-hg002-grch38-v421-record-1788	GRCh38|chr20|10996983|A|G	CROSS_RUN_EQUIVALENCE_UNRESOLVED
run-phase1a-60z59-hg002-grch38-v421	event-run-phase1a-60z59-hg002-grch38-v421-record-1795	run-phase1a-ru88n-hg002-grch38-v421	event-run-phase1a-ru88n-hg002-grch38-v421-record-1789	GRCh38|chr20|10997230|G|A	CROSS_RUN_EQUIVALENCE_UNRESOLVED
run-phase1a-60z59-hg002-grch38-v421	event-run-phase1a-60z59-hg002-grch38-v421-record-1796	run-phase1a-ru88n-hg002-grch38-v421	event-run-phase1a-ru88n-hg002-grch38-v421-record-1790	GRCh38|chr20|10997264|T|C	CROSS_RUN_EQUIVALENCE_UNRESOLVED
run-phase1a-60z59-hg002-grch38-v421	event-run-phase1a-60z59-hg002-grch38-v421-record-1797	run-phase1a-ru88n-hg002-grch38-v421	event-run-phase1a-ru88n-hg002-grch38-v421-record-1791	GRCh38|chr20|10997299|G|GTATTTATT	CROSS_RUN_EQUIVALENCE_UNRESOLVED
run-phase1a-60z59-hg002-grch38-v421	event-run-phase1a-60z59-hg002-grch38-v421-record-1798	run-phase1a-ru88n-hg002-grch38-v421	event-run-phase1a-ru88n-hg002-grch38-v421-record-1792	GRCh38|chr20|10998096|T|C	CROSS_RUN_EQUIVALENCE_UNRESOLVED
run-phase1a-60z59-hg002-grch38-v421	event-run-phase1a-60z59-hg002-grch38-v421-record-1799	run-phase1a-ru88n-hg002-grch38-v421	event-run-phase1a-ru88n-hg002-grch38-v421-record-1793	GRCh38|chr20|10998362|C|A	CROSS_RUN_EQUIVALENCE_UNRESOLVED
run-phase1a-60z59-hg002-grch38-v421	event-run-phase1a-60z59-hg002-grch38-v421-record-1800	run-phase1a-ru88n-hg002-grch38-v421	event-run-phase1a-ru88n-hg002-grch38-v421-record-1794	GRCh38|chr20|10998396|G|A	CROSS_RUN_EQUIVALENCE_UNRESOLVED
run-phase1a-60z59-hg002-grch38-v421	event-run-phase1a-60z59-hg002-grch38-v421-record-1801	run-phase1a-ru88n-hg002-grch38-v421	event-run-phase1a-ru88n-hg002-grch38-v421-record-1795	GRCh38|chr20|10998441|G|T	CROSS_RUN_EQUIVALENCE_UNRESOLVED
run-phase1a-60z59-hg002-grch38-v421	event-run-phase1a-60z59-hg002-grch38-v421-record-1802	run-phase1a-ru88n-hg002-grch38-v421	event-run-phase1a-ru88n-hg002-grch38-v421-record-1796	GRCh38|chr20|10998454|T|G	CROSS_RUN_EQUIVALENCE_UNRESOLVED
run-phase1a-60z59-hg002-grch38-v421	event-run-phase1a-60z59-hg002-grch38-v421-record-1803	run-phase1a-ru88n-hg002-grch38-v421	event-run-phase1a-ru88n-hg002-grch38-v421-record-1797	GRCh38|chr20|10998873|G|A	CROSS_RUN_EQUIVALENCE_UNRESOLVED
run-phase1a-60z59-hg002-grch38-v421	event-run-phase1a-60z59-hg002-grch38-v421-record-1804	run-phase1a-ru88n-hg002-grch38-v421	event-run-phase1a-ru88n-hg002-grch38-v421-record-1798	GRCh38|chr20|10999386|A|G	CROSS_RUN_EQUIVALENCE_UNRESOLVED
run-phase1a-60z59-hg002-grch38-v421	event-run-phase1a-60z59-hg002-grch38-v421-record-1805	run-phase1a-ru88n-hg002-grch38-v421	event-run-phase1a-ru88n-hg002-grch38-v421-record-1799	GRCh38|chr20|10999539|G|A	CROSS_RUN_EQUIVALENCE_UNRESOLVED
