candidate_number	run_a	event_a	run_b	event_b	phase1a_candidate_status	phase1a_normalized_allele_lookup_key	allele_a	allele_b	variant_id_a	variant_id_b	same_variant_id	phase1b_identity_status	identity_method	identity_method_version	representation_equivalence_evaluated	phase1a_entities_modified
1	run-phase1a-60z59-hg002-grch38-v421	event-run-phase1a-60z59-hg002-grch38-v421-record-2	run-phase1a-ru88n-hg002-grch38-v421	event-run-phase1a-ru88n-hg002-grch38-v421-record-2	CROSS_RUN_EQUIVALENCE_UNRESOLVED	GRCh38|chr20|10002077|G|A	GRCh38|chr20|10002076|10002077|G|A	GRCh38|chr20|10002076|10002077|G|A	variant:sha256:1ef9e09ee8d6e08109cbf06886003c00dec3f5995dc3cc554949224c7344209c	variant:sha256:1ef9e09ee8d6e08109cbf06886003c00dec3f5995dc3cc554949224c7344209c	True	EXACT_NORMALIZED_ALLELE	PHASE1B_EXACT_NORMALIZED_ALLELE_V1	1.0.0	False	False
2	run-phase1a-60z59-hg002-grch38-v421	event-run-phase1a-60z59-hg002-grch38-v421-record-3	run-phase1a-ru88n-hg002-grch38-v421	event-run-phase1a-ru88n-hg002-grch38-v421-record-3	CROSS_RUN_EQUIVALENCE_UNRESOLVED	GRCh38|chr20|10002161|A|T	GRCh38|chr20|10002160|10002161|A|T	GRCh38|chr20|10002160|10002161|A|T	variant:sha256:e657fad7d087f1a96ebd8218a27b1f79c730aa0c1ffdc0ae0094320187a2dedd	variant:sha256:e657fad7d087f1a96ebd8218a27b1f79c730aa0c1ffdc0ae0094320187a2dedd	True	EXACT_NORMALIZED_ALLELE	PHASE1B_EXACT_NORMALIZED_ALLELE_V1	1.0.0	False	False
3	run-phase1a-60z59-hg002-grch38-v421	event-run-phase1a-60z59-hg002-grch38-v421-record-4	run-phase1a-ru88n-hg002-grch38-v421	event-run-phase1a-ru88n-hg002-grch38-v421-record-4	CROSS_RUN_EQUIVALENCE_UNRESOLVED	GRCh38|chr20|10002243|T|C	GRCh38|chr20|10002242|10002243|T|C	GRCh38|chr20|10002242|10002243|T|C	variant:sha256:4f3ec89b4b89147fdcc68d7eddf0ccca649fdadf9ee4202ff413733f59b1eaf8	variant:sha256:4f3ec89b4b89147fdcc68d7eddf0ccca649fdadf9ee4202ff413733f59b1eaf8	True	EXACT_NORMALIZED_ALLELE	PHASE1B_EXACT_NORMALIZED_ALLELE_V1	1.0.0	False	False
4	run-phase1a-60z59-hg002-grch38-v421	event-run-phase1a-60z59-hg002-grch38-v421-record-5	run-phase1a-ru88n-hg002-grch38-v421	event-run-phase1a-ru88n-hg002-grch38-v421-record-5	CROSS_RUN_EQUIVALENCE_UNRESOLVED	GRCh38|chr20|10002332|T|C	GRCh38|chr20|10002331|10002332|T|C	GRCh38|chr20|10002331|10002332|T|C	variant:sha256:bfc07e21879be1ce5c7467ab94f0e5ea801964391921563629fd9ae3a46a9b92	variant:sha256:bfc07e21879be1ce5c7467ab94f0e5ea801964391921563629fd9ae3a46a9b92	True	EXACT_NORMALIZED_ALLELE	PHASE1B_EXACT_NORMALIZED_ALLELE_V1	1.0.0	False	False
5	run-phase1a-60z59-hg002-grch38-v421	event-run-phase1a-60z59-hg002-grch38-v421-record-6	run-phase1a-ru88n-hg002-grch38-v421	event-run-phase1a-ru88n-hg002-grch38-v421-record-6	CROSS_RUN_EQUIVALENCE_UNRESOLVED	GRCh38|chr20|10002333|A|G	GRCh38|chr20|10002332|10002333|A|G	GRCh38|chr20|10002332|10002333|A|G	variant:sha256:a4363c45c5d81e2caa878aa52af0f667ae737b1a1bf681664cf452e62934dd15	variant:sha256:a4363c45c5d81e2caa878aa52af0f667ae737b1a1bf681664cf452e62934dd15	True	EXACT_NORMALIZED_ALLELE	PHASE1B_EXACT_NORMALIZED_ALLELE_V1	1.0.0	False	False
6	run-phase1a-60z59-hg002-grch38-v421	event-run-phase1a-60z59-hg002-grch38-v421-record-7	run-phase1a-ru88n-hg002-grch38-v421	event-run-phase1a-ru88n-hg002-grch38-v421-record-7	CROSS_RUN_EQUIVALENCE_UNRESOLVED	GRCh38|chr20|10002468|G|A	GRCh38|chr20|10002467|10002468|G|A	GRCh38|chr20|10002467|10002468|G|A	variant:sha256:876064cb76357ea6c8ccac287a7036b519ca887e2303f00620d3a6163f4b1272	variant:sha256:876064cb76357ea6c8ccac287a7036b519ca887e2303f00620d3a6163f4b1272	True	EXACT_NORMALIZED_ALLELE	PHASE1B_EXACT_NORMALIZED_ALLELE_V1	1.0.0	False	False
7	run-phase1a-60z59-hg002-grch38-v421	event-run-phase1a-60z59-hg002-grch38-v421-record-9	run-phase1a-ru88n-hg002-grch38-v421	event-run-phase1a-ru88n-hg002-grch38-v421-record-9	CROSS_RUN_EQUIVALENCE_UNRESOLVED	GRCh38|chr20|10002517|TAAAT|T	GRCh38|chr20|10002516|10002521|TAAAT|T	GRCh38|chr20|10002516|10002521|TAAAT|T	variant:sha256:13f6b8f5c7fe288fd9e3a9484ae7a3f499d2476a54472a15131f48806c82a050	variant:sha256:13f6b8f5c7fe288fd9e3a9484ae7a3f499d2476a54472a15131f48806c82a050	True	EXACT_NORMALIZED_ALLELE	PHASE1B_EXACT_NORMALIZED_ALLELE_V1	1.0.0	False	False
8	run-phase1a-60z59-hg002-grch38-v421	event-run-phase1a-60z59-hg002-grch38-v421-record-10	run-phase1a-ru88n-hg002-grch38-v421	event-run-phase1a-ru88n-hg002-grch38-v421-record-10	CROSS_RUN_EQUIVALENCE_UNRESOLVED	GRCh38|chr20|10002652|T|C	GRCh38|chr20|10002651|10002652|T|C	GRCh38|chr20|10002651|10002652|T|C	variant:sha256:23cdae002e41cec5bb6782542f555906212e6080037ec71ffcbafffcfeb3c11a	variant:sha256:23cdae002e41cec5bb6782542f555906212e6080037ec71ffcbafffcfeb3c11a	True	EXACT_NORMALIZED_ALLELE	PHASE1B_EXACT_NORMALIZED_ALLELE_V1	1.0.0	False	False
9	run-phase1a-60z59-hg002-grch38-v421	event-run-phase1a-60z59-hg002-grch38-v421-record-11	run-phase1a-ru88n-hg002-grch38-v421	event-run-phase1a-ru88n-hg002-grch38-v421-record-11	CROSS_RUN_EQUIVALENCE_UNRESOLVED	GRCh38|chr20|10003468|C|G	GRCh38|chr20|10003467|10003468|C|G	GRCh38|chr20|10003467|10003468|C|G	variant:sha256:6adddba772cc22f37630f87310dafdf11078c68474c430b8913e65b1f433b39e	variant:sha256:6adddba772cc22f37630f87310dafdf11078c68474c430b8913e65b1f433b39e	True	EXACT_NORMALIZED_ALLELE	PHASE1B_EXACT_NORMALIZED_ALLELE_V1	1.0.0	False	False
10	run-phase1a-60z59-hg002-grch38-v421	event-run-phase1a-60z59-hg002-grch38-v421-record-12	run-phase1a-ru88n-hg002-grch38-v421	event-run-phase1a-ru88n-hg002-grch38-v421-record-12	CROSS_RUN_EQUIVALENCE_UNRESOLVED	GRCh38|chr20|10004393|A|G	GRCh38|chr20|10004392|10004393|A|G	GRCh38|chr20|10004392|10004393|A|G	variant:sha256:3e55ecc16983a09693a1cd7a3e27970cff328225991f0d614c921486eefee1d4	variant:sha256:3e55ecc16983a09693a1cd7a3e27970cff328225991f0d614c921486eefee1d4	True	EXACT_NORMALIZED_ALLELE	PHASE1B_EXACT_NORMALIZED_ALLELE_V1	1.0.0	False	False
11	run-phase1a-60z59-hg002-grch38-v421	event-run-phase1a-60z59-hg002-grch38-v421-record-13	run-phase1a-ru88n-hg002-grch38-v421	event-run-phase1a-ru88n-hg002-grch38-v421-record-13	CROSS_RUN_EQUIVALENCE_UNRESOLVED	GRCh38|chr20|10005015|G|A	GRCh38|chr20|10005014|10005015|G|A	GRCh38|chr20|10005014|10005015|G|A	variant:sha256:5a4f5d8434876cf25b59ed4701a5330c7505cbb9f179baea9354f7dd3954b37d	variant:sha256:5a4f5d8434876cf25b59ed4701a5330c7505cbb9f179baea9354f7dd3954b37d	True	EXACT_NORMALIZED_ALLELE	PHASE1B_EXACT_NORMALIZED_ALLELE_V1	1.0.0	False	False
12	run-phase1a-60z59-hg002-grch38-v421	event-run-phase1a-60z59-hg002-grch38-v421-record-14	run-phase1a-ru88n-hg002-grch38-v421	event-run-phase1a-ru88n-hg002-grch38-v421-record-14	CROSS_RUN_EQUIVALENCE_UNRESOLVED	GRCh38|chr20|10005695|A|G	GRCh38|chr20|10005694|10005695|A|G	GRCh38|chr20|10005694|10005695|A|G	variant:sha256:d0deef8f9383561b23f38bebc53915386d9be83ebf0b030452d1cce1fade4757	variant:sha256:d0deef8f9383561b23f38bebc53915386d9be83ebf0b030452d1cce1fade4757	True	EXACT_NORMALIZED_ALLELE	PHASE1B_EXACT_NORMALIZED_ALLELE_V1	1.0.0	False	False
13	run-phase1a-60z59-hg002-grch38-v421	event-run-phase1a-60z59-hg002-grch38-v421-record-15	run-phase1a-ru88n-hg002-grch38-v421	event-run-phase1a-ru88n-hg002-grch38-v421-record-15	CROSS_RUN_EQUIVALENCE_UNRESOLVED	GRCh38|chr20|10005758|C|T	GRCh38|chr20|10005757|10005758|C|T	GRCh38|chr20|10005757|10005758|C|T	variant:sha256:41acc9d61e77bf50a47871854c2bdfbb9ea60ec1c123700e6e4be4ffe681a69a	variant:sha256:41acc9d61e77bf50a47871854c2bdfbb9ea60ec1c123700e6e4be4ffe681a69a	True	EXACT_NORMALIZED_ALLELE	PHASE1B_EXACT_NORMALIZED_ALLELE_V1	1.0.0	False	False
14	run-phase1a-60z59-hg002-grch38-v421	event-run-phase1a-60z59-hg002-grch38-v421-record-16	run-phase1a-ru88n-hg002-grch38-v421	event-run-phase1a-ru88n-hg002-grch38-v421-record-16	CROSS_RUN_EQUIVALENCE_UNRESOLVED	GRCh38|chr20|10005838|C|CT	GRCh38|chr20|10005837|10005838|C|CT	GRCh38|chr20|10005837|10005838|C|CT	variant:sha256:d51fd1f489af94b1095cd86af8a9d192e3092cd4fcea60c6d387fca998280c80	variant:sha256:d51fd1f489af94b1095cd86af8a9d192e3092cd4fcea60c6d387fca998280c80	True	EXACT_NORMALIZED_ALLELE	PHASE1B_EXACT_NORMALIZED_ALLELE_V1	1.0.0	False	False
15	run-phase1a-60z59-hg002-grch38-v421	event-run-phase1a-60z59-hg002-grch38-v421-record-17	run-phase1a-ru88n-hg002-grch38-v421	event-run-phase1a-ru88n-hg002-grch38-v421-record-17	CROSS_RUN_EQUIVALENCE_UNRESOLVED	GRCh38|chr20|10006496|T|C	GRCh38|chr20|10006495|10006496|T|C	GRCh38|chr20|10006495|10006496|T|C	variant:sha256:1fcd7f369128b545fe589c7677678a265ed06fdf762e41b510322582084b3417	variant:sha256:1fcd7f369128b545fe589c7677678a265ed06fdf762e41b510322582084b3417	True	EXACT_NORMALIZED_ALLELE	PHASE1B_EXACT_NORMALIZED_ALLELE_V1	1.0.0	False	False
16	run-phase1a-60z59-hg002-grch38-v421	event-run-phase1a-60z59-hg002-grch38-v421-record-18	run-phase1a-ru88n-hg002-grch38-v421	event-run-phase1a-ru88n-hg002-grch38-v421-record-18	CROSS_RUN_EQUIVALENCE_UNRESOLVED	GRCh38|chr20|10006628|C|T	GRCh38|chr20|10006627|10006628|C|T	GRCh38|chr20|10006627|10006628|C|T	variant:sha256:67fe8083c514f8fa405a1a2459a5229c31470a1ae6d20c21cfc73bdc99ecd370	variant:sha256:67fe8083c514f8fa405a1a2459a5229c31470a1ae6d20c21cfc73bdc99ecd370	True	EXACT_NORMALIZED_ALLELE	PHASE1B_EXACT_NORMALIZED_ALLELE_V1	1.0.0	False	False
17	run-phase1a-60z59-hg002-grch38-v421	event-run-phase1a-60z59-hg002-grch38-v421-record-19	run-phase1a-ru88n-hg002-grch38-v421	event-run-phase1a-ru88n-hg002-grch38-v421-record-19	CROSS_RUN_EQUIVALENCE_UNRESOLVED	GRCh38|chr20|10007565|C|A	GRCh38|chr20|10007564|10007565|C|A	GRCh38|chr20|10007564|10007565|C|A	variant:sha256:3cafc1efa7c234d2492194f54ce6aa99a8ba01d133759737d9bac4f384200dbd	variant:sha256:3cafc1efa7c234d2492194f54ce6aa99a8ba01d133759737d9bac4f384200dbd	True	EXACT_NORMALIZED_ALLELE	PHASE1B_EXACT_NORMALIZED_ALLELE_V1	1.0.0	False	False
18	run-phase1a-60z59-hg002-grch38-v421	event-run-phase1a-60z59-hg002-grch38-v421-record-20	run-phase1a-ru88n-hg002-grch38-v421	event-run-phase1a-ru88n-hg002-grch38-v421-record-20	CROSS_RUN_EQUIVALENCE_UNRESOLVED	GRCh38|chr20|10008603|G|A	GRCh38|chr20|10008602|10008603|G|A	GRCh38|chr20|10008602|10008603|G|A	variant:sha256:9f4f28708eb346d0ea07905489da27a30292310890c4fd1a304f5565b4b548c2	variant:sha256:9f4f28708eb346d0ea07905489da27a30292310890c4fd1a304f5565b4b548c2	True	EXACT_NORMALIZED_ALLELE	PHASE1B_EXACT_NORMALIZED_ALLELE_V1	1.0.0	False	False
19	run-phase1a-60z59-hg002-grch38-v421	event-run-phase1a-60z59-hg002-grch38-v421-record-21	run-phase1a-ru88n-hg002-grch38-v421	event-run-phase1a-ru88n-hg002-grch38-v421-record-21	CROSS_RUN_EQUIVALENCE_UNRESOLVED	GRCh38|chr20|10009051|A|G	GRCh38|chr20|10009050|10009051|A|G	GRCh38|chr20|10009050|10009051|A|G	variant:sha256:3fb49401d5362d1b61780d7bdacb4f233b1fd160668d59060f4f4c760b185601	variant:sha256:3fb49401d5362d1b61780d7bdacb4f233b1fd160668d59060f4f4c760b185601	True	EXACT_NORMALIZED_ALLELE	PHASE1B_EXACT_NORMALIZED_ALLELE_V1	1.0.0	False	False
20	run-phase1a-60z59-hg002-grch38-v421	event-run-phase1a-60z59-hg002-grch38-v421-record-22	run-phase1a-ru88n-hg002-grch38-v421	event-run-phase1a-ru88n-hg002-grch38-v421-record-22	CROSS_RUN_EQUIVALENCE_UNRESOLVED	GRCh38|chr20|10009180|C|T	GRCh38|chr20|10009179|10009180|C|T	GRCh38|chr20|10009179|10009180|C|T	variant:sha256:ccc367393a0d50c3e345a4fd04f26859a0384caa907319bb5ff043823db138d5	variant:sha256:ccc367393a0d50c3e345a4fd04f26859a0384caa907319bb5ff043823db138d5	True	EXACT_NORMALIZED_ALLELE	PHASE1B_EXACT_NORMALIZED_ALLELE_V1	1.0.0	False	False
21	run-phase1a-60z59-hg002-grch38-v421	event-run-phase1a-60z59-hg002-grch38-v421-record-23	run-phase1a-ru88n-hg002-grch38-v421	event-run-phase1a-ru88n-hg002-grch38-v421-record-23	CROSS_RUN_EQUIVALENCE_UNRESOLVED	GRCh38|chr20|10009222|C|CTAGGCTGCCTTGCATA	GRCh38|chr20|10009221|10009222|C|CTAGGCTGCCTTGCATA	GRCh38|chr20|10009221|10009222|C|CTAGGCTGCCTTGCATA	variant:sha256:d0611e9d5771a978f6ea7d6f49ee118811126c4bb0eb9d534859ccbf5940926d	variant:sha256:d0611e9d5771a978f6ea7d6f49ee118811126c4bb0eb9d534859ccbf5940926d	True	EXACT_NORMALIZED_ALLELE	PHASE1B_EXACT_NORMALIZED_ALLELE_V1	1.0.0	False	False
22	run-phase1a-60z59-hg002-grch38-v421	event-run-phase1a-60z59-hg002-grch38-v421-record-24	run-phase1a-ru88n-hg002-grch38-v421	event-run-phase1a-ru88n-hg002-grch38-v421-record-24	CROSS_RUN_EQUIVALENCE_UNRESOLVED	GRCh38|chr20|10009481|G|A	GRCh38|chr20|10009480|10009481|G|A	GRCh38|chr20|10009480|10009481|G|A	variant:sha256:fc2fb4d213b552245c54fa488473bf4460f2ef924abd22ede2c9517dc26cbac3	variant:sha256:fc2fb4d213b552245c54fa488473bf4460f2ef924abd22ede2c9517dc26cbac3	True	EXACT_NORMALIZED_ALLELE	PHASE1B_EXACT_NORMALIZED_ALLELE_V1	1.0.0	False	False
23	run-phase1a-60z59-hg002-grch38-v421	event-run-phase1a-60z59-hg002-grch38-v421-record-25	run-phase1a-ru88n-hg002-grch38-v421	event-run-phase1a-ru88n-hg002-grch38-v421-record-25	CROSS_RUN_EQUIVALENCE_UNRESOLVED	GRCh38|chr20|10010516|A|G	GRCh38|chr20|10010515|10010516|A|G	GRCh38|chr20|10010515|10010516|A|G	variant:sha256:314b7178dd652bb4f3054389cf07525ac8bcbfab75d55559db66c590b5fad371	variant:sha256:314b7178dd652bb4f3054389cf07525ac8bcbfab75d55559db66c590b5fad371	True	EXACT_NORMALIZED_ALLELE	PHASE1B_EXACT_NORMALIZED_ALLELE_V1	1.0.0	False	False
24	run-phase1a-60z59-hg002-grch38-v421	event-run-phase1a-60z59-hg002-grch38-v421-record-26	run-phase1a-ru88n-hg002-grch38-v421	event-run-phase1a-ru88n-hg002-grch38-v421-record-26	CROSS_RUN_EQUIVALENCE_UNRESOLVED	GRCh38|chr20|10010602|T|G	GRCh38|chr20|10010601|10010602|T|G	GRCh38|chr20|10010601|10010602|T|G	variant:sha256:bd2fd88caf778d00c1c01f5ad74a6e0799a2d197d9fc64e7192f5c9734092d0f	variant:sha256:bd2fd88caf778d00c1c01f5ad74a6e0799a2d197d9fc64e7192f5c9734092d0f	True	EXACT_NORMALIZED_ALLELE	PHASE1B_EXACT_NORMALIZED_ALLELE_V1	1.0.0	False	False
25	run-phase1a-60z59-hg002-grch38-v421	event-run-phase1a-60z59-hg002-grch38-v421-record-27	run-phase1a-ru88n-hg002-grch38-v421	event-run-phase1a-ru88n-hg002-grch38-v421-record-27	CROSS_RUN_EQUIVALENCE_UNRESOLVED	GRCh38|chr20|10010880|C|G	GRCh38|chr20|10010879|10010880|C|G	GRCh38|chr20|10010879|10010880|C|G	variant:sha256:81880a7b183f2284d9a3bffbd0e076593d01a19ef287d68ba10a5f1f2911602b	variant:sha256:81880a7b183f2284d9a3bffbd0e076593d01a19ef287d68ba10a5f1f2911602b	True	EXACT_NORMALIZED_ALLELE	PHASE1B_EXACT_NORMALIZED_ALLELE_V1	1.0.0	False	False
26	run-phase1a-60z59-hg002-grch38-v421	event-run-phase1a-60z59-hg002-grch38-v421-record-28	run-phase1a-ru88n-hg002-grch38-v421	event-run-phase1a-ru88n-hg002-grch38-v421-record-28	CROSS_RUN_EQUIVALENCE_UNRESOLVED	GRCh38|chr20|10011222|A|G	GRCh38|chr20|10011221|10011222|A|G	GRCh38|chr20|10011221|10011222|A|G	variant:sha256:c62424c3e3c24c481ef27d495e4c087b8513d9d18a1d45b37b25cf7cedff6062	variant:sha256:c62424c3e3c24c481ef27d495e4c087b8513d9d18a1d45b37b25cf7cedff6062	True	EXACT_NORMALIZED_ALLELE	PHASE1B_EXACT_NORMALIZED_ALLELE_V1	1.0.0	False	False
27	run-phase1a-60z59-hg002-grch38-v421	event-run-phase1a-60z59-hg002-grch38-v421-record-29	run-phase1a-ru88n-hg002-grch38-v421	event-run-phase1a-ru88n-hg002-grch38-v421-record-29	CROSS_RUN_EQUIVALENCE_UNRESOLVED	GRCh38|chr20|10012326|A|G	GRCh38|chr20|10012325|10012326|A|G	GRCh38|chr20|10012325|10012326|A|G	variant:sha256:a4024f8b78e9b05edc18e64149b0efcbdaadf60129e883e6240e080b4c8a83e7	variant:sha256:a4024f8b78e9b05edc18e64149b0efcbdaadf60129e883e6240e080b4c8a83e7	True	EXACT_NORMALIZED_ALLELE	PHASE1B_EXACT_NORMALIZED_ALLELE_V1	1.0.0	False	False
28	run-phase1a-60z59-hg002-grch38-v421	event-run-phase1a-60z59-hg002-grch38-v421-record-30	run-phase1a-ru88n-hg002-grch38-v421	event-run-phase1a-ru88n-hg002-grch38-v421-record-30	CROSS_RUN_EQUIVALENCE_UNRESOLVED	GRCh38|chr20|10012654|A|G	GRCh38|chr20|10012653|10012654|A|G	GRCh38|chr20|10012653|10012654|A|G	variant:sha256:d350916c48ba3aea571644086b84b3af781468b661ceb5237bdc145d4a5ad100	variant:sha256:d350916c48ba3aea571644086b84b3af781468b661ceb5237bdc145d4a5ad100	True	EXACT_NORMALIZED_ALLELE	PHASE1B_EXACT_NORMALIZED_ALLELE_V1	1.0.0	False	False
29	run-phase1a-60z59-hg002-grch38-v421	event-run-phase1a-60z59-hg002-grch38-v421-record-31	run-phase1a-ru88n-hg002-grch38-v421	event-run-phase1a-ru88n-hg002-grch38-v421-record-31	CROSS_RUN_EQUIVALENCE_UNRESOLVED	GRCh38|chr20|10012758|G|A	GRCh38|chr20|10012757|10012758|G|A	GRCh38|chr20|10012757|10012758|G|A	variant:sha256:4d9824a25e7b0290c24485a9a3d5952c3aa24d2f78a55e1da3b2bb871df59be5	variant:sha256:4d9824a25e7b0290c24485a9a3d5952c3aa24d2f78a55e1da3b2bb871df59be5	True	EXACT_NORMALIZED_ALLELE	PHASE1B_EXACT_NORMALIZED_ALLELE_V1	1.0.0	False	False
30	run-phase1a-60z59-hg002-grch38-v421	event-run-phase1a-60z59-hg002-grch38-v421-record-32	run-phase1a-ru88n-hg002-grch38-v421	event-run-phase1a-ru88n-hg002-grch38-v421-record-32	CROSS_RUN_EQUIVALENCE_UNRESOLVED	GRCh38|chr20|10012804|C|T	GRCh38|chr20|10012803|10012804|C|T	GRCh38|chr20|10012803|10012804|C|T	variant:sha256:f83367efa03377da54ebe1d73c2b7913ee5f3c2d1c65d9b2c17d1b5af4c9191b	variant:sha256:f83367efa03377da54ebe1d73c2b7913ee5f3c2d1c65d9b2c17d1b5af4c9191b	True	EXACT_NORMALIZED_ALLELE	PHASE1B_EXACT_NORMALIZED_ALLELE_V1	1.0.0	False	False
31	run-phase1a-60z59-hg002-grch38-v421	event-run-phase1a-60z59-hg002-grch38-v421-record-33	run-phase1a-ru88n-hg002-grch38-v421	event-run-phase1a-ru88n-hg002-grch38-v421-record-33	CROSS_RUN_EQUIVALENCE_UNRESOLVED	GRCh38|chr20|10013454|GTGTA|G	GRCh38|chr20|10013453|10013458|GTGTA|G	GRCh38|chr20|10013453|10013458|GTGTA|G	variant:sha256:720c0c548650e627d494c8e7ee148b7b4750dc5af7447454c19eafcb8d1b08f2	variant:sha256:720c0c548650e627d494c8e7ee148b7b4750dc5af7447454c19eafcb8d1b08f2	True	EXACT_NORMALIZED_ALLELE	PHASE1B_EXACT_NORMALIZED_ALLELE_V1	1.0.0	False	False
32	run-phase1a-60z59-hg002-grch38-v421	event-run-phase1a-60z59-hg002-grch38-v421-record-34	run-phase1a-ru88n-hg002-grch38-v421	event-run-phase1a-ru88n-hg002-grch38-v421-record-34	CROSS_RUN_EQUIVALENCE_UNRESOLVED	GRCh38|chr20|10013601|T|A	GRCh38|chr20|10013600|10013601|T|A	GRCh38|chr20|10013600|10013601|T|A	variant:sha256:89ab4f611fb5b492a06d69f1f9e4e73fd7136afd33b6c6a87bc065e1f9ecd4c5	variant:sha256:89ab4f611fb5b492a06d69f1f9e4e73fd7136afd33b6c6a87bc065e1f9ecd4c5	True	EXACT_NORMALIZED_ALLELE	PHASE1B_EXACT_NORMALIZED_ALLELE_V1	1.0.0	False	False
33	run-phase1a-60z59-hg002-grch38-v421	event-run-phase1a-60z59-hg002-grch38-v421-record-35	run-phase1a-ru88n-hg002-grch38-v421	event-run-phase1a-ru88n-hg002-grch38-v421-record-35	CROSS_RUN_EQUIVALENCE_UNRESOLVED	GRCh38|chr20|10013983|C|T	GRCh38|chr20|10013982|10013983|C|T	GRCh38|chr20|10013982|10013983|C|T	variant:sha256:7d8b94bc84520674d8ab74863dfae213cd739208e46a7ac6873e41a38dc1428d	variant:sha256:7d8b94bc84520674d8ab74863dfae213cd739208e46a7ac6873e41a38dc1428d	True	EXACT_NORMALIZED_ALLELE	PHASE1B_EXACT_NORMALIZED_ALLELE_V1	1.0.0	False	False
34	run-phase1a-60z59-hg002-grch38-v421	event-run-phase1a-60z59-hg002-grch38-v421-record-36	run-phase1a-ru88n-hg002-grch38-v421	event-run-phase1a-ru88n-hg002-grch38-v421-record-36	CROSS_RUN_EQUIVALENCE_UNRESOLVED	GRCh38|chr20|10014154|T|TAA	GRCh38|chr20|10014153|10014154|T|TAA	GRCh38|chr20|10014153|10014154|T|TAA	variant:sha256:0262366a79d41abe2c437980abc48b4e76e0ab72a7d35b5c39cb7dcab826a3a9	variant:sha256:0262366a79d41abe2c437980abc48b4e76e0ab72a7d35b5c39cb7dcab826a3a9	True	EXACT_NORMALIZED_ALLELE	PHASE1B_EXACT_NORMALIZED_ALLELE_V1	1.0.0	False	False
35	run-phase1a-60z59-hg002-grch38-v421	event-run-phase1a-60z59-hg002-grch38-v421-record-37	run-phase1a-ru88n-hg002-grch38-v421	event-run-phase1a-ru88n-hg002-grch38-v421-record-37	CROSS_RUN_EQUIVALENCE_UNRESOLVED	GRCh38|chr20|10015302|T|G	GRCh38|chr20|10015301|10015302|T|G	GRCh38|chr20|10015301|10015302|T|G	variant:sha256:fc4f62319f903d7e3afb454b085ea64ed36866ac4bed08e08d41b40c138b6eeb	variant:sha256:fc4f62319f903d7e3afb454b085ea64ed36866ac4bed08e08d41b40c138b6eeb	True	EXACT_NORMALIZED_ALLELE	PHASE1B_EXACT_NORMALIZED_ALLELE_V1	1.0.0	False	False
36	run-phase1a-60z59-hg002-grch38-v421	event-run-phase1a-60z59-hg002-grch38-v421-record-38	run-phase1a-ru88n-hg002-grch38-v421	event-run-phase1a-ru88n-hg002-grch38-v421-record-38	CROSS_RUN_EQUIVALENCE_UNRESOLVED	GRCh38|chr20|10015382|C|A	GRCh38|chr20|10015381|10015382|C|A	GRCh38|chr20|10015381|10015382|C|A	variant:sha256:6620204c0c4bd435d0966ef673de66163a18cd4d63cf7a10fd25c30fad3ed782	variant:sha256:6620204c0c4bd435d0966ef673de66163a18cd4d63cf7a10fd25c30fad3ed782	True	EXACT_NORMALIZED_ALLELE	PHASE1B_EXACT_NORMALIZED_ALLELE_V1	1.0.0	False	False
37	run-phase1a-60z59-hg002-grch38-v421	event-run-phase1a-60z59-hg002-grch38-v421-record-39	run-phase1a-ru88n-hg002-grch38-v421	event-run-phase1a-ru88n-hg002-grch38-v421-record-39	CROSS_RUN_EQUIVALENCE_UNRESOLVED	GRCh38|chr20|10015509|C|G	GRCh38|chr20|10015508|10015509|C|G	GRCh38|chr20|10015508|10015509|C|G	variant:sha256:4515251ba65346e40fd8e09ebd2ac88c4d9aa190e44791a43472e47631ead378	variant:sha256:4515251ba65346e40fd8e09ebd2ac88c4d9aa190e44791a43472e47631ead378	True	EXACT_NORMALIZED_ALLELE	PHASE1B_EXACT_NORMALIZED_ALLELE_V1	1.0.0	False	False
38	run-phase1a-60z59-hg002-grch38-v421	event-run-phase1a-60z59-hg002-grch38-v421-record-40	run-phase1a-ru88n-hg002-grch38-v421	event-run-phase1a-ru88n-hg002-grch38-v421-record-40	CROSS_RUN_EQUIVALENCE_UNRESOLVED	GRCh38|chr20|10015657|C|T	GRCh38|chr20|10015656|10015657|C|T	GRCh38|chr20|10015656|10015657|C|T	variant:sha256:7dc92dacaee759c831c9e268778776628a7a05fbfca3703b3a12790d8b6161cf	variant:sha256:7dc92dacaee759c831c9e268778776628a7a05fbfca3703b3a12790d8b6161cf	True	EXACT_NORMALIZED_ALLELE	PHASE1B_EXACT_NORMALIZED_ALLELE_V1	1.0.0	False	False
39	run-phase1a-60z59-hg002-grch38-v421	event-run-phase1a-60z59-hg002-grch38-v421-record-41	run-phase1a-ru88n-hg002-grch38-v421	event-run-phase1a-ru88n-hg002-grch38-v421-record-41	CROSS_RUN_EQUIVALENCE_UNRESOLVED	GRCh38|chr20|10016439|C|T	GRCh38|chr20|10016438|10016439|C|T	GRCh38|chr20|10016438|10016439|C|T	variant:sha256:84f74aff50e3384f38f88cf382ec5e63362bdef1accf711ed32d82ee25059fe3	variant:sha256:84f74aff50e3384f38f88cf382ec5e63362bdef1accf711ed32d82ee25059fe3	True	EXACT_NORMALIZED_ALLELE	PHASE1B_EXACT_NORMALIZED_ALLELE_V1	1.0.0	False	False
40	run-phase1a-60z59-hg002-grch38-v421	event-run-phase1a-60z59-hg002-grch38-v421-record-42	run-phase1a-ru88n-hg002-grch38-v421	event-run-phase1a-ru88n-hg002-grch38-v421-record-42	CROSS_RUN_EQUIVALENCE_UNRESOLVED	GRCh38|chr20|10016483|A|G	GRCh38|chr20|10016482|10016483|A|G	GRCh38|chr20|10016482|10016483|A|G	variant:sha256:fc3c7062d52748b9cb9d358491f9ddd48494f8e93b4926496d77c1540d2395a1	variant:sha256:fc3c7062d52748b9cb9d358491f9ddd48494f8e93b4926496d77c1540d2395a1	True	EXACT_NORMALIZED_ALLELE	PHASE1B_EXACT_NORMALIZED_ALLELE_V1	1.0.0	False	False
41	run-phase1a-60z59-hg002-grch38-v421	event-run-phase1a-60z59-hg002-grch38-v421-record-43	run-phase1a-ru88n-hg002-grch38-v421	event-run-phase1a-ru88n-hg002-grch38-v421-record-43	CROSS_RUN_EQUIVALENCE_UNRESOLVED	GRCh38|chr20|10016603|A|C	GRCh38|chr20|10016602|10016603|A|C	GRCh38|chr20|10016602|10016603|A|C	variant:sha256:858a9730dcef4680bd52d9edd463b4543187856e4c997c4b1fc4893d8ae28864	variant:sha256:858a9730dcef4680bd52d9edd463b4543187856e4c997c4b1fc4893d8ae28864	True	EXACT_NORMALIZED_ALLELE	PHASE1B_EXACT_NORMALIZED_ALLELE_V1	1.0.0	False	False
42	run-phase1a-60z59-hg002-grch38-v421	event-run-phase1a-60z59-hg002-grch38-v421-record-44	run-phase1a-ru88n-hg002-grch38-v421	event-run-phase1a-ru88n-hg002-grch38-v421-record-44	CROSS_RUN_EQUIVALENCE_UNRESOLVED	GRCh38|chr20|10016619|C|T	GRCh38|chr20|10016618|10016619|C|T	GRCh38|chr20|10016618|10016619|C|T	variant:sha256:0cc7efb49b9a6d9afbc1cd78514fec93e1ff6eca42e2128afbf93ba7c9092309	variant:sha256:0cc7efb49b9a6d9afbc1cd78514fec93e1ff6eca42e2128afbf93ba7c9092309	True	EXACT_NORMALIZED_ALLELE	PHASE1B_EXACT_NORMALIZED_ALLELE_V1	1.0.0	False	False
43	run-phase1a-60z59-hg002-grch38-v421	event-run-phase1a-60z59-hg002-grch38-v421-record-45	run-phase1a-ru88n-hg002-grch38-v421	event-run-phase1a-ru88n-hg002-grch38-v421-record-45	CROSS_RUN_EQUIVALENCE_UNRESOLVED	GRCh38|chr20|10017143|A|G	GRCh38|chr20|10017142|10017143|A|G	GRCh38|chr20|10017142|10017143|A|G	variant:sha256:eeb0e6f214ca93f0a4b2de890edbd5ac59905a1d1580aae018be6f3a9a9ded65	variant:sha256:eeb0e6f214ca93f0a4b2de890edbd5ac59905a1d1580aae018be6f3a9a9ded65	True	EXACT_NORMALIZED_ALLELE	PHASE1B_EXACT_NORMALIZED_ALLELE_V1	1.0.0	False	False
44	run-phase1a-60z59-hg002-grch38-v421	event-run-phase1a-60z59-hg002-grch38-v421-record-46	run-phase1a-ru88n-hg002-grch38-v421	event-run-phase1a-ru88n-hg002-grch38-v421-record-46	CROSS_RUN_EQUIVALENCE_UNRESOLVED	GRCh38|chr20|10017841|A|G	GRCh38|chr20|10017840|10017841|A|G	GRCh38|chr20|10017840|10017841|A|G	variant:sha256:baa90c0bdeea4838eac7aa8588c313033e303cea03022f306694f3ffae35c87d	variant:sha256:baa90c0bdeea4838eac7aa8588c313033e303cea03022f306694f3ffae35c87d	True	EXACT_NORMALIZED_ALLELE	PHASE1B_EXACT_NORMALIZED_ALLELE_V1	1.0.0	False	False
45	run-phase1a-60z59-hg002-grch38-v421	event-run-phase1a-60z59-hg002-grch38-v421-record-47	run-phase1a-ru88n-hg002-grch38-v421	event-run-phase1a-ru88n-hg002-grch38-v421-record-47	CROSS_RUN_EQUIVALENCE_UNRESOLVED	GRCh38|chr20|10018405|C|CT	GRCh38|chr20|10018404|10018405|C|CT	GRCh38|chr20|10018404|10018405|C|CT	variant:sha256:4a02c28336a4d5f8bed975b5f84189b0794c4a4e076eea44e799cffc6fae6b20	variant:sha256:4a02c28336a4d5f8bed975b5f84189b0794c4a4e076eea44e799cffc6fae6b20	True	EXACT_NORMALIZED_ALLELE	PHASE1B_EXACT_NORMALIZED_ALLELE_V1	1.0.0	False	False
46	run-phase1a-60z59-hg002-grch38-v421	event-run-phase1a-60z59-hg002-grch38-v421-record-48	run-phase1a-ru88n-hg002-grch38-v421	event-run-phase1a-ru88n-hg002-grch38-v421-record-48	CROSS_RUN_EQUIVALENCE_UNRESOLVED	GRCh38|chr20|10018444|T|C	GRCh38|chr20|10018443|10018444|T|C	GRCh38|chr20|10018443|10018444|T|C	variant:sha256:1a09a2a4f838abf221fe94260b3dba6c3ac07d4d1631b69c18013a65c9f0d008	variant:sha256:1a09a2a4f838abf221fe94260b3dba6c3ac07d4d1631b69c18013a65c9f0d008	True	EXACT_NORMALIZED_ALLELE	PHASE1B_EXACT_NORMALIZED_ALLELE_V1	1.0.0	False	False
47	run-phase1a-60z59-hg002-grch38-v421	event-run-phase1a-60z59-hg002-grch38-v421-record-49	run-phase1a-ru88n-hg002-grch38-v421	event-run-phase1a-ru88n-hg002-grch38-v421-record-49	CROSS_RUN_EQUIVALENCE_UNRESOLVED	GRCh38|chr20|10018503|G|A	GRCh38|chr20|10018502|10018503|G|A	GRCh38|chr20|10018502|10018503|G|A	variant:sha256:63d23ba9755dc389e8f4f0d1099a74b745294de7bbf72809c9aee95e5eed74fe	variant:sha256:63d23ba9755dc389e8f4f0d1099a74b745294de7bbf72809c9aee95e5eed74fe	True	EXACT_NORMALIZED_ALLELE	PHASE1B_EXACT_NORMALIZED_ALLELE_V1	1.0.0	False	False
48	run-phase1a-60z59-hg002-grch38-v421	event-run-phase1a-60z59-hg002-grch38-v421-record-50	run-phase1a-ru88n-hg002-grch38-v421	event-run-phase1a-ru88n-hg002-grch38-v421-record-50	CROSS_RUN_EQUIVALENCE_UNRESOLVED	GRCh38|chr20|10018603|T|C	GRCh38|chr20|10018602|10018603|T|C	GRCh38|chr20|10018602|10018603|T|C	variant:sha256:d0c8555089aafe39e914511fb41e51835b847d92c90599298ed5ac82e1df88f3	variant:sha256:d0c8555089aafe39e914511fb41e51835b847d92c90599298ed5ac82e1df88f3	True	EXACT_NORMALIZED_ALLELE	PHASE1B_EXACT_NORMALIZED_ALLELE_V1	1.0.0	False	False
49	run-phase1a-60z59-hg002-grch38-v421	event-run-phase1a-60z59-hg002-grch38-v421-record-51	run-phase1a-ru88n-hg002-grch38-v421	event-run-phase1a-ru88n-hg002-grch38-v421-record-51	CROSS_RUN_EQUIVALENCE_UNRESOLVED	GRCh38|chr20|10018654|G|A	GRCh38|chr20|10018653|10018654|G|A	GRCh38|chr20|10018653|10018654|G|A	variant:sha256:50619c4e5602e0b175a1c53c1cc7f12b77988a85941c0b015a39ea73bcac2492	variant:sha256:50619c4e5602e0b175a1c53c1cc7f12b77988a85941c0b015a39ea73bcac2492	True	EXACT_NORMALIZED_ALLELE	PHASE1B_EXACT_NORMALIZED_ALLELE_V1	1.0.0	False	False
50	run-phase1a-60z59-hg002-grch38-v421	event-run-phase1a-60z59-hg002-grch38-v421-record-52	run-phase1a-ru88n-hg002-grch38-v421	event-run-phase1a-ru88n-hg002-grch38-v421-record-52	CROSS_RUN_EQUIVALENCE_UNRESOLVED	GRCh38|chr20|10018974|C|T	GRCh38|chr20|10018973|10018974|C|T	GRCh38|chr20|10018973|10018974|C|T	variant:sha256:e302fe1b8982fc624155ec5b9aece75b01155492ed85daedd16c3bcd550d5aea	variant:sha256:e302fe1b8982fc624155ec5b9aece75b01155492ed85daedd16c3bcd550d5aea	True	EXACT_NORMALIZED_ALLELE	PHASE1B_EXACT_NORMALIZED_ALLELE_V1	1.0.0	False	False
51	run-phase1a-60z59-hg002-grch38-v421	event-run-phase1a-60z59-hg002-grch38-v421-record-53	run-phase1a-ru88n-hg002-grch38-v421	event-run-phase1a-ru88n-hg002-grch38-v421-record-53	CROSS_RUN_EQUIVALENCE_UNRESOLVED	GRCh38|chr20|10019013|T|C	GRCh38|chr20|10019012|10019013|T|C	GRCh38|chr20|10019012|10019013|T|C	variant:sha256:77c77cacb348f875a11f39a253696afc34587af77460b084ddc00bbd9ec3844a	variant:sha256:77c77cacb348f875a11f39a253696afc34587af77460b084ddc00bbd9ec3844a	True	EXACT_NORMALIZED_ALLELE	PHASE1B_EXACT_NORMALIZED_ALLELE_V1	1.0.0	False	False
52	run-phase1a-60z59-hg002-grch38-v421	event-run-phase1a-60z59-hg002-grch38-v421-record-54	run-phase1a-ru88n-hg002-grch38-v421	event-run-phase1a-ru88n-hg002-grch38-v421-record-54	CROSS_RUN_EQUIVALENCE_UNRESOLVED	GRCh38|chr20|10019348|A|ACT	GRCh38|chr20|10019347|10019348|A|ACT	GRCh38|chr20|10019347|10019348|A|ACT	variant:sha256:7f90397f0a6773cf6169eebb5e80c187edc4a431019bee043e44f6894705b137	variant:sha256:7f90397f0a6773cf6169eebb5e80c187edc4a431019bee043e44f6894705b137	True	EXACT_NORMALIZED_ALLELE	PHASE1B_EXACT_NORMALIZED_ALLELE_V1	1.0.0	False	False
53	run-phase1a-60z59-hg002-grch38-v421	event-run-phase1a-60z59-hg002-grch38-v421-record-55	run-phase1a-ru88n-hg002-grch38-v421	event-run-phase1a-ru88n-hg002-grch38-v421-record-55	CROSS_RUN_EQUIVALENCE_UNRESOLVED	GRCh38|chr20|10019469|C|T	GRCh38|chr20|10019468|10019469|C|T	GRCh38|chr20|10019468|10019469|C|T	variant:sha256:f2fb08a61e94b2949d5de6920faccb14214d030214dda878474f1d2890f9cb6d	variant:sha256:f2fb08a61e94b2949d5de6920faccb14214d030214dda878474f1d2890f9cb6d	True	EXACT_NORMALIZED_ALLELE	PHASE1B_EXACT_NORMALIZED_ALLELE_V1	1.0.0	False	False
54	run-phase1a-60z59-hg002-grch38-v421	event-run-phase1a-60z59-hg002-grch38-v421-record-56	run-phase1a-ru88n-hg002-grch38-v421	event-run-phase1a-ru88n-hg002-grch38-v421-record-56	CROSS_RUN_EQUIVALENCE_UNRESOLVED	GRCh38|chr20|10019563|C|T	GRCh38|chr20|10019562|10019563|C|T	GRCh38|chr20|10019562|10019563|C|T	variant:sha256:da2bcc5cce958b34b492d8e4c353b0a45c94c31c41130e629362cd2d557320ab	variant:sha256:da2bcc5cce958b34b492d8e4c353b0a45c94c31c41130e629362cd2d557320ab	True	EXACT_NORMALIZED_ALLELE	PHASE1B_EXACT_NORMALIZED_ALLELE_V1	1.0.0	False	False
55	run-phase1a-60z59-hg002-grch38-v421	event-run-phase1a-60z59-hg002-grch38-v421-record-57	run-phase1a-ru88n-hg002-grch38-v421	event-run-phase1a-ru88n-hg002-grch38-v421-record-57	CROSS_RUN_EQUIVALENCE_UNRESOLVED	GRCh38|chr20|10019791|T|G	GRCh38|chr20|10019790|10019791|T|G	GRCh38|chr20|10019790|10019791|T|G	variant:sha256:1ae898633fa6101f54ebf3e2b0f17a135a6e9f36e3ba041c4bab041f7d9657d7	variant:sha256:1ae898633fa6101f54ebf3e2b0f17a135a6e9f36e3ba041c4bab041f7d9657d7	True	EXACT_NORMALIZED_ALLELE	PHASE1B_EXACT_NORMALIZED_ALLELE_V1	1.0.0	False	False
56	run-phase1a-60z59-hg002-grch38-v421	event-run-phase1a-60z59-hg002-grch38-v421-record-58	run-phase1a-ru88n-hg002-grch38-v421	event-run-phase1a-ru88n-hg002-grch38-v421-record-58	CROSS_RUN_EQUIVALENCE_UNRESOLVED	GRCh38|chr20|10019886|T|C	GRCh38|chr20|10019885|10019886|T|C	GRCh38|chr20|10019885|10019886|T|C	variant:sha256:abcc16e8a4f759d3f5aae62fd6c44eec09166b63ae549e9acc2f88e414354c0c	variant:sha256:abcc16e8a4f759d3f5aae62fd6c44eec09166b63ae549e9acc2f88e414354c0c	True	EXACT_NORMALIZED_ALLELE	PHASE1B_EXACT_NORMALIZED_ALLELE_V1	1.0.0	False	False
57	run-phase1a-60z59-hg002-grch38-v421	event-run-phase1a-60z59-hg002-grch38-v421-record-59	run-phase1a-ru88n-hg002-grch38-v421	event-run-phase1a-ru88n-hg002-grch38-v421-record-59	CROSS_RUN_EQUIVALENCE_UNRESOLVED	GRCh38|chr20|10019950|T|A	GRCh38|chr20|10019949|10019950|T|A	GRCh38|chr20|10019949|10019950|T|A	variant:sha256:ca1e1e36e51181b4dcd50a9bca998efb659fbbc71825a1ec798f84a5034f81ba	variant:sha256:ca1e1e36e51181b4dcd50a9bca998efb659fbbc71825a1ec798f84a5034f81ba	True	EXACT_NORMALIZED_ALLELE	PHASE1B_EXACT_NORMALIZED_ALLELE_V1	1.0.0	False	False
58	run-phase1a-60z59-hg002-grch38-v421	event-run-phase1a-60z59-hg002-grch38-v421-record-60	run-phase1a-ru88n-hg002-grch38-v421	event-run-phase1a-ru88n-hg002-grch38-v421-record-60	CROSS_RUN_EQUIVALENCE_UNRESOLVED	GRCh38|chr20|10020046|G|A	GRCh38|chr20|10020045|10020046|G|A	GRCh38|chr20|10020045|10020046|G|A	variant:sha256:924dbac873c8b2d06722d542a62d08f1f3f22eb821e679793bf6083ecb2c5912	variant:sha256:924dbac873c8b2d06722d542a62d08f1f3f22eb821e679793bf6083ecb2c5912	True	EXACT_NORMALIZED_ALLELE	PHASE1B_EXACT_NORMALIZED_ALLELE_V1	1.0.0	False	False
59	run-phase1a-60z59-hg002-grch38-v421	event-run-phase1a-60z59-hg002-grch38-v421-record-61	run-phase1a-ru88n-hg002-grch38-v421	event-run-phase1a-ru88n-hg002-grch38-v421-record-61	CROSS_RUN_EQUIVALENCE_UNRESOLVED	GRCh38|chr20|10020110|T|A	GRCh38|chr20|10020109|10020110|T|A	GRCh38|chr20|10020109|10020110|T|A	variant:sha256:ab96bd1c57e44fca72a40c62767a7ec9aa64ae8d491c3a5cd22f5e0616ba20cc	variant:sha256:ab96bd1c57e44fca72a40c62767a7ec9aa64ae8d491c3a5cd22f5e0616ba20cc	True	EXACT_NORMALIZED_ALLELE	PHASE1B_EXACT_NORMALIZED_ALLELE_V1	1.0.0	False	False
60	run-phase1a-60z59-hg002-grch38-v421	event-run-phase1a-60z59-hg002-grch38-v421-record-62	run-phase1a-ru88n-hg002-grch38-v421	event-run-phase1a-ru88n-hg002-grch38-v421-record-62	CROSS_RUN_EQUIVALENCE_UNRESOLVED	GRCh38|chr20|10020371|T|G	GRCh38|chr20|10020370|10020371|T|G	GRCh38|chr20|10020370|10020371|T|G	variant:sha256:f50701268ce750df91861d785f7a0de5e1a681d0ef4d60b2c3ccdf8b4aa7c219	variant:sha256:f50701268ce750df91861d785f7a0de5e1a681d0ef4d60b2c3ccdf8b4aa7c219	True	EXACT_NORMALIZED_ALLELE	PHASE1B_EXACT_NORMALIZED_ALLELE_V1	1.0.0	False	False
61	run-phase1a-60z59-hg002-grch38-v421	event-run-phase1a-60z59-hg002-grch38-v421-record-63	run-phase1a-ru88n-hg002-grch38-v421	event-run-phase1a-ru88n-hg002-grch38-v421-record-63	CROSS_RUN_EQUIVALENCE_UNRESOLVED	GRCh38|chr20|10020650|T|A	GRCh38|chr20|10020649|10020650|T|A	GRCh38|chr20|10020649|10020650|T|A	variant:sha256:aeb5e13adf21878a1df8c2e23e3ff0f01d8748b07a30cfa7a15052ec677bc77c	variant:sha256:aeb5e13adf21878a1df8c2e23e3ff0f01d8748b07a30cfa7a15052ec677bc77c	True	EXACT_NORMALIZED_ALLELE	PHASE1B_EXACT_NORMALIZED_ALLELE_V1	1.0.0	False	False
62	run-phase1a-60z59-hg002-grch38-v421	event-run-phase1a-60z59-hg002-grch38-v421-record-64	run-phase1a-ru88n-hg002-grch38-v421	event-run-phase1a-ru88n-hg002-grch38-v421-record-64	CROSS_RUN_EQUIVALENCE_UNRESOLVED	GRCh38|chr20|10020788|A|AAGGCT	GRCh38|chr20|10020787|10020788|A|AAGGCT	GRCh38|chr20|10020787|10020788|A|AAGGCT	variant:sha256:c0c92ccb39f80fb39bfd1ee63e325d15b396bc6adb6b70d9fc49d77d6d64490a	variant:sha256:c0c92ccb39f80fb39bfd1ee63e325d15b396bc6adb6b70d9fc49d77d6d64490a	True	EXACT_NORMALIZED_ALLELE	PHASE1B_EXACT_NORMALIZED_ALLELE_V1	1.0.0	False	False
63	run-phase1a-60z59-hg002-grch38-v421	event-run-phase1a-60z59-hg002-grch38-v421-record-65	run-phase1a-ru88n-hg002-grch38-v421	event-run-phase1a-ru88n-hg002-grch38-v421-record-65	CROSS_RUN_EQUIVALENCE_UNRESOLVED	GRCh38|chr20|10020826|C|T	GRCh38|chr20|10020825|10020826|C|T	GRCh38|chr20|10020825|10020826|C|T	variant:sha256:b5045c08b2b0e47014b7e75c6648f73fb6181e7b3ccb5f91d4f1fe36dbe568e8	variant:sha256:b5045c08b2b0e47014b7e75c6648f73fb6181e7b3ccb5f91d4f1fe36dbe568e8	True	EXACT_NORMALIZED_ALLELE	PHASE1B_EXACT_NORMALIZED_ALLELE_V1	1.0.0	False	False
64	run-phase1a-60z59-hg002-grch38-v421	event-run-phase1a-60z59-hg002-grch38-v421-record-66	run-phase1a-ru88n-hg002-grch38-v421	event-run-phase1a-ru88n-hg002-grch38-v421-record-66	CROSS_RUN_EQUIVALENCE_UNRESOLVED	GRCh38|chr20|10020949|T|C	GRCh38|chr20|10020948|10020949|T|C	GRCh38|chr20|10020948|10020949|T|C	variant:sha256:eed86cb2060e82df3a21694fde07c524b9b2eb055c23fe8b008bb7dcb4d59e54	variant:sha256:eed86cb2060e82df3a21694fde07c524b9b2eb055c23fe8b008bb7dcb4d59e54	True	EXACT_NORMALIZED_ALLELE	PHASE1B_EXACT_NORMALIZED_ALLELE_V1	1.0.0	False	False
65	run-phase1a-60z59-hg002-grch38-v421	event-run-phase1a-60z59-hg002-grch38-v421-record-67	run-phase1a-ru88n-hg002-grch38-v421	event-run-phase1a-ru88n-hg002-grch38-v421-record-67	CROSS_RUN_EQUIVALENCE_UNRESOLVED	GRCh38|chr20|10020969|C|A	GRCh38|chr20|10020968|10020969|C|A	GRCh38|chr20|10020968|10020969|C|A	variant:sha256:59c22313373558a3adb42d7d3762b527b6b7bb6626153926c06abd30e2e322da	variant:sha256:59c22313373558a3adb42d7d3762b527b6b7bb6626153926c06abd30e2e322da	True	EXACT_NORMALIZED_ALLELE	PHASE1B_EXACT_NORMALIZED_ALLELE_V1	1.0.0	False	False
66	run-phase1a-60z59-hg002-grch38-v421	event-run-phase1a-60z59-hg002-grch38-v421-record-68	run-phase1a-ru88n-hg002-grch38-v421	event-run-phase1a-ru88n-hg002-grch38-v421-record-68	CROSS_RUN_EQUIVALENCE_UNRESOLVED	GRCh38|chr20|10020980|G|A	GRCh38|chr20|10020979|10020980|G|A	GRCh38|chr20|10020979|10020980|G|A	variant:sha256:be43070a371d18de362f9ae5c2b8b915742084e8b01988eb2bfb8b1a9701d437	variant:sha256:be43070a371d18de362f9ae5c2b8b915742084e8b01988eb2bfb8b1a9701d437	True	EXACT_NORMALIZED_ALLELE	PHASE1B_EXACT_NORMALIZED_ALLELE_V1	1.0.0	False	False
67	run-phase1a-60z59-hg002-grch38-v421	event-run-phase1a-60z59-hg002-grch38-v421-record-69	run-phase1a-ru88n-hg002-grch38-v421	event-run-phase1a-ru88n-hg002-grch38-v421-record-69	CROSS_RUN_EQUIVALENCE_UNRESOLVED	GRCh38|chr20|10021013|T|C	GRCh38|chr20|10021012|10021013|T|C	GRCh38|chr20|10021012|10021013|T|C	variant:sha256:480f60fc9baa8d91af98c3428f271964894196078a25d4ff5e72799224f2bb2a	variant:sha256:480f60fc9baa8d91af98c3428f271964894196078a25d4ff5e72799224f2bb2a	True	EXACT_NORMALIZED_ALLELE	PHASE1B_EXACT_NORMALIZED_ALLELE_V1	1.0.0	False	False
68	run-phase1a-60z59-hg002-grch38-v421	event-run-phase1a-60z59-hg002-grch38-v421-record-70	run-phase1a-ru88n-hg002-grch38-v421	event-run-phase1a-ru88n-hg002-grch38-v421-record-70	CROSS_RUN_EQUIVALENCE_UNRESOLVED	GRCh38|chr20|10021022|T|G	GRCh38|chr20|10021021|10021022|T|G	GRCh38|chr20|10021021|10021022|T|G	variant:sha256:8fa789cc4e3c49bfd0315d2bce3cc06335431a34cadcb53c4d1cf03f8744ca82	variant:sha256:8fa789cc4e3c49bfd0315d2bce3cc06335431a34cadcb53c4d1cf03f8744ca82	True	EXACT_NORMALIZED_ALLELE	PHASE1B_EXACT_NORMALIZED_ALLELE_V1	1.0.0	False	False
69	run-phase1a-60z59-hg002-grch38-v421	event-run-phase1a-60z59-hg002-grch38-v421-record-71	run-phase1a-ru88n-hg002-grch38-v421	event-run-phase1a-ru88n-hg002-grch38-v421-record-71	CROSS_RUN_EQUIVALENCE_UNRESOLVED	GRCh38|chr20|10021410|T|G	GRCh38|chr20|10021409|10021410|T|G	GRCh38|chr20|10021409|10021410|T|G	variant:sha256:4a893d9df346382152d2e376adc2706e51d7a098b8c10111b7bcd025bd727f61	variant:sha256:4a893d9df346382152d2e376adc2706e51d7a098b8c10111b7bcd025bd727f61	True	EXACT_NORMALIZED_ALLELE	PHASE1B_EXACT_NORMALIZED_ALLELE_V1	1.0.0	False	False
70	run-phase1a-60z59-hg002-grch38-v421	event-run-phase1a-60z59-hg002-grch38-v421-record-72	run-phase1a-ru88n-hg002-grch38-v421	event-run-phase1a-ru88n-hg002-grch38-v421-record-72	CROSS_RUN_EQUIVALENCE_UNRESOLVED	GRCh38|chr20|10021490|C|G	GRCh38|chr20|10021489|10021490|C|G	GRCh38|chr20|10021489|10021490|C|G	variant:sha256:b90903be268ed8e33995e4ba4d504f44ae205a183033525d336f61ed5a4724c2	variant:sha256:b90903be268ed8e33995e4ba4d504f44ae205a183033525d336f61ed5a4724c2	True	EXACT_NORMALIZED_ALLELE	PHASE1B_EXACT_NORMALIZED_ALLELE_V1	1.0.0	False	False
71	run-phase1a-60z59-hg002-grch38-v421	event-run-phase1a-60z59-hg002-grch38-v421-record-73	run-phase1a-ru88n-hg002-grch38-v421	event-run-phase1a-ru88n-hg002-grch38-v421-record-73	CROSS_RUN_EQUIVALENCE_UNRESOLVED	GRCh38|chr20|10021494|G|C	GRCh38|chr20|10021493|10021494|G|C	GRCh38|chr20|10021493|10021494|G|C	variant:sha256:c39ed08f3f004fff763afa1b2ecd2ad5b22dc274e03b81e587ce88300f476709	variant:sha256:c39ed08f3f004fff763afa1b2ecd2ad5b22dc274e03b81e587ce88300f476709	True	EXACT_NORMALIZED_ALLELE	PHASE1B_EXACT_NORMALIZED_ALLELE_V1	1.0.0	False	False
72	run-phase1a-60z59-hg002-grch38-v421	event-run-phase1a-60z59-hg002-grch38-v421-record-75	run-phase1a-ru88n-hg002-grch38-v421	event-run-phase1a-ru88n-hg002-grch38-v421-record-74	CROSS_RUN_EQUIVALENCE_UNRESOLVED	GRCh38|chr20|10021822|C|T	GRCh38|chr20|10021821|10021822|C|T	GRCh38|chr20|10021821|10021822|C|T	variant:sha256:46226c25296e69f0694c391586f40e7db40583319578bf64592f0ebbbca00868	variant:sha256:46226c25296e69f0694c391586f40e7db40583319578bf64592f0ebbbca00868	True	EXACT_NORMALIZED_ALLELE	PHASE1B_EXACT_NORMALIZED_ALLELE_V1	1.0.0	False	False
73	run-phase1a-60z59-hg002-grch38-v421	event-run-phase1a-60z59-hg002-grch38-v421-record-76	run-phase1a-ru88n-hg002-grch38-v421	event-run-phase1a-ru88n-hg002-grch38-v421-record-75	CROSS_RUN_EQUIVALENCE_UNRESOLVED	GRCh38|chr20|10021977|G|T	GRCh38|chr20|10021976|10021977|G|T	GRCh38|chr20|10021976|10021977|G|T	variant:sha256:1aa9148c83a73268fc998dcc638a0a258a599e585b2ca72d5952ca21cffc73f0	variant:sha256:1aa9148c83a73268fc998dcc638a0a258a599e585b2ca72d5952ca21cffc73f0	True	EXACT_NORMALIZED_ALLELE	PHASE1B_EXACT_NORMALIZED_ALLELE_V1	1.0.0	False	False
74	run-phase1a-60z59-hg002-grch38-v421	event-run-phase1a-60z59-hg002-grch38-v421-record-77	run-phase1a-ru88n-hg002-grch38-v421	event-run-phase1a-ru88n-hg002-grch38-v421-record-76	CROSS_RUN_EQUIVALENCE_UNRESOLVED	GRCh38|chr20|10022373|C|T	GRCh38|chr20|10022372|10022373|C|T	GRCh38|chr20|10022372|10022373|C|T	variant:sha256:1e0979d2dce5db362b7762178d5c9ffb706864d529a6d867f736366e63616b88	variant:sha256:1e0979d2dce5db362b7762178d5c9ffb706864d529a6d867f736366e63616b88	True	EXACT_NORMALIZED_ALLELE	PHASE1B_EXACT_NORMALIZED_ALLELE_V1	1.0.0	False	False
75	run-phase1a-60z59-hg002-grch38-v421	event-run-phase1a-60z59-hg002-grch38-v421-record-78	run-phase1a-ru88n-hg002-grch38-v421	event-run-phase1a-ru88n-hg002-grch38-v421-record-77	CROSS_RUN_EQUIVALENCE_UNRESOLVED	GRCh38|chr20|10022710|A|C	GRCh38|chr20|10022709|10022710|A|C	GRCh38|chr20|10022709|10022710|A|C	variant:sha256:c1cbb4d71c5876e464ecdd1166ac0a50496805f5c072c67c3eefd8810a0541a2	variant:sha256:c1cbb4d71c5876e464ecdd1166ac0a50496805f5c072c67c3eefd8810a0541a2	True	EXACT_NORMALIZED_ALLELE	PHASE1B_EXACT_NORMALIZED_ALLELE_V1	1.0.0	False	False
76	run-phase1a-60z59-hg002-grch38-v421	event-run-phase1a-60z59-hg002-grch38-v421-record-79	run-phase1a-ru88n-hg002-grch38-v421	event-run-phase1a-ru88n-hg002-grch38-v421-record-78	CROSS_RUN_EQUIVALENCE_UNRESOLVED	GRCh38|chr20|10022798|G|T	GRCh38|chr20|10022797|10022798|G|T	GRCh38|chr20|10022797|10022798|G|T	variant:sha256:06799450f6b6dd17a572c921a354aa78bd104f0417ebfaf852caa3417b6fddc6	variant:sha256:06799450f6b6dd17a572c921a354aa78bd104f0417ebfaf852caa3417b6fddc6	True	EXACT_NORMALIZED_ALLELE	PHASE1B_EXACT_NORMALIZED_ALLELE_V1	1.0.0	False	False
77	run-phase1a-60z59-hg002-grch38-v421	event-run-phase1a-60z59-hg002-grch38-v421-record-80	run-phase1a-ru88n-hg002-grch38-v421	event-run-phase1a-ru88n-hg002-grch38-v421-record-79	CROSS_RUN_EQUIVALENCE_UNRESOLVED	GRCh38|chr20|10023003|T|C	GRCh38|chr20|10023002|10023003|T|C	GRCh38|chr20|10023002|10023003|T|C	variant:sha256:0c83df737e4abab5a9b982a7216dfe35f559896e1dca153e38d575774963e281	variant:sha256:0c83df737e4abab5a9b982a7216dfe35f559896e1dca153e38d575774963e281	True	EXACT_NORMALIZED_ALLELE	PHASE1B_EXACT_NORMALIZED_ALLELE_V1	1.0.0	False	False
78	run-phase1a-60z59-hg002-grch38-v421	event-run-phase1a-60z59-hg002-grch38-v421-record-81	run-phase1a-ru88n-hg002-grch38-v421	event-run-phase1a-ru88n-hg002-grch38-v421-record-80	CROSS_RUN_EQUIVALENCE_UNRESOLVED	GRCh38|chr20|10023044|A|G	GRCh38|chr20|10023043|10023044|A|G	GRCh38|chr20|10023043|10023044|A|G	variant:sha256:c27eb6c74482e24a3c2f96ccd09216fab6643e97382fe41a3d3e302b9041c65f	variant:sha256:c27eb6c74482e24a3c2f96ccd09216fab6643e97382fe41a3d3e302b9041c65f	True	EXACT_NORMALIZED_ALLELE	PHASE1B_EXACT_NORMALIZED_ALLELE_V1	1.0.0	False	False
79	run-phase1a-60z59-hg002-grch38-v421	event-run-phase1a-60z59-hg002-grch38-v421-record-82	run-phase1a-ru88n-hg002-grch38-v421	event-run-phase1a-ru88n-hg002-grch38-v421-record-81	CROSS_RUN_EQUIVALENCE_UNRESOLVED	GRCh38|chr20|10023104|G|T	GRCh38|chr20|10023103|10023104|G|T	GRCh38|chr20|10023103|10023104|G|T	variant:sha256:3112bf61baaea28c64c912bf6ad6b200154afe4e6b588b8d1cc0bc7931c40f2c	variant:sha256:3112bf61baaea28c64c912bf6ad6b200154afe4e6b588b8d1cc0bc7931c40f2c	True	EXACT_NORMALIZED_ALLELE	PHASE1B_EXACT_NORMALIZED_ALLELE_V1	1.0.0	False	False
80	run-phase1a-60z59-hg002-grch38-v421	event-run-phase1a-60z59-hg002-grch38-v421-record-83	run-phase1a-ru88n-hg002-grch38-v421	event-run-phase1a-ru88n-hg002-grch38-v421-record-82	CROSS_RUN_EQUIVALENCE_UNRESOLVED	GRCh38|chr20|10023184|G|A	GRCh38|chr20|10023183|10023184|G|A	GRCh38|chr20|10023183|10023184|G|A	variant:sha256:6b6e7cdf92a3835d32a609f68556d352f3bb049337cb075fe82325f5794dec69	variant:sha256:6b6e7cdf92a3835d32a609f68556d352f3bb049337cb075fe82325f5794dec69	True	EXACT_NORMALIZED_ALLELE	PHASE1B_EXACT_NORMALIZED_ALLELE_V1	1.0.0	False	False
81	run-phase1a-60z59-hg002-grch38-v421	event-run-phase1a-60z59-hg002-grch38-v421-record-84	run-phase1a-ru88n-hg002-grch38-v421	event-run-phase1a-ru88n-hg002-grch38-v421-record-83	CROSS_RUN_EQUIVALENCE_UNRESOLVED	GRCh38|chr20|10023446|A|C	GRCh38|chr20|10023445|10023446|A|C	GRCh38|chr20|10023445|10023446|A|C	variant:sha256:09b98c7b914cd51206d66e81d196328a92c1bb38e0195e5d81509e511850e0b4	variant:sha256:09b98c7b914cd51206d66e81d196328a92c1bb38e0195e5d81509e511850e0b4	True	EXACT_NORMALIZED_ALLELE	PHASE1B_EXACT_NORMALIZED_ALLELE_V1	1.0.0	False	False
82	run-phase1a-60z59-hg002-grch38-v421	event-run-phase1a-60z59-hg002-grch38-v421-record-85	run-phase1a-ru88n-hg002-grch38-v421	event-run-phase1a-ru88n-hg002-grch38-v421-record-84	CROSS_RUN_EQUIVALENCE_UNRESOLVED	GRCh38|chr20|10023499|A|G	GRCh38|chr20|10023498|10023499|A|G	GRCh38|chr20|10023498|10023499|A|G	variant:sha256:02fe644e34076a936efe49f0a40bc3163ce6201b171f7d48114df9af7db52a14	variant:sha256:02fe644e34076a936efe49f0a40bc3163ce6201b171f7d48114df9af7db52a14	True	EXACT_NORMALIZED_ALLELE	PHASE1B_EXACT_NORMALIZED_ALLELE_V1	1.0.0	False	False
83	run-phase1a-60z59-hg002-grch38-v421	event-run-phase1a-60z59-hg002-grch38-v421-record-88	run-phase1a-ru88n-hg002-grch38-v421	event-run-phase1a-ru88n-hg002-grch38-v421-record-86	CROSS_RUN_EQUIVALENCE_UNRESOLVED	GRCh38|chr20|10023577|A|G	GRCh38|chr20|10023576|10023577|A|G	GRCh38|chr20|10023576|10023577|A|G	variant:sha256:b99ccc3d52467a7f3c79a17db9ac8be76fde0face1a6c021cc822947d622147c	variant:sha256:b99ccc3d52467a7f3c79a17db9ac8be76fde0face1a6c021cc822947d622147c	True	EXACT_NORMALIZED_ALLELE	PHASE1B_EXACT_NORMALIZED_ALLELE_V1	1.0.0	False	False
84	run-phase1a-60z59-hg002-grch38-v421	event-run-phase1a-60z59-hg002-grch38-v421-record-89	run-phase1a-ru88n-hg002-grch38-v421	event-run-phase1a-ru88n-hg002-grch38-v421-record-87	CROSS_RUN_EQUIVALENCE_UNRESOLVED	GRCh38|chr20|10023703|C|G	GRCh38|chr20|10023702|10023703|C|G	GRCh38|chr20|10023702|10023703|C|G	variant:sha256:11668c30c36a74c6838efe7eef1ca3b935ef48cb6bf150e7cd1ebe062cd92392	variant:sha256:11668c30c36a74c6838efe7eef1ca3b935ef48cb6bf150e7cd1ebe062cd92392	True	EXACT_NORMALIZED_ALLELE	PHASE1B_EXACT_NORMALIZED_ALLELE_V1	1.0.0	False	False
85	run-phase1a-60z59-hg002-grch38-v421	event-run-phase1a-60z59-hg002-grch38-v421-record-90	run-phase1a-ru88n-hg002-grch38-v421	event-run-phase1a-ru88n-hg002-grch38-v421-record-88	CROSS_RUN_EQUIVALENCE_UNRESOLVED	GRCh38|chr20|10023741|T|G	GRCh38|chr20|10023740|10023741|T|G	GRCh38|chr20|10023740|10023741|T|G	variant:sha256:0019f39b7b18b65f2e277dc4afa43c87e5380e1dbb210a5727817aeeb0f34de3	variant:sha256:0019f39b7b18b65f2e277dc4afa43c87e5380e1dbb210a5727817aeeb0f34de3	True	EXACT_NORMALIZED_ALLELE	PHASE1B_EXACT_NORMALIZED_ALLELE_V1	1.0.0	False	False
86	run-phase1a-60z59-hg002-grch38-v421	event-run-phase1a-60z59-hg002-grch38-v421-record-91	run-phase1a-ru88n-hg002-grch38-v421	event-run-phase1a-ru88n-hg002-grch38-v421-record-89	CROSS_RUN_EQUIVALENCE_UNRESOLVED	GRCh38|chr20|10023962|A|C	GRCh38|chr20|10023961|10023962|A|C	GRCh38|chr20|10023961|10023962|A|C	variant:sha256:94fa1ed7e6b3a2098bae7f44e5d8da868d6017a2afea78903ee1fe7f6a1588af	variant:sha256:94fa1ed7e6b3a2098bae7f44e5d8da868d6017a2afea78903ee1fe7f6a1588af	True	EXACT_NORMALIZED_ALLELE	PHASE1B_EXACT_NORMALIZED_ALLELE_V1	1.0.0	False	False
87	run-phase1a-60z59-hg002-grch38-v421	event-run-phase1a-60z59-hg002-grch38-v421-record-92	run-phase1a-ru88n-hg002-grch38-v421	event-run-phase1a-ru88n-hg002-grch38-v421-record-90	CROSS_RUN_EQUIVALENCE_UNRESOLVED	GRCh38|chr20|10024226|A|C	GRCh38|chr20|10024225|10024226|A|C	GRCh38|chr20|10024225|10024226|A|C	variant:sha256:12c5c60913db286d63b0fbaffc5af408d07568f50af3b5ae12c86c4418db7c7f	variant:sha256:12c5c60913db286d63b0fbaffc5af408d07568f50af3b5ae12c86c4418db7c7f	True	EXACT_NORMALIZED_ALLELE	PHASE1B_EXACT_NORMALIZED_ALLELE_V1	1.0.0	False	False
88	run-phase1a-60z59-hg002-grch38-v421	event-run-phase1a-60z59-hg002-grch38-v421-record-93	run-phase1a-ru88n-hg002-grch38-v421	event-run-phase1a-ru88n-hg002-grch38-v421-record-91	CROSS_RUN_EQUIVALENCE_UNRESOLVED	GRCh38|chr20|10024362|C|T	GRCh38|chr20|10024361|10024362|C|T	GRCh38|chr20|10024361|10024362|C|T	variant:sha256:94b0ad48396dba5379d26a853d419beba1d89cc01baf95aa358e4bd0b7183987	variant:sha256:94b0ad48396dba5379d26a853d419beba1d89cc01baf95aa358e4bd0b7183987	True	EXACT_NORMALIZED_ALLELE	PHASE1B_EXACT_NORMALIZED_ALLELE_V1	1.0.0	False	False
89	run-phase1a-60z59-hg002-grch38-v421	event-run-phase1a-60z59-hg002-grch38-v421-record-94	run-phase1a-ru88n-hg002-grch38-v421	event-run-phase1a-ru88n-hg002-grch38-v421-record-92	CROSS_RUN_EQUIVALENCE_UNRESOLVED	GRCh38|chr20|10024779|C|T	GRCh38|chr20|10024778|10024779|C|T	GRCh38|chr20|10024778|10024779|C|T	variant:sha256:2696b227afe061bacbab91ead4fb72a27386f4683db4982ded7f3c8e5961815a	variant:sha256:2696b227afe061bacbab91ead4fb72a27386f4683db4982ded7f3c8e5961815a	True	EXACT_NORMALIZED_ALLELE	PHASE1B_EXACT_NORMALIZED_ALLELE_V1	1.0.0	False	False
90	run-phase1a-60z59-hg002-grch38-v421	event-run-phase1a-60z59-hg002-grch38-v421-record-95	run-phase1a-ru88n-hg002-grch38-v421	event-run-phase1a-ru88n-hg002-grch38-v421-record-93	CROSS_RUN_EQUIVALENCE_UNRESOLVED	GRCh38|chr20|10024851|A|G	GRCh38|chr20|10024850|10024851|A|G	GRCh38|chr20|10024850|10024851|A|G	variant:sha256:48df1b61d62fb9b15e5509d4c677ce31762db6f684cb1ac2ba27cdf48f8ac631	variant:sha256:48df1b61d62fb9b15e5509d4c677ce31762db6f684cb1ac2ba27cdf48f8ac631	True	EXACT_NORMALIZED_ALLELE	PHASE1B_EXACT_NORMALIZED_ALLELE_V1	1.0.0	False	False
91	run-phase1a-60z59-hg002-grch38-v421	event-run-phase1a-60z59-hg002-grch38-v421-record-96	run-phase1a-ru88n-hg002-grch38-v421	event-run-phase1a-ru88n-hg002-grch38-v421-record-94	CROSS_RUN_EQUIVALENCE_UNRESOLVED	GRCh38|chr20|10024939|A|G	GRCh38|chr20|10024938|10024939|A|G	GRCh38|chr20|10024938|10024939|A|G	variant:sha256:e38480787fc306a958a662ec233c654a8fbe6c8d0ed1c7e39f3bb834e2f14aea	variant:sha256:e38480787fc306a958a662ec233c654a8fbe6c8d0ed1c7e39f3bb834e2f14aea	True	EXACT_NORMALIZED_ALLELE	PHASE1B_EXACT_NORMALIZED_ALLELE_V1	1.0.0	False	False
92	run-phase1a-60z59-hg002-grch38-v421	event-run-phase1a-60z59-hg002-grch38-v421-record-97	run-phase1a-ru88n-hg002-grch38-v421	event-run-phase1a-ru88n-hg002-grch38-v421-record-95	CROSS_RUN_EQUIVALENCE_UNRESOLVED	GRCh38|chr20|10025075|A|G	GRCh38|chr20|10025074|10025075|A|G	GRCh38|chr20|10025074|10025075|A|G	variant:sha256:0328e3acacfc109fb17c5d3157dd23f628d07ac2467ed6dd35de2cbe9565196f	variant:sha256:0328e3acacfc109fb17c5d3157dd23f628d07ac2467ed6dd35de2cbe9565196f	True	EXACT_NORMALIZED_ALLELE	PHASE1B_EXACT_NORMALIZED_ALLELE_V1	1.0.0	False	False
93	run-phase1a-60z59-hg002-grch38-v421	event-run-phase1a-60z59-hg002-grch38-v421-record-98	run-phase1a-ru88n-hg002-grch38-v421	event-run-phase1a-ru88n-hg002-grch38-v421-record-96	CROSS_RUN_EQUIVALENCE_UNRESOLVED	GRCh38|chr20|10025756|A|C	GRCh38|chr20|10025755|10025756|A|C	GRCh38|chr20|10025755|10025756|A|C	variant:sha256:34dd990b8c5837205a7d47769e66d4b5874dd9959647bcb24e39098a3c6badea	variant:sha256:34dd990b8c5837205a7d47769e66d4b5874dd9959647bcb24e39098a3c6badea	True	EXACT_NORMALIZED_ALLELE	PHASE1B_EXACT_NORMALIZED_ALLELE_V1	1.0.0	False	False
94	run-phase1a-60z59-hg002-grch38-v421	event-run-phase1a-60z59-hg002-grch38-v421-record-99	run-phase1a-ru88n-hg002-grch38-v421	event-run-phase1a-ru88n-hg002-grch38-v421-record-97	CROSS_RUN_EQUIVALENCE_UNRESOLVED	GRCh38|chr20|10026034|T|A	GRCh38|chr20|10026033|10026034|T|A	GRCh38|chr20|10026033|10026034|T|A	variant:sha256:16600c8d0e888ea778cb63e76af86c827e18f8746927a2b60e281cb540f4bb48	variant:sha256:16600c8d0e888ea778cb63e76af86c827e18f8746927a2b60e281cb540f4bb48	True	EXACT_NORMALIZED_ALLELE	PHASE1B_EXACT_NORMALIZED_ALLELE_V1	1.0.0	False	False
95	run-phase1a-60z59-hg002-grch38-v421	event-run-phase1a-60z59-hg002-grch38-v421-record-100	run-phase1a-ru88n-hg002-grch38-v421	event-run-phase1a-ru88n-hg002-grch38-v421-record-98	CROSS_RUN_EQUIVALENCE_UNRESOLVED	GRCh38|chr20|10026171|AAAAC|A	GRCh38|chr20|10026170|10026175|AAAAC|A	GRCh38|chr20|10026170|10026175|AAAAC|A	variant:sha256:927761ba9605bc7c60ed04b04c78aade69afcd71761058a44b8ce54046493fe7	variant:sha256:927761ba9605bc7c60ed04b04c78aade69afcd71761058a44b8ce54046493fe7	True	EXACT_NORMALIZED_ALLELE	PHASE1B_EXACT_NORMALIZED_ALLELE_V1	1.0.0	False	False
96	run-phase1a-60z59-hg002-grch38-v421	event-run-phase1a-60z59-hg002-grch38-v421-record-101	run-phase1a-ru88n-hg002-grch38-v421	event-run-phase1a-ru88n-hg002-grch38-v421-record-99	CROSS_RUN_EQUIVALENCE_UNRESOLVED	GRCh38|chr20|10026395|G|A	GRCh38|chr20|10026394|10026395|G|A	GRCh38|chr20|10026394|10026395|G|A	variant:sha256:27111c79f6da07f155d8c5d4f3745a9bff8375e569cf650ee9c992caf4b273b0	variant:sha256:27111c79f6da07f155d8c5d4f3745a9bff8375e569cf650ee9c992caf4b273b0	True	EXACT_NORMALIZED_ALLELE	PHASE1B_EXACT_NORMALIZED_ALLELE_V1	1.0.0	False	False
97	run-phase1a-60z59-hg002-grch38-v421	event-run-phase1a-60z59-hg002-grch38-v421-record-102	run-phase1a-ru88n-hg002-grch38-v421	event-run-phase1a-ru88n-hg002-grch38-v421-record-100	CROSS_RUN_EQUIVALENCE_UNRESOLVED	GRCh38|chr20|10026704|C|T	GRCh38|chr20|10026703|10026704|C|T	GRCh38|chr20|10026703|10026704|C|T	variant:sha256:b1cffc523769cb3a8b8a2d26a7ad79806d9e451a630a35cab4291eb286651b85	variant:sha256:b1cffc523769cb3a8b8a2d26a7ad79806d9e451a630a35cab4291eb286651b85	True	EXACT_NORMALIZED_ALLELE	PHASE1B_EXACT_NORMALIZED_ALLELE_V1	1.0.0	False	False
98	run-phase1a-60z59-hg002-grch38-v421	event-run-phase1a-60z59-hg002-grch38-v421-record-103	run-phase1a-ru88n-hg002-grch38-v421	event-run-phase1a-ru88n-hg002-grch38-v421-record-101	CROSS_RUN_EQUIVALENCE_UNRESOLVED	GRCh38|chr20|10026772|T|C	GRCh38|chr20|10026771|10026772|T|C	GRCh38|chr20|10026771|10026772|T|C	variant:sha256:ee58050acd340a6e95e35a6ec304bd631f645cd544db0743f93e4e9489ec8b68	variant:sha256:ee58050acd340a6e95e35a6ec304bd631f645cd544db0743f93e4e9489ec8b68	True	EXACT_NORMALIZED_ALLELE	PHASE1B_EXACT_NORMALIZED_ALLELE_V1	1.0.0	False	False
99	run-phase1a-60z59-hg002-grch38-v421	event-run-phase1a-60z59-hg002-grch38-v421-record-104	run-phase1a-ru88n-hg002-grch38-v421	event-run-phase1a-ru88n-hg002-grch38-v421-record-102	CROSS_RUN_EQUIVALENCE_UNRESOLVED	GRCh38|chr20|10026883|A|G	GRCh38|chr20|10026882|10026883|A|G	GRCh38|chr20|10026882|10026883|A|G	variant:sha256:6536f13d789b1a22082fbd4aa9d4115408e0000464b1c325b100680f30eed4f5	variant:sha256:6536f13d789b1a22082fbd4aa9d4115408e0000464b1c325b100680f30eed4f5	True	EXACT_NORMALIZED_ALLELE	PHASE1B_EXACT_NORMALIZED_ALLELE_V1	1.0.0	False	False
100	run-phase1a-60z59-hg002-grch38-v421	event-run-phase1a-60z59-hg002-grch38-v421-record-105	run-phase1a-ru88n-hg002-grch38-v421	event-run-phase1a-ru88n-hg002-grch38-v421-record-103	CROSS_RUN_EQUIVALENCE_UNRESOLVED	GRCh38|chr20|10027123|T|C	GRCh38|chr20|10027122|10027123|T|C	GRCh38|chr20|10027122|10027123|T|C	variant:sha256:c3fac8bb8a7108c77a14a54d77e1cc65c22ab19bf20a66c2d72a7bf8bedca413	variant:sha256:c3fac8bb8a7108c77a14a54d77e1cc65c22ab19bf20a66c2d72a7bf8bedca413	True	EXACT_NORMALIZED_ALLELE	PHASE1B_EXACT_NORMALIZED_ALLELE_V1	1.0.0	False	False
101	run-phase1a-60z59-hg002-grch38-v421	event-run-phase1a-60z59-hg002-grch38-v421-record-106	run-phase1a-ru88n-hg002-grch38-v421	event-run-phase1a-ru88n-hg002-grch38-v421-record-104	CROSS_RUN_EQUIVALENCE_UNRESOLVED	GRCh38|chr20|10027187|T|C	GRCh38|chr20|10027186|10027187|T|C	GRCh38|chr20|10027186|10027187|T|C	variant:sha256:a7551e0503cc5a4bbfabca567c036a77772e887f038f9837318e7b41f940780d	variant:sha256:a7551e0503cc5a4bbfabca567c036a77772e887f038f9837318e7b41f940780d	True	EXACT_NORMALIZED_ALLELE	PHASE1B_EXACT_NORMALIZED_ALLELE_V1	1.0.0	False	False
102	run-phase1a-60z59-hg002-grch38-v421	event-run-phase1a-60z59-hg002-grch38-v421-record-107	run-phase1a-ru88n-hg002-grch38-v421	event-run-phase1a-ru88n-hg002-grch38-v421-record-105	CROSS_RUN_EQUIVALENCE_UNRESOLVED	GRCh38|chr20|10027220|C|G	GRCh38|chr20|10027219|10027220|C|G	GRCh38|chr20|10027219|10027220|C|G	variant:sha256:23df3ad80358586d4edcd8418e614e8bf634becb869376c82e5fbace8167451e	variant:sha256:23df3ad80358586d4edcd8418e614e8bf634becb869376c82e5fbace8167451e	True	EXACT_NORMALIZED_ALLELE	PHASE1B_EXACT_NORMALIZED_ALLELE_V1	1.0.0	False	False
103	run-phase1a-60z59-hg002-grch38-v421	event-run-phase1a-60z59-hg002-grch38-v421-record-108	run-phase1a-ru88n-hg002-grch38-v421	event-run-phase1a-ru88n-hg002-grch38-v421-record-106	CROSS_RUN_EQUIVALENCE_UNRESOLVED	GRCh38|chr20|10027332|A|C	GRCh38|chr20|10027331|10027332|A|C	GRCh38|chr20|10027331|10027332|A|C	variant:sha256:db9cfb841a6bfba3c3d512b7edc297a88c507f5ebd5ac4afd04ea0c54ce450aa	variant:sha256:db9cfb841a6bfba3c3d512b7edc297a88c507f5ebd5ac4afd04ea0c54ce450aa	True	EXACT_NORMALIZED_ALLELE	PHASE1B_EXACT_NORMALIZED_ALLELE_V1	1.0.0	False	False
104	run-phase1a-60z59-hg002-grch38-v421	event-run-phase1a-60z59-hg002-grch38-v421-record-110	run-phase1a-ru88n-hg002-grch38-v421	event-run-phase1a-ru88n-hg002-grch38-v421-record-108	CROSS_RUN_EQUIVALENCE_UNRESOLVED	GRCh38|chr20|10027498|TA|T	GRCh38|chr20|10027497|10027499|TA|T	GRCh38|chr20|10027497|10027499|TA|T	variant:sha256:b1e2db020c6394c85c15ddef4fee800121ffa6a501c3daf7781812fdc5b3f0df	variant:sha256:b1e2db020c6394c85c15ddef4fee800121ffa6a501c3daf7781812fdc5b3f0df	True	EXACT_NORMALIZED_ALLELE	PHASE1B_EXACT_NORMALIZED_ALLELE_V1	1.0.0	False	False
105	run-phase1a-60z59-hg002-grch38-v421	event-run-phase1a-60z59-hg002-grch38-v421-record-111	run-phase1a-ru88n-hg002-grch38-v421	event-run-phase1a-ru88n-hg002-grch38-v421-record-109	CROSS_RUN_EQUIVALENCE_UNRESOLVED	GRCh38|chr20|10027573|T|C	GRCh38|chr20|10027572|10027573|T|C	GRCh38|chr20|10027572|10027573|T|C	variant:sha256:bdc64e0e1bceacea90038fb70d12072d7811c3c5f9f35821866e9b643ac73843	variant:sha256:bdc64e0e1bceacea90038fb70d12072d7811c3c5f9f35821866e9b643ac73843	True	EXACT_NORMALIZED_ALLELE	PHASE1B_EXACT_NORMALIZED_ALLELE_V1	1.0.0	False	False
106	run-phase1a-60z59-hg002-grch38-v421	event-run-phase1a-60z59-hg002-grch38-v421-record-112	run-phase1a-ru88n-hg002-grch38-v421	event-run-phase1a-ru88n-hg002-grch38-v421-record-110	CROSS_RUN_EQUIVALENCE_UNRESOLVED	GRCh38|chr20|10027741|A|G	GRCh38|chr20|10027740|10027741|A|G	GRCh38|chr20|10027740|10027741|A|G	variant:sha256:7ba886eaa89529cadacdc6ce97bab7a537c6d6d557a81022a6e086d50a81d034	variant:sha256:7ba886eaa89529cadacdc6ce97bab7a537c6d6d557a81022a6e086d50a81d034	True	EXACT_NORMALIZED_ALLELE	PHASE1B_EXACT_NORMALIZED_ALLELE_V1	1.0.0	False	False
107	run-phase1a-60z59-hg002-grch38-v421	event-run-phase1a-60z59-hg002-grch38-v421-record-113	run-phase1a-ru88n-hg002-grch38-v421	event-run-phase1a-ru88n-hg002-grch38-v421-record-111	CROSS_RUN_EQUIVALENCE_UNRESOLVED	GRCh38|chr20|10027810|T|G	GRCh38|chr20|10027809|10027810|T|G	GRCh38|chr20|10027809|10027810|T|G	variant:sha256:25af52d362c930c078572aea774e07d14c5964e8b8f0a712381a7ef459295adb	variant:sha256:25af52d362c930c078572aea774e07d14c5964e8b8f0a712381a7ef459295adb	True	EXACT_NORMALIZED_ALLELE	PHASE1B_EXACT_NORMALIZED_ALLELE_V1	1.0.0	False	False
108	run-phase1a-60z59-hg002-grch38-v421	event-run-phase1a-60z59-hg002-grch38-v421-record-115	run-phase1a-ru88n-hg002-grch38-v421	event-run-phase1a-ru88n-hg002-grch38-v421-record-112	CROSS_RUN_EQUIVALENCE_UNRESOLVED	GRCh38|chr20|10028300|TA|T	GRCh38|chr20|10028299|10028301|TA|T	GRCh38|chr20|10028299|10028301|TA|T	variant:sha256:c29b37b4db87a5cf712bd6ca8e62c67a906745ad97ad725f2a56f620e6574017	variant:sha256:c29b37b4db87a5cf712bd6ca8e62c67a906745ad97ad725f2a56f620e6574017	True	EXACT_NORMALIZED_ALLELE	PHASE1B_EXACT_NORMALIZED_ALLELE_V1	1.0.0	False	False
109	run-phase1a-60z59-hg002-grch38-v421	event-run-phase1a-60z59-hg002-grch38-v421-record-118	run-phase1a-ru88n-hg002-grch38-v421	event-run-phase1a-ru88n-hg002-grch38-v421-record-114	CROSS_RUN_EQUIVALENCE_UNRESOLVED	GRCh38|chr20|10028598|A|G	GRCh38|chr20|10028597|10028598|A|G	GRCh38|chr20|10028597|10028598|A|G	variant:sha256:186440f399ee008c56fd292e28a41a91a083c62ea441e247862dff76b06e5d63	variant:sha256:186440f399ee008c56fd292e28a41a91a083c62ea441e247862dff76b06e5d63	True	EXACT_NORMALIZED_ALLELE	PHASE1B_EXACT_NORMALIZED_ALLELE_V1	1.0.0	False	False
110	run-phase1a-60z59-hg002-grch38-v421	event-run-phase1a-60z59-hg002-grch38-v421-record-119	run-phase1a-ru88n-hg002-grch38-v421	event-run-phase1a-ru88n-hg002-grch38-v421-record-115	CROSS_RUN_EQUIVALENCE_UNRESOLVED	GRCh38|chr20|10028752|T|A	GRCh38|chr20|10028751|10028752|T|A	GRCh38|chr20|10028751|10028752|T|A	variant:sha256:87acd1ee2910b6db7ca191adf14040336943977c2e7e195728bf9f4f3d3f99ee	variant:sha256:87acd1ee2910b6db7ca191adf14040336943977c2e7e195728bf9f4f3d3f99ee	True	EXACT_NORMALIZED_ALLELE	PHASE1B_EXACT_NORMALIZED_ALLELE_V1	1.0.0	False	False
111	run-phase1a-60z59-hg002-grch38-v421	event-run-phase1a-60z59-hg002-grch38-v421-record-120	run-phase1a-ru88n-hg002-grch38-v421	event-run-phase1a-ru88n-hg002-grch38-v421-record-116	CROSS_RUN_EQUIVALENCE_UNRESOLVED	GRCh38|chr20|10028864|C|G	GRCh38|chr20|10028863|10028864|C|G	GRCh38|chr20|10028863|10028864|C|G	variant:sha256:eeac73966268532cfed42d0d5fe31a4f4e9f2049ac34613460ba9d733209dc29	variant:sha256:eeac73966268532cfed42d0d5fe31a4f4e9f2049ac34613460ba9d733209dc29	True	EXACT_NORMALIZED_ALLELE	PHASE1B_EXACT_NORMALIZED_ALLELE_V1	1.0.0	False	False
112	run-phase1a-60z59-hg002-grch38-v421	event-run-phase1a-60z59-hg002-grch38-v421-record-121	run-phase1a-ru88n-hg002-grch38-v421	event-run-phase1a-ru88n-hg002-grch38-v421-record-117	CROSS_RUN_EQUIVALENCE_UNRESOLVED	GRCh38|chr20|10029071|A|G	GRCh38|chr20|10029070|10029071|A|G	GRCh38|chr20|10029070|10029071|A|G	variant:sha256:b8de09f9a9cc9407cec7e75a7a1990eaad1bcddd4b24c0c01591dc25001d27fc	variant:sha256:b8de09f9a9cc9407cec7e75a7a1990eaad1bcddd4b24c0c01591dc25001d27fc	True	EXACT_NORMALIZED_ALLELE	PHASE1B_EXACT_NORMALIZED_ALLELE_V1	1.0.0	False	False
113	run-phase1a-60z59-hg002-grch38-v421	event-run-phase1a-60z59-hg002-grch38-v421-record-122	run-phase1a-ru88n-hg002-grch38-v421	event-run-phase1a-ru88n-hg002-grch38-v421-record-118	CROSS_RUN_EQUIVALENCE_UNRESOLVED	GRCh38|chr20|10029147|A|G	GRCh38|chr20|10029146|10029147|A|G	GRCh38|chr20|10029146|10029147|A|G	variant:sha256:902d3236d9385c4e67b419f59e3f90b983e70e6790d94281105f2e64c685bd59	variant:sha256:902d3236d9385c4e67b419f59e3f90b983e70e6790d94281105f2e64c685bd59	True	EXACT_NORMALIZED_ALLELE	PHASE1B_EXACT_NORMALIZED_ALLELE_V1	1.0.0	False	False
114	run-phase1a-60z59-hg002-grch38-v421	event-run-phase1a-60z59-hg002-grch38-v421-record-123	run-phase1a-ru88n-hg002-grch38-v421	event-run-phase1a-ru88n-hg002-grch38-v421-record-119	CROSS_RUN_EQUIVALENCE_UNRESOLVED	GRCh38|chr20|10029196|G|A	GRCh38|chr20|10029195|10029196|G|A	GRCh38|chr20|10029195|10029196|G|A	variant:sha256:86b037723b933c7f5785613e13e7b9b20fadb7de10f01b5b6a99cef3fa9989c3	variant:sha256:86b037723b933c7f5785613e13e7b9b20fadb7de10f01b5b6a99cef3fa9989c3	True	EXACT_NORMALIZED_ALLELE	PHASE1B_EXACT_NORMALIZED_ALLELE_V1	1.0.0	False	False
115	run-phase1a-60z59-hg002-grch38-v421	event-run-phase1a-60z59-hg002-grch38-v421-record-124	run-phase1a-ru88n-hg002-grch38-v421	event-run-phase1a-ru88n-hg002-grch38-v421-record-121	CROSS_RUN_EQUIVALENCE_UNRESOLVED	GRCh38|chr20|10029227|A|G	GRCh38|chr20|10029226|10029227|A|G	GRCh38|chr20|10029226|10029227|A|G	variant:sha256:5cd932b6c1323d58cb5cb3ee676de629a1805d5003218e42e0a5d9613d770f43	variant:sha256:5cd932b6c1323d58cb5cb3ee676de629a1805d5003218e42e0a5d9613d770f43	True	EXACT_NORMALIZED_ALLELE	PHASE1B_EXACT_NORMALIZED_ALLELE_V1	1.0.0	False	False
116	run-phase1a-60z59-hg002-grch38-v421	event-run-phase1a-60z59-hg002-grch38-v421-record-125	run-phase1a-ru88n-hg002-grch38-v421	event-run-phase1a-ru88n-hg002-grch38-v421-record-122	CROSS_RUN_EQUIVALENCE_UNRESOLVED	GRCh38|chr20|10029231|A|G	GRCh38|chr20|10029230|10029231|A|G	GRCh38|chr20|10029230|10029231|A|G	variant:sha256:1cfc4613dfd18b7007f85eb3baa30807f56b13c8072b83a4c2e113fdabc4958f	variant:sha256:1cfc4613dfd18b7007f85eb3baa30807f56b13c8072b83a4c2e113fdabc4958f	True	EXACT_NORMALIZED_ALLELE	PHASE1B_EXACT_NORMALIZED_ALLELE_V1	1.0.0	False	False
117	run-phase1a-60z59-hg002-grch38-v421	event-run-phase1a-60z59-hg002-grch38-v421-record-126	run-phase1a-ru88n-hg002-grch38-v421	event-run-phase1a-ru88n-hg002-grch38-v421-record-123	CROSS_RUN_EQUIVALENCE_UNRESOLVED	GRCh38|chr20|10029235|A|G	GRCh38|chr20|10029234|10029235|A|G	GRCh38|chr20|10029234|10029235|A|G	variant:sha256:f98d401a35eeff5f99516b05988f1e73e6b82251e8b7f94a7553a195a839e2f0	variant:sha256:f98d401a35eeff5f99516b05988f1e73e6b82251e8b7f94a7553a195a839e2f0	True	EXACT_NORMALIZED_ALLELE	PHASE1B_EXACT_NORMALIZED_ALLELE_V1	1.0.0	False	False
118	run-phase1a-60z59-hg002-grch38-v421	event-run-phase1a-60z59-hg002-grch38-v421-record-127	run-phase1a-ru88n-hg002-grch38-v421	event-run-phase1a-ru88n-hg002-grch38-v421-record-124	CROSS_RUN_EQUIVALENCE_UNRESOLVED	GRCh38|chr20|10029888|G|GA	GRCh38|chr20|10029887|10029888|G|GA	GRCh38|chr20|10029887|10029888|G|GA	variant:sha256:931a867934c4cf7e5a9ce65490bbb91237ae6975ec2407408645d08d054c99cb	variant:sha256:931a867934c4cf7e5a9ce65490bbb91237ae6975ec2407408645d08d054c99cb	True	EXACT_NORMALIZED_ALLELE	PHASE1B_EXACT_NORMALIZED_ALLELE_V1	1.0.0	False	False
119	run-phase1a-60z59-hg002-grch38-v421	event-run-phase1a-60z59-hg002-grch38-v421-record-128	run-phase1a-ru88n-hg002-grch38-v421	event-run-phase1a-ru88n-hg002-grch38-v421-record-125	CROSS_RUN_EQUIVALENCE_UNRESOLVED	GRCh38|chr20|10030118|T|G	GRCh38|chr20|10030117|10030118|T|G	GRCh38|chr20|10030117|10030118|T|G	variant:sha256:5e49400e57853e852f8f7d0c089b2dde9feaf7235b4514d9cbebc342a7a01188	variant:sha256:5e49400e57853e852f8f7d0c089b2dde9feaf7235b4514d9cbebc342a7a01188	True	EXACT_NORMALIZED_ALLELE	PHASE1B_EXACT_NORMALIZED_ALLELE_V1	1.0.0	False	False
120	run-phase1a-60z59-hg002-grch38-v421	event-run-phase1a-60z59-hg002-grch38-v421-record-129	run-phase1a-ru88n-hg002-grch38-v421	event-run-phase1a-ru88n-hg002-grch38-v421-record-126	CROSS_RUN_EQUIVALENCE_UNRESOLVED	GRCh38|chr20|10030184|T|C	GRCh38|chr20|10030183|10030184|T|C	GRCh38|chr20|10030183|10030184|T|C	variant:sha256:078a608988fcc468907c1229f43ec533c9b5cf56fb3ca4c3fed3ffb5b1058fdd	variant:sha256:078a608988fcc468907c1229f43ec533c9b5cf56fb3ca4c3fed3ffb5b1058fdd	True	EXACT_NORMALIZED_ALLELE	PHASE1B_EXACT_NORMALIZED_ALLELE_V1	1.0.0	False	False
121	run-phase1a-60z59-hg002-grch38-v421	event-run-phase1a-60z59-hg002-grch38-v421-record-130	run-phase1a-ru88n-hg002-grch38-v421	event-run-phase1a-ru88n-hg002-grch38-v421-record-127	CROSS_RUN_EQUIVALENCE_UNRESOLVED	GRCh38|chr20|10030427|C|T	GRCh38|chr20|10030426|10030427|C|T	GRCh38|chr20|10030426|10030427|C|T	variant:sha256:f316657dafe81e6699f8f24e2cdecc92a5a2215b95514eed15ff39f07f058225	variant:sha256:f316657dafe81e6699f8f24e2cdecc92a5a2215b95514eed15ff39f07f058225	True	EXACT_NORMALIZED_ALLELE	PHASE1B_EXACT_NORMALIZED_ALLELE_V1	1.0.0	False	False
122	run-phase1a-60z59-hg002-grch38-v421	event-run-phase1a-60z59-hg002-grch38-v421-record-131	run-phase1a-ru88n-hg002-grch38-v421	event-run-phase1a-ru88n-hg002-grch38-v421-record-128	CROSS_RUN_EQUIVALENCE_UNRESOLVED	GRCh38|chr20|10030661|T|C	GRCh38|chr20|10030660|10030661|T|C	GRCh38|chr20|10030660|10030661|T|C	variant:sha256:fd1c5d289c2610bc968dcadc04d91f9afd12049a8fdd033e45d26b91fb0826fa	variant:sha256:fd1c5d289c2610bc968dcadc04d91f9afd12049a8fdd033e45d26b91fb0826fa	True	EXACT_NORMALIZED_ALLELE	PHASE1B_EXACT_NORMALIZED_ALLELE_V1	1.0.0	False	False
123	run-phase1a-60z59-hg002-grch38-v421	event-run-phase1a-60z59-hg002-grch38-v421-record-132	run-phase1a-ru88n-hg002-grch38-v421	event-run-phase1a-ru88n-hg002-grch38-v421-record-129	CROSS_RUN_EQUIVALENCE_UNRESOLVED	GRCh38|chr20|10030869|GA|G	GRCh38|chr20|10030868|10030870|GA|G	GRCh38|chr20|10030868|10030870|GA|G	variant:sha256:49f730a60d58a3ba01f3eb1b4488a2dcb7a76ae205e0df972eb5d6272584e70a	variant:sha256:49f730a60d58a3ba01f3eb1b4488a2dcb7a76ae205e0df972eb5d6272584e70a	True	EXACT_NORMALIZED_ALLELE	PHASE1B_EXACT_NORMALIZED_ALLELE_V1	1.0.0	False	False
124	run-phase1a-60z59-hg002-grch38-v421	event-run-phase1a-60z59-hg002-grch38-v421-record-133	run-phase1a-ru88n-hg002-grch38-v421	event-run-phase1a-ru88n-hg002-grch38-v421-record-130	CROSS_RUN_EQUIVALENCE_UNRESOLVED	GRCh38|chr20|10031018|C|T	GRCh38|chr20|10031017|10031018|C|T	GRCh38|chr20|10031017|10031018|C|T	variant:sha256:dfd13553d26d4b73c934a7c9b4c1ac557d14132f0068ac9f84ed823a40183213	variant:sha256:dfd13553d26d4b73c934a7c9b4c1ac557d14132f0068ac9f84ed823a40183213	True	EXACT_NORMALIZED_ALLELE	PHASE1B_EXACT_NORMALIZED_ALLELE_V1	1.0.0	False	False
125	run-phase1a-60z59-hg002-grch38-v421	event-run-phase1a-60z59-hg002-grch38-v421-record-134	run-phase1a-ru88n-hg002-grch38-v421	event-run-phase1a-ru88n-hg002-grch38-v421-record-131	CROSS_RUN_EQUIVALENCE_UNRESOLVED	GRCh38|chr20|10031291|C|T	GRCh38|chr20|10031290|10031291|C|T	GRCh38|chr20|10031290|10031291|C|T	variant:sha256:ba8e10093564ef346296dd0bd3aadf4b56a50dc826502051f6a74ee1f8606087	variant:sha256:ba8e10093564ef346296dd0bd3aadf4b56a50dc826502051f6a74ee1f8606087	True	EXACT_NORMALIZED_ALLELE	PHASE1B_EXACT_NORMALIZED_ALLELE_V1	1.0.0	False	False
126	run-phase1a-60z59-hg002-grch38-v421	event-run-phase1a-60z59-hg002-grch38-v421-record-135	run-phase1a-ru88n-hg002-grch38-v421	event-run-phase1a-ru88n-hg002-grch38-v421-record-132	CROSS_RUN_EQUIVALENCE_UNRESOLVED	GRCh38|chr20|10031373|CA|C	GRCh38|chr20|10031372|10031374|CA|C	GRCh38|chr20|10031372|10031374|CA|C	variant:sha256:4c962b505da83990d18b6b1243c1194c4c15545365a0ad6c2ec46dddae9efc35	variant:sha256:4c962b505da83990d18b6b1243c1194c4c15545365a0ad6c2ec46dddae9efc35	True	EXACT_NORMALIZED_ALLELE	PHASE1B_EXACT_NORMALIZED_ALLELE_V1	1.0.0	False	False
127	run-phase1a-60z59-hg002-grch38-v421	event-run-phase1a-60z59-hg002-grch38-v421-record-137	run-phase1a-ru88n-hg002-grch38-v421	event-run-phase1a-ru88n-hg002-grch38-v421-record-134	CROSS_RUN_EQUIVALENCE_UNRESOLVED	GRCh38|chr20|10031736|T|C	GRCh38|chr20|10031735|10031736|T|C	GRCh38|chr20|10031735|10031736|T|C	variant:sha256:a1a04747451e77e08a6a15384177b0f2a22ae28f7a703082e041049506424925	variant:sha256:a1a04747451e77e08a6a15384177b0f2a22ae28f7a703082e041049506424925	True	EXACT_NORMALIZED_ALLELE	PHASE1B_EXACT_NORMALIZED_ALLELE_V1	1.0.0	False	False
128	run-phase1a-60z59-hg002-grch38-v421	event-run-phase1a-60z59-hg002-grch38-v421-record-138	run-phase1a-ru88n-hg002-grch38-v421	event-run-phase1a-ru88n-hg002-grch38-v421-record-135	CROSS_RUN_EQUIVALENCE_UNRESOLVED	GRCh38|chr20|10031739|T|C	GRCh38|chr20|10031738|10031739|T|C	GRCh38|chr20|10031738|10031739|T|C	variant:sha256:837a42b08c31d97e06a32f38a8de6cdc6b1bbc239a4ba81f30a182d79cac96e5	variant:sha256:837a42b08c31d97e06a32f38a8de6cdc6b1bbc239a4ba81f30a182d79cac96e5	True	EXACT_NORMALIZED_ALLELE	PHASE1B_EXACT_NORMALIZED_ALLELE_V1	1.0.0	False	False
129	run-phase1a-60z59-hg002-grch38-v421	event-run-phase1a-60z59-hg002-grch38-v421-record-139	run-phase1a-ru88n-hg002-grch38-v421	event-run-phase1a-ru88n-hg002-grch38-v421-record-136	CROSS_RUN_EQUIVALENCE_UNRESOLVED	GRCh38|chr20|10031831|A|G	GRCh38|chr20|10031830|10031831|A|G	GRCh38|chr20|10031830|10031831|A|G	variant:sha256:121b63ae8dcbaf42f75a9e66522856024baacb1c3486b630399e7138661dc702	variant:sha256:121b63ae8dcbaf42f75a9e66522856024baacb1c3486b630399e7138661dc702	True	EXACT_NORMALIZED_ALLELE	PHASE1B_EXACT_NORMALIZED_ALLELE_V1	1.0.0	False	False
130	run-phase1a-60z59-hg002-grch38-v421	event-run-phase1a-60z59-hg002-grch38-v421-record-140	run-phase1a-ru88n-hg002-grch38-v421	event-run-phase1a-ru88n-hg002-grch38-v421-record-137	CROSS_RUN_EQUIVALENCE_UNRESOLVED	GRCh38|chr20|10031850|C|G	GRCh38|chr20|10031849|10031850|C|G	GRCh38|chr20|10031849|10031850|C|G	variant:sha256:007572cb19028ef2e0b1ba2aa2892d6bf221f25bb3ac89c6f083c05215c8261b	variant:sha256:007572cb19028ef2e0b1ba2aa2892d6bf221f25bb3ac89c6f083c05215c8261b	True	EXACT_NORMALIZED_ALLELE	PHASE1B_EXACT_NORMALIZED_ALLELE_V1	1.0.0	False	False
131	run-phase1a-60z59-hg002-grch38-v421	event-run-phase1a-60z59-hg002-grch38-v421-record-141	run-phase1a-ru88n-hg002-grch38-v421	event-run-phase1a-ru88n-hg002-grch38-v421-record-138	CROSS_RUN_EQUIVALENCE_UNRESOLVED	GRCh38|chr20|10031870|T|C	GRCh38|chr20|10031869|10031870|T|C	GRCh38|chr20|10031869|10031870|T|C	variant:sha256:6120acffa6937f1a85695f954643000e15e7b84a2a62d29ba3580f1b67c3f7c0	variant:sha256:6120acffa6937f1a85695f954643000e15e7b84a2a62d29ba3580f1b67c3f7c0	True	EXACT_NORMALIZED_ALLELE	PHASE1B_EXACT_NORMALIZED_ALLELE_V1	1.0.0	False	False
132	run-phase1a-60z59-hg002-grch38-v421	event-run-phase1a-60z59-hg002-grch38-v421-record-142	run-phase1a-ru88n-hg002-grch38-v421	event-run-phase1a-ru88n-hg002-grch38-v421-record-139	CROSS_RUN_EQUIVALENCE_UNRESOLVED	GRCh38|chr20|10031873|C|T	GRCh38|chr20|10031872|10031873|C|T	GRCh38|chr20|10031872|10031873|C|T	variant:sha256:5f8ab33232bdd7e01aa4975fd3505fa0380a443b6e974b5cff10c5c0f5e30cc9	variant:sha256:5f8ab33232bdd7e01aa4975fd3505fa0380a443b6e974b5cff10c5c0f5e30cc9	True	EXACT_NORMALIZED_ALLELE	PHASE1B_EXACT_NORMALIZED_ALLELE_V1	1.0.0	False	False
133	run-phase1a-60z59-hg002-grch38-v421	event-run-phase1a-60z59-hg002-grch38-v421-record-143	run-phase1a-ru88n-hg002-grch38-v421	event-run-phase1a-ru88n-hg002-grch38-v421-record-140	CROSS_RUN_EQUIVALENCE_UNRESOLVED	GRCh38|chr20|10031922|G|GCA	GRCh38|chr20|10031921|10031922|G|GCA	GRCh38|chr20|10031921|10031922|G|GCA	variant:sha256:94349bc8a001aaac5fbf7c676d9099cf7c7dcb259fcc3e930b28dd7744a19b97	variant:sha256:94349bc8a001aaac5fbf7c676d9099cf7c7dcb259fcc3e930b28dd7744a19b97	True	EXACT_NORMALIZED_ALLELE	PHASE1B_EXACT_NORMALIZED_ALLELE_V1	1.0.0	False	False
134	run-phase1a-60z59-hg002-grch38-v421	event-run-phase1a-60z59-hg002-grch38-v421-record-144	run-phase1a-ru88n-hg002-grch38-v421	event-run-phase1a-ru88n-hg002-grch38-v421-record-141	CROSS_RUN_EQUIVALENCE_UNRESOLVED	GRCh38|chr20|10031924|GT|G	GRCh38|chr20|10031923|10031925|GT|G	GRCh38|chr20|10031923|10031925|GT|G	variant:sha256:ad01114f550a21e7f822dc68f20a7a5a4bbbc88859802083d03fb93a487dc907	variant:sha256:ad01114f550a21e7f822dc68f20a7a5a4bbbc88859802083d03fb93a487dc907	True	EXACT_NORMALIZED_ALLELE	PHASE1B_EXACT_NORMALIZED_ALLELE_V1	1.0.0	False	False
135	run-phase1a-60z59-hg002-grch38-v421	event-run-phase1a-60z59-hg002-grch38-v421-record-145	run-phase1a-ru88n-hg002-grch38-v421	event-run-phase1a-ru88n-hg002-grch38-v421-record-143	CROSS_RUN_EQUIVALENCE_UNRESOLVED	GRCh38|chr20|10031983|C|CG	GRCh38|chr20|10031982|10031983|C|CG	GRCh38|chr20|10031982|10031983|C|CG	variant:sha256:83cbc523da7aeee8a72b64892be0a3026b122c47e0f066ac70953b0f4e24a257	variant:sha256:83cbc523da7aeee8a72b64892be0a3026b122c47e0f066ac70953b0f4e24a257	True	EXACT_NORMALIZED_ALLELE	PHASE1B_EXACT_NORMALIZED_ALLELE_V1	1.0.0	False	False
136	run-phase1a-60z59-hg002-grch38-v421	event-run-phase1a-60z59-hg002-grch38-v421-record-146	run-phase1a-ru88n-hg002-grch38-v421	event-run-phase1a-ru88n-hg002-grch38-v421-record-144	CROSS_RUN_EQUIVALENCE_UNRESOLVED	GRCh38|chr20|10031988|G|C	GRCh38|chr20|10031987|10031988|G|C	GRCh38|chr20|10031987|10031988|G|C	variant:sha256:a2f0850b0d2b89fb9e76a568dda84ab15f8f9cfddb1f0ec7f51a1a2e8290504f	variant:sha256:a2f0850b0d2b89fb9e76a568dda84ab15f8f9cfddb1f0ec7f51a1a2e8290504f	True	EXACT_NORMALIZED_ALLELE	PHASE1B_EXACT_NORMALIZED_ALLELE_V1	1.0.0	False	False
137	run-phase1a-60z59-hg002-grch38-v421	event-run-phase1a-60z59-hg002-grch38-v421-record-147	run-phase1a-ru88n-hg002-grch38-v421	event-run-phase1a-ru88n-hg002-grch38-v421-record-145	CROSS_RUN_EQUIVALENCE_UNRESOLVED	GRCh38|chr20|10032066|G|C	GRCh38|chr20|10032065|10032066|G|C	GRCh38|chr20|10032065|10032066|G|C	variant:sha256:031cd87d3f7a2faa9bed357dd891eae3e2e58c01e5f43a4ce07028ffb9fc1df3	variant:sha256:031cd87d3f7a2faa9bed357dd891eae3e2e58c01e5f43a4ce07028ffb9fc1df3	True	EXACT_NORMALIZED_ALLELE	PHASE1B_EXACT_NORMALIZED_ALLELE_V1	1.0.0	False	False
138	run-phase1a-60z59-hg002-grch38-v421	event-run-phase1a-60z59-hg002-grch38-v421-record-148	run-phase1a-ru88n-hg002-grch38-v421	event-run-phase1a-ru88n-hg002-grch38-v421-record-146	CROSS_RUN_EQUIVALENCE_UNRESOLVED	GRCh38|chr20|10032103|T|C	GRCh38|chr20|10032102|10032103|T|C	GRCh38|chr20|10032102|10032103|T|C	variant:sha256:7cddc359eb48041af8128cee4bf5875b9f5f8d9ae34a9d692b97bbc1afd994e1	variant:sha256:7cddc359eb48041af8128cee4bf5875b9f5f8d9ae34a9d692b97bbc1afd994e1	True	EXACT_NORMALIZED_ALLELE	PHASE1B_EXACT_NORMALIZED_ALLELE_V1	1.0.0	False	False
139	run-phase1a-60z59-hg002-grch38-v421	event-run-phase1a-60z59-hg002-grch38-v421-record-149	run-phase1a-ru88n-hg002-grch38-v421	event-run-phase1a-ru88n-hg002-grch38-v421-record-147	CROSS_RUN_EQUIVALENCE_UNRESOLVED	GRCh38|chr20|10032321|G|A	GRCh38|chr20|10032320|10032321|G|A	GRCh38|chr20|10032320|10032321|G|A	variant:sha256:a241c27d0a7381e95ae13b13a008070c149dbf5b711c7c1ce0cad55897a2408f	variant:sha256:a241c27d0a7381e95ae13b13a008070c149dbf5b711c7c1ce0cad55897a2408f	True	EXACT_NORMALIZED_ALLELE	PHASE1B_EXACT_NORMALIZED_ALLELE_V1	1.0.0	False	False
140	run-phase1a-60z59-hg002-grch38-v421	event-run-phase1a-60z59-hg002-grch38-v421-record-150	run-phase1a-ru88n-hg002-grch38-v421	event-run-phase1a-ru88n-hg002-grch38-v421-record-148	CROSS_RUN_EQUIVALENCE_UNRESOLVED	GRCh38|chr20|10032349|C|T	GRCh38|chr20|10032348|10032349|C|T	GRCh38|chr20|10032348|10032349|C|T	variant:sha256:ade31ccde218b9caeb8fe9a217a18d0a544510e69b81f6f74dbcbe973925acd4	variant:sha256:ade31ccde218b9caeb8fe9a217a18d0a544510e69b81f6f74dbcbe973925acd4	True	EXACT_NORMALIZED_ALLELE	PHASE1B_EXACT_NORMALIZED_ALLELE_V1	1.0.0	False	False
141	run-phase1a-60z59-hg002-grch38-v421	event-run-phase1a-60z59-hg002-grch38-v421-record-151	run-phase1a-ru88n-hg002-grch38-v421	event-run-phase1a-ru88n-hg002-grch38-v421-record-149	CROSS_RUN_EQUIVALENCE_UNRESOLVED	GRCh38|chr20|10032926|G|A	GRCh38|chr20|10032925|10032926|G|A	GRCh38|chr20|10032925|10032926|G|A	variant:sha256:b72ed56a0ca0252979fda20329591a69113c355b230317e5bef56da7a4307763	variant:sha256:b72ed56a0ca0252979fda20329591a69113c355b230317e5bef56da7a4307763	True	EXACT_NORMALIZED_ALLELE	PHASE1B_EXACT_NORMALIZED_ALLELE_V1	1.0.0	False	False
142	run-phase1a-60z59-hg002-grch38-v421	event-run-phase1a-60z59-hg002-grch38-v421-record-152	run-phase1a-ru88n-hg002-grch38-v421	event-run-phase1a-ru88n-hg002-grch38-v421-record-150	CROSS_RUN_EQUIVALENCE_UNRESOLVED	GRCh38|chr20|10034342|C|CAT	GRCh38|chr20|10034341|10034342|C|CAT	GRCh38|chr20|10034341|10034342|C|CAT	variant:sha256:ad7289f61059640e2cc2d8dd93af83c8dc0fa656f1d6b5481f231c4e3ac6e256	variant:sha256:ad7289f61059640e2cc2d8dd93af83c8dc0fa656f1d6b5481f231c4e3ac6e256	True	EXACT_NORMALIZED_ALLELE	PHASE1B_EXACT_NORMALIZED_ALLELE_V1	1.0.0	False	False
143	run-phase1a-60z59-hg002-grch38-v421	event-run-phase1a-60z59-hg002-grch38-v421-record-153	run-phase1a-ru88n-hg002-grch38-v421	event-run-phase1a-ru88n-hg002-grch38-v421-record-151	CROSS_RUN_EQUIVALENCE_UNRESOLVED	GRCh38|chr20|10034548|G|T	GRCh38|chr20|10034547|10034548|G|T	GRCh38|chr20|10034547|10034548|G|T	variant:sha256:2662459b257865b379ace67dddb40c724c4c2a4317561c59e911f6ab53d12a07	variant:sha256:2662459b257865b379ace67dddb40c724c4c2a4317561c59e911f6ab53d12a07	True	EXACT_NORMALIZED_ALLELE	PHASE1B_EXACT_NORMALIZED_ALLELE_V1	1.0.0	False	False
144	run-phase1a-60z59-hg002-grch38-v421	event-run-phase1a-60z59-hg002-grch38-v421-record-157	run-phase1a-ru88n-hg002-grch38-v421	event-run-phase1a-ru88n-hg002-grch38-v421-record-152	CROSS_RUN_EQUIVALENCE_UNRESOLVED	GRCh38|chr20|10035081|C|A	GRCh38|chr20|10035080|10035081|C|A	GRCh38|chr20|10035080|10035081|C|A	variant:sha256:af38044720c1eb0e5d1a47594f30f8414e85588d830843a14b740c4cd1d0cf14	variant:sha256:af38044720c1eb0e5d1a47594f30f8414e85588d830843a14b740c4cd1d0cf14	True	EXACT_NORMALIZED_ALLELE	PHASE1B_EXACT_NORMALIZED_ALLELE_V1	1.0.0	False	False
145	run-phase1a-60z59-hg002-grch38-v421	event-run-phase1a-60z59-hg002-grch38-v421-record-158	run-phase1a-ru88n-hg002-grch38-v421	event-run-phase1a-ru88n-hg002-grch38-v421-record-153	CROSS_RUN_EQUIVALENCE_UNRESOLVED	GRCh38|chr20|10035113|T|C	GRCh38|chr20|10035112|10035113|T|C	GRCh38|chr20|10035112|10035113|T|C	variant:sha256:80095afce3d52ffde9845d8ea326ed50da050695d3c0e2f69a3f5f31a2a4864a	variant:sha256:80095afce3d52ffde9845d8ea326ed50da050695d3c0e2f69a3f5f31a2a4864a	True	EXACT_NORMALIZED_ALLELE	PHASE1B_EXACT_NORMALIZED_ALLELE_V1	1.0.0	False	False
146	run-phase1a-60z59-hg002-grch38-v421	event-run-phase1a-60z59-hg002-grch38-v421-record-159	run-phase1a-ru88n-hg002-grch38-v421	event-run-phase1a-ru88n-hg002-grch38-v421-record-154	CROSS_RUN_EQUIVALENCE_UNRESOLVED	GRCh38|chr20|10035373|C|G	GRCh38|chr20|10035372|10035373|C|G	GRCh38|chr20|10035372|10035373|C|G	variant:sha256:6b89fd9e432795733d1d748876ac251984cf9fc4a994aad89a08aeb7e635517d	variant:sha256:6b89fd9e432795733d1d748876ac251984cf9fc4a994aad89a08aeb7e635517d	True	EXACT_NORMALIZED_ALLELE	PHASE1B_EXACT_NORMALIZED_ALLELE_V1	1.0.0	False	False
147	run-phase1a-60z59-hg002-grch38-v421	event-run-phase1a-60z59-hg002-grch38-v421-record-160	run-phase1a-ru88n-hg002-grch38-v421	event-run-phase1a-ru88n-hg002-grch38-v421-record-155	CROSS_RUN_EQUIVALENCE_UNRESOLVED	GRCh38|chr20|10035559|C|G	GRCh38|chr20|10035558|10035559|C|G	GRCh38|chr20|10035558|10035559|C|G	variant:sha256:a24bc5fedeb5114ab15d7b9d7de3589a523fe4ded1f8065f335579e0f88aeba1	variant:sha256:a24bc5fedeb5114ab15d7b9d7de3589a523fe4ded1f8065f335579e0f88aeba1	True	EXACT_NORMALIZED_ALLELE	PHASE1B_EXACT_NORMALIZED_ALLELE_V1	1.0.0	False	False
148	run-phase1a-60z59-hg002-grch38-v421	event-run-phase1a-60z59-hg002-grch38-v421-record-161	run-phase1a-ru88n-hg002-grch38-v421	event-run-phase1a-ru88n-hg002-grch38-v421-record-156	CROSS_RUN_EQUIVALENCE_UNRESOLVED	GRCh38|chr20|10037128|A|G	GRCh38|chr20|10037127|10037128|A|G	GRCh38|chr20|10037127|10037128|A|G	variant:sha256:b342fdbb6cec3f71e6a48405b8ceb11cadb4847088b097a62d094bcc20a95031	variant:sha256:b342fdbb6cec3f71e6a48405b8ceb11cadb4847088b097a62d094bcc20a95031	True	EXACT_NORMALIZED_ALLELE	PHASE1B_EXACT_NORMALIZED_ALLELE_V1	1.0.0	False	False
149	run-phase1a-60z59-hg002-grch38-v421	event-run-phase1a-60z59-hg002-grch38-v421-record-162	run-phase1a-ru88n-hg002-grch38-v421	event-run-phase1a-ru88n-hg002-grch38-v421-record-157	CROSS_RUN_EQUIVALENCE_UNRESOLVED	GRCh38|chr20|10037510|G|C	GRCh38|chr20|10037509|10037510|G|C	GRCh38|chr20|10037509|10037510|G|C	variant:sha256:058c52268986b1ac6df114861d0ceea34f97a8e6615bb30609d320d1c01ae7b0	variant:sha256:058c52268986b1ac6df114861d0ceea34f97a8e6615bb30609d320d1c01ae7b0	True	EXACT_NORMALIZED_ALLELE	PHASE1B_EXACT_NORMALIZED_ALLELE_V1	1.0.0	False	False
150	run-phase1a-60z59-hg002-grch38-v421	event-run-phase1a-60z59-hg002-grch38-v421-record-163	run-phase1a-ru88n-hg002-grch38-v421	event-run-phase1a-ru88n-hg002-grch38-v421-record-158	CROSS_RUN_EQUIVALENCE_UNRESOLVED	GRCh38|chr20|10038445|A|G	GRCh38|chr20|10038444|10038445|A|G	GRCh38|chr20|10038444|10038445|A|G	variant:sha256:5704a72527131db7117a09a6113698d21e0ebdb2b53a5837b639b4346039dec6	variant:sha256:5704a72527131db7117a09a6113698d21e0ebdb2b53a5837b639b4346039dec6	True	EXACT_NORMALIZED_ALLELE	PHASE1B_EXACT_NORMALIZED_ALLELE_V1	1.0.0	False	False
151	run-phase1a-60z59-hg002-grch38-v421	event-run-phase1a-60z59-hg002-grch38-v421-record-164	run-phase1a-ru88n-hg002-grch38-v421	event-run-phase1a-ru88n-hg002-grch38-v421-record-159	CROSS_RUN_EQUIVALENCE_UNRESOLVED	GRCh38|chr20|10038984|G|A	GRCh38|chr20|10038983|10038984|G|A	GRCh38|chr20|10038983|10038984|G|A	variant:sha256:6867202f22e50aa5661cefbc8071e18119a022fa071ff1ba692ac2500beb7b21	variant:sha256:6867202f22e50aa5661cefbc8071e18119a022fa071ff1ba692ac2500beb7b21	True	EXACT_NORMALIZED_ALLELE	PHASE1B_EXACT_NORMALIZED_ALLELE_V1	1.0.0	False	False
152	run-phase1a-60z59-hg002-grch38-v421	event-run-phase1a-60z59-hg002-grch38-v421-record-165	run-phase1a-ru88n-hg002-grch38-v421	event-run-phase1a-ru88n-hg002-grch38-v421-record-160	CROSS_RUN_EQUIVALENCE_UNRESOLVED	GRCh38|chr20|10041298|T|A	GRCh38|chr20|10041297|10041298|T|A	GRCh38|chr20|10041297|10041298|T|A	variant:sha256:c1e76a9e0ac178dd3a7496ad835eab2923105b8ed205305a07d333868a8b543b	variant:sha256:c1e76a9e0ac178dd3a7496ad835eab2923105b8ed205305a07d333868a8b543b	True	EXACT_NORMALIZED_ALLELE	PHASE1B_EXACT_NORMALIZED_ALLELE_V1	1.0.0	False	False
153	run-phase1a-60z59-hg002-grch38-v421	event-run-phase1a-60z59-hg002-grch38-v421-record-166	run-phase1a-ru88n-hg002-grch38-v421	event-run-phase1a-ru88n-hg002-grch38-v421-record-161	CROSS_RUN_EQUIVALENCE_UNRESOLVED	GRCh38|chr20|10042794|G|A	GRCh38|chr20|10042793|10042794|G|A	GRCh38|chr20|10042793|10042794|G|A	variant:sha256:b31220dfe341c223e802f7a03725e01168a64c0de48506cd18f0a87ee599c50f	variant:sha256:b31220dfe341c223e802f7a03725e01168a64c0de48506cd18f0a87ee599c50f	True	EXACT_NORMALIZED_ALLELE	PHASE1B_EXACT_NORMALIZED_ALLELE_V1	1.0.0	False	False
154	run-phase1a-60z59-hg002-grch38-v421	event-run-phase1a-60z59-hg002-grch38-v421-record-168	run-phase1a-ru88n-hg002-grch38-v421	event-run-phase1a-ru88n-hg002-grch38-v421-record-162	CROSS_RUN_EQUIVALENCE_UNRESOLVED	GRCh38|chr20|10043740|C|T	GRCh38|chr20|10043739|10043740|C|T	GRCh38|chr20|10043739|10043740|C|T	variant:sha256:e6e0e4a73356ac851fd956d54ba645075041b1195da87ab9071f955dc62a279a	variant:sha256:e6e0e4a73356ac851fd956d54ba645075041b1195da87ab9071f955dc62a279a	True	EXACT_NORMALIZED_ALLELE	PHASE1B_EXACT_NORMALIZED_ALLELE_V1	1.0.0	False	False
155	run-phase1a-60z59-hg002-grch38-v421	event-run-phase1a-60z59-hg002-grch38-v421-record-169	run-phase1a-ru88n-hg002-grch38-v421	event-run-phase1a-ru88n-hg002-grch38-v421-record-163	CROSS_RUN_EQUIVALENCE_UNRESOLVED	GRCh38|chr20|10044302|G|T	GRCh38|chr20|10044301|10044302|G|T	GRCh38|chr20|10044301|10044302|G|T	variant:sha256:38586ac461a7a9f198a725e6da6e344481cd53db14ae02f9d2dcc36ecdd1deac	variant:sha256:38586ac461a7a9f198a725e6da6e344481cd53db14ae02f9d2dcc36ecdd1deac	True	EXACT_NORMALIZED_ALLELE	PHASE1B_EXACT_NORMALIZED_ALLELE_V1	1.0.0	False	False
156	run-phase1a-60z59-hg002-grch38-v421	event-run-phase1a-60z59-hg002-grch38-v421-record-170	run-phase1a-ru88n-hg002-grch38-v421	event-run-phase1a-ru88n-hg002-grch38-v421-record-164	CROSS_RUN_EQUIVALENCE_UNRESOLVED	GRCh38|chr20|10044303|G|T	GRCh38|chr20|10044302|10044303|G|T	GRCh38|chr20|10044302|10044303|G|T	variant:sha256:e03c160a0862aa13f1cce90152890f729ce3248c47ee554b975b20dd05598c9f	variant:sha256:e03c160a0862aa13f1cce90152890f729ce3248c47ee554b975b20dd05598c9f	True	EXACT_NORMALIZED_ALLELE	PHASE1B_EXACT_NORMALIZED_ALLELE_V1	1.0.0	False	False
157	run-phase1a-60z59-hg002-grch38-v421	event-run-phase1a-60z59-hg002-grch38-v421-record-171	run-phase1a-ru88n-hg002-grch38-v421	event-run-phase1a-ru88n-hg002-grch38-v421-record-165	CROSS_RUN_EQUIVALENCE_UNRESOLVED	GRCh38|chr20|10045460|A|G	GRCh38|chr20|10045459|10045460|A|G	GRCh38|chr20|10045459|10045460|A|G	variant:sha256:df95970119aaba3ae649e0523abcce6f725fcb236af3b467105343e123e6d5d7	variant:sha256:df95970119aaba3ae649e0523abcce6f725fcb236af3b467105343e123e6d5d7	True	EXACT_NORMALIZED_ALLELE	PHASE1B_EXACT_NORMALIZED_ALLELE_V1	1.0.0	False	False
158	run-phase1a-60z59-hg002-grch38-v421	event-run-phase1a-60z59-hg002-grch38-v421-record-172	run-phase1a-ru88n-hg002-grch38-v421	event-run-phase1a-ru88n-hg002-grch38-v421-record-166	CROSS_RUN_EQUIVALENCE_UNRESOLVED	GRCh38|chr20|10046143|C|T	GRCh38|chr20|10046142|10046143|C|T	GRCh38|chr20|10046142|10046143|C|T	variant:sha256:64cfec890f009a9bddefa82ab15f4916356ac8ac498ca8420b8a7c64d3021a11	variant:sha256:64cfec890f009a9bddefa82ab15f4916356ac8ac498ca8420b8a7c64d3021a11	True	EXACT_NORMALIZED_ALLELE	PHASE1B_EXACT_NORMALIZED_ALLELE_V1	1.0.0	False	False
159	run-phase1a-60z59-hg002-grch38-v421	event-run-phase1a-60z59-hg002-grch38-v421-record-173	run-phase1a-ru88n-hg002-grch38-v421	event-run-phase1a-ru88n-hg002-grch38-v421-record-167	CROSS_RUN_EQUIVALENCE_UNRESOLVED	GRCh38|chr20|10046586|A|ATTAG	GRCh38|chr20|10046585|10046586|A|ATTAG	GRCh38|chr20|10046585|10046586|A|ATTAG	variant:sha256:760ca09194484f44c3e6c3da9bf4dbad18e0a6ed14e54aed84b554b9eea85d2c	variant:sha256:760ca09194484f44c3e6c3da9bf4dbad18e0a6ed14e54aed84b554b9eea85d2c	True	EXACT_NORMALIZED_ALLELE	PHASE1B_EXACT_NORMALIZED_ALLELE_V1	1.0.0	False	False
160	run-phase1a-60z59-hg002-grch38-v421	event-run-phase1a-60z59-hg002-grch38-v421-record-174	run-phase1a-ru88n-hg002-grch38-v421	event-run-phase1a-ru88n-hg002-grch38-v421-record-168	CROSS_RUN_EQUIVALENCE_UNRESOLVED	GRCh38|chr20|10047498|T|C	GRCh38|chr20|10047497|10047498|T|C	GRCh38|chr20|10047497|10047498|T|C	variant:sha256:0a074ed04dcc5a9c16d707f9591606ce0e8f8e187509e51fd13958304434c974	variant:sha256:0a074ed04dcc5a9c16d707f9591606ce0e8f8e187509e51fd13958304434c974	True	EXACT_NORMALIZED_ALLELE	PHASE1B_EXACT_NORMALIZED_ALLELE_V1	1.0.0	False	False
161	run-phase1a-60z59-hg002-grch38-v421	event-run-phase1a-60z59-hg002-grch38-v421-record-175	run-phase1a-ru88n-hg002-grch38-v421	event-run-phase1a-ru88n-hg002-grch38-v421-record-169	CROSS_RUN_EQUIVALENCE_UNRESOLVED	GRCh38|chr20|10048077|A|G	GRCh38|chr20|10048076|10048077|A|G	GRCh38|chr20|10048076|10048077|A|G	variant:sha256:85168c6dd7c46ea810a7e377364c61d32586979a09e6c0d186f96cea38f8275f	variant:sha256:85168c6dd7c46ea810a7e377364c61d32586979a09e6c0d186f96cea38f8275f	True	EXACT_NORMALIZED_ALLELE	PHASE1B_EXACT_NORMALIZED_ALLELE_V1	1.0.0	False	False
162	run-phase1a-60z59-hg002-grch38-v421	event-run-phase1a-60z59-hg002-grch38-v421-record-176	run-phase1a-ru88n-hg002-grch38-v421	event-run-phase1a-ru88n-hg002-grch38-v421-record-170	CROSS_RUN_EQUIVALENCE_UNRESOLVED	GRCh38|chr20|10048265|TTC|T	GRCh38|chr20|10048264|10048267|TTC|T	GRCh38|chr20|10048264|10048267|TTC|T	variant:sha256:3d53a7ce62b973634cb97d3bc3ab4fcb00b6605b34d1b9a409453208ca58335b	variant:sha256:3d53a7ce62b973634cb97d3bc3ab4fcb00b6605b34d1b9a409453208ca58335b	True	EXACT_NORMALIZED_ALLELE	PHASE1B_EXACT_NORMALIZED_ALLELE_V1	1.0.0	False	False
163	run-phase1a-60z59-hg002-grch38-v421	event-run-phase1a-60z59-hg002-grch38-v421-record-177	run-phase1a-ru88n-hg002-grch38-v421	event-run-phase1a-ru88n-hg002-grch38-v421-record-171	CROSS_RUN_EQUIVALENCE_UNRESOLVED	GRCh38|chr20|10048456|G|A	GRCh38|chr20|10048455|10048456|G|A	GRCh38|chr20|10048455|10048456|G|A	variant:sha256:12aaacd86c79997c30e260531f1a2df863c83bbd726887289141d4740dced2c3	variant:sha256:12aaacd86c79997c30e260531f1a2df863c83bbd726887289141d4740dced2c3	True	EXACT_NORMALIZED_ALLELE	PHASE1B_EXACT_NORMALIZED_ALLELE_V1	1.0.0	False	False
164	run-phase1a-60z59-hg002-grch38-v421	event-run-phase1a-60z59-hg002-grch38-v421-record-178	run-phase1a-ru88n-hg002-grch38-v421	event-run-phase1a-ru88n-hg002-grch38-v421-record-172	CROSS_RUN_EQUIVALENCE_UNRESOLVED	GRCh38|chr20|10050283|C|A	GRCh38|chr20|10050282|10050283|C|A	GRCh38|chr20|10050282|10050283|C|A	variant:sha256:939a5bc29f2073113824537b62adf3d8e93375e6921a9e0ecee34ad90aaf6ad3	variant:sha256:939a5bc29f2073113824537b62adf3d8e93375e6921a9e0ecee34ad90aaf6ad3	True	EXACT_NORMALIZED_ALLELE	PHASE1B_EXACT_NORMALIZED_ALLELE_V1	1.0.0	False	False
165	run-phase1a-60z59-hg002-grch38-v421	event-run-phase1a-60z59-hg002-grch38-v421-record-179	run-phase1a-ru88n-hg002-grch38-v421	event-run-phase1a-ru88n-hg002-grch38-v421-record-173	CROSS_RUN_EQUIVALENCE_UNRESOLVED	GRCh38|chr20|10050490|A|G	GRCh38|chr20|10050489|10050490|A|G	GRCh38|chr20|10050489|10050490|A|G	variant:sha256:edda5304c15cfd4b8cd7a9693e0c008923a44a4e39988191fdc9993488af274b	variant:sha256:edda5304c15cfd4b8cd7a9693e0c008923a44a4e39988191fdc9993488af274b	True	EXACT_NORMALIZED_ALLELE	PHASE1B_EXACT_NORMALIZED_ALLELE_V1	1.0.0	False	False
166	run-phase1a-60z59-hg002-grch38-v421	event-run-phase1a-60z59-hg002-grch38-v421-record-180	run-phase1a-ru88n-hg002-grch38-v421	event-run-phase1a-ru88n-hg002-grch38-v421-record-174	CROSS_RUN_EQUIVALENCE_UNRESOLVED	GRCh38|chr20|10050694|G|A	GRCh38|chr20|10050693|10050694|G|A	GRCh38|chr20|10050693|10050694|G|A	variant:sha256:47138429774db0843c00e833acf2a9b8e6b7547327bcad476918333b4e14adc9	variant:sha256:47138429774db0843c00e833acf2a9b8e6b7547327bcad476918333b4e14adc9	True	EXACT_NORMALIZED_ALLELE	PHASE1B_EXACT_NORMALIZED_ALLELE_V1	1.0.0	False	False
167	run-phase1a-60z59-hg002-grch38-v421	event-run-phase1a-60z59-hg002-grch38-v421-record-181	run-phase1a-ru88n-hg002-grch38-v421	event-run-phase1a-ru88n-hg002-grch38-v421-record-175	CROSS_RUN_EQUIVALENCE_UNRESOLVED	GRCh38|chr20|10051150|G|A	GRCh38|chr20|10051149|10051150|G|A	GRCh38|chr20|10051149|10051150|G|A	variant:sha256:4eb9d14f0ce39c7f22013648c09b5740a4ca5edae25b68f41df2640016205a98	variant:sha256:4eb9d14f0ce39c7f22013648c09b5740a4ca5edae25b68f41df2640016205a98	True	EXACT_NORMALIZED_ALLELE	PHASE1B_EXACT_NORMALIZED_ALLELE_V1	1.0.0	False	False
168	run-phase1a-60z59-hg002-grch38-v421	event-run-phase1a-60z59-hg002-grch38-v421-record-182	run-phase1a-ru88n-hg002-grch38-v421	event-run-phase1a-ru88n-hg002-grch38-v421-record-176	CROSS_RUN_EQUIVALENCE_UNRESOLVED	GRCh38|chr20|10051476|T|C	GRCh38|chr20|10051475|10051476|T|C	GRCh38|chr20|10051475|10051476|T|C	variant:sha256:3e1dfa1718c4650be457c098de2b604abff93026673d66db6c4ad98f63ef1d26	variant:sha256:3e1dfa1718c4650be457c098de2b604abff93026673d66db6c4ad98f63ef1d26	True	EXACT_NORMALIZED_ALLELE	PHASE1B_EXACT_NORMALIZED_ALLELE_V1	1.0.0	False	False
169	run-phase1a-60z59-hg002-grch38-v421	event-run-phase1a-60z59-hg002-grch38-v421-record-183	run-phase1a-ru88n-hg002-grch38-v421	event-run-phase1a-ru88n-hg002-grch38-v421-record-177	CROSS_RUN_EQUIVALENCE_UNRESOLVED	GRCh38|chr20|10051993|G|C	GRCh38|chr20|10051992|10051993|G|C	GRCh38|chr20|10051992|10051993|G|C	variant:sha256:8f17fcd70b70a83b19ab716b833e24e554a4ee780f8255fff6e8129e691430a1	variant:sha256:8f17fcd70b70a83b19ab716b833e24e554a4ee780f8255fff6e8129e691430a1	True	EXACT_NORMALIZED_ALLELE	PHASE1B_EXACT_NORMALIZED_ALLELE_V1	1.0.0	False	False
170	run-phase1a-60z59-hg002-grch38-v421	event-run-phase1a-60z59-hg002-grch38-v421-record-184	run-phase1a-ru88n-hg002-grch38-v421	event-run-phase1a-ru88n-hg002-grch38-v421-record-178	CROSS_RUN_EQUIVALENCE_UNRESOLVED	GRCh38|chr20|10052234|A|T	GRCh38|chr20|10052233|10052234|A|T	GRCh38|chr20|10052233|10052234|A|T	variant:sha256:aed7d6103c04e12a9ca1ad6427557afe7f698f8452dc851eae19c60e16e0915f	variant:sha256:aed7d6103c04e12a9ca1ad6427557afe7f698f8452dc851eae19c60e16e0915f	True	EXACT_NORMALIZED_ALLELE	PHASE1B_EXACT_NORMALIZED_ALLELE_V1	1.0.0	False	False
171	run-phase1a-60z59-hg002-grch38-v421	event-run-phase1a-60z59-hg002-grch38-v421-record-185	run-phase1a-ru88n-hg002-grch38-v421	event-run-phase1a-ru88n-hg002-grch38-v421-record-179	CROSS_RUN_EQUIVALENCE_UNRESOLVED	GRCh38|chr20|10052324|C|CAT	GRCh38|chr20|10052323|10052324|C|CAT	GRCh38|chr20|10052323|10052324|C|CAT	variant:sha256:623febd43bc5a429feccaedee33facb869c71f1e44aa975cad09d104fcf8eade	variant:sha256:623febd43bc5a429feccaedee33facb869c71f1e44aa975cad09d104fcf8eade	True	EXACT_NORMALIZED_ALLELE	PHASE1B_EXACT_NORMALIZED_ALLELE_V1	1.0.0	False	False
172	run-phase1a-60z59-hg002-grch38-v421	event-run-phase1a-60z59-hg002-grch38-v421-record-186	run-phase1a-ru88n-hg002-grch38-v421	event-run-phase1a-ru88n-hg002-grch38-v421-record-180	CROSS_RUN_EQUIVALENCE_UNRESOLVED	GRCh38|chr20|10053777|C|T	GRCh38|chr20|10053776|10053777|C|T	GRCh38|chr20|10053776|10053777|C|T	variant:sha256:f9b5f920263d2f4acbe09c6928178c048e493a498299dacb76118757e0b06a5c	variant:sha256:f9b5f920263d2f4acbe09c6928178c048e493a498299dacb76118757e0b06a5c	True	EXACT_NORMALIZED_ALLELE	PHASE1B_EXACT_NORMALIZED_ALLELE_V1	1.0.0	False	False
173	run-phase1a-60z59-hg002-grch38-v421	event-run-phase1a-60z59-hg002-grch38-v421-record-187	run-phase1a-ru88n-hg002-grch38-v421	event-run-phase1a-ru88n-hg002-grch38-v421-record-181	CROSS_RUN_EQUIVALENCE_UNRESOLVED	GRCh38|chr20|10056462|T|TGATA	GRCh38|chr20|10056461|10056462|T|TGATA	GRCh38|chr20|10056461|10056462|T|TGATA	variant:sha256:4ffd0a4b37dc47d1155a4530b7ea1fb15714ca1a3b44496ebcb104fee5c14eae	variant:sha256:4ffd0a4b37dc47d1155a4530b7ea1fb15714ca1a3b44496ebcb104fee5c14eae	True	EXACT_NORMALIZED_ALLELE	PHASE1B_EXACT_NORMALIZED_ALLELE_V1	1.0.0	False	False
174	run-phase1a-60z59-hg002-grch38-v421	event-run-phase1a-60z59-hg002-grch38-v421-record-190	run-phase1a-ru88n-hg002-grch38-v421	event-run-phase1a-ru88n-hg002-grch38-v421-record-184	CROSS_RUN_EQUIVALENCE_UNRESOLVED	GRCh38|chr20|10057599|T|C	GRCh38|chr20|10057598|10057599|T|C	GRCh38|chr20|10057598|10057599|T|C	variant:sha256:215374a221d3511fa823334af839f0290197060f872f575e9a95bfde9d2a659d	variant:sha256:215374a221d3511fa823334af839f0290197060f872f575e9a95bfde9d2a659d	True	EXACT_NORMALIZED_ALLELE	PHASE1B_EXACT_NORMALIZED_ALLELE_V1	1.0.0	False	False
175	run-phase1a-60z59-hg002-grch38-v421	event-run-phase1a-60z59-hg002-grch38-v421-record-191	run-phase1a-ru88n-hg002-grch38-v421	event-run-phase1a-ru88n-hg002-grch38-v421-record-185	CROSS_RUN_EQUIVALENCE_UNRESOLVED	GRCh38|chr20|10058803|A|G	GRCh38|chr20|10058802|10058803|A|G	GRCh38|chr20|10058802|10058803|A|G	variant:sha256:c2b4f0c21177fccf9a56dbd5bf0d103f859cb1e2b6e9907d1a7738a07a7fdbd0	variant:sha256:c2b4f0c21177fccf9a56dbd5bf0d103f859cb1e2b6e9907d1a7738a07a7fdbd0	True	EXACT_NORMALIZED_ALLELE	PHASE1B_EXACT_NORMALIZED_ALLELE_V1	1.0.0	False	False
176	run-phase1a-60z59-hg002-grch38-v421	event-run-phase1a-60z59-hg002-grch38-v421-record-192	run-phase1a-ru88n-hg002-grch38-v421	event-run-phase1a-ru88n-hg002-grch38-v421-record-186	CROSS_RUN_EQUIVALENCE_UNRESOLVED	GRCh38|chr20|10060656|C|T	GRCh38|chr20|10060655|10060656|C|T	GRCh38|chr20|10060655|10060656|C|T	variant:sha256:d47a2fd97cf272b65ee43c9e1cb829af02a844d31ec41138e31c4e25f8130dd8	variant:sha256:d47a2fd97cf272b65ee43c9e1cb829af02a844d31ec41138e31c4e25f8130dd8	True	EXACT_NORMALIZED_ALLELE	PHASE1B_EXACT_NORMALIZED_ALLELE_V1	1.0.0	False	False
177	run-phase1a-60z59-hg002-grch38-v421	event-run-phase1a-60z59-hg002-grch38-v421-record-193	run-phase1a-ru88n-hg002-grch38-v421	event-run-phase1a-ru88n-hg002-grch38-v421-record-187	CROSS_RUN_EQUIVALENCE_UNRESOLVED	GRCh38|chr20|10061050|C|CAT	GRCh38|chr20|10061049|10061050|C|CAT	GRCh38|chr20|10061049|10061050|C|CAT	variant:sha256:248b88d892f649bd2e410f0ab9534042cbc133f9d03b60f6e86a613ef665ce28	variant:sha256:248b88d892f649bd2e410f0ab9534042cbc133f9d03b60f6e86a613ef665ce28	True	EXACT_NORMALIZED_ALLELE	PHASE1B_EXACT_NORMALIZED_ALLELE_V1	1.0.0	False	False
178	run-phase1a-60z59-hg002-grch38-v421	event-run-phase1a-60z59-hg002-grch38-v421-record-194	run-phase1a-ru88n-hg002-grch38-v421	event-run-phase1a-ru88n-hg002-grch38-v421-record-188	CROSS_RUN_EQUIVALENCE_UNRESOLVED	GRCh38|chr20|10061053|A|ATG	GRCh38|chr20|10061052|10061053|A|ATG	GRCh38|chr20|10061052|10061053|A|ATG	variant:sha256:1ce596bfc3a59c0688968e543f72aa2b86a5d77b685675334f9b5eae46adc7ab	variant:sha256:1ce596bfc3a59c0688968e543f72aa2b86a5d77b685675334f9b5eae46adc7ab	True	EXACT_NORMALIZED_ALLELE	PHASE1B_EXACT_NORMALIZED_ALLELE_V1	1.0.0	False	False
179	run-phase1a-60z59-hg002-grch38-v421	event-run-phase1a-60z59-hg002-grch38-v421-record-195	run-phase1a-ru88n-hg002-grch38-v421	event-run-phase1a-ru88n-hg002-grch38-v421-record-189	CROSS_RUN_EQUIVALENCE_UNRESOLVED	GRCh38|chr20|10061108|T|TA	GRCh38|chr20|10061107|10061108|T|TA	GRCh38|chr20|10061107|10061108|T|TA	variant:sha256:be0243631d2aa50f8ebad671f76b8b9134677eeb12b6dc757615f9f44338a565	variant:sha256:be0243631d2aa50f8ebad671f76b8b9134677eeb12b6dc757615f9f44338a565	True	EXACT_NORMALIZED_ALLELE	PHASE1B_EXACT_NORMALIZED_ALLELE_V1	1.0.0	False	False
180	run-phase1a-60z59-hg002-grch38-v421	event-run-phase1a-60z59-hg002-grch38-v421-record-196	run-phase1a-ru88n-hg002-grch38-v421	event-run-phase1a-ru88n-hg002-grch38-v421-record-190	CROSS_RUN_EQUIVALENCE_UNRESOLVED	GRCh38|chr20|10061109|T|TA	GRCh38|chr20|10061108|10061109|T|TA	GRCh38|chr20|10061108|10061109|T|TA	variant:sha256:8aacae2189ed7d628932d3057a684f7de3678bfbf1cf1a4c38c253af8cb28f7d	variant:sha256:8aacae2189ed7d628932d3057a684f7de3678bfbf1cf1a4c38c253af8cb28f7d	True	EXACT_NORMALIZED_ALLELE	PHASE1B_EXACT_NORMALIZED_ALLELE_V1	1.0.0	False	False
181	run-phase1a-60z59-hg002-grch38-v421	event-run-phase1a-60z59-hg002-grch38-v421-record-197	run-phase1a-ru88n-hg002-grch38-v421	event-run-phase1a-ru88n-hg002-grch38-v421-record-191	CROSS_RUN_EQUIVALENCE_UNRESOLVED	GRCh38|chr20|10061671|C|T	GRCh38|chr20|10061670|10061671|C|T	GRCh38|chr20|10061670|10061671|C|T	variant:sha256:c8c02b90f4006f111457126b42b353a63e398160547bff20d19a5572dde8f381	variant:sha256:c8c02b90f4006f111457126b42b353a63e398160547bff20d19a5572dde8f381	True	EXACT_NORMALIZED_ALLELE	PHASE1B_EXACT_NORMALIZED_ALLELE_V1	1.0.0	False	False
182	run-phase1a-60z59-hg002-grch38-v421	event-run-phase1a-60z59-hg002-grch38-v421-record-198	run-phase1a-ru88n-hg002-grch38-v421	event-run-phase1a-ru88n-hg002-grch38-v421-record-192	CROSS_RUN_EQUIVALENCE_UNRESOLVED	GRCh38|chr20|10062181|A|G	GRCh38|chr20|10062180|10062181|A|G	GRCh38|chr20|10062180|10062181|A|G	variant:sha256:a6fdbcbc12e4f208aa61044844571a09f527b310ce4ce17a3b0f1abf974d02fa	variant:sha256:a6fdbcbc12e4f208aa61044844571a09f527b310ce4ce17a3b0f1abf974d02fa	True	EXACT_NORMALIZED_ALLELE	PHASE1B_EXACT_NORMALIZED_ALLELE_V1	1.0.0	False	False
183	run-phase1a-60z59-hg002-grch38-v421	event-run-phase1a-60z59-hg002-grch38-v421-record-199	run-phase1a-ru88n-hg002-grch38-v421	event-run-phase1a-ru88n-hg002-grch38-v421-record-193	CROSS_RUN_EQUIVALENCE_UNRESOLVED	GRCh38|chr20|10063634|T|C	GRCh38|chr20|10063633|10063634|T|C	GRCh38|chr20|10063633|10063634|T|C	variant:sha256:9c16e2c470add62b5751b14755ad6fd0e2c7622ece8334818f1ece5361bfd0f5	variant:sha256:9c16e2c470add62b5751b14755ad6fd0e2c7622ece8334818f1ece5361bfd0f5	True	EXACT_NORMALIZED_ALLELE	PHASE1B_EXACT_NORMALIZED_ALLELE_V1	1.0.0	False	False
184	run-phase1a-60z59-hg002-grch38-v421	event-run-phase1a-60z59-hg002-grch38-v421-record-200	run-phase1a-ru88n-hg002-grch38-v421	event-run-phase1a-ru88n-hg002-grch38-v421-record-194	CROSS_RUN_EQUIVALENCE_UNRESOLVED	GRCh38|chr20|10064002|A|G	GRCh38|chr20|10064001|10064002|A|G	GRCh38|chr20|10064001|10064002|A|G	variant:sha256:014d0860504dcf0d0c0f066be1b8ae678542976e80a0bcd1109a27f6d61359a8	variant:sha256:014d0860504dcf0d0c0f066be1b8ae678542976e80a0bcd1109a27f6d61359a8	True	EXACT_NORMALIZED_ALLELE	PHASE1B_EXACT_NORMALIZED_ALLELE_V1	1.0.0	False	False
185	run-phase1a-60z59-hg002-grch38-v421	event-run-phase1a-60z59-hg002-grch38-v421-record-201	run-phase1a-ru88n-hg002-grch38-v421	event-run-phase1a-ru88n-hg002-grch38-v421-record-195	CROSS_RUN_EQUIVALENCE_UNRESOLVED	GRCh38|chr20|10064378|C|T	GRCh38|chr20|10064377|10064378|C|T	GRCh38|chr20|10064377|10064378|C|T	variant:sha256:ae3a29286a1557f2e1d08c6ea97433fe40416adfde01028f3861b5ce21b82a34	variant:sha256:ae3a29286a1557f2e1d08c6ea97433fe40416adfde01028f3861b5ce21b82a34	True	EXACT_NORMALIZED_ALLELE	PHASE1B_EXACT_NORMALIZED_ALLELE_V1	1.0.0	False	False
186	run-phase1a-60z59-hg002-grch38-v421	event-run-phase1a-60z59-hg002-grch38-v421-record-202	run-phase1a-ru88n-hg002-grch38-v421	event-run-phase1a-ru88n-hg002-grch38-v421-record-196	CROSS_RUN_EQUIVALENCE_UNRESOLVED	GRCh38|chr20|10064430|G|T	GRCh38|chr20|10064429|10064430|G|T	GRCh38|chr20|10064429|10064430|G|T	variant:sha256:3a92d48fb007dbf2b2427879a5eca2621ea77bc3c2e3df2d427cb8ea5b2eba0d	variant:sha256:3a92d48fb007dbf2b2427879a5eca2621ea77bc3c2e3df2d427cb8ea5b2eba0d	True	EXACT_NORMALIZED_ALLELE	PHASE1B_EXACT_NORMALIZED_ALLELE_V1	1.0.0	False	False
187	run-phase1a-60z59-hg002-grch38-v421	event-run-phase1a-60z59-hg002-grch38-v421-record-203	run-phase1a-ru88n-hg002-grch38-v421	event-run-phase1a-ru88n-hg002-grch38-v421-record-197	CROSS_RUN_EQUIVALENCE_UNRESOLVED	GRCh38|chr20|10065304|G|C	GRCh38|chr20|10065303|10065304|G|C	GRCh38|chr20|10065303|10065304|G|C	variant:sha256:89a4222cfc3dcb9f4c9cb67d235ad06f908d3d5f949913b6f667f874101ad89b	variant:sha256:89a4222cfc3dcb9f4c9cb67d235ad06f908d3d5f949913b6f667f874101ad89b	True	EXACT_NORMALIZED_ALLELE	PHASE1B_EXACT_NORMALIZED_ALLELE_V1	1.0.0	False	False
188	run-phase1a-60z59-hg002-grch38-v421	event-run-phase1a-60z59-hg002-grch38-v421-record-204	run-phase1a-ru88n-hg002-grch38-v421	event-run-phase1a-ru88n-hg002-grch38-v421-record-198	CROSS_RUN_EQUIVALENCE_UNRESOLVED	GRCh38|chr20|10065530|AAGAAAGAAAG|A	GRCh38|chr20|10065529|10065540|AAGAAAGAAAG|A	GRCh38|chr20|10065529|10065540|AAGAAAGAAAG|A	variant:sha256:d743e46d1123123d82f80c996dfd2e695183e7b9aacc6e0ca1336c5607be562a	variant:sha256:d743e46d1123123d82f80c996dfd2e695183e7b9aacc6e0ca1336c5607be562a	True	EXACT_NORMALIZED_ALLELE	PHASE1B_EXACT_NORMALIZED_ALLELE_V1	1.0.0	False	False
189	run-phase1a-60z59-hg002-grch38-v421	event-run-phase1a-60z59-hg002-grch38-v421-record-205	run-phase1a-ru88n-hg002-grch38-v421	event-run-phase1a-ru88n-hg002-grch38-v421-record-199	CROSS_RUN_EQUIVALENCE_UNRESOLVED	GRCh38|chr20|10065889|A|G	GRCh38|chr20|10065888|10065889|A|G	GRCh38|chr20|10065888|10065889|A|G	variant:sha256:4d0c690a1d7654cc2f008f4b3e313c278bcfd8c1cdbf7d6b272e0c843cc1efcc	variant:sha256:4d0c690a1d7654cc2f008f4b3e313c278bcfd8c1cdbf7d6b272e0c843cc1efcc	True	EXACT_NORMALIZED_ALLELE	PHASE1B_EXACT_NORMALIZED_ALLELE_V1	1.0.0	False	False
190	run-phase1a-60z59-hg002-grch38-v421	event-run-phase1a-60z59-hg002-grch38-v421-record-206	run-phase1a-ru88n-hg002-grch38-v421	event-run-phase1a-ru88n-hg002-grch38-v421-record-200	CROSS_RUN_EQUIVALENCE_UNRESOLVED	GRCh38|chr20|10066390|T|C	GRCh38|chr20|10066389|10066390|T|C	GRCh38|chr20|10066389|10066390|T|C	variant:sha256:da71d877c1a26dc421d347d3a8be43ec8246b23f67a6b3c12f41babc12dc340a	variant:sha256:da71d877c1a26dc421d347d3a8be43ec8246b23f67a6b3c12f41babc12dc340a	True	EXACT_NORMALIZED_ALLELE	PHASE1B_EXACT_NORMALIZED_ALLELE_V1	1.0.0	False	False
191	run-phase1a-60z59-hg002-grch38-v421	event-run-phase1a-60z59-hg002-grch38-v421-record-207	run-phase1a-ru88n-hg002-grch38-v421	event-run-phase1a-ru88n-hg002-grch38-v421-record-201	CROSS_RUN_EQUIVALENCE_UNRESOLVED	GRCh38|chr20|10066787|G|A	GRCh38|chr20|10066786|10066787|G|A	GRCh38|chr20|10066786|10066787|G|A	variant:sha256:b046b0f938d403d704bef2c71c122be249df7b0a907dd075454536873b32efbe	variant:sha256:b046b0f938d403d704bef2c71c122be249df7b0a907dd075454536873b32efbe	True	EXACT_NORMALIZED_ALLELE	PHASE1B_EXACT_NORMALIZED_ALLELE_V1	1.0.0	False	False
192	run-phase1a-60z59-hg002-grch38-v421	event-run-phase1a-60z59-hg002-grch38-v421-record-208	run-phase1a-ru88n-hg002-grch38-v421	event-run-phase1a-ru88n-hg002-grch38-v421-record-202	CROSS_RUN_EQUIVALENCE_UNRESOLVED	GRCh38|chr20|10067072|A|AT	GRCh38|chr20|10067071|10067072|A|AT	GRCh38|chr20|10067071|10067072|A|AT	variant:sha256:2b310537aa356d07f6d0015e5b37826cb757d3891f545407c3215f365c8cf902	variant:sha256:2b310537aa356d07f6d0015e5b37826cb757d3891f545407c3215f365c8cf902	True	EXACT_NORMALIZED_ALLELE	PHASE1B_EXACT_NORMALIZED_ALLELE_V1	1.0.0	False	False
193	run-phase1a-60z59-hg002-grch38-v421	event-run-phase1a-60z59-hg002-grch38-v421-record-209	run-phase1a-ru88n-hg002-grch38-v421	event-run-phase1a-ru88n-hg002-grch38-v421-record-203	CROSS_RUN_EQUIVALENCE_UNRESOLVED	GRCh38|chr20|10067580|C|T	GRCh38|chr20|10067579|10067580|C|T	GRCh38|chr20|10067579|10067580|C|T	variant:sha256:a2054ae0adbe4b164e468b333f3b843c52f361e02d13bdb9b313abe93668e8ef	variant:sha256:a2054ae0adbe4b164e468b333f3b843c52f361e02d13bdb9b313abe93668e8ef	True	EXACT_NORMALIZED_ALLELE	PHASE1B_EXACT_NORMALIZED_ALLELE_V1	1.0.0	False	False
194	run-phase1a-60z59-hg002-grch38-v421	event-run-phase1a-60z59-hg002-grch38-v421-record-210	run-phase1a-ru88n-hg002-grch38-v421	event-run-phase1a-ru88n-hg002-grch38-v421-record-204	CROSS_RUN_EQUIVALENCE_UNRESOLVED	GRCh38|chr20|10067745|C|G	GRCh38|chr20|10067744|10067745|C|G	GRCh38|chr20|10067744|10067745|C|G	variant:sha256:93f90433020de3a342ea3bae52821ffe8c5399ac607c90613dc849e401400b55	variant:sha256:93f90433020de3a342ea3bae52821ffe8c5399ac607c90613dc849e401400b55	True	EXACT_NORMALIZED_ALLELE	PHASE1B_EXACT_NORMALIZED_ALLELE_V1	1.0.0	False	False
195	run-phase1a-60z59-hg002-grch38-v421	event-run-phase1a-60z59-hg002-grch38-v421-record-211	run-phase1a-ru88n-hg002-grch38-v421	event-run-phase1a-ru88n-hg002-grch38-v421-record-205	CROSS_RUN_EQUIVALENCE_UNRESOLVED	GRCh38|chr20|10070019|C|T	GRCh38|chr20|10070018|10070019|C|T	GRCh38|chr20|10070018|10070019|C|T	variant:sha256:898889e070118e8d620b16302f7d913703a64a1312e2e907ba4028f8fdb3a0ef	variant:sha256:898889e070118e8d620b16302f7d913703a64a1312e2e907ba4028f8fdb3a0ef	True	EXACT_NORMALIZED_ALLELE	PHASE1B_EXACT_NORMALIZED_ALLELE_V1	1.0.0	False	False
196	run-phase1a-60z59-hg002-grch38-v421	event-run-phase1a-60z59-hg002-grch38-v421-record-212	run-phase1a-ru88n-hg002-grch38-v421	event-run-phase1a-ru88n-hg002-grch38-v421-record-206	CROSS_RUN_EQUIVALENCE_UNRESOLVED	GRCh38|chr20|10070180|T|C	GRCh38|chr20|10070179|10070180|T|C	GRCh38|chr20|10070179|10070180|T|C	variant:sha256:e136fc5da72de790fd014bcf6ba00fd19573fe442e7d12cba4d9cec4e7e7452a	variant:sha256:e136fc5da72de790fd014bcf6ba00fd19573fe442e7d12cba4d9cec4e7e7452a	True	EXACT_NORMALIZED_ALLELE	PHASE1B_EXACT_NORMALIZED_ALLELE_V1	1.0.0	False	False
197	run-phase1a-60z59-hg002-grch38-v421	event-run-phase1a-60z59-hg002-grch38-v421-record-213	run-phase1a-ru88n-hg002-grch38-v421	event-run-phase1a-ru88n-hg002-grch38-v421-record-207	CROSS_RUN_EQUIVALENCE_UNRESOLVED	GRCh38|chr20|10070800|T|C	GRCh38|chr20|10070799|10070800|T|C	GRCh38|chr20|10070799|10070800|T|C	variant:sha256:2d89bd00737832c838731ef08f8a4335bb45fa7609c239d401df4a9fbe9e02dc	variant:sha256:2d89bd00737832c838731ef08f8a4335bb45fa7609c239d401df4a9fbe9e02dc	True	EXACT_NORMALIZED_ALLELE	PHASE1B_EXACT_NORMALIZED_ALLELE_V1	1.0.0	False	False
198	run-phase1a-60z59-hg002-grch38-v421	event-run-phase1a-60z59-hg002-grch38-v421-record-214	run-phase1a-ru88n-hg002-grch38-v421	event-run-phase1a-ru88n-hg002-grch38-v421-record-208	CROSS_RUN_EQUIVALENCE_UNRESOLVED	GRCh38|chr20|10071047|G|A	GRCh38|chr20|10071046|10071047|G|A	GRCh38|chr20|10071046|10071047|G|A	variant:sha256:d7dd49050fffc4576e1818b5f715709e7f4ec97fa850a4309e512bf229a744a5	variant:sha256:d7dd49050fffc4576e1818b5f715709e7f4ec97fa850a4309e512bf229a744a5	True	EXACT_NORMALIZED_ALLELE	PHASE1B_EXACT_NORMALIZED_ALLELE_V1	1.0.0	False	False
199	run-phase1a-60z59-hg002-grch38-v421	event-run-phase1a-60z59-hg002-grch38-v421-record-215	run-phase1a-ru88n-hg002-grch38-v421	event-run-phase1a-ru88n-hg002-grch38-v421-record-209	CROSS_RUN_EQUIVALENCE_UNRESOLVED	GRCh38|chr20|10072369|A|G	GRCh38|chr20|10072368|10072369|A|G	GRCh38|chr20|10072368|10072369|A|G	variant:sha256:6ddd25f885932ab15cb086dc0c02e37ac172def6b56db7fc4246355d51ace80e	variant:sha256:6ddd25f885932ab15cb086dc0c02e37ac172def6b56db7fc4246355d51ace80e	True	EXACT_NORMALIZED_ALLELE	PHASE1B_EXACT_NORMALIZED_ALLELE_V1	1.0.0	False	False
200	run-phase1a-60z59-hg002-grch38-v421	event-run-phase1a-60z59-hg002-grch38-v421-record-216	run-phase1a-ru88n-hg002-grch38-v421	event-run-phase1a-ru88n-hg002-grch38-v421-record-210	CROSS_RUN_EQUIVALENCE_UNRESOLVED	GRCh38|chr20|10072747|G|C	GRCh38|chr20|10072746|10072747|G|C	GRCh38|chr20|10072746|10072747|G|C	variant:sha256:a6689b5fb366e64cdf2567232a6156d74add633d38eb7c635ee716d062fd67e5	variant:sha256:a6689b5fb366e64cdf2567232a6156d74add633d38eb7c635ee716d062fd67e5	True	EXACT_NORMALIZED_ALLELE	PHASE1B_EXACT_NORMALIZED_ALLELE_V1	1.0.0	False	False
201	run-phase1a-60z59-hg002-grch38-v421	event-run-phase1a-60z59-hg002-grch38-v421-record-217	run-phase1a-ru88n-hg002-grch38-v421	event-run-phase1a-ru88n-hg002-grch38-v421-record-211	CROSS_RUN_EQUIVALENCE_UNRESOLVED	GRCh38|chr20|10073243|C|G	GRCh38|chr20|10073242|10073243|C|G	GRCh38|chr20|10073242|10073243|C|G	variant:sha256:e51a35cf49e73bfe0add46fce910ae4b40222242b321e9df79cb6745522966f4	variant:sha256:e51a35cf49e73bfe0add46fce910ae4b40222242b321e9df79cb6745522966f4	True	EXACT_NORMALIZED_ALLELE	PHASE1B_EXACT_NORMALIZED_ALLELE_V1	1.0.0	False	False
202	run-phase1a-60z59-hg002-grch38-v421	event-run-phase1a-60z59-hg002-grch38-v421-record-218	run-phase1a-ru88n-hg002-grch38-v421	event-run-phase1a-ru88n-hg002-grch38-v421-record-212	CROSS_RUN_EQUIVALENCE_UNRESOLVED	GRCh38|chr20|10074322|A|G	GRCh38|chr20|10074321|10074322|A|G	GRCh38|chr20|10074321|10074322|A|G	variant:sha256:156430a775a47b4532515ecea239741bece407dbe4b6076e5b3299c11e40b332	variant:sha256:156430a775a47b4532515ecea239741bece407dbe4b6076e5b3299c11e40b332	True	EXACT_NORMALIZED_ALLELE	PHASE1B_EXACT_NORMALIZED_ALLELE_V1	1.0.0	False	False
203	run-phase1a-60z59-hg002-grch38-v421	event-run-phase1a-60z59-hg002-grch38-v421-record-219	run-phase1a-ru88n-hg002-grch38-v421	event-run-phase1a-ru88n-hg002-grch38-v421-record-213	CROSS_RUN_EQUIVALENCE_UNRESOLVED	GRCh38|chr20|10074819|A|C	GRCh38|chr20|10074818|10074819|A|C	GRCh38|chr20|10074818|10074819|A|C	variant:sha256:7c6235e4a99ab646cab21da4cdf5cc8203924c6b9ff7a0aa14bb04707cd27af4	variant:sha256:7c6235e4a99ab646cab21da4cdf5cc8203924c6b9ff7a0aa14bb04707cd27af4	True	EXACT_NORMALIZED_ALLELE	PHASE1B_EXACT_NORMALIZED_ALLELE_V1	1.0.0	False	False
204	run-phase1a-60z59-hg002-grch38-v421	event-run-phase1a-60z59-hg002-grch38-v421-record-220	run-phase1a-ru88n-hg002-grch38-v421	event-run-phase1a-ru88n-hg002-grch38-v421-record-214	CROSS_RUN_EQUIVALENCE_UNRESOLVED	GRCh38|chr20|10077374|T|C	GRCh38|chr20|10077373|10077374|T|C	GRCh38|chr20|10077373|10077374|T|C	variant:sha256:ad9872b3d105ed9a64cbd9e83ecff95ae3efabed80bd1d97a04caa7364632595	variant:sha256:ad9872b3d105ed9a64cbd9e83ecff95ae3efabed80bd1d97a04caa7364632595	True	EXACT_NORMALIZED_ALLELE	PHASE1B_EXACT_NORMALIZED_ALLELE_V1	1.0.0	False	False
205	run-phase1a-60z59-hg002-grch38-v421	event-run-phase1a-60z59-hg002-grch38-v421-record-221	run-phase1a-ru88n-hg002-grch38-v421	event-run-phase1a-ru88n-hg002-grch38-v421-record-215	CROSS_RUN_EQUIVALENCE_UNRESOLVED	GRCh38|chr20|10077600|G|A	GRCh38|chr20|10077599|10077600|G|A	GRCh38|chr20|10077599|10077600|G|A	variant:sha256:5d26a5f773042877886d63b3f4ddb86f43a1d4cc4f1c353aaf2e05fffcd2985f	variant:sha256:5d26a5f773042877886d63b3f4ddb86f43a1d4cc4f1c353aaf2e05fffcd2985f	True	EXACT_NORMALIZED_ALLELE	PHASE1B_EXACT_NORMALIZED_ALLELE_V1	1.0.0	False	False
206	run-phase1a-60z59-hg002-grch38-v421	event-run-phase1a-60z59-hg002-grch38-v421-record-222	run-phase1a-ru88n-hg002-grch38-v421	event-run-phase1a-ru88n-hg002-grch38-v421-record-216	CROSS_RUN_EQUIVALENCE_UNRESOLVED	GRCh38|chr20|10080984|C|T	GRCh38|chr20|10080983|10080984|C|T	GRCh38|chr20|10080983|10080984|C|T	variant:sha256:55211d2b6c7d15fec9a082a2487083758c9cd23125dd6cef1a818e624d17f0ae	variant:sha256:55211d2b6c7d15fec9a082a2487083758c9cd23125dd6cef1a818e624d17f0ae	True	EXACT_NORMALIZED_ALLELE	PHASE1B_EXACT_NORMALIZED_ALLELE_V1	1.0.0	False	False
207	run-phase1a-60z59-hg002-grch38-v421	event-run-phase1a-60z59-hg002-grch38-v421-record-223	run-phase1a-ru88n-hg002-grch38-v421	event-run-phase1a-ru88n-hg002-grch38-v421-record-217	CROSS_RUN_EQUIVALENCE_UNRESOLVED	GRCh38|chr20|10082274|T|C	GRCh38|chr20|10082273|10082274|T|C	GRCh38|chr20|10082273|10082274|T|C	variant:sha256:621d5410fe7eac31837d4380304b95659f72a5497459d1d2b8191fa10d2a7b56	variant:sha256:621d5410fe7eac31837d4380304b95659f72a5497459d1d2b8191fa10d2a7b56	True	EXACT_NORMALIZED_ALLELE	PHASE1B_EXACT_NORMALIZED_ALLELE_V1	1.0.0	False	False
208	run-phase1a-60z59-hg002-grch38-v421	event-run-phase1a-60z59-hg002-grch38-v421-record-224	run-phase1a-ru88n-hg002-grch38-v421	event-run-phase1a-ru88n-hg002-grch38-v421-record-218	CROSS_RUN_EQUIVALENCE_UNRESOLVED	GRCh38|chr20|10082287|CA|C	GRCh38|chr20|10082286|10082288|CA|C	GRCh38|chr20|10082286|10082288|CA|C	variant:sha256:b95766e4a9202e8e62c18dafbb00b51b2054939d09cd88a63d7a1bcd691466ca	variant:sha256:b95766e4a9202e8e62c18dafbb00b51b2054939d09cd88a63d7a1bcd691466ca	True	EXACT_NORMALIZED_ALLELE	PHASE1B_EXACT_NORMALIZED_ALLELE_V1	1.0.0	False	False
209	run-phase1a-60z59-hg002-grch38-v421	event-run-phase1a-60z59-hg002-grch38-v421-record-225	run-phase1a-ru88n-hg002-grch38-v421	event-run-phase1a-ru88n-hg002-grch38-v421-record-219	CROSS_RUN_EQUIVALENCE_UNRESOLVED	GRCh38|chr20|10083658|T|A	GRCh38|chr20|10083657|10083658|T|A	GRCh38|chr20|10083657|10083658|T|A	variant:sha256:c6d71e741e0d9831c8a1746b6c1d038745c07218921b6653bdad9e4e5a78327f	variant:sha256:c6d71e741e0d9831c8a1746b6c1d038745c07218921b6653bdad9e4e5a78327f	True	EXACT_NORMALIZED_ALLELE	PHASE1B_EXACT_NORMALIZED_ALLELE_V1	1.0.0	False	False
210	run-phase1a-60z59-hg002-grch38-v421	event-run-phase1a-60z59-hg002-grch38-v421-record-226	run-phase1a-ru88n-hg002-grch38-v421	event-run-phase1a-ru88n-hg002-grch38-v421-record-220	CROSS_RUN_EQUIVALENCE_UNRESOLVED	GRCh38|chr20|10083881|A|G	GRCh38|chr20|10083880|10083881|A|G	GRCh38|chr20|10083880|10083881|A|G	variant:sha256:689c903599b957e91463c49cd979336bf2643604c36c48bf916623047af18716	variant:sha256:689c903599b957e91463c49cd979336bf2643604c36c48bf916623047af18716	True	EXACT_NORMALIZED_ALLELE	PHASE1B_EXACT_NORMALIZED_ALLELE_V1	1.0.0	False	False
211	run-phase1a-60z59-hg002-grch38-v421	event-run-phase1a-60z59-hg002-grch38-v421-record-227	run-phase1a-ru88n-hg002-grch38-v421	event-run-phase1a-ru88n-hg002-grch38-v421-record-221	CROSS_RUN_EQUIVALENCE_UNRESOLVED	GRCh38|chr20|10085555|C|A	GRCh38|chr20|10085554|10085555|C|A	GRCh38|chr20|10085554|10085555|C|A	variant:sha256:c34cdcd6d02f16c26a8889e4dfd6632e0824e50af33bf7b073928b8853ebd1f3	variant:sha256:c34cdcd6d02f16c26a8889e4dfd6632e0824e50af33bf7b073928b8853ebd1f3	True	EXACT_NORMALIZED_ALLELE	PHASE1B_EXACT_NORMALIZED_ALLELE_V1	1.0.0	False	False
212	run-phase1a-60z59-hg002-grch38-v421	event-run-phase1a-60z59-hg002-grch38-v421-record-228	run-phase1a-ru88n-hg002-grch38-v421	event-run-phase1a-ru88n-hg002-grch38-v421-record-222	CROSS_RUN_EQUIVALENCE_UNRESOLVED	GRCh38|chr20|10086401|TAAAAAAAAA|T	GRCh38|chr20|10086400|10086410|TAAAAAAAAA|T	GRCh38|chr20|10086400|10086410|TAAAAAAAAA|T	variant:sha256:866714c86ef74284dda950358501ab6b8a69f66ada5a5febf424a2f525060766	variant:sha256:866714c86ef74284dda950358501ab6b8a69f66ada5a5febf424a2f525060766	True	EXACT_NORMALIZED_ALLELE	PHASE1B_EXACT_NORMALIZED_ALLELE_V1	1.0.0	False	False
213	run-phase1a-60z59-hg002-grch38-v421	event-run-phase1a-60z59-hg002-grch38-v421-record-229	run-phase1a-ru88n-hg002-grch38-v421	event-run-phase1a-ru88n-hg002-grch38-v421-record-223	CROSS_RUN_EQUIVALENCE_UNRESOLVED	GRCh38|chr20|10086442|C|A	GRCh38|chr20|10086441|10086442|C|A	GRCh38|chr20|10086441|10086442|C|A	variant:sha256:d9806e663872c42de909fc3c30b159354d16132e2d404ca12872e80b62d7e53a	variant:sha256:d9806e663872c42de909fc3c30b159354d16132e2d404ca12872e80b62d7e53a	True	EXACT_NORMALIZED_ALLELE	PHASE1B_EXACT_NORMALIZED_ALLELE_V1	1.0.0	False	False
214	run-phase1a-60z59-hg002-grch38-v421	event-run-phase1a-60z59-hg002-grch38-v421-record-230	run-phase1a-ru88n-hg002-grch38-v421	event-run-phase1a-ru88n-hg002-grch38-v421-record-224	CROSS_RUN_EQUIVALENCE_UNRESOLVED	GRCh38|chr20|10086616|G|A	GRCh38|chr20|10086615|10086616|G|A	GRCh38|chr20|10086615|10086616|G|A	variant:sha256:e153c2f1e0e0c817b3c172bdc1e82e8c0ba6e4a7c037a31fcf734b390c13d309	variant:sha256:e153c2f1e0e0c817b3c172bdc1e82e8c0ba6e4a7c037a31fcf734b390c13d309	True	EXACT_NORMALIZED_ALLELE	PHASE1B_EXACT_NORMALIZED_ALLELE_V1	1.0.0	False	False
215	run-phase1a-60z59-hg002-grch38-v421	event-run-phase1a-60z59-hg002-grch38-v421-record-231	run-phase1a-ru88n-hg002-grch38-v421	event-run-phase1a-ru88n-hg002-grch38-v421-record-225	CROSS_RUN_EQUIVALENCE_UNRESOLVED	GRCh38|chr20|10086646|C|T	GRCh38|chr20|10086645|10086646|C|T	GRCh38|chr20|10086645|10086646|C|T	variant:sha256:023b6804febed3accfe971d96cf15478757b898f59833ae24efd7ce281f68c62	variant:sha256:023b6804febed3accfe971d96cf15478757b898f59833ae24efd7ce281f68c62	True	EXACT_NORMALIZED_ALLELE	PHASE1B_EXACT_NORMALIZED_ALLELE_V1	1.0.0	False	False
216	run-phase1a-60z59-hg002-grch38-v421	event-run-phase1a-60z59-hg002-grch38-v421-record-232	run-phase1a-ru88n-hg002-grch38-v421	event-run-phase1a-ru88n-hg002-grch38-v421-record-226	CROSS_RUN_EQUIVALENCE_UNRESOLVED	GRCh38|chr20|10087074|A|C	GRCh38|chr20|10087073|10087074|A|C	GRCh38|chr20|10087073|10087074|A|C	variant:sha256:d06e4e3ca376752602cc208b39c967cec2e7d4932a1cbc043c7de3b26f3ab24a	variant:sha256:d06e4e3ca376752602cc208b39c967cec2e7d4932a1cbc043c7de3b26f3ab24a	True	EXACT_NORMALIZED_ALLELE	PHASE1B_EXACT_NORMALIZED_ALLELE_V1	1.0.0	False	False
217	run-phase1a-60z59-hg002-grch38-v421	event-run-phase1a-60z59-hg002-grch38-v421-record-233	run-phase1a-ru88n-hg002-grch38-v421	event-run-phase1a-ru88n-hg002-grch38-v421-record-227	CROSS_RUN_EQUIVALENCE_UNRESOLVED	GRCh38|chr20|10087512|GTATATATATATGTATATA|G	GRCh38|chr20|10087511|10087530|GTATATATATATGTATATA|G	GRCh38|chr20|10087511|10087530|GTATATATATATGTATATA|G	variant:sha256:063f3f2aa2253e4f77491250a814b53942851f115625f6e973f9ca46da937732	variant:sha256:063f3f2aa2253e4f77491250a814b53942851f115625f6e973f9ca46da937732	True	EXACT_NORMALIZED_ALLELE	PHASE1B_EXACT_NORMALIZED_ALLELE_V1	1.0.0	False	False
218	run-phase1a-60z59-hg002-grch38-v421	event-run-phase1a-60z59-hg002-grch38-v421-record-235	run-phase1a-ru88n-hg002-grch38-v421	event-run-phase1a-ru88n-hg002-grch38-v421-record-229	CROSS_RUN_EQUIVALENCE_UNRESOLVED	GRCh38|chr20|10088333|G|A	GRCh38|chr20|10088332|10088333|G|A	GRCh38|chr20|10088332|10088333|G|A	variant:sha256:bddb0d9d033e290a50c514b7bb311d0514eb6a881996f4eef3e88caccc6ad6e3	variant:sha256:bddb0d9d033e290a50c514b7bb311d0514eb6a881996f4eef3e88caccc6ad6e3	True	EXACT_NORMALIZED_ALLELE	PHASE1B_EXACT_NORMALIZED_ALLELE_V1	1.0.0	False	False
219	run-phase1a-60z59-hg002-grch38-v421	event-run-phase1a-60z59-hg002-grch38-v421-record-236	run-phase1a-ru88n-hg002-grch38-v421	event-run-phase1a-ru88n-hg002-grch38-v421-record-230	CROSS_RUN_EQUIVALENCE_UNRESOLVED	GRCh38|chr20|10089384|T|C	GRCh38|chr20|10089383|10089384|T|C	GRCh38|chr20|10089383|10089384|T|C	variant:sha256:b99f0cdc64b486d3a6910e5f113e17bb8f87b6767c88691b2bb17a52ef10fbb0	variant:sha256:b99f0cdc64b486d3a6910e5f113e17bb8f87b6767c88691b2bb17a52ef10fbb0	True	EXACT_NORMALIZED_ALLELE	PHASE1B_EXACT_NORMALIZED_ALLELE_V1	1.0.0	False	False
220	run-phase1a-60z59-hg002-grch38-v421	event-run-phase1a-60z59-hg002-grch38-v421-record-237	run-phase1a-ru88n-hg002-grch38-v421	event-run-phase1a-ru88n-hg002-grch38-v421-record-231	CROSS_RUN_EQUIVALENCE_UNRESOLVED	GRCh38|chr20|10089662|C|T	GRCh38|chr20|10089661|10089662|C|T	GRCh38|chr20|10089661|10089662|C|T	variant:sha256:5d6f7356d667467c73bbd33e8ebb528eb5da5ce5c6791210f6431ac1f4a4348d	variant:sha256:5d6f7356d667467c73bbd33e8ebb528eb5da5ce5c6791210f6431ac1f4a4348d	True	EXACT_NORMALIZED_ALLELE	PHASE1B_EXACT_NORMALIZED_ALLELE_V1	1.0.0	False	False
221	run-phase1a-60z59-hg002-grch38-v421	event-run-phase1a-60z59-hg002-grch38-v421-record-238	run-phase1a-ru88n-hg002-grch38-v421	event-run-phase1a-ru88n-hg002-grch38-v421-record-232	CROSS_RUN_EQUIVALENCE_UNRESOLVED	GRCh38|chr20|10090122|G|A	GRCh38|chr20|10090121|10090122|G|A	GRCh38|chr20|10090121|10090122|G|A	variant:sha256:80c7186d06ec4187efeb68afd3d664ed71a612d0c858d06b67003e121e08110e	variant:sha256:80c7186d06ec4187efeb68afd3d664ed71a612d0c858d06b67003e121e08110e	True	EXACT_NORMALIZED_ALLELE	PHASE1B_EXACT_NORMALIZED_ALLELE_V1	1.0.0	False	False
222	run-phase1a-60z59-hg002-grch38-v421	event-run-phase1a-60z59-hg002-grch38-v421-record-239	run-phase1a-ru88n-hg002-grch38-v421	event-run-phase1a-ru88n-hg002-grch38-v421-record-233	CROSS_RUN_EQUIVALENCE_UNRESOLVED	GRCh38|chr20|10090487|C|T	GRCh38|chr20|10090486|10090487|C|T	GRCh38|chr20|10090486|10090487|C|T	variant:sha256:fdee94a052358945c16f5005ede85746b53e7c33531670f243f761197e7295fe	variant:sha256:fdee94a052358945c16f5005ede85746b53e7c33531670f243f761197e7295fe	True	EXACT_NORMALIZED_ALLELE	PHASE1B_EXACT_NORMALIZED_ALLELE_V1	1.0.0	False	False
223	run-phase1a-60z59-hg002-grch38-v421	event-run-phase1a-60z59-hg002-grch38-v421-record-240	run-phase1a-ru88n-hg002-grch38-v421	event-run-phase1a-ru88n-hg002-grch38-v421-record-234	CROSS_RUN_EQUIVALENCE_UNRESOLVED	GRCh38|chr20|10092600|G|A	GRCh38|chr20|10092599|10092600|G|A	GRCh38|chr20|10092599|10092600|G|A	variant:sha256:bbbc53dd81a666256325125052669a468a09d2d5c2108a7d85e343cb1e67f759	variant:sha256:bbbc53dd81a666256325125052669a468a09d2d5c2108a7d85e343cb1e67f759	True	EXACT_NORMALIZED_ALLELE	PHASE1B_EXACT_NORMALIZED_ALLELE_V1	1.0.0	False	False
224	run-phase1a-60z59-hg002-grch38-v421	event-run-phase1a-60z59-hg002-grch38-v421-record-241	run-phase1a-ru88n-hg002-grch38-v421	event-run-phase1a-ru88n-hg002-grch38-v421-record-235	CROSS_RUN_EQUIVALENCE_UNRESOLVED	GRCh38|chr20|10093145|G|T	GRCh38|chr20|10093144|10093145|G|T	GRCh38|chr20|10093144|10093145|G|T	variant:sha256:255f0cfe8aa227588b51c11925965d0884bd48ac9c56636456fe5a53b2358bf6	variant:sha256:255f0cfe8aa227588b51c11925965d0884bd48ac9c56636456fe5a53b2358bf6	True	EXACT_NORMALIZED_ALLELE	PHASE1B_EXACT_NORMALIZED_ALLELE_V1	1.0.0	False	False
225	run-phase1a-60z59-hg002-grch38-v421	event-run-phase1a-60z59-hg002-grch38-v421-record-242	run-phase1a-ru88n-hg002-grch38-v421	event-run-phase1a-ru88n-hg002-grch38-v421-record-236	CROSS_RUN_EQUIVALENCE_UNRESOLVED	GRCh38|chr20|10093362|G|C	GRCh38|chr20|10093361|10093362|G|C	GRCh38|chr20|10093361|10093362|G|C	variant:sha256:6cece79eec86c4b59dd95ac040997f7fe899fbf9534d5a0036cc4730af074616	variant:sha256:6cece79eec86c4b59dd95ac040997f7fe899fbf9534d5a0036cc4730af074616	True	EXACT_NORMALIZED_ALLELE	PHASE1B_EXACT_NORMALIZED_ALLELE_V1	1.0.0	False	False
226	run-phase1a-60z59-hg002-grch38-v421	event-run-phase1a-60z59-hg002-grch38-v421-record-243	run-phase1a-ru88n-hg002-grch38-v421	event-run-phase1a-ru88n-hg002-grch38-v421-record-237	CROSS_RUN_EQUIVALENCE_UNRESOLVED	GRCh38|chr20|10093592|T|C	GRCh38|chr20|10093591|10093592|T|C	GRCh38|chr20|10093591|10093592|T|C	variant:sha256:47f119a88979168fc71e6569a9a97a5bd5d004379f14930a8080436d7ed17b7a	variant:sha256:47f119a88979168fc71e6569a9a97a5bd5d004379f14930a8080436d7ed17b7a	True	EXACT_NORMALIZED_ALLELE	PHASE1B_EXACT_NORMALIZED_ALLELE_V1	1.0.0	False	False
227	run-phase1a-60z59-hg002-grch38-v421	event-run-phase1a-60z59-hg002-grch38-v421-record-244	run-phase1a-ru88n-hg002-grch38-v421	event-run-phase1a-ru88n-hg002-grch38-v421-record-238	CROSS_RUN_EQUIVALENCE_UNRESOLVED	GRCh38|chr20|10093883|C|T	GRCh38|chr20|10093882|10093883|C|T	GRCh38|chr20|10093882|10093883|C|T	variant:sha256:b91f3f2bbe550f0bc1b89b653c7a573797a642cdd58c0e3af98a647a05364812	variant:sha256:b91f3f2bbe550f0bc1b89b653c7a573797a642cdd58c0e3af98a647a05364812	True	EXACT_NORMALIZED_ALLELE	PHASE1B_EXACT_NORMALIZED_ALLELE_V1	1.0.0	False	False
228	run-phase1a-60z59-hg002-grch38-v421	event-run-phase1a-60z59-hg002-grch38-v421-record-245	run-phase1a-ru88n-hg002-grch38-v421	event-run-phase1a-ru88n-hg002-grch38-v421-record-239	CROSS_RUN_EQUIVALENCE_UNRESOLVED	GRCh38|chr20|10094395|T|C	GRCh38|chr20|10094394|10094395|T|C	GRCh38|chr20|10094394|10094395|T|C	variant:sha256:e4b141b6ce0e4277cd67b5b08c010cdf373786967f2e80774055af9490decd69	variant:sha256:e4b141b6ce0e4277cd67b5b08c010cdf373786967f2e80774055af9490decd69	True	EXACT_NORMALIZED_ALLELE	PHASE1B_EXACT_NORMALIZED_ALLELE_V1	1.0.0	False	False
229	run-phase1a-60z59-hg002-grch38-v421	event-run-phase1a-60z59-hg002-grch38-v421-record-246	run-phase1a-ru88n-hg002-grch38-v421	event-run-phase1a-ru88n-hg002-grch38-v421-record-240	CROSS_RUN_EQUIVALENCE_UNRESOLVED	GRCh38|chr20|10094712|A|G	GRCh38|chr20|10094711|10094712|A|G	GRCh38|chr20|10094711|10094712|A|G	variant:sha256:c65efa038241b84eb5be42c443f21b0c19ac19b104f3480212d480293aef26a3	variant:sha256:c65efa038241b84eb5be42c443f21b0c19ac19b104f3480212d480293aef26a3	True	EXACT_NORMALIZED_ALLELE	PHASE1B_EXACT_NORMALIZED_ALLELE_V1	1.0.0	False	False
230	run-phase1a-60z59-hg002-grch38-v421	event-run-phase1a-60z59-hg002-grch38-v421-record-247	run-phase1a-ru88n-hg002-grch38-v421	event-run-phase1a-ru88n-hg002-grch38-v421-record-241	CROSS_RUN_EQUIVALENCE_UNRESOLVED	GRCh38|chr20|10094831|A|G	GRCh38|chr20|10094830|10094831|A|G	GRCh38|chr20|10094830|10094831|A|G	variant:sha256:a251704c6c5ef288de43d22a6a352f18c3f6ce9dd6b4fa664ef16270056f94c8	variant:sha256:a251704c6c5ef288de43d22a6a352f18c3f6ce9dd6b4fa664ef16270056f94c8	True	EXACT_NORMALIZED_ALLELE	PHASE1B_EXACT_NORMALIZED_ALLELE_V1	1.0.0	False	False
231	run-phase1a-60z59-hg002-grch38-v421	event-run-phase1a-60z59-hg002-grch38-v421-record-248	run-phase1a-ru88n-hg002-grch38-v421	event-run-phase1a-ru88n-hg002-grch38-v421-record-242	CROSS_RUN_EQUIVALENCE_UNRESOLVED	GRCh38|chr20|10094860|GA|G	GRCh38|chr20|10094859|10094861|GA|G	GRCh38|chr20|10094859|10094861|GA|G	variant:sha256:3635700f2b9ffd3225bc93591ce8442a003e79e4ab72b0aae3b9a3c6e367588d	variant:sha256:3635700f2b9ffd3225bc93591ce8442a003e79e4ab72b0aae3b9a3c6e367588d	True	EXACT_NORMALIZED_ALLELE	PHASE1B_EXACT_NORMALIZED_ALLELE_V1	1.0.0	False	False
232	run-phase1a-60z59-hg002-grch38-v421	event-run-phase1a-60z59-hg002-grch38-v421-record-249	run-phase1a-ru88n-hg002-grch38-v421	event-run-phase1a-ru88n-hg002-grch38-v421-record-244	CROSS_RUN_EQUIVALENCE_UNRESOLVED	GRCh38|chr20|10095602|A|G	GRCh38|chr20|10095601|10095602|A|G	GRCh38|chr20|10095601|10095602|A|G	variant:sha256:9816963b7c33e412951db123f9367155f82d59b4aa5bb10cc9fd5d9b510d5cb9	variant:sha256:9816963b7c33e412951db123f9367155f82d59b4aa5bb10cc9fd5d9b510d5cb9	True	EXACT_NORMALIZED_ALLELE	PHASE1B_EXACT_NORMALIZED_ALLELE_V1	1.0.0	False	False
233	run-phase1a-60z59-hg002-grch38-v421	event-run-phase1a-60z59-hg002-grch38-v421-record-250	run-phase1a-ru88n-hg002-grch38-v421	event-run-phase1a-ru88n-hg002-grch38-v421-record-245	CROSS_RUN_EQUIVALENCE_UNRESOLVED	GRCh38|chr20|10095691|A|G	GRCh38|chr20|10095690|10095691|A|G	GRCh38|chr20|10095690|10095691|A|G	variant:sha256:738d6501d4d0e967b723c0a236d27db59f118e9a33af44c8244bc66954d28735	variant:sha256:738d6501d4d0e967b723c0a236d27db59f118e9a33af44c8244bc66954d28735	True	EXACT_NORMALIZED_ALLELE	PHASE1B_EXACT_NORMALIZED_ALLELE_V1	1.0.0	False	False
234	run-phase1a-60z59-hg002-grch38-v421	event-run-phase1a-60z59-hg002-grch38-v421-record-251	run-phase1a-ru88n-hg002-grch38-v421	event-run-phase1a-ru88n-hg002-grch38-v421-record-246	CROSS_RUN_EQUIVALENCE_UNRESOLVED	GRCh38|chr20|10095751|G|A	GRCh38|chr20|10095750|10095751|G|A	GRCh38|chr20|10095750|10095751|G|A	variant:sha256:4acaf68c89a417e9b1c9e42cf9db4be0215c20dda3bc3d29042d51f4556b0359	variant:sha256:4acaf68c89a417e9b1c9e42cf9db4be0215c20dda3bc3d29042d51f4556b0359	True	EXACT_NORMALIZED_ALLELE	PHASE1B_EXACT_NORMALIZED_ALLELE_V1	1.0.0	False	False
235	run-phase1a-60z59-hg002-grch38-v421	event-run-phase1a-60z59-hg002-grch38-v421-record-252	run-phase1a-ru88n-hg002-grch38-v421	event-run-phase1a-ru88n-hg002-grch38-v421-record-247	CROSS_RUN_EQUIVALENCE_UNRESOLVED	GRCh38|chr20|10096101|G|A	GRCh38|chr20|10096100|10096101|G|A	GRCh38|chr20|10096100|10096101|G|A	variant:sha256:24ae29129535c5ef0bb19af386e96cb61f5fc600275b20db56537809b3f4c68b	variant:sha256:24ae29129535c5ef0bb19af386e96cb61f5fc600275b20db56537809b3f4c68b	True	EXACT_NORMALIZED_ALLELE	PHASE1B_EXACT_NORMALIZED_ALLELE_V1	1.0.0	False	False
236	run-phase1a-60z59-hg002-grch38-v421	event-run-phase1a-60z59-hg002-grch38-v421-record-253	run-phase1a-ru88n-hg002-grch38-v421	event-run-phase1a-ru88n-hg002-grch38-v421-record-248	CROSS_RUN_EQUIVALENCE_UNRESOLVED	GRCh38|chr20|10096148|A|G	GRCh38|chr20|10096147|10096148|A|G	GRCh38|chr20|10096147|10096148|A|G	variant:sha256:9d16d333320c4e74f78b4b6ca54799fe724a51aee6de2c7a0340b83be0f2dcfc	variant:sha256:9d16d333320c4e74f78b4b6ca54799fe724a51aee6de2c7a0340b83be0f2dcfc	True	EXACT_NORMALIZED_ALLELE	PHASE1B_EXACT_NORMALIZED_ALLELE_V1	1.0.0	False	False
237	run-phase1a-60z59-hg002-grch38-v421	event-run-phase1a-60z59-hg002-grch38-v421-record-254	run-phase1a-ru88n-hg002-grch38-v421	event-run-phase1a-ru88n-hg002-grch38-v421-record-249	CROSS_RUN_EQUIVALENCE_UNRESOLVED	GRCh38|chr20|10096212|A|C	GRCh38|chr20|10096211|10096212|A|C	GRCh38|chr20|10096211|10096212|A|C	variant:sha256:b624eee222d30101525a2d863bd4dad8f7297c5828c2bd58257534a4e5871d23	variant:sha256:b624eee222d30101525a2d863bd4dad8f7297c5828c2bd58257534a4e5871d23	True	EXACT_NORMALIZED_ALLELE	PHASE1B_EXACT_NORMALIZED_ALLELE_V1	1.0.0	False	False
238	run-phase1a-60z59-hg002-grch38-v421	event-run-phase1a-60z59-hg002-grch38-v421-record-256	run-phase1a-ru88n-hg002-grch38-v421	event-run-phase1a-ru88n-hg002-grch38-v421-record-250	CROSS_RUN_EQUIVALENCE_UNRESOLVED	GRCh38|chr20|10096627|A|G	GRCh38|chr20|10096626|10096627|A|G	GRCh38|chr20|10096626|10096627|A|G	variant:sha256:23f0f1c22b97957bc9f36ae77f3dc44d3402d987bc635caaeada82d632505284	variant:sha256:23f0f1c22b97957bc9f36ae77f3dc44d3402d987bc635caaeada82d632505284	True	EXACT_NORMALIZED_ALLELE	PHASE1B_EXACT_NORMALIZED_ALLELE_V1	1.0.0	False	False
239	run-phase1a-60z59-hg002-grch38-v421	event-run-phase1a-60z59-hg002-grch38-v421-record-258	run-phase1a-ru88n-hg002-grch38-v421	event-run-phase1a-ru88n-hg002-grch38-v421-record-252	CROSS_RUN_EQUIVALENCE_UNRESOLVED	GRCh38|chr20|10097857|G|A	GRCh38|chr20|10097856|10097857|G|A	GRCh38|chr20|10097856|10097857|G|A	variant:sha256:13a61a76a3d876bcbb6db6236df8f97bbc4a5dcff79027e8e6803968b1b43dd9	variant:sha256:13a61a76a3d876bcbb6db6236df8f97bbc4a5dcff79027e8e6803968b1b43dd9	True	EXACT_NORMALIZED_ALLELE	PHASE1B_EXACT_NORMALIZED_ALLELE_V1	1.0.0	False	False
240	run-phase1a-60z59-hg002-grch38-v421	event-run-phase1a-60z59-hg002-grch38-v421-record-259	run-phase1a-ru88n-hg002-grch38-v421	event-run-phase1a-ru88n-hg002-grch38-v421-record-253	CROSS_RUN_EQUIVALENCE_UNRESOLVED	GRCh38|chr20|10098249|T|TA	GRCh38|chr20|10098248|10098249|T|TA	GRCh38|chr20|10098248|10098249|T|TA	variant:sha256:f4672026e7671f46f7eac22d7ce24676de3b3210f613c480da1b958cbdf9dcdf	variant:sha256:f4672026e7671f46f7eac22d7ce24676de3b3210f613c480da1b958cbdf9dcdf	True	EXACT_NORMALIZED_ALLELE	PHASE1B_EXACT_NORMALIZED_ALLELE_V1	1.0.0	False	False
241	run-phase1a-60z59-hg002-grch38-v421	event-run-phase1a-60z59-hg002-grch38-v421-record-260	run-phase1a-ru88n-hg002-grch38-v421	event-run-phase1a-ru88n-hg002-grch38-v421-record-254	CROSS_RUN_EQUIVALENCE_UNRESOLVED	GRCh38|chr20|10098417|T|C	GRCh38|chr20|10098416|10098417|T|C	GRCh38|chr20|10098416|10098417|T|C	variant:sha256:3181a863f2e0aba654cf1afc6ecc3fd81c22284ccd345ddad31550437c1e6db7	variant:sha256:3181a863f2e0aba654cf1afc6ecc3fd81c22284ccd345ddad31550437c1e6db7	True	EXACT_NORMALIZED_ALLELE	PHASE1B_EXACT_NORMALIZED_ALLELE_V1	1.0.0	False	False
242	run-phase1a-60z59-hg002-grch38-v421	event-run-phase1a-60z59-hg002-grch38-v421-record-261	run-phase1a-ru88n-hg002-grch38-v421	event-run-phase1a-ru88n-hg002-grch38-v421-record-255	CROSS_RUN_EQUIVALENCE_UNRESOLVED	GRCh38|chr20|10098748|A|G	GRCh38|chr20|10098747|10098748|A|G	GRCh38|chr20|10098747|10098748|A|G	variant:sha256:95b5ac0a452919aaee4c196d0919ee4493b200296152fa5c7eec9591ed392142	variant:sha256:95b5ac0a452919aaee4c196d0919ee4493b200296152fa5c7eec9591ed392142	True	EXACT_NORMALIZED_ALLELE	PHASE1B_EXACT_NORMALIZED_ALLELE_V1	1.0.0	False	False
243	run-phase1a-60z59-hg002-grch38-v421	event-run-phase1a-60z59-hg002-grch38-v421-record-262	run-phase1a-ru88n-hg002-grch38-v421	event-run-phase1a-ru88n-hg002-grch38-v421-record-256	CROSS_RUN_EQUIVALENCE_UNRESOLVED	GRCh38|chr20|10099113|T|TAA	GRCh38|chr20|10099112|10099113|T|TAA	GRCh38|chr20|10099112|10099113|T|TAA	variant:sha256:68ae5f367f5dd3cfa958a600c8100389623336bb3c5117b0c8a89865ca73e4c8	variant:sha256:68ae5f367f5dd3cfa958a600c8100389623336bb3c5117b0c8a89865ca73e4c8	True	EXACT_NORMALIZED_ALLELE	PHASE1B_EXACT_NORMALIZED_ALLELE_V1	1.0.0	False	False
244	run-phase1a-60z59-hg002-grch38-v421	event-run-phase1a-60z59-hg002-grch38-v421-record-263	run-phase1a-ru88n-hg002-grch38-v421	event-run-phase1a-ru88n-hg002-grch38-v421-record-257	CROSS_RUN_EQUIVALENCE_UNRESOLVED	GRCh38|chr20|10099173|C|G	GRCh38|chr20|10099172|10099173|C|G	GRCh38|chr20|10099172|10099173|C|G	variant:sha256:bc1c9543842290215b24dd9517050fdbd9e88b3c97129da937684e15bbbc9b5b	variant:sha256:bc1c9543842290215b24dd9517050fdbd9e88b3c97129da937684e15bbbc9b5b	True	EXACT_NORMALIZED_ALLELE	PHASE1B_EXACT_NORMALIZED_ALLELE_V1	1.0.0	False	False
245	run-phase1a-60z59-hg002-grch38-v421	event-run-phase1a-60z59-hg002-grch38-v421-record-264	run-phase1a-ru88n-hg002-grch38-v421	event-run-phase1a-ru88n-hg002-grch38-v421-record-258	CROSS_RUN_EQUIVALENCE_UNRESOLVED	GRCh38|chr20|10100148|A|C	GRCh38|chr20|10100147|10100148|A|C	GRCh38|chr20|10100147|10100148|A|C	variant:sha256:40beb6cf7326f889605ab8ed275b51c1a289b241edafd4dc77196fd579d7f36c	variant:sha256:40beb6cf7326f889605ab8ed275b51c1a289b241edafd4dc77196fd579d7f36c	True	EXACT_NORMALIZED_ALLELE	PHASE1B_EXACT_NORMALIZED_ALLELE_V1	1.0.0	False	False
246	run-phase1a-60z59-hg002-grch38-v421	event-run-phase1a-60z59-hg002-grch38-v421-record-265	run-phase1a-ru88n-hg002-grch38-v421	event-run-phase1a-ru88n-hg002-grch38-v421-record-259	CROSS_RUN_EQUIVALENCE_UNRESOLVED	GRCh38|chr20|10100375|T|C	GRCh38|chr20|10100374|10100375|T|C	GRCh38|chr20|10100374|10100375|T|C	variant:sha256:d6d8cbd741c324df1072b4fb3dfed2e02be18d123da44737ff58152c1d0b3cf5	variant:sha256:d6d8cbd741c324df1072b4fb3dfed2e02be18d123da44737ff58152c1d0b3cf5	True	EXACT_NORMALIZED_ALLELE	PHASE1B_EXACT_NORMALIZED_ALLELE_V1	1.0.0	False	False
247	run-phase1a-60z59-hg002-grch38-v421	event-run-phase1a-60z59-hg002-grch38-v421-record-266	run-phase1a-ru88n-hg002-grch38-v421	event-run-phase1a-ru88n-hg002-grch38-v421-record-260	CROSS_RUN_EQUIVALENCE_UNRESOLVED	GRCh38|chr20|10100480|T|G	GRCh38|chr20|10100479|10100480|T|G	GRCh38|chr20|10100479|10100480|T|G	variant:sha256:4cc885cd404033c17c0d4d2cc1f7ba41c5922c58d0d915af9359f2c9722ddb4a	variant:sha256:4cc885cd404033c17c0d4d2cc1f7ba41c5922c58d0d915af9359f2c9722ddb4a	True	EXACT_NORMALIZED_ALLELE	PHASE1B_EXACT_NORMALIZED_ALLELE_V1	1.0.0	False	False
248	run-phase1a-60z59-hg002-grch38-v421	event-run-phase1a-60z59-hg002-grch38-v421-record-267	run-phase1a-ru88n-hg002-grch38-v421	event-run-phase1a-ru88n-hg002-grch38-v421-record-261	CROSS_RUN_EQUIVALENCE_UNRESOLVED	GRCh38|chr20|10101102|C|A	GRCh38|chr20|10101101|10101102|C|A	GRCh38|chr20|10101101|10101102|C|A	variant:sha256:e38d5012a5c2d217ff5db71cbdeb5dd9faf65e2e35a4a3a0b554978e0abe22e9	variant:sha256:e38d5012a5c2d217ff5db71cbdeb5dd9faf65e2e35a4a3a0b554978e0abe22e9	True	EXACT_NORMALIZED_ALLELE	PHASE1B_EXACT_NORMALIZED_ALLELE_V1	1.0.0	False	False
249	run-phase1a-60z59-hg002-grch38-v421	event-run-phase1a-60z59-hg002-grch38-v421-record-268	run-phase1a-ru88n-hg002-grch38-v421	event-run-phase1a-ru88n-hg002-grch38-v421-record-262	CROSS_RUN_EQUIVALENCE_UNRESOLVED	GRCh38|chr20|10101152|C|T	GRCh38|chr20|10101151|10101152|C|T	GRCh38|chr20|10101151|10101152|C|T	variant:sha256:7de04ad62e19d1421d6b146fbdfcc6105b8975a50586bfc28f27a83390481f8e	variant:sha256:7de04ad62e19d1421d6b146fbdfcc6105b8975a50586bfc28f27a83390481f8e	True	EXACT_NORMALIZED_ALLELE	PHASE1B_EXACT_NORMALIZED_ALLELE_V1	1.0.0	False	False
250	run-phase1a-60z59-hg002-grch38-v421	event-run-phase1a-60z59-hg002-grch38-v421-record-269	run-phase1a-ru88n-hg002-grch38-v421	event-run-phase1a-ru88n-hg002-grch38-v421-record-263	CROSS_RUN_EQUIVALENCE_UNRESOLVED	GRCh38|chr20|10101828|A|G	GRCh38|chr20|10101827|10101828|A|G	GRCh38|chr20|10101827|10101828|A|G	variant:sha256:0322d40e9c2c8a0419bacf7530f92636b4a3dfc624d21ce8037ad6b20cfd73cc	variant:sha256:0322d40e9c2c8a0419bacf7530f92636b4a3dfc624d21ce8037ad6b20cfd73cc	True	EXACT_NORMALIZED_ALLELE	PHASE1B_EXACT_NORMALIZED_ALLELE_V1	1.0.0	False	False
251	run-phase1a-60z59-hg002-grch38-v421	event-run-phase1a-60z59-hg002-grch38-v421-record-270	run-phase1a-ru88n-hg002-grch38-v421	event-run-phase1a-ru88n-hg002-grch38-v421-record-264	CROSS_RUN_EQUIVALENCE_UNRESOLVED	GRCh38|chr20|10102244|C|T	GRCh38|chr20|10102243|10102244|C|T	GRCh38|chr20|10102243|10102244|C|T	variant:sha256:f1f91873e282349b48adbfe7018399287e3afd52378b39aed2c5253da360d984	variant:sha256:f1f91873e282349b48adbfe7018399287e3afd52378b39aed2c5253da360d984	True	EXACT_NORMALIZED_ALLELE	PHASE1B_EXACT_NORMALIZED_ALLELE_V1	1.0.0	False	False
252	run-phase1a-60z59-hg002-grch38-v421	event-run-phase1a-60z59-hg002-grch38-v421-record-271	run-phase1a-ru88n-hg002-grch38-v421	event-run-phase1a-ru88n-hg002-grch38-v421-record-265	CROSS_RUN_EQUIVALENCE_UNRESOLVED	GRCh38|chr20|10104563|A|T	GRCh38|chr20|10104562|10104563|A|T	GRCh38|chr20|10104562|10104563|A|T	variant:sha256:f703b137b6ec8003776d27beb2e747aa39360442867de1e65531322ce73579af	variant:sha256:f703b137b6ec8003776d27beb2e747aa39360442867de1e65531322ce73579af	True	EXACT_NORMALIZED_ALLELE	PHASE1B_EXACT_NORMALIZED_ALLELE_V1	1.0.0	False	False
253	run-phase1a-60z59-hg002-grch38-v421	event-run-phase1a-60z59-hg002-grch38-v421-record-272	run-phase1a-ru88n-hg002-grch38-v421	event-run-phase1a-ru88n-hg002-grch38-v421-record-266	CROSS_RUN_EQUIVALENCE_UNRESOLVED	GRCh38|chr20|10105462|G|A	GRCh38|chr20|10105461|10105462|G|A	GRCh38|chr20|10105461|10105462|G|A	variant:sha256:b8ad267d349db68634a377ea8722d7a1711ff6af4d894b7bce9840f059b8aacd	variant:sha256:b8ad267d349db68634a377ea8722d7a1711ff6af4d894b7bce9840f059b8aacd	True	EXACT_NORMALIZED_ALLELE	PHASE1B_EXACT_NORMALIZED_ALLELE_V1	1.0.0	False	False
254	run-phase1a-60z59-hg002-grch38-v421	event-run-phase1a-60z59-hg002-grch38-v421-record-273	run-phase1a-ru88n-hg002-grch38-v421	event-run-phase1a-ru88n-hg002-grch38-v421-record-267	CROSS_RUN_EQUIVALENCE_UNRESOLVED	GRCh38|chr20|10105635|G|T	GRCh38|chr20|10105634|10105635|G|T	GRCh38|chr20|10105634|10105635|G|T	variant:sha256:66171960e4520132d85c55b22aff48d8a8cc175f312596a4f003f6801d4926c8	variant:sha256:66171960e4520132d85c55b22aff48d8a8cc175f312596a4f003f6801d4926c8	True	EXACT_NORMALIZED_ALLELE	PHASE1B_EXACT_NORMALIZED_ALLELE_V1	1.0.0	False	False
255	run-phase1a-60z59-hg002-grch38-v421	event-run-phase1a-60z59-hg002-grch38-v421-record-274	run-phase1a-ru88n-hg002-grch38-v421	event-run-phase1a-ru88n-hg002-grch38-v421-record-268	CROSS_RUN_EQUIVALENCE_UNRESOLVED	GRCh38|chr20|10105971|T|A	GRCh38|chr20|10105970|10105971|T|A	GRCh38|chr20|10105970|10105971|T|A	variant:sha256:eef9fc0fa36fbd0c2ce02ceea3f65f81d85439856b6622900c678ca845e9e869	variant:sha256:eef9fc0fa36fbd0c2ce02ceea3f65f81d85439856b6622900c678ca845e9e869	True	EXACT_NORMALIZED_ALLELE	PHASE1B_EXACT_NORMALIZED_ALLELE_V1	1.0.0	False	False
256	run-phase1a-60z59-hg002-grch38-v421	event-run-phase1a-60z59-hg002-grch38-v421-record-275	run-phase1a-ru88n-hg002-grch38-v421	event-run-phase1a-ru88n-hg002-grch38-v421-record-269	CROSS_RUN_EQUIVALENCE_UNRESOLVED	GRCh38|chr20|10106205|G|A	GRCh38|chr20|10106204|10106205|G|A	GRCh38|chr20|10106204|10106205|G|A	variant:sha256:749c8b9ffe84e799ddb70efcfa2da0ec3ec8497a47a62c3d12acfc4db028bf60	variant:sha256:749c8b9ffe84e799ddb70efcfa2da0ec3ec8497a47a62c3d12acfc4db028bf60	True	EXACT_NORMALIZED_ALLELE	PHASE1B_EXACT_NORMALIZED_ALLELE_V1	1.0.0	False	False
257	run-phase1a-60z59-hg002-grch38-v421	event-run-phase1a-60z59-hg002-grch38-v421-record-276	run-phase1a-ru88n-hg002-grch38-v421	event-run-phase1a-ru88n-hg002-grch38-v421-record-270	CROSS_RUN_EQUIVALENCE_UNRESOLVED	GRCh38|chr20|10106306|G|A	GRCh38|chr20|10106305|10106306|G|A	GRCh38|chr20|10106305|10106306|G|A	variant:sha256:02614d472675b706cec399a03f8d197c134c433de4f734d701857a8d5076782c	variant:sha256:02614d472675b706cec399a03f8d197c134c433de4f734d701857a8d5076782c	True	EXACT_NORMALIZED_ALLELE	PHASE1B_EXACT_NORMALIZED_ALLELE_V1	1.0.0	False	False
258	run-phase1a-60z59-hg002-grch38-v421	event-run-phase1a-60z59-hg002-grch38-v421-record-277	run-phase1a-ru88n-hg002-grch38-v421	event-run-phase1a-ru88n-hg002-grch38-v421-record-271	CROSS_RUN_EQUIVALENCE_UNRESOLVED	GRCh38|chr20|10106582|A|G	GRCh38|chr20|10106581|10106582|A|G	GRCh38|chr20|10106581|10106582|A|G	variant:sha256:dc72cb2f099758beaadf92695595a0b52e9dfec18904e05810afc945452473c8	variant:sha256:dc72cb2f099758beaadf92695595a0b52e9dfec18904e05810afc945452473c8	True	EXACT_NORMALIZED_ALLELE	PHASE1B_EXACT_NORMALIZED_ALLELE_V1	1.0.0	False	False
259	run-phase1a-60z59-hg002-grch38-v421	event-run-phase1a-60z59-hg002-grch38-v421-record-278	run-phase1a-ru88n-hg002-grch38-v421	event-run-phase1a-ru88n-hg002-grch38-v421-record-272	CROSS_RUN_EQUIVALENCE_UNRESOLVED	GRCh38|chr20|10106746|T|G	GRCh38|chr20|10106745|10106746|T|G	GRCh38|chr20|10106745|10106746|T|G	variant:sha256:af18eae4d702f3336e1f8ac05daadf41406939c7f46e22a097224cb4e5046880	variant:sha256:af18eae4d702f3336e1f8ac05daadf41406939c7f46e22a097224cb4e5046880	True	EXACT_NORMALIZED_ALLELE	PHASE1B_EXACT_NORMALIZED_ALLELE_V1	1.0.0	False	False
260	run-phase1a-60z59-hg002-grch38-v421	event-run-phase1a-60z59-hg002-grch38-v421-record-279	run-phase1a-ru88n-hg002-grch38-v421	event-run-phase1a-ru88n-hg002-grch38-v421-record-273	CROSS_RUN_EQUIVALENCE_UNRESOLVED	GRCh38|chr20|10106925|C|T	GRCh38|chr20|10106924|10106925|C|T	GRCh38|chr20|10106924|10106925|C|T	variant:sha256:03e6b0796ec9eeaba7e9dcb8ea0613a495d800c21b6b80c61cc0e5ba11893afd	variant:sha256:03e6b0796ec9eeaba7e9dcb8ea0613a495d800c21b6b80c61cc0e5ba11893afd	True	EXACT_NORMALIZED_ALLELE	PHASE1B_EXACT_NORMALIZED_ALLELE_V1	1.0.0	False	False
261	run-phase1a-60z59-hg002-grch38-v421	event-run-phase1a-60z59-hg002-grch38-v421-record-280	run-phase1a-ru88n-hg002-grch38-v421	event-run-phase1a-ru88n-hg002-grch38-v421-record-274	CROSS_RUN_EQUIVALENCE_UNRESOLVED	GRCh38|chr20|10106977|T|C	GRCh38|chr20|10106976|10106977|T|C	GRCh38|chr20|10106976|10106977|T|C	variant:sha256:28492cfa84dadc3d0e0540bfa629a949208d94e8e0e25f53c376a822e9c49245	variant:sha256:28492cfa84dadc3d0e0540bfa629a949208d94e8e0e25f53c376a822e9c49245	True	EXACT_NORMALIZED_ALLELE	PHASE1B_EXACT_NORMALIZED_ALLELE_V1	1.0.0	False	False
262	run-phase1a-60z59-hg002-grch38-v421	event-run-phase1a-60z59-hg002-grch38-v421-record-281	run-phase1a-ru88n-hg002-grch38-v421	event-run-phase1a-ru88n-hg002-grch38-v421-record-275	CROSS_RUN_EQUIVALENCE_UNRESOLVED	GRCh38|chr20|10107106|T|G	GRCh38|chr20|10107105|10107106|T|G	GRCh38|chr20|10107105|10107106|T|G	variant:sha256:69bdbb333c557af1e708f66e02c670f6262e3ddecf54f6555939cfc041efaddd	variant:sha256:69bdbb333c557af1e708f66e02c670f6262e3ddecf54f6555939cfc041efaddd	True	EXACT_NORMALIZED_ALLELE	PHASE1B_EXACT_NORMALIZED_ALLELE_V1	1.0.0	False	False
263	run-phase1a-60z59-hg002-grch38-v421	event-run-phase1a-60z59-hg002-grch38-v421-record-282	run-phase1a-ru88n-hg002-grch38-v421	event-run-phase1a-ru88n-hg002-grch38-v421-record-276	CROSS_RUN_EQUIVALENCE_UNRESOLVED	GRCh38|chr20|10107156|C|T	GRCh38|chr20|10107155|10107156|C|T	GRCh38|chr20|10107155|10107156|C|T	variant:sha256:5a092ba47a444c5352b476dea83928f2dfbf0e85215f62c6a1301c97fef95981	variant:sha256:5a092ba47a444c5352b476dea83928f2dfbf0e85215f62c6a1301c97fef95981	True	EXACT_NORMALIZED_ALLELE	PHASE1B_EXACT_NORMALIZED_ALLELE_V1	1.0.0	False	False
264	run-phase1a-60z59-hg002-grch38-v421	event-run-phase1a-60z59-hg002-grch38-v421-record-283	run-phase1a-ru88n-hg002-grch38-v421	event-run-phase1a-ru88n-hg002-grch38-v421-record-277	CROSS_RUN_EQUIVALENCE_UNRESOLVED	GRCh38|chr20|10107172|C|CAG	GRCh38|chr20|10107171|10107172|C|CAG	GRCh38|chr20|10107171|10107172|C|CAG	variant:sha256:d0f25bda41b1bb37220f83aa768bc349829df5b2239969ebe7df8351912cb30a	variant:sha256:d0f25bda41b1bb37220f83aa768bc349829df5b2239969ebe7df8351912cb30a	True	EXACT_NORMALIZED_ALLELE	PHASE1B_EXACT_NORMALIZED_ALLELE_V1	1.0.0	False	False
265	run-phase1a-60z59-hg002-grch38-v421	event-run-phase1a-60z59-hg002-grch38-v421-record-284	run-phase1a-ru88n-hg002-grch38-v421	event-run-phase1a-ru88n-hg002-grch38-v421-record-278	CROSS_RUN_EQUIVALENCE_UNRESOLVED	GRCh38|chr20|10107254|C|T	GRCh38|chr20|10107253|10107254|C|T	GRCh38|chr20|10107253|10107254|C|T	variant:sha256:506e5ff86c63b3b4e7deb87c880ddb0d3862255f988310f07a974c3f16a12e92	variant:sha256:506e5ff86c63b3b4e7deb87c880ddb0d3862255f988310f07a974c3f16a12e92	True	EXACT_NORMALIZED_ALLELE	PHASE1B_EXACT_NORMALIZED_ALLELE_V1	1.0.0	False	False
266	run-phase1a-60z59-hg002-grch38-v421	event-run-phase1a-60z59-hg002-grch38-v421-record-285	run-phase1a-ru88n-hg002-grch38-v421	event-run-phase1a-ru88n-hg002-grch38-v421-record-279	CROSS_RUN_EQUIVALENCE_UNRESOLVED	GRCh38|chr20|10107415|C|T	GRCh38|chr20|10107414|10107415|C|T	GRCh38|chr20|10107414|10107415|C|T	variant:sha256:1d5c1af9372500081b131eae434f2da15f22e18474e387fa45208b28bea91fbb	variant:sha256:1d5c1af9372500081b131eae434f2da15f22e18474e387fa45208b28bea91fbb	True	EXACT_NORMALIZED_ALLELE	PHASE1B_EXACT_NORMALIZED_ALLELE_V1	1.0.0	False	False
267	run-phase1a-60z59-hg002-grch38-v421	event-run-phase1a-60z59-hg002-grch38-v421-record-286	run-phase1a-ru88n-hg002-grch38-v421	event-run-phase1a-ru88n-hg002-grch38-v421-record-280	CROSS_RUN_EQUIVALENCE_UNRESOLVED	GRCh38|chr20|10108051|C|T	GRCh38|chr20|10108050|10108051|C|T	GRCh38|chr20|10108050|10108051|C|T	variant:sha256:4e9b732b3210a9fa9f40350dcfbb3b905735412d28bf0d07515c55cf0c19d7bf	variant:sha256:4e9b732b3210a9fa9f40350dcfbb3b905735412d28bf0d07515c55cf0c19d7bf	True	EXACT_NORMALIZED_ALLELE	PHASE1B_EXACT_NORMALIZED_ALLELE_V1	1.0.0	False	False
268	run-phase1a-60z59-hg002-grch38-v421	event-run-phase1a-60z59-hg002-grch38-v421-record-287	run-phase1a-ru88n-hg002-grch38-v421	event-run-phase1a-ru88n-hg002-grch38-v421-record-281	CROSS_RUN_EQUIVALENCE_UNRESOLVED	GRCh38|chr20|10108082|G|A	GRCh38|chr20|10108081|10108082|G|A	GRCh38|chr20|10108081|10108082|G|A	variant:sha256:b2dec4f51555acfc3a13ad2c3fe428424dbcf903b0f3a2305b508b930b66c369	variant:sha256:b2dec4f51555acfc3a13ad2c3fe428424dbcf903b0f3a2305b508b930b66c369	True	EXACT_NORMALIZED_ALLELE	PHASE1B_EXACT_NORMALIZED_ALLELE_V1	1.0.0	False	False
269	run-phase1a-60z59-hg002-grch38-v421	event-run-phase1a-60z59-hg002-grch38-v421-record-288	run-phase1a-ru88n-hg002-grch38-v421	event-run-phase1a-ru88n-hg002-grch38-v421-record-282	CROSS_RUN_EQUIVALENCE_UNRESOLVED	GRCh38|chr20|10108088|A|C	GRCh38|chr20|10108087|10108088|A|C	GRCh38|chr20|10108087|10108088|A|C	variant:sha256:13c93cf8d4ec85dd208b1d8fd35d1ed37d99c8c2a796d2c56549c31d9bda9401	variant:sha256:13c93cf8d4ec85dd208b1d8fd35d1ed37d99c8c2a796d2c56549c31d9bda9401	True	EXACT_NORMALIZED_ALLELE	PHASE1B_EXACT_NORMALIZED_ALLELE_V1	1.0.0	False	False
270	run-phase1a-60z59-hg002-grch38-v421	event-run-phase1a-60z59-hg002-grch38-v421-record-289	run-phase1a-ru88n-hg002-grch38-v421	event-run-phase1a-ru88n-hg002-grch38-v421-record-283	CROSS_RUN_EQUIVALENCE_UNRESOLVED	GRCh38|chr20|10108099|A|G	GRCh38|chr20|10108098|10108099|A|G	GRCh38|chr20|10108098|10108099|A|G	variant:sha256:00b1de238193073b331d903d837a2fd98a61d617307bdf7c1cb10b80c33db078	variant:sha256:00b1de238193073b331d903d837a2fd98a61d617307bdf7c1cb10b80c33db078	True	EXACT_NORMALIZED_ALLELE	PHASE1B_EXACT_NORMALIZED_ALLELE_V1	1.0.0	False	False
271	run-phase1a-60z59-hg002-grch38-v421	event-run-phase1a-60z59-hg002-grch38-v421-record-290	run-phase1a-ru88n-hg002-grch38-v421	event-run-phase1a-ru88n-hg002-grch38-v421-record-284	CROSS_RUN_EQUIVALENCE_UNRESOLVED	GRCh38|chr20|10108151|G|A	GRCh38|chr20|10108150|10108151|G|A	GRCh38|chr20|10108150|10108151|G|A	variant:sha256:b0f7e15813ddeb93274ce596d188e68a87058565622eeb46e3fe3b6a4e648a8e	variant:sha256:b0f7e15813ddeb93274ce596d188e68a87058565622eeb46e3fe3b6a4e648a8e	True	EXACT_NORMALIZED_ALLELE	PHASE1B_EXACT_NORMALIZED_ALLELE_V1	1.0.0	False	False
272	run-phase1a-60z59-hg002-grch38-v421	event-run-phase1a-60z59-hg002-grch38-v421-record-291	run-phase1a-ru88n-hg002-grch38-v421	event-run-phase1a-ru88n-hg002-grch38-v421-record-285	CROSS_RUN_EQUIVALENCE_UNRESOLVED	GRCh38|chr20|10108247|C|T	GRCh38|chr20|10108246|10108247|C|T	GRCh38|chr20|10108246|10108247|C|T	variant:sha256:f19fd2620f5528a71d4eec6aa249748127357bb37b4c29d88e6846179146a465	variant:sha256:f19fd2620f5528a71d4eec6aa249748127357bb37b4c29d88e6846179146a465	True	EXACT_NORMALIZED_ALLELE	PHASE1B_EXACT_NORMALIZED_ALLELE_V1	1.0.0	False	False
273	run-phase1a-60z59-hg002-grch38-v421	event-run-phase1a-60z59-hg002-grch38-v421-record-292	run-phase1a-ru88n-hg002-grch38-v421	event-run-phase1a-ru88n-hg002-grch38-v421-record-286	CROSS_RUN_EQUIVALENCE_UNRESOLVED	GRCh38|chr20|10108320|C|CAAA	GRCh38|chr20|10108319|10108320|C|CAAA	GRCh38|chr20|10108319|10108320|C|CAAA	variant:sha256:8056e4f15a63e640afd447501fe2f76274329e78177256bfe9bbff74b18045e7	variant:sha256:8056e4f15a63e640afd447501fe2f76274329e78177256bfe9bbff74b18045e7	True	EXACT_NORMALIZED_ALLELE	PHASE1B_EXACT_NORMALIZED_ALLELE_V1	1.0.0	False	False
274	run-phase1a-60z59-hg002-grch38-v421	event-run-phase1a-60z59-hg002-grch38-v421-record-293	run-phase1a-ru88n-hg002-grch38-v421	event-run-phase1a-ru88n-hg002-grch38-v421-record-287	CROSS_RUN_EQUIVALENCE_UNRESOLVED	GRCh38|chr20|10108332|T|C	GRCh38|chr20|10108331|10108332|T|C	GRCh38|chr20|10108331|10108332|T|C	variant:sha256:60bf12588a3338b7ff7a1a224187e4ab063d66213a4de1aa6da668b4606136d4	variant:sha256:60bf12588a3338b7ff7a1a224187e4ab063d66213a4de1aa6da668b4606136d4	True	EXACT_NORMALIZED_ALLELE	PHASE1B_EXACT_NORMALIZED_ALLELE_V1	1.0.0	False	False
275	run-phase1a-60z59-hg002-grch38-v421	event-run-phase1a-60z59-hg002-grch38-v421-record-294	run-phase1a-ru88n-hg002-grch38-v421	event-run-phase1a-ru88n-hg002-grch38-v421-record-288	CROSS_RUN_EQUIVALENCE_UNRESOLVED	GRCh38|chr20|10108337|T|C	GRCh38|chr20|10108336|10108337|T|C	GRCh38|chr20|10108336|10108337|T|C	variant:sha256:af5a4c602898ee6e83070f4a4327bb3355f23982cb5a3b8590b505ed54037fae	variant:sha256:af5a4c602898ee6e83070f4a4327bb3355f23982cb5a3b8590b505ed54037fae	True	EXACT_NORMALIZED_ALLELE	PHASE1B_EXACT_NORMALIZED_ALLELE_V1	1.0.0	False	False
276	run-phase1a-60z59-hg002-grch38-v421	event-run-phase1a-60z59-hg002-grch38-v421-record-295	run-phase1a-ru88n-hg002-grch38-v421	event-run-phase1a-ru88n-hg002-grch38-v421-record-289	CROSS_RUN_EQUIVALENCE_UNRESOLVED	GRCh38|chr20|10108793|A|G	GRCh38|chr20|10108792|10108793|A|G	GRCh38|chr20|10108792|10108793|A|G	variant:sha256:f654d942d4c2a6d59a0d2f2a8f2fb659d2f999c9ea6818f13542ba3913ab39ca	variant:sha256:f654d942d4c2a6d59a0d2f2a8f2fb659d2f999c9ea6818f13542ba3913ab39ca	True	EXACT_NORMALIZED_ALLELE	PHASE1B_EXACT_NORMALIZED_ALLELE_V1	1.0.0	False	False
277	run-phase1a-60z59-hg002-grch38-v421	event-run-phase1a-60z59-hg002-grch38-v421-record-296	run-phase1a-ru88n-hg002-grch38-v421	event-run-phase1a-ru88n-hg002-grch38-v421-record-290	CROSS_RUN_EQUIVALENCE_UNRESOLVED	GRCh38|chr20|10108877|C|T	GRCh38|chr20|10108876|10108877|C|T	GRCh38|chr20|10108876|10108877|C|T	variant:sha256:fdf080a8300a73c605de78c2fecf6d128d509fe6481226207f8cbf49a25cff57	variant:sha256:fdf080a8300a73c605de78c2fecf6d128d509fe6481226207f8cbf49a25cff57	True	EXACT_NORMALIZED_ALLELE	PHASE1B_EXACT_NORMALIZED_ALLELE_V1	1.0.0	False	False
278	run-phase1a-60z59-hg002-grch38-v421	event-run-phase1a-60z59-hg002-grch38-v421-record-297	run-phase1a-ru88n-hg002-grch38-v421	event-run-phase1a-ru88n-hg002-grch38-v421-record-291	CROSS_RUN_EQUIVALENCE_UNRESOLVED	GRCh38|chr20|10109641|CA|C	GRCh38|chr20|10109640|10109642|CA|C	GRCh38|chr20|10109640|10109642|CA|C	variant:sha256:ce4f366c1d929d6ad5fd97cd09dbd27a7897e6890b3c9c7fa86a3ba1e420b6b3	variant:sha256:ce4f366c1d929d6ad5fd97cd09dbd27a7897e6890b3c9c7fa86a3ba1e420b6b3	True	EXACT_NORMALIZED_ALLELE	PHASE1B_EXACT_NORMALIZED_ALLELE_V1	1.0.0	False	False
279	run-phase1a-60z59-hg002-grch38-v421	event-run-phase1a-60z59-hg002-grch38-v421-record-298	run-phase1a-ru88n-hg002-grch38-v421	event-run-phase1a-ru88n-hg002-grch38-v421-record-292	CROSS_RUN_EQUIVALENCE_UNRESOLVED	GRCh38|chr20|10110116|A|G	GRCh38|chr20|10110115|10110116|A|G	GRCh38|chr20|10110115|10110116|A|G	variant:sha256:cd1b10a287ba820217dc1f89f97e8db3e9022f1069778c88240e9bcd8466d987	variant:sha256:cd1b10a287ba820217dc1f89f97e8db3e9022f1069778c88240e9bcd8466d987	True	EXACT_NORMALIZED_ALLELE	PHASE1B_EXACT_NORMALIZED_ALLELE_V1	1.0.0	False	False
280	run-phase1a-60z59-hg002-grch38-v421	event-run-phase1a-60z59-hg002-grch38-v421-record-299	run-phase1a-ru88n-hg002-grch38-v421	event-run-phase1a-ru88n-hg002-grch38-v421-record-293	CROSS_RUN_EQUIVALENCE_UNRESOLVED	GRCh38|chr20|10110322|T|C	GRCh38|chr20|10110321|10110322|T|C	GRCh38|chr20|10110321|10110322|T|C	variant:sha256:a888f03ada2996eb72e663b42e96813421a9b97629de17420f6e5319c667fab0	variant:sha256:a888f03ada2996eb72e663b42e96813421a9b97629de17420f6e5319c667fab0	True	EXACT_NORMALIZED_ALLELE	PHASE1B_EXACT_NORMALIZED_ALLELE_V1	1.0.0	False	False
281	run-phase1a-60z59-hg002-grch38-v421	event-run-phase1a-60z59-hg002-grch38-v421-record-300	run-phase1a-ru88n-hg002-grch38-v421	event-run-phase1a-ru88n-hg002-grch38-v421-record-294	CROSS_RUN_EQUIVALENCE_UNRESOLVED	GRCh38|chr20|10110566|C|T	GRCh38|chr20|10110565|10110566|C|T	GRCh38|chr20|10110565|10110566|C|T	variant:sha256:ec7884391279a05c1afe9c294e368c89c493cdaabea44fbb0d15112edace715c	variant:sha256:ec7884391279a05c1afe9c294e368c89c493cdaabea44fbb0d15112edace715c	True	EXACT_NORMALIZED_ALLELE	PHASE1B_EXACT_NORMALIZED_ALLELE_V1	1.0.0	False	False
282	run-phase1a-60z59-hg002-grch38-v421	event-run-phase1a-60z59-hg002-grch38-v421-record-301	run-phase1a-ru88n-hg002-grch38-v421	event-run-phase1a-ru88n-hg002-grch38-v421-record-295	CROSS_RUN_EQUIVALENCE_UNRESOLVED	GRCh38|chr20|10111767|A|G	GRCh38|chr20|10111766|10111767|A|G	GRCh38|chr20|10111766|10111767|A|G	variant:sha256:2acb4b39729e481e4ae539ff029bb7973a9b0030f11f1964f289c9631f1d16a1	variant:sha256:2acb4b39729e481e4ae539ff029bb7973a9b0030f11f1964f289c9631f1d16a1	True	EXACT_NORMALIZED_ALLELE	PHASE1B_EXACT_NORMALIZED_ALLELE_V1	1.0.0	False	False
283	run-phase1a-60z59-hg002-grch38-v421	event-run-phase1a-60z59-hg002-grch38-v421-record-302	run-phase1a-ru88n-hg002-grch38-v421	event-run-phase1a-ru88n-hg002-grch38-v421-record-296	CROSS_RUN_EQUIVALENCE_UNRESOLVED	GRCh38|chr20|10112920|GT|G	GRCh38|chr20|10112919|10112921|GT|G	GRCh38|chr20|10112919|10112921|GT|G	variant:sha256:557a0709651b9d235260658b918cee6400667ba7faeb20431daed00bfed1e2e3	variant:sha256:557a0709651b9d235260658b918cee6400667ba7faeb20431daed00bfed1e2e3	True	EXACT_NORMALIZED_ALLELE	PHASE1B_EXACT_NORMALIZED_ALLELE_V1	1.0.0	False	False
284	run-phase1a-60z59-hg002-grch38-v421	event-run-phase1a-60z59-hg002-grch38-v421-record-303	run-phase1a-ru88n-hg002-grch38-v421	event-run-phase1a-ru88n-hg002-grch38-v421-record-297	CROSS_RUN_EQUIVALENCE_UNRESOLVED	GRCh38|chr20|10113275|T|A	GRCh38|chr20|10113274|10113275|T|A	GRCh38|chr20|10113274|10113275|T|A	variant:sha256:edfa5ace30f64e16cbe635900c6a3215071da0061dc759ccfcfd38fb7cf84281	variant:sha256:edfa5ace30f64e16cbe635900c6a3215071da0061dc759ccfcfd38fb7cf84281	True	EXACT_NORMALIZED_ALLELE	PHASE1B_EXACT_NORMALIZED_ALLELE_V1	1.0.0	False	False
285	run-phase1a-60z59-hg002-grch38-v421	event-run-phase1a-60z59-hg002-grch38-v421-record-304	run-phase1a-ru88n-hg002-grch38-v421	event-run-phase1a-ru88n-hg002-grch38-v421-record-298	CROSS_RUN_EQUIVALENCE_UNRESOLVED	GRCh38|chr20|10113603|T|A	GRCh38|chr20|10113602|10113603|T|A	GRCh38|chr20|10113602|10113603|T|A	variant:sha256:24ba88429d35b9de520b5c1cf85979dac91d25ad90c7780c5187efb3ceb543b8	variant:sha256:24ba88429d35b9de520b5c1cf85979dac91d25ad90c7780c5187efb3ceb543b8	True	EXACT_NORMALIZED_ALLELE	PHASE1B_EXACT_NORMALIZED_ALLELE_V1	1.0.0	False	False
286	run-phase1a-60z59-hg002-grch38-v421	event-run-phase1a-60z59-hg002-grch38-v421-record-305	run-phase1a-ru88n-hg002-grch38-v421	event-run-phase1a-ru88n-hg002-grch38-v421-record-299	CROSS_RUN_EQUIVALENCE_UNRESOLVED	GRCh38|chr20|10114126|C|T	GRCh38|chr20|10114125|10114126|C|T	GRCh38|chr20|10114125|10114126|C|T	variant:sha256:eda46bedea2a710f0d151409a1f5caf571e9f14067882bea5caf057b0dfa60d0	variant:sha256:eda46bedea2a710f0d151409a1f5caf571e9f14067882bea5caf057b0dfa60d0	True	EXACT_NORMALIZED_ALLELE	PHASE1B_EXACT_NORMALIZED_ALLELE_V1	1.0.0	False	False
287	run-phase1a-60z59-hg002-grch38-v421	event-run-phase1a-60z59-hg002-grch38-v421-record-306	run-phase1a-ru88n-hg002-grch38-v421	event-run-phase1a-ru88n-hg002-grch38-v421-record-300	CROSS_RUN_EQUIVALENCE_UNRESOLVED	GRCh38|chr20|10114784|GTGATGATGA|G	GRCh38|chr20|10114783|10114793|GTGATGATGA|G	GRCh38|chr20|10114783|10114793|GTGATGATGA|G	variant:sha256:800209c7b4bdc36292f8ea23cf2f13ed6869841a537bb8df2ac1eeef6b6059e1	variant:sha256:800209c7b4bdc36292f8ea23cf2f13ed6869841a537bb8df2ac1eeef6b6059e1	True	EXACT_NORMALIZED_ALLELE	PHASE1B_EXACT_NORMALIZED_ALLELE_V1	1.0.0	False	False
288	run-phase1a-60z59-hg002-grch38-v421	event-run-phase1a-60z59-hg002-grch38-v421-record-307	run-phase1a-ru88n-hg002-grch38-v421	event-run-phase1a-ru88n-hg002-grch38-v421-record-301	CROSS_RUN_EQUIVALENCE_UNRESOLVED	GRCh38|chr20|10115093|A|G	GRCh38|chr20|10115092|10115093|A|G	GRCh38|chr20|10115092|10115093|A|G	variant:sha256:e48c7e8679af18c49cba879f49ac1a18364078d7d17bec07c36a69505ec3d522	variant:sha256:e48c7e8679af18c49cba879f49ac1a18364078d7d17bec07c36a69505ec3d522	True	EXACT_NORMALIZED_ALLELE	PHASE1B_EXACT_NORMALIZED_ALLELE_V1	1.0.0	False	False
289	run-phase1a-60z59-hg002-grch38-v421	event-run-phase1a-60z59-hg002-grch38-v421-record-308	run-phase1a-ru88n-hg002-grch38-v421	event-run-phase1a-ru88n-hg002-grch38-v421-record-302	CROSS_RUN_EQUIVALENCE_UNRESOLVED	GRCh38|chr20|10115645|C|T	GRCh38|chr20|10115644|10115645|C|T	GRCh38|chr20|10115644|10115645|C|T	variant:sha256:5bfc981cce187954ea786690082309b1a57826852cb07d6eb95f4194bf0bd90d	variant:sha256:5bfc981cce187954ea786690082309b1a57826852cb07d6eb95f4194bf0bd90d	True	EXACT_NORMALIZED_ALLELE	PHASE1B_EXACT_NORMALIZED_ALLELE_V1	1.0.0	False	False
290	run-phase1a-60z59-hg002-grch38-v421	event-run-phase1a-60z59-hg002-grch38-v421-record-309	run-phase1a-ru88n-hg002-grch38-v421	event-run-phase1a-ru88n-hg002-grch38-v421-record-303	CROSS_RUN_EQUIVALENCE_UNRESOLVED	GRCh38|chr20|10115948|C|T	GRCh38|chr20|10115947|10115948|C|T	GRCh38|chr20|10115947|10115948|C|T	variant:sha256:e4106bf95d58577ec19022dfcbcf78e82e6f368d435fc047cb55fda1b68df0d2	variant:sha256:e4106bf95d58577ec19022dfcbcf78e82e6f368d435fc047cb55fda1b68df0d2	True	EXACT_NORMALIZED_ALLELE	PHASE1B_EXACT_NORMALIZED_ALLELE_V1	1.0.0	False	False
291	run-phase1a-60z59-hg002-grch38-v421	event-run-phase1a-60z59-hg002-grch38-v421-record-310	run-phase1a-ru88n-hg002-grch38-v421	event-run-phase1a-ru88n-hg002-grch38-v421-record-304	CROSS_RUN_EQUIVALENCE_UNRESOLVED	GRCh38|chr20|10116120|A|C	GRCh38|chr20|10116119|10116120|A|C	GRCh38|chr20|10116119|10116120|A|C	variant:sha256:67e0b78872bcecc4d92093e078fe87d71de4429f84791a1d180f79d8929f8ce5	variant:sha256:67e0b78872bcecc4d92093e078fe87d71de4429f84791a1d180f79d8929f8ce5	True	EXACT_NORMALIZED_ALLELE	PHASE1B_EXACT_NORMALIZED_ALLELE_V1	1.0.0	False	False
292	run-phase1a-60z59-hg002-grch38-v421	event-run-phase1a-60z59-hg002-grch38-v421-record-311	run-phase1a-ru88n-hg002-grch38-v421	event-run-phase1a-ru88n-hg002-grch38-v421-record-305	CROSS_RUN_EQUIVALENCE_UNRESOLVED	GRCh38|chr20|10116251|G|T	GRCh38|chr20|10116250|10116251|G|T	GRCh38|chr20|10116250|10116251|G|T	variant:sha256:62acc99465f82fc255d852d19ea817a50882562023448f7cfeee1312695f49e3	variant:sha256:62acc99465f82fc255d852d19ea817a50882562023448f7cfeee1312695f49e3	True	EXACT_NORMALIZED_ALLELE	PHASE1B_EXACT_NORMALIZED_ALLELE_V1	1.0.0	False	False
293	run-phase1a-60z59-hg002-grch38-v421	event-run-phase1a-60z59-hg002-grch38-v421-record-312	run-phase1a-ru88n-hg002-grch38-v421	event-run-phase1a-ru88n-hg002-grch38-v421-record-306	CROSS_RUN_EQUIVALENCE_UNRESOLVED	GRCh38|chr20|10116257|TA|T	GRCh38|chr20|10116256|10116258|TA|T	GRCh38|chr20|10116256|10116258|TA|T	variant:sha256:27b051f060e36822ebb24e694ae517c586472508ce10bdfb118948423b0adba3	variant:sha256:27b051f060e36822ebb24e694ae517c586472508ce10bdfb118948423b0adba3	True	EXACT_NORMALIZED_ALLELE	PHASE1B_EXACT_NORMALIZED_ALLELE_V1	1.0.0	False	False
294	run-phase1a-60z59-hg002-grch38-v421	event-run-phase1a-60z59-hg002-grch38-v421-record-313	run-phase1a-ru88n-hg002-grch38-v421	event-run-phase1a-ru88n-hg002-grch38-v421-record-307	CROSS_RUN_EQUIVALENCE_UNRESOLVED	GRCh38|chr20|10116285|G|C	GRCh38|chr20|10116284|10116285|G|C	GRCh38|chr20|10116284|10116285|G|C	variant:sha256:8b4a74e1ab0555d29381d53e72dd58ab3df28e357373525e77907c79b9592f90	variant:sha256:8b4a74e1ab0555d29381d53e72dd58ab3df28e357373525e77907c79b9592f90	True	EXACT_NORMALIZED_ALLELE	PHASE1B_EXACT_NORMALIZED_ALLELE_V1	1.0.0	False	False
295	run-phase1a-60z59-hg002-grch38-v421	event-run-phase1a-60z59-hg002-grch38-v421-record-314	run-phase1a-ru88n-hg002-grch38-v421	event-run-phase1a-ru88n-hg002-grch38-v421-record-308	CROSS_RUN_EQUIVALENCE_UNRESOLVED	GRCh38|chr20|10116310|G|A	GRCh38|chr20|10116309|10116310|G|A	GRCh38|chr20|10116309|10116310|G|A	variant:sha256:2ec3848eb3f9beb1b7d0e4bad64c54194939a9d3b341fd808fbc2667e90b0425	variant:sha256:2ec3848eb3f9beb1b7d0e4bad64c54194939a9d3b341fd808fbc2667e90b0425	True	EXACT_NORMALIZED_ALLELE	PHASE1B_EXACT_NORMALIZED_ALLELE_V1	1.0.0	False	False
296	run-phase1a-60z59-hg002-grch38-v421	event-run-phase1a-60z59-hg002-grch38-v421-record-315	run-phase1a-ru88n-hg002-grch38-v421	event-run-phase1a-ru88n-hg002-grch38-v421-record-309	CROSS_RUN_EQUIVALENCE_UNRESOLVED	GRCh38|chr20|10116427|T|G	GRCh38|chr20|10116426|10116427|T|G	GRCh38|chr20|10116426|10116427|T|G	variant:sha256:010f5111fdf33d98bbdfd8e7ce19a0108452a20778b1aa83f6dce44af397b377	variant:sha256:010f5111fdf33d98bbdfd8e7ce19a0108452a20778b1aa83f6dce44af397b377	True	EXACT_NORMALIZED_ALLELE	PHASE1B_EXACT_NORMALIZED_ALLELE_V1	1.0.0	False	False
297	run-phase1a-60z59-hg002-grch38-v421	event-run-phase1a-60z59-hg002-grch38-v421-record-317	run-phase1a-ru88n-hg002-grch38-v421	event-run-phase1a-ru88n-hg002-grch38-v421-record-311	CROSS_RUN_EQUIVALENCE_UNRESOLVED	GRCh38|chr20|10116788|CTTTTCTTTCTTTCTTTCTTTCTTTCTTTCTTTCTTT|C	GRCh38|chr20|10116787|10116824|CTTTTCTTTCTTTCTTTCTTTCTTTCTTTCTTTCTTT|C	GRCh38|chr20|10116787|10116824|CTTTTCTTTCTTTCTTTCTTTCTTTCTTTCTTTCTTT|C	variant:sha256:1b31f42834bb398ca3ea6c01a3dc79f0b1bf49b405da31b441390b18833f501f	variant:sha256:1b31f42834bb398ca3ea6c01a3dc79f0b1bf49b405da31b441390b18833f501f	True	EXACT_NORMALIZED_ALLELE	PHASE1B_EXACT_NORMALIZED_ALLELE_V1	1.0.0	False	False
298	run-phase1a-60z59-hg002-grch38-v421	event-run-phase1a-60z59-hg002-grch38-v421-record-319	run-phase1a-ru88n-hg002-grch38-v421	event-run-phase1a-ru88n-hg002-grch38-v421-record-313	CROSS_RUN_EQUIVALENCE_UNRESOLVED	GRCh38|chr20|10116978|C|A	GRCh38|chr20|10116977|10116978|C|A	GRCh38|chr20|10116977|10116978|C|A	variant:sha256:db56deeef9c58f115e788570da21322810b1501d6cd68b4d40ef92b9b204f214	variant:sha256:db56deeef9c58f115e788570da21322810b1501d6cd68b4d40ef92b9b204f214	True	EXACT_NORMALIZED_ALLELE	PHASE1B_EXACT_NORMALIZED_ALLELE_V1	1.0.0	False	False
299	run-phase1a-60z59-hg002-grch38-v421	event-run-phase1a-60z59-hg002-grch38-v421-record-320	run-phase1a-ru88n-hg002-grch38-v421	event-run-phase1a-ru88n-hg002-grch38-v421-record-314	CROSS_RUN_EQUIVALENCE_UNRESOLVED	GRCh38|chr20|10117141|T|C	GRCh38|chr20|10117140|10117141|T|C	GRCh38|chr20|10117140|10117141|T|C	variant:sha256:b6e11a6449d318a0ce780fc2929951522964c05d648d321a13805879826450a7	variant:sha256:b6e11a6449d318a0ce780fc2929951522964c05d648d321a13805879826450a7	True	EXACT_NORMALIZED_ALLELE	PHASE1B_EXACT_NORMALIZED_ALLELE_V1	1.0.0	False	False
300	run-phase1a-60z59-hg002-grch38-v421	event-run-phase1a-60z59-hg002-grch38-v421-record-321	run-phase1a-ru88n-hg002-grch38-v421	event-run-phase1a-ru88n-hg002-grch38-v421-record-315	CROSS_RUN_EQUIVALENCE_UNRESOLVED	GRCh38|chr20|10117280|G|A	GRCh38|chr20|10117279|10117280|G|A	GRCh38|chr20|10117279|10117280|G|A	variant:sha256:5042c0d7bdf44b6c60114d354769757fdfd191fb93c5327e46cff6f9c30fc4f0	variant:sha256:5042c0d7bdf44b6c60114d354769757fdfd191fb93c5327e46cff6f9c30fc4f0	True	EXACT_NORMALIZED_ALLELE	PHASE1B_EXACT_NORMALIZED_ALLELE_V1	1.0.0	False	False
301	run-phase1a-60z59-hg002-grch38-v421	event-run-phase1a-60z59-hg002-grch38-v421-record-322	run-phase1a-ru88n-hg002-grch38-v421	event-run-phase1a-ru88n-hg002-grch38-v421-record-316	CROSS_RUN_EQUIVALENCE_UNRESOLVED	GRCh38|chr20|10117462|G|C	GRCh38|chr20|10117461|10117462|G|C	GRCh38|chr20|10117461|10117462|G|C	variant:sha256:bda2c5a8f8870041943f17286176f835b0b9ba4193be7a9463ba8696ef154d84	variant:sha256:bda2c5a8f8870041943f17286176f835b0b9ba4193be7a9463ba8696ef154d84	True	EXACT_NORMALIZED_ALLELE	PHASE1B_EXACT_NORMALIZED_ALLELE_V1	1.0.0	False	False
302	run-phase1a-60z59-hg002-grch38-v421	event-run-phase1a-60z59-hg002-grch38-v421-record-323	run-phase1a-ru88n-hg002-grch38-v421	event-run-phase1a-ru88n-hg002-grch38-v421-record-317	CROSS_RUN_EQUIVALENCE_UNRESOLVED	GRCh38|chr20|10117487|C|A	GRCh38|chr20|10117486|10117487|C|A	GRCh38|chr20|10117486|10117487|C|A	variant:sha256:44d1d92af3b2e72225cfa13a4e4bd9d1390d8b281ffc8dbdd5504c6a09b83b63	variant:sha256:44d1d92af3b2e72225cfa13a4e4bd9d1390d8b281ffc8dbdd5504c6a09b83b63	True	EXACT_NORMALIZED_ALLELE	PHASE1B_EXACT_NORMALIZED_ALLELE_V1	1.0.0	False	False
303	run-phase1a-60z59-hg002-grch38-v421	event-run-phase1a-60z59-hg002-grch38-v421-record-327	run-phase1a-ru88n-hg002-grch38-v421	event-run-phase1a-ru88n-hg002-grch38-v421-record-321	CROSS_RUN_EQUIVALENCE_UNRESOLVED	GRCh38|chr20|10117660|AAT|A	GRCh38|chr20|10117659|10117662|AAT|A	GRCh38|chr20|10117659|10117662|AAT|A	variant:sha256:aa9e84309c6bedb123574aa84e77c09dc38f7f7f9fd13e99a4d8873dfa63085b	variant:sha256:aa9e84309c6bedb123574aa84e77c09dc38f7f7f9fd13e99a4d8873dfa63085b	True	EXACT_NORMALIZED_ALLELE	PHASE1B_EXACT_NORMALIZED_ALLELE_V1	1.0.0	False	False
304	run-phase1a-60z59-hg002-grch38-v421	event-run-phase1a-60z59-hg002-grch38-v421-record-329	run-phase1a-ru88n-hg002-grch38-v421	event-run-phase1a-ru88n-hg002-grch38-v421-record-349	CROSS_RUN_EQUIVALENCE_UNRESOLVED	GRCh38|chr20|10117948|A|ATG	GRCh38|chr20|10117947|10117948|A|ATG	GRCh38|chr20|10117947|10117948|A|ATG	variant:sha256:3e7119e9ccda2676f4c87b28eacdd7addd3b298067e7c6193b04ef729d48e56c	variant:sha256:3e7119e9ccda2676f4c87b28eacdd7addd3b298067e7c6193b04ef729d48e56c	True	EXACT_NORMALIZED_ALLELE	PHASE1B_EXACT_NORMALIZED_ALLELE_V1	1.0.0	False	False
305	run-phase1a-60z59-hg002-grch38-v421	event-run-phase1a-60z59-hg002-grch38-v421-record-331	run-phase1a-ru88n-hg002-grch38-v421	event-run-phase1a-ru88n-hg002-grch38-v421-record-353	CROSS_RUN_EQUIVALENCE_UNRESOLVED	GRCh38|chr20|10118041|GTA|G	GRCh38|chr20|10118040|10118043|GTA|G	GRCh38|chr20|10118040|10118043|GTA|G	variant:sha256:57ad4565fd43b914d2f1aadf8c2dccfe0c936ad7e7d46885b24c3a5d7bd39075	variant:sha256:57ad4565fd43b914d2f1aadf8c2dccfe0c936ad7e7d46885b24c3a5d7bd39075	True	EXACT_NORMALIZED_ALLELE	PHASE1B_EXACT_NORMALIZED_ALLELE_V1	1.0.0	False	False
306	run-phase1a-60z59-hg002-grch38-v421	event-run-phase1a-60z59-hg002-grch38-v421-record-334	run-phase1a-ru88n-hg002-grch38-v421	event-run-phase1a-ru88n-hg002-grch38-v421-record-356	CROSS_RUN_EQUIVALENCE_UNRESOLVED	GRCh38|chr20|10118138|C|T	GRCh38|chr20|10118137|10118138|C|T	GRCh38|chr20|10118137|10118138|C|T	variant:sha256:d6d0ea493d1bd00c55dcd796d8d3957868244f7427666a59da9bc6096483cfa9	variant:sha256:d6d0ea493d1bd00c55dcd796d8d3957868244f7427666a59da9bc6096483cfa9	True	EXACT_NORMALIZED_ALLELE	PHASE1B_EXACT_NORMALIZED_ALLELE_V1	1.0.0	False	False
307	run-phase1a-60z59-hg002-grch38-v421	event-run-phase1a-60z59-hg002-grch38-v421-record-335	run-phase1a-ru88n-hg002-grch38-v421	event-run-phase1a-ru88n-hg002-grch38-v421-record-357	CROSS_RUN_EQUIVALENCE_UNRESOLVED	GRCh38|chr20|10118237|C|CA	GRCh38|chr20|10118236|10118237|C|CA	GRCh38|chr20|10118236|10118237|C|CA	variant:sha256:d2ffdae510c6a56bc2c78584182173efe696887ef1f42d710d0d9b5529a00a5d	variant:sha256:d2ffdae510c6a56bc2c78584182173efe696887ef1f42d710d0d9b5529a00a5d	True	EXACT_NORMALIZED_ALLELE	PHASE1B_EXACT_NORMALIZED_ALLELE_V1	1.0.0	False	False
308	run-phase1a-60z59-hg002-grch38-v421	event-run-phase1a-60z59-hg002-grch38-v421-record-336	run-phase1a-ru88n-hg002-grch38-v421	event-run-phase1a-ru88n-hg002-grch38-v421-record-358	CROSS_RUN_EQUIVALENCE_UNRESOLVED	GRCh38|chr20|10118297|T|C	GRCh38|chr20|10118296|10118297|T|C	GRCh38|chr20|10118296|10118297|T|C	variant:sha256:5c53673085ac3eba11b23c8b139cd2882eafa633f31c9ffadfc5432eb85f644c	variant:sha256:5c53673085ac3eba11b23c8b139cd2882eafa633f31c9ffadfc5432eb85f644c	True	EXACT_NORMALIZED_ALLELE	PHASE1B_EXACT_NORMALIZED_ALLELE_V1	1.0.0	False	False
309	run-phase1a-60z59-hg002-grch38-v421	event-run-phase1a-60z59-hg002-grch38-v421-record-337	run-phase1a-ru88n-hg002-grch38-v421	event-run-phase1a-ru88n-hg002-grch38-v421-record-359	CROSS_RUN_EQUIVALENCE_UNRESOLVED	GRCh38|chr20|10118339|C|T	GRCh38|chr20|10118338|10118339|C|T	GRCh38|chr20|10118338|10118339|C|T	variant:sha256:8a58af723d6c5b6f0a4c408ec0dc21e147d401e3f5a19da0c644dc66d169cee7	variant:sha256:8a58af723d6c5b6f0a4c408ec0dc21e147d401e3f5a19da0c644dc66d169cee7	True	EXACT_NORMALIZED_ALLELE	PHASE1B_EXACT_NORMALIZED_ALLELE_V1	1.0.0	False	False
310	run-phase1a-60z59-hg002-grch38-v421	event-run-phase1a-60z59-hg002-grch38-v421-record-338	run-phase1a-ru88n-hg002-grch38-v421	event-run-phase1a-ru88n-hg002-grch38-v421-record-360	CROSS_RUN_EQUIVALENCE_UNRESOLVED	GRCh38|chr20|10118381|T|C	GRCh38|chr20|10118380|10118381|T|C	GRCh38|chr20|10118380|10118381|T|C	variant:sha256:83143c191b834dd873bbfab5dda4695c551c88998d297223ca9d1a340c14035f	variant:sha256:83143c191b834dd873bbfab5dda4695c551c88998d297223ca9d1a340c14035f	True	EXACT_NORMALIZED_ALLELE	PHASE1B_EXACT_NORMALIZED_ALLELE_V1	1.0.0	False	False
311	run-phase1a-60z59-hg002-grch38-v421	event-run-phase1a-60z59-hg002-grch38-v421-record-339	run-phase1a-ru88n-hg002-grch38-v421	event-run-phase1a-ru88n-hg002-grch38-v421-record-361	CROSS_RUN_EQUIVALENCE_UNRESOLVED	GRCh38|chr20|10118386|C|A	GRCh38|chr20|10118385|10118386|C|A	GRCh38|chr20|10118385|10118386|C|A	variant:sha256:c97f162398a360c4d621010d9791a68100091c3bce5acc92ac129281111409f2	variant:sha256:c97f162398a360c4d621010d9791a68100091c3bce5acc92ac129281111409f2	True	EXACT_NORMALIZED_ALLELE	PHASE1B_EXACT_NORMALIZED_ALLELE_V1	1.0.0	False	False
312	run-phase1a-60z59-hg002-grch38-v421	event-run-phase1a-60z59-hg002-grch38-v421-record-340	run-phase1a-ru88n-hg002-grch38-v421	event-run-phase1a-ru88n-hg002-grch38-v421-record-362	CROSS_RUN_EQUIVALENCE_UNRESOLVED	GRCh38|chr20|10118396|A|C	GRCh38|chr20|10118395|10118396|A|C	GRCh38|chr20|10118395|10118396|A|C	variant:sha256:7da94110201754dd773f68032ce8e8119c6ec7bfaee8b50b10e9a9bd2651e8a8	variant:sha256:7da94110201754dd773f68032ce8e8119c6ec7bfaee8b50b10e9a9bd2651e8a8	True	EXACT_NORMALIZED_ALLELE	PHASE1B_EXACT_NORMALIZED_ALLELE_V1	1.0.0	False	False
313	run-phase1a-60z59-hg002-grch38-v421	event-run-phase1a-60z59-hg002-grch38-v421-record-341	run-phase1a-ru88n-hg002-grch38-v421	event-run-phase1a-ru88n-hg002-grch38-v421-record-363	CROSS_RUN_EQUIVALENCE_UNRESOLVED	GRCh38|chr20|10118398|T|C	GRCh38|chr20|10118397|10118398|T|C	GRCh38|chr20|10118397|10118398|T|C	variant:sha256:be8a43142788ee482112100baa6f279f4b49bb4d61378784fbef84ce9495f36d	variant:sha256:be8a43142788ee482112100baa6f279f4b49bb4d61378784fbef84ce9495f36d	True	EXACT_NORMALIZED_ALLELE	PHASE1B_EXACT_NORMALIZED_ALLELE_V1	1.0.0	False	False
314	run-phase1a-60z59-hg002-grch38-v421	event-run-phase1a-60z59-hg002-grch38-v421-record-342	run-phase1a-ru88n-hg002-grch38-v421	event-run-phase1a-ru88n-hg002-grch38-v421-record-364	CROSS_RUN_EQUIVALENCE_UNRESOLVED	GRCh38|chr20|10118407|T|C	GRCh38|chr20|10118406|10118407|T|C	GRCh38|chr20|10118406|10118407|T|C	variant:sha256:92d5084ce62720af3f0cfaeaed56b4cb3dc55ea7f046bdb08ab0e8453ab6a72c	variant:sha256:92d5084ce62720af3f0cfaeaed56b4cb3dc55ea7f046bdb08ab0e8453ab6a72c	True	EXACT_NORMALIZED_ALLELE	PHASE1B_EXACT_NORMALIZED_ALLELE_V1	1.0.0	False	False
315	run-phase1a-60z59-hg002-grch38-v421	event-run-phase1a-60z59-hg002-grch38-v421-record-343	run-phase1a-ru88n-hg002-grch38-v421	event-run-phase1a-ru88n-hg002-grch38-v421-record-365	CROSS_RUN_EQUIVALENCE_UNRESOLVED	GRCh38|chr20|10118431|C|T	GRCh38|chr20|10118430|10118431|C|T	GRCh38|chr20|10118430|10118431|C|T	variant:sha256:6dae95a554cb602da696e5c7e0b0014f2ba6aaec8ad1fa469b6a38a4333606cb	variant:sha256:6dae95a554cb602da696e5c7e0b0014f2ba6aaec8ad1fa469b6a38a4333606cb	True	EXACT_NORMALIZED_ALLELE	PHASE1B_EXACT_NORMALIZED_ALLELE_V1	1.0.0	False	False
316	run-phase1a-60z59-hg002-grch38-v421	event-run-phase1a-60z59-hg002-grch38-v421-record-344	run-phase1a-ru88n-hg002-grch38-v421	event-run-phase1a-ru88n-hg002-grch38-v421-record-366	CROSS_RUN_EQUIVALENCE_UNRESOLVED	GRCh38|chr20|10118463|T|TTTTGTTTG	GRCh38|chr20|10118462|10118463|T|TTTTGTTTG	GRCh38|chr20|10118462|10118463|T|TTTTGTTTG	variant:sha256:7d42f77cbdac9c5109254a2c1e841ed6ec02c31ffba48295623d830f8b999ab0	variant:sha256:7d42f77cbdac9c5109254a2c1e841ed6ec02c31ffba48295623d830f8b999ab0	True	EXACT_NORMALIZED_ALLELE	PHASE1B_EXACT_NORMALIZED_ALLELE_V1	1.0.0	False	False
317	run-phase1a-60z59-hg002-grch38-v421	event-run-phase1a-60z59-hg002-grch38-v421-record-345	run-phase1a-ru88n-hg002-grch38-v421	event-run-phase1a-ru88n-hg002-grch38-v421-record-367	CROSS_RUN_EQUIVALENCE_UNRESOLVED	GRCh38|chr20|10118492|G|T	GRCh38|chr20|10118491|10118492|G|T	GRCh38|chr20|10118491|10118492|G|T	variant:sha256:02e4d038ec1f4ea527073f4d93e1e4117fb14e140a24acb8dcfb34fd5e98bc11	variant:sha256:02e4d038ec1f4ea527073f4d93e1e4117fb14e140a24acb8dcfb34fd5e98bc11	True	EXACT_NORMALIZED_ALLELE	PHASE1B_EXACT_NORMALIZED_ALLELE_V1	1.0.0	False	False
318	run-phase1a-60z59-hg002-grch38-v421	event-run-phase1a-60z59-hg002-grch38-v421-record-346	run-phase1a-ru88n-hg002-grch38-v421	event-run-phase1a-ru88n-hg002-grch38-v421-record-368	CROSS_RUN_EQUIVALENCE_UNRESOLVED	GRCh38|chr20|10118542|G|T	GRCh38|chr20|10118541|10118542|G|T	GRCh38|chr20|10118541|10118542|G|T	variant:sha256:37ef49ba7a367e5bea979430a30a938fc2a1ff981617c0c689435cf8d0093163	variant:sha256:37ef49ba7a367e5bea979430a30a938fc2a1ff981617c0c689435cf8d0093163	True	EXACT_NORMALIZED_ALLELE	PHASE1B_EXACT_NORMALIZED_ALLELE_V1	1.0.0	False	False
319	run-phase1a-60z59-hg002-grch38-v421	event-run-phase1a-60z59-hg002-grch38-v421-record-347	run-phase1a-ru88n-hg002-grch38-v421	event-run-phase1a-ru88n-hg002-grch38-v421-record-369	CROSS_RUN_EQUIVALENCE_UNRESOLVED	GRCh38|chr20|10118572|A|G	GRCh38|chr20|10118571|10118572|A|G	GRCh38|chr20|10118571|10118572|A|G	variant:sha256:8443aa6e274cc25c52b61b3c1d08b76c341f33a5098a7b86c2e4e56b1847a452	variant:sha256:8443aa6e274cc25c52b61b3c1d08b76c341f33a5098a7b86c2e4e56b1847a452	True	EXACT_NORMALIZED_ALLELE	PHASE1B_EXACT_NORMALIZED_ALLELE_V1	1.0.0	False	False
320	run-phase1a-60z59-hg002-grch38-v421	event-run-phase1a-60z59-hg002-grch38-v421-record-348	run-phase1a-ru88n-hg002-grch38-v421	event-run-phase1a-ru88n-hg002-grch38-v421-record-370	CROSS_RUN_EQUIVALENCE_UNRESOLVED	GRCh38|chr20|10118602|G|A	GRCh38|chr20|10118601|10118602|G|A	GRCh38|chr20|10118601|10118602|G|A	variant:sha256:465d655da537de09cec73b94daaa77e87c8dd07a5694cbb0e365f74198201d07	variant:sha256:465d655da537de09cec73b94daaa77e87c8dd07a5694cbb0e365f74198201d07	True	EXACT_NORMALIZED_ALLELE	PHASE1B_EXACT_NORMALIZED_ALLELE_V1	1.0.0	False	False
321	run-phase1a-60z59-hg002-grch38-v421	event-run-phase1a-60z59-hg002-grch38-v421-record-349	run-phase1a-ru88n-hg002-grch38-v421	event-run-phase1a-ru88n-hg002-grch38-v421-record-371	CROSS_RUN_EQUIVALENCE_UNRESOLVED	GRCh38|chr20|10118887|G|A	GRCh38|chr20|10118886|10118887|G|A	GRCh38|chr20|10118886|10118887|G|A	variant:sha256:3e7dcdec2bf7440bb8f64d5458fead4fb09f7045238cbc62ee237eb143dcdfe6	variant:sha256:3e7dcdec2bf7440bb8f64d5458fead4fb09f7045238cbc62ee237eb143dcdfe6	True	EXACT_NORMALIZED_ALLELE	PHASE1B_EXACT_NORMALIZED_ALLELE_V1	1.0.0	False	False
322	run-phase1a-60z59-hg002-grch38-v421	event-run-phase1a-60z59-hg002-grch38-v421-record-350	run-phase1a-ru88n-hg002-grch38-v421	event-run-phase1a-ru88n-hg002-grch38-v421-record-372	CROSS_RUN_EQUIVALENCE_UNRESOLVED	GRCh38|chr20|10118917|C|T	GRCh38|chr20|10118916|10118917|C|T	GRCh38|chr20|10118916|10118917|C|T	variant:sha256:b364ab5c016d16a76e927da53ef3db8b8325c934e553fd5b9f20bd7d34a5d671	variant:sha256:b364ab5c016d16a76e927da53ef3db8b8325c934e553fd5b9f20bd7d34a5d671	True	EXACT_NORMALIZED_ALLELE	PHASE1B_EXACT_NORMALIZED_ALLELE_V1	1.0.0	False	False
323	run-phase1a-60z59-hg002-grch38-v421	event-run-phase1a-60z59-hg002-grch38-v421-record-351	run-phase1a-ru88n-hg002-grch38-v421	event-run-phase1a-ru88n-hg002-grch38-v421-record-373	CROSS_RUN_EQUIVALENCE_UNRESOLVED	GRCh38|chr20|10119107|C|T	GRCh38|chr20|10119106|10119107|C|T	GRCh38|chr20|10119106|10119107|C|T	variant:sha256:f6d7d755c42b138b3da8054e180df07f2f2cfaf4ec926604c761580b44ec8537	variant:sha256:f6d7d755c42b138b3da8054e180df07f2f2cfaf4ec926604c761580b44ec8537	True	EXACT_NORMALIZED_ALLELE	PHASE1B_EXACT_NORMALIZED_ALLELE_V1	1.0.0	False	False
324	run-phase1a-60z59-hg002-grch38-v421	event-run-phase1a-60z59-hg002-grch38-v421-record-352	run-phase1a-ru88n-hg002-grch38-v421	event-run-phase1a-ru88n-hg002-grch38-v421-record-374	CROSS_RUN_EQUIVALENCE_UNRESOLVED	GRCh38|chr20|10119184|A|G	GRCh38|chr20|10119183|10119184|A|G	GRCh38|chr20|10119183|10119184|A|G	variant:sha256:a6198757f2f7c8a9e333222035f294b8387ff0aef9aec97a12ea28c042d91c29	variant:sha256:a6198757f2f7c8a9e333222035f294b8387ff0aef9aec97a12ea28c042d91c29	True	EXACT_NORMALIZED_ALLELE	PHASE1B_EXACT_NORMALIZED_ALLELE_V1	1.0.0	False	False
325	run-phase1a-60z59-hg002-grch38-v421	event-run-phase1a-60z59-hg002-grch38-v421-record-353	run-phase1a-ru88n-hg002-grch38-v421	event-run-phase1a-ru88n-hg002-grch38-v421-record-375	CROSS_RUN_EQUIVALENCE_UNRESOLVED	GRCh38|chr20|10119820|T|C	GRCh38|chr20|10119819|10119820|T|C	GRCh38|chr20|10119819|10119820|T|C	variant:sha256:7ecfcb79b6f8bab5f6a2255c16f90c5cab3f6bdaee0c1e392b3654bfcbfc468f	variant:sha256:7ecfcb79b6f8bab5f6a2255c16f90c5cab3f6bdaee0c1e392b3654bfcbfc468f	True	EXACT_NORMALIZED_ALLELE	PHASE1B_EXACT_NORMALIZED_ALLELE_V1	1.0.0	False	False
326	run-phase1a-60z59-hg002-grch38-v421	event-run-phase1a-60z59-hg002-grch38-v421-record-354	run-phase1a-ru88n-hg002-grch38-v421	event-run-phase1a-ru88n-hg002-grch38-v421-record-376	CROSS_RUN_EQUIVALENCE_UNRESOLVED	GRCh38|chr20|10119891|CTTCTAG|C	GRCh38|chr20|10119890|10119897|CTTCTAG|C	GRCh38|chr20|10119890|10119897|CTTCTAG|C	variant:sha256:8cc9446d45cccf079efc62ff6d05f5f287acb79aa1cbac3c7aaa27a49ce74b22	variant:sha256:8cc9446d45cccf079efc62ff6d05f5f287acb79aa1cbac3c7aaa27a49ce74b22	True	EXACT_NORMALIZED_ALLELE	PHASE1B_EXACT_NORMALIZED_ALLELE_V1	1.0.0	False	False
327	run-phase1a-60z59-hg002-grch38-v421	event-run-phase1a-60z59-hg002-grch38-v421-record-355	run-phase1a-ru88n-hg002-grch38-v421	event-run-phase1a-ru88n-hg002-grch38-v421-record-377	CROSS_RUN_EQUIVALENCE_UNRESOLVED	GRCh38|chr20|10120197|G|C	GRCh38|chr20|10120196|10120197|G|C	GRCh38|chr20|10120196|10120197|G|C	variant:sha256:8fa0a2a67549f80fc901386651a16f800fa126f9d0da66985bd49e48cb27003c	variant:sha256:8fa0a2a67549f80fc901386651a16f800fa126f9d0da66985bd49e48cb27003c	True	EXACT_NORMALIZED_ALLELE	PHASE1B_EXACT_NORMALIZED_ALLELE_V1	1.0.0	False	False
328	run-phase1a-60z59-hg002-grch38-v421	event-run-phase1a-60z59-hg002-grch38-v421-record-356	run-phase1a-ru88n-hg002-grch38-v421	event-run-phase1a-ru88n-hg002-grch38-v421-record-378	CROSS_RUN_EQUIVALENCE_UNRESOLVED	GRCh38|chr20|10120620|TAA|T	GRCh38|chr20|10120619|10120622|TAA|T	GRCh38|chr20|10120619|10120622|TAA|T	variant:sha256:3d22d89a5de1da088fb7c9657249352232a55a3d7930180390c047ed4e970a29	variant:sha256:3d22d89a5de1da088fb7c9657249352232a55a3d7930180390c047ed4e970a29	True	EXACT_NORMALIZED_ALLELE	PHASE1B_EXACT_NORMALIZED_ALLELE_V1	1.0.0	False	False
329	run-phase1a-60z59-hg002-grch38-v421	event-run-phase1a-60z59-hg002-grch38-v421-record-357	run-phase1a-ru88n-hg002-grch38-v421	event-run-phase1a-ru88n-hg002-grch38-v421-record-379	CROSS_RUN_EQUIVALENCE_UNRESOLVED	GRCh38|chr20|10120640|A|G	GRCh38|chr20|10120639|10120640|A|G	GRCh38|chr20|10120639|10120640|A|G	variant:sha256:db75500614d70dc82698bbe22fa5ae76301149f81771671921c6beca35855769	variant:sha256:db75500614d70dc82698bbe22fa5ae76301149f81771671921c6beca35855769	True	EXACT_NORMALIZED_ALLELE	PHASE1B_EXACT_NORMALIZED_ALLELE_V1	1.0.0	False	False
330	run-phase1a-60z59-hg002-grch38-v421	event-run-phase1a-60z59-hg002-grch38-v421-record-359	run-phase1a-ru88n-hg002-grch38-v421	event-run-phase1a-ru88n-hg002-grch38-v421-record-381	CROSS_RUN_EQUIVALENCE_UNRESOLVED	GRCh38|chr20|10121030|G|GTG	GRCh38|chr20|10121029|10121030|G|GTG	GRCh38|chr20|10121029|10121030|G|GTG	variant:sha256:2f0654378b67280530acbc565e26f52bfa7c5a936c9e0f4758478ac15386c9a7	variant:sha256:2f0654378b67280530acbc565e26f52bfa7c5a936c9e0f4758478ac15386c9a7	True	EXACT_NORMALIZED_ALLELE	PHASE1B_EXACT_NORMALIZED_ALLELE_V1	1.0.0	False	False
331	run-phase1a-60z59-hg002-grch38-v421	event-run-phase1a-60z59-hg002-grch38-v421-record-360	run-phase1a-ru88n-hg002-grch38-v421	event-run-phase1a-ru88n-hg002-grch38-v421-record-382	CROSS_RUN_EQUIVALENCE_UNRESOLVED	GRCh38|chr20|10121232|A|G	GRCh38|chr20|10121231|10121232|A|G	GRCh38|chr20|10121231|10121232|A|G	variant:sha256:608831dd8a4b8e64d634d7952006a80d1e810315cb48ddc043e3c38dcaccdc3e	variant:sha256:608831dd8a4b8e64d634d7952006a80d1e810315cb48ddc043e3c38dcaccdc3e	True	EXACT_NORMALIZED_ALLELE	PHASE1B_EXACT_NORMALIZED_ALLELE_V1	1.0.0	False	False
332	run-phase1a-60z59-hg002-grch38-v421	event-run-phase1a-60z59-hg002-grch38-v421-record-361	run-phase1a-ru88n-hg002-grch38-v421	event-run-phase1a-ru88n-hg002-grch38-v421-record-383	CROSS_RUN_EQUIVALENCE_UNRESOLVED	GRCh38|chr20|10121264|C|T	GRCh38|chr20|10121263|10121264|C|T	GRCh38|chr20|10121263|10121264|C|T	variant:sha256:4e88d97fe372d44eaf9f7c00529f1cf179b5db66f00ca01bea194c6e7c40bdb4	variant:sha256:4e88d97fe372d44eaf9f7c00529f1cf179b5db66f00ca01bea194c6e7c40bdb4	True	EXACT_NORMALIZED_ALLELE	PHASE1B_EXACT_NORMALIZED_ALLELE_V1	1.0.0	False	False
333	run-phase1a-60z59-hg002-grch38-v421	event-run-phase1a-60z59-hg002-grch38-v421-record-362	run-phase1a-ru88n-hg002-grch38-v421	event-run-phase1a-ru88n-hg002-grch38-v421-record-384	CROSS_RUN_EQUIVALENCE_UNRESOLVED	GRCh38|chr20|10121586|C|T	GRCh38|chr20|10121585|10121586|C|T	GRCh38|chr20|10121585|10121586|C|T	variant:sha256:2e83efebaab46d7633557421ce9a4bfeab4d7646b0bb34bb1203938121660ba3	variant:sha256:2e83efebaab46d7633557421ce9a4bfeab4d7646b0bb34bb1203938121660ba3	True	EXACT_NORMALIZED_ALLELE	PHASE1B_EXACT_NORMALIZED_ALLELE_V1	1.0.0	False	False
334	run-phase1a-60z59-hg002-grch38-v421	event-run-phase1a-60z59-hg002-grch38-v421-record-363	run-phase1a-ru88n-hg002-grch38-v421	event-run-phase1a-ru88n-hg002-grch38-v421-record-385	CROSS_RUN_EQUIVALENCE_UNRESOLVED	GRCh38|chr20|10121599|G|A	GRCh38|chr20|10121598|10121599|G|A	GRCh38|chr20|10121598|10121599|G|A	variant:sha256:362d6139b4647f435621337d17dee8545d4013bc619d906601f8e73a17dd3024	variant:sha256:362d6139b4647f435621337d17dee8545d4013bc619d906601f8e73a17dd3024	True	EXACT_NORMALIZED_ALLELE	PHASE1B_EXACT_NORMALIZED_ALLELE_V1	1.0.0	False	False
335	run-phase1a-60z59-hg002-grch38-v421	event-run-phase1a-60z59-hg002-grch38-v421-record-364	run-phase1a-ru88n-hg002-grch38-v421	event-run-phase1a-ru88n-hg002-grch38-v421-record-386	CROSS_RUN_EQUIVALENCE_UNRESOLVED	GRCh38|chr20|10121600|T|C	GRCh38|chr20|10121599|10121600|T|C	GRCh38|chr20|10121599|10121600|T|C	variant:sha256:95daca7643dc49be085d61f098977c8fbecb68e945099fee4edef1a61e1ea593	variant:sha256:95daca7643dc49be085d61f098977c8fbecb68e945099fee4edef1a61e1ea593	True	EXACT_NORMALIZED_ALLELE	PHASE1B_EXACT_NORMALIZED_ALLELE_V1	1.0.0	False	False
336	run-phase1a-60z59-hg002-grch38-v421	event-run-phase1a-60z59-hg002-grch38-v421-record-365	run-phase1a-ru88n-hg002-grch38-v421	event-run-phase1a-ru88n-hg002-grch38-v421-record-387	CROSS_RUN_EQUIVALENCE_UNRESOLVED	GRCh38|chr20|10121715|A|T	GRCh38|chr20|10121714|10121715|A|T	GRCh38|chr20|10121714|10121715|A|T	variant:sha256:9fab205e814eaa5f306097a23b3653a93f7fdbd2e789ee6fb82fd1f24f9a5c37	variant:sha256:9fab205e814eaa5f306097a23b3653a93f7fdbd2e789ee6fb82fd1f24f9a5c37	True	EXACT_NORMALIZED_ALLELE	PHASE1B_EXACT_NORMALIZED_ALLELE_V1	1.0.0	False	False
337	run-phase1a-60z59-hg002-grch38-v421	event-run-phase1a-60z59-hg002-grch38-v421-record-366	run-phase1a-ru88n-hg002-grch38-v421	event-run-phase1a-ru88n-hg002-grch38-v421-record-388	CROSS_RUN_EQUIVALENCE_UNRESOLVED	GRCh38|chr20|10121882|C|T	GRCh38|chr20|10121881|10121882|C|T	GRCh38|chr20|10121881|10121882|C|T	variant:sha256:449d5996a9effb1a1e6f7ff45644597560c3c172c913ec594a0b62f80f93131c	variant:sha256:449d5996a9effb1a1e6f7ff45644597560c3c172c913ec594a0b62f80f93131c	True	EXACT_NORMALIZED_ALLELE	PHASE1B_EXACT_NORMALIZED_ALLELE_V1	1.0.0	False	False
338	run-phase1a-60z59-hg002-grch38-v421	event-run-phase1a-60z59-hg002-grch38-v421-record-367	run-phase1a-ru88n-hg002-grch38-v421	event-run-phase1a-ru88n-hg002-grch38-v421-record-389	CROSS_RUN_EQUIVALENCE_UNRESOLVED	GRCh38|chr20|10121883|A|G	GRCh38|chr20|10121882|10121883|A|G	GRCh38|chr20|10121882|10121883|A|G	variant:sha256:278be510f29917f40df9ebe1472f3c77b9fda454826f08d63485005f981ddcc6	variant:sha256:278be510f29917f40df9ebe1472f3c77b9fda454826f08d63485005f981ddcc6	True	EXACT_NORMALIZED_ALLELE	PHASE1B_EXACT_NORMALIZED_ALLELE_V1	1.0.0	False	False
339	run-phase1a-60z59-hg002-grch38-v421	event-run-phase1a-60z59-hg002-grch38-v421-record-368	run-phase1a-ru88n-hg002-grch38-v421	event-run-phase1a-ru88n-hg002-grch38-v421-record-390	CROSS_RUN_EQUIVALENCE_UNRESOLVED	GRCh38|chr20|10122079|G|T	GRCh38|chr20|10122078|10122079|G|T	GRCh38|chr20|10122078|10122079|G|T	variant:sha256:fab9fbf8e9264f443c60909e168636958126a636eecde72e2c487adf3e2bfae1	variant:sha256:fab9fbf8e9264f443c60909e168636958126a636eecde72e2c487adf3e2bfae1	True	EXACT_NORMALIZED_ALLELE	PHASE1B_EXACT_NORMALIZED_ALLELE_V1	1.0.0	False	False
340	run-phase1a-60z59-hg002-grch38-v421	event-run-phase1a-60z59-hg002-grch38-v421-record-369	run-phase1a-ru88n-hg002-grch38-v421	event-run-phase1a-ru88n-hg002-grch38-v421-record-391	CROSS_RUN_EQUIVALENCE_UNRESOLVED	GRCh38|chr20|10122256|C|A	GRCh38|chr20|10122255|10122256|C|A	GRCh38|chr20|10122255|10122256|C|A	variant:sha256:ee8cac0874416d2c173acf276a907a9877792f524aeb0a589407096059288b8f	variant:sha256:ee8cac0874416d2c173acf276a907a9877792f524aeb0a589407096059288b8f	True	EXACT_NORMALIZED_ALLELE	PHASE1B_EXACT_NORMALIZED_ALLELE_V1	1.0.0	False	False
341	run-phase1a-60z59-hg002-grch38-v421	event-run-phase1a-60z59-hg002-grch38-v421-record-370	run-phase1a-ru88n-hg002-grch38-v421	event-run-phase1a-ru88n-hg002-grch38-v421-record-392	CROSS_RUN_EQUIVALENCE_UNRESOLVED	GRCh38|chr20|10122462|G|C	GRCh38|chr20|10122461|10122462|G|C	GRCh38|chr20|10122461|10122462|G|C	variant:sha256:c150c8a58a97ac1666261855dc63f12ba515bdedb0e63a11e35dc7005f4f4634	variant:sha256:c150c8a58a97ac1666261855dc63f12ba515bdedb0e63a11e35dc7005f4f4634	True	EXACT_NORMALIZED_ALLELE	PHASE1B_EXACT_NORMALIZED_ALLELE_V1	1.0.0	False	False
342	run-phase1a-60z59-hg002-grch38-v421	event-run-phase1a-60z59-hg002-grch38-v421-record-371	run-phase1a-ru88n-hg002-grch38-v421	event-run-phase1a-ru88n-hg002-grch38-v421-record-393	CROSS_RUN_EQUIVALENCE_UNRESOLVED	GRCh38|chr20|10122653|C|T	GRCh38|chr20|10122652|10122653|C|T	GRCh38|chr20|10122652|10122653|C|T	variant:sha256:0bb877688f2d0ca534e18b8593a2e53f59d52ddb0e2967f1f71685ac930695db	variant:sha256:0bb877688f2d0ca534e18b8593a2e53f59d52ddb0e2967f1f71685ac930695db	True	EXACT_NORMALIZED_ALLELE	PHASE1B_EXACT_NORMALIZED_ALLELE_V1	1.0.0	False	False
343	run-phase1a-60z59-hg002-grch38-v421	event-run-phase1a-60z59-hg002-grch38-v421-record-372	run-phase1a-ru88n-hg002-grch38-v421	event-run-phase1a-ru88n-hg002-grch38-v421-record-394	CROSS_RUN_EQUIVALENCE_UNRESOLVED	GRCh38|chr20|10122672|G|C	GRCh38|chr20|10122671|10122672|G|C	GRCh38|chr20|10122671|10122672|G|C	variant:sha256:f9e140941dcf8834bf5aac4f01c7958dfed3b8b8ea7dbfa5f1847245e1674a21	variant:sha256:f9e140941dcf8834bf5aac4f01c7958dfed3b8b8ea7dbfa5f1847245e1674a21	True	EXACT_NORMALIZED_ALLELE	PHASE1B_EXACT_NORMALIZED_ALLELE_V1	1.0.0	False	False
344	run-phase1a-60z59-hg002-grch38-v421	event-run-phase1a-60z59-hg002-grch38-v421-record-373	run-phase1a-ru88n-hg002-grch38-v421	event-run-phase1a-ru88n-hg002-grch38-v421-record-395	CROSS_RUN_EQUIVALENCE_UNRESOLVED	GRCh38|chr20|10122685|G|A	GRCh38|chr20|10122684|10122685|G|A	GRCh38|chr20|10122684|10122685|G|A	variant:sha256:1fdd4a7364208f057a500cc21676a3194e07db99008b64c31e87b09585ac54e6	variant:sha256:1fdd4a7364208f057a500cc21676a3194e07db99008b64c31e87b09585ac54e6	True	EXACT_NORMALIZED_ALLELE	PHASE1B_EXACT_NORMALIZED_ALLELE_V1	1.0.0	False	False
345	run-phase1a-60z59-hg002-grch38-v421	event-run-phase1a-60z59-hg002-grch38-v421-record-374	run-phase1a-ru88n-hg002-grch38-v421	event-run-phase1a-ru88n-hg002-grch38-v421-record-396	CROSS_RUN_EQUIVALENCE_UNRESOLVED	GRCh38|chr20|10122904|T|G	GRCh38|chr20|10122903|10122904|T|G	GRCh38|chr20|10122903|10122904|T|G	variant:sha256:349cd1fb0d5c9f3d0fd5e51006546ad6e000e430784012d11a5cea413b7b2189	variant:sha256:349cd1fb0d5c9f3d0fd5e51006546ad6e000e430784012d11a5cea413b7b2189	True	EXACT_NORMALIZED_ALLELE	PHASE1B_EXACT_NORMALIZED_ALLELE_V1	1.0.0	False	False
346	run-phase1a-60z59-hg002-grch38-v421	event-run-phase1a-60z59-hg002-grch38-v421-record-375	run-phase1a-ru88n-hg002-grch38-v421	event-run-phase1a-ru88n-hg002-grch38-v421-record-397	CROSS_RUN_EQUIVALENCE_UNRESOLVED	GRCh38|chr20|10123032|G|T	GRCh38|chr20|10123031|10123032|G|T	GRCh38|chr20|10123031|10123032|G|T	variant:sha256:2e06571a6d2e1beeab40c2c49ce1a41fdb466776be61dc2eb057411ff9827762	variant:sha256:2e06571a6d2e1beeab40c2c49ce1a41fdb466776be61dc2eb057411ff9827762	True	EXACT_NORMALIZED_ALLELE	PHASE1B_EXACT_NORMALIZED_ALLELE_V1	1.0.0	False	False
347	run-phase1a-60z59-hg002-grch38-v421	event-run-phase1a-60z59-hg002-grch38-v421-record-376	run-phase1a-ru88n-hg002-grch38-v421	event-run-phase1a-ru88n-hg002-grch38-v421-record-398	CROSS_RUN_EQUIVALENCE_UNRESOLVED	GRCh38|chr20|10123103|G|T	GRCh38|chr20|10123102|10123103|G|T	GRCh38|chr20|10123102|10123103|G|T	variant:sha256:96d57dbc5cac61fa1bad7041ddb90b1e13c4e5b708fbcd4037eb07c1181ac86b	variant:sha256:96d57dbc5cac61fa1bad7041ddb90b1e13c4e5b708fbcd4037eb07c1181ac86b	True	EXACT_NORMALIZED_ALLELE	PHASE1B_EXACT_NORMALIZED_ALLELE_V1	1.0.0	False	False
348	run-phase1a-60z59-hg002-grch38-v421	event-run-phase1a-60z59-hg002-grch38-v421-record-377	run-phase1a-ru88n-hg002-grch38-v421	event-run-phase1a-ru88n-hg002-grch38-v421-record-399	CROSS_RUN_EQUIVALENCE_UNRESOLVED	GRCh38|chr20|10123180|T|A	GRCh38|chr20|10123179|10123180|T|A	GRCh38|chr20|10123179|10123180|T|A	variant:sha256:cabb224d097581762df36af57ebf5085be4c177b4013b50970a113f3d574b76d	variant:sha256:cabb224d097581762df36af57ebf5085be4c177b4013b50970a113f3d574b76d	True	EXACT_NORMALIZED_ALLELE	PHASE1B_EXACT_NORMALIZED_ALLELE_V1	1.0.0	False	False
349	run-phase1a-60z59-hg002-grch38-v421	event-run-phase1a-60z59-hg002-grch38-v421-record-378	run-phase1a-ru88n-hg002-grch38-v421	event-run-phase1a-ru88n-hg002-grch38-v421-record-400	CROSS_RUN_EQUIVALENCE_UNRESOLVED	GRCh38|chr20|10123201|T|C	GRCh38|chr20|10123200|10123201|T|C	GRCh38|chr20|10123200|10123201|T|C	variant:sha256:a30fd07fa613c5e6807b0c7673c026551ee119b26b32358843e0cf3a8adf2472	variant:sha256:a30fd07fa613c5e6807b0c7673c026551ee119b26b32358843e0cf3a8adf2472	True	EXACT_NORMALIZED_ALLELE	PHASE1B_EXACT_NORMALIZED_ALLELE_V1	1.0.0	False	False
350	run-phase1a-60z59-hg002-grch38-v421	event-run-phase1a-60z59-hg002-grch38-v421-record-379	run-phase1a-ru88n-hg002-grch38-v421	event-run-phase1a-ru88n-hg002-grch38-v421-record-401	CROSS_RUN_EQUIVALENCE_UNRESOLVED	GRCh38|chr20|10123202|G|A	GRCh38|chr20|10123201|10123202|G|A	GRCh38|chr20|10123201|10123202|G|A	variant:sha256:bf2bbfaf565b0102c4899119734eeea4294feb6e1e2f96b2d041a154d021b41d	variant:sha256:bf2bbfaf565b0102c4899119734eeea4294feb6e1e2f96b2d041a154d021b41d	True	EXACT_NORMALIZED_ALLELE	PHASE1B_EXACT_NORMALIZED_ALLELE_V1	1.0.0	False	False
351	run-phase1a-60z59-hg002-grch38-v421	event-run-phase1a-60z59-hg002-grch38-v421-record-380	run-phase1a-ru88n-hg002-grch38-v421	event-run-phase1a-ru88n-hg002-grch38-v421-record-402	CROSS_RUN_EQUIVALENCE_UNRESOLVED	GRCh38|chr20|10123370|C|T	GRCh38|chr20|10123369|10123370|C|T	GRCh38|chr20|10123369|10123370|C|T	variant:sha256:09cb6b77163289321bee1b99384f100c326d603f3d2c311de67a6654bc9ef3de	variant:sha256:09cb6b77163289321bee1b99384f100c326d603f3d2c311de67a6654bc9ef3de	True	EXACT_NORMALIZED_ALLELE	PHASE1B_EXACT_NORMALIZED_ALLELE_V1	1.0.0	False	False
352	run-phase1a-60z59-hg002-grch38-v421	event-run-phase1a-60z59-hg002-grch38-v421-record-381	run-phase1a-ru88n-hg002-grch38-v421	event-run-phase1a-ru88n-hg002-grch38-v421-record-403	CROSS_RUN_EQUIVALENCE_UNRESOLVED	GRCh38|chr20|10123945|G|C	GRCh38|chr20|10123944|10123945|G|C	GRCh38|chr20|10123944|10123945|G|C	variant:sha256:d6b6a034368f523a2afc6978464c2832e768f30d260e7df6fae7e2b8c25b3966	variant:sha256:d6b6a034368f523a2afc6978464c2832e768f30d260e7df6fae7e2b8c25b3966	True	EXACT_NORMALIZED_ALLELE	PHASE1B_EXACT_NORMALIZED_ALLELE_V1	1.0.0	False	False
353	run-phase1a-60z59-hg002-grch38-v421	event-run-phase1a-60z59-hg002-grch38-v421-record-382	run-phase1a-ru88n-hg002-grch38-v421	event-run-phase1a-ru88n-hg002-grch38-v421-record-404	CROSS_RUN_EQUIVALENCE_UNRESOLVED	GRCh38|chr20|10124000|AG|A	GRCh38|chr20|10123999|10124001|AG|A	GRCh38|chr20|10123999|10124001|AG|A	variant:sha256:7cff63ed06030db23813ae4567a2c36d6f2bcf5abf579c5663cc96e0681535a1	variant:sha256:7cff63ed06030db23813ae4567a2c36d6f2bcf5abf579c5663cc96e0681535a1	True	EXACT_NORMALIZED_ALLELE	PHASE1B_EXACT_NORMALIZED_ALLELE_V1	1.0.0	False	False
354	run-phase1a-60z59-hg002-grch38-v421	event-run-phase1a-60z59-hg002-grch38-v421-record-383	run-phase1a-ru88n-hg002-grch38-v421	event-run-phase1a-ru88n-hg002-grch38-v421-record-405	CROSS_RUN_EQUIVALENCE_UNRESOLVED	GRCh38|chr20|10124046|T|G	GRCh38|chr20|10124045|10124046|T|G	GRCh38|chr20|10124045|10124046|T|G	variant:sha256:f6a2c4ea71838ed94f2e6ebfdeb96fbaee7ee0b5d826585fc197c5610fcb2963	variant:sha256:f6a2c4ea71838ed94f2e6ebfdeb96fbaee7ee0b5d826585fc197c5610fcb2963	True	EXACT_NORMALIZED_ALLELE	PHASE1B_EXACT_NORMALIZED_ALLELE_V1	1.0.0	False	False
355	run-phase1a-60z59-hg002-grch38-v421	event-run-phase1a-60z59-hg002-grch38-v421-record-384	run-phase1a-ru88n-hg002-grch38-v421	event-run-phase1a-ru88n-hg002-grch38-v421-record-406	CROSS_RUN_EQUIVALENCE_UNRESOLVED	GRCh38|chr20|10124418|GA|G	GRCh38|chr20|10124417|10124419|GA|G	GRCh38|chr20|10124417|10124419|GA|G	variant:sha256:c6d3c2b01ca42f67fbc0a685efd1582b100c1b0285276066d78abcd83ee2305b	variant:sha256:c6d3c2b01ca42f67fbc0a685efd1582b100c1b0285276066d78abcd83ee2305b	True	EXACT_NORMALIZED_ALLELE	PHASE1B_EXACT_NORMALIZED_ALLELE_V1	1.0.0	False	False
356	run-phase1a-60z59-hg002-grch38-v421	event-run-phase1a-60z59-hg002-grch38-v421-record-385	run-phase1a-ru88n-hg002-grch38-v421	event-run-phase1a-ru88n-hg002-grch38-v421-record-408	CROSS_RUN_EQUIVALENCE_UNRESOLVED	GRCh38|chr20|10124429|G|A	GRCh38|chr20|10124428|10124429|G|A	GRCh38|chr20|10124428|10124429|G|A	variant:sha256:0f7aa45d82cac7e747e84d7b7aa08132a058dfa509a34357e2b9f8945664f2a6	variant:sha256:0f7aa45d82cac7e747e84d7b7aa08132a058dfa509a34357e2b9f8945664f2a6	True	EXACT_NORMALIZED_ALLELE	PHASE1B_EXACT_NORMALIZED_ALLELE_V1	1.0.0	False	False
357	run-phase1a-60z59-hg002-grch38-v421	event-run-phase1a-60z59-hg002-grch38-v421-record-386	run-phase1a-ru88n-hg002-grch38-v421	event-run-phase1a-ru88n-hg002-grch38-v421-record-409	CROSS_RUN_EQUIVALENCE_UNRESOLVED	GRCh38|chr20|10124447|A|T	GRCh38|chr20|10124446|10124447|A|T	GRCh38|chr20|10124446|10124447|A|T	variant:sha256:317d32bdb5fded22e8440cbb43a796275c633b89a22fa12be32ba0d850733260	variant:sha256:317d32bdb5fded22e8440cbb43a796275c633b89a22fa12be32ba0d850733260	True	EXACT_NORMALIZED_ALLELE	PHASE1B_EXACT_NORMALIZED_ALLELE_V1	1.0.0	False	False
358	run-phase1a-60z59-hg002-grch38-v421	event-run-phase1a-60z59-hg002-grch38-v421-record-387	run-phase1a-ru88n-hg002-grch38-v421	event-run-phase1a-ru88n-hg002-grch38-v421-record-410	CROSS_RUN_EQUIVALENCE_UNRESOLVED	GRCh38|chr20|10124586|A|T	GRCh38|chr20|10124585|10124586|A|T	GRCh38|chr20|10124585|10124586|A|T	variant:sha256:5590434583f17bb8c4753db0a8b3831d5b08d446b239260b1c2aeee02ad26fab	variant:sha256:5590434583f17bb8c4753db0a8b3831d5b08d446b239260b1c2aeee02ad26fab	True	EXACT_NORMALIZED_ALLELE	PHASE1B_EXACT_NORMALIZED_ALLELE_V1	1.0.0	False	False
359	run-phase1a-60z59-hg002-grch38-v421	event-run-phase1a-60z59-hg002-grch38-v421-record-388	run-phase1a-ru88n-hg002-grch38-v421	event-run-phase1a-ru88n-hg002-grch38-v421-record-411	CROSS_RUN_EQUIVALENCE_UNRESOLVED	GRCh38|chr20|10124710|A|G	GRCh38|chr20|10124709|10124710|A|G	GRCh38|chr20|10124709|10124710|A|G	variant:sha256:bbe7e06fdc5e82fee62a9356ad473dc6ae7036aa0a3a1a81e6935efe052082db	variant:sha256:bbe7e06fdc5e82fee62a9356ad473dc6ae7036aa0a3a1a81e6935efe052082db	True	EXACT_NORMALIZED_ALLELE	PHASE1B_EXACT_NORMALIZED_ALLELE_V1	1.0.0	False	False
360	run-phase1a-60z59-hg002-grch38-v421	event-run-phase1a-60z59-hg002-grch38-v421-record-389	run-phase1a-ru88n-hg002-grch38-v421	event-run-phase1a-ru88n-hg002-grch38-v421-record-412	CROSS_RUN_EQUIVALENCE_UNRESOLVED	GRCh38|chr20|10125304|C|A	GRCh38|chr20|10125303|10125304|C|A	GRCh38|chr20|10125303|10125304|C|A	variant:sha256:c2190528f1551ece833f2e29e57687f0c36157d41f71cd53e79e1514934b3451	variant:sha256:c2190528f1551ece833f2e29e57687f0c36157d41f71cd53e79e1514934b3451	True	EXACT_NORMALIZED_ALLELE	PHASE1B_EXACT_NORMALIZED_ALLELE_V1	1.0.0	False	False
361	run-phase1a-60z59-hg002-grch38-v421	event-run-phase1a-60z59-hg002-grch38-v421-record-390	run-phase1a-ru88n-hg002-grch38-v421	event-run-phase1a-ru88n-hg002-grch38-v421-record-413	CROSS_RUN_EQUIVALENCE_UNRESOLVED	GRCh38|chr20|10125756|T|C	GRCh38|chr20|10125755|10125756|T|C	GRCh38|chr20|10125755|10125756|T|C	variant:sha256:6b50a78254dac9715e30d627c8ec0371f4f12ef20230079844acfbeceaba10df	variant:sha256:6b50a78254dac9715e30d627c8ec0371f4f12ef20230079844acfbeceaba10df	True	EXACT_NORMALIZED_ALLELE	PHASE1B_EXACT_NORMALIZED_ALLELE_V1	1.0.0	False	False
362	run-phase1a-60z59-hg002-grch38-v421	event-run-phase1a-60z59-hg002-grch38-v421-record-391	run-phase1a-ru88n-hg002-grch38-v421	event-run-phase1a-ru88n-hg002-grch38-v421-record-414	CROSS_RUN_EQUIVALENCE_UNRESOLVED	GRCh38|chr20|10125781|C|A	GRCh38|chr20|10125780|10125781|C|A	GRCh38|chr20|10125780|10125781|C|A	variant:sha256:e12a51e5014a7a9d152cfa0cee3eb645139a89f93825953ae154a798957e2f51	variant:sha256:e12a51e5014a7a9d152cfa0cee3eb645139a89f93825953ae154a798957e2f51	True	EXACT_NORMALIZED_ALLELE	PHASE1B_EXACT_NORMALIZED_ALLELE_V1	1.0.0	False	False
363	run-phase1a-60z59-hg002-grch38-v421	event-run-phase1a-60z59-hg002-grch38-v421-record-392	run-phase1a-ru88n-hg002-grch38-v421	event-run-phase1a-ru88n-hg002-grch38-v421-record-415	CROSS_RUN_EQUIVALENCE_UNRESOLVED	GRCh38|chr20|10126154|G|A	GRCh38|chr20|10126153|10126154|G|A	GRCh38|chr20|10126153|10126154|G|A	variant:sha256:625167ff93059017bd8e9ce0c020099fb650e46066a3da2dd3b03b9ab5d59d66	variant:sha256:625167ff93059017bd8e9ce0c020099fb650e46066a3da2dd3b03b9ab5d59d66	True	EXACT_NORMALIZED_ALLELE	PHASE1B_EXACT_NORMALIZED_ALLELE_V1	1.0.0	False	False
364	run-phase1a-60z59-hg002-grch38-v421	event-run-phase1a-60z59-hg002-grch38-v421-record-393	run-phase1a-ru88n-hg002-grch38-v421	event-run-phase1a-ru88n-hg002-grch38-v421-record-416	CROSS_RUN_EQUIVALENCE_UNRESOLVED	GRCh38|chr20|10126210|C|G	GRCh38|chr20|10126209|10126210|C|G	GRCh38|chr20|10126209|10126210|C|G	variant:sha256:1c5a8bf9671d5da2c69d7734989a3521bc4d1af67e2e827d6f02e2bbdb0dd466	variant:sha256:1c5a8bf9671d5da2c69d7734989a3521bc4d1af67e2e827d6f02e2bbdb0dd466	True	EXACT_NORMALIZED_ALLELE	PHASE1B_EXACT_NORMALIZED_ALLELE_V1	1.0.0	False	False
365	run-phase1a-60z59-hg002-grch38-v421	event-run-phase1a-60z59-hg002-grch38-v421-record-394	run-phase1a-ru88n-hg002-grch38-v421	event-run-phase1a-ru88n-hg002-grch38-v421-record-417	CROSS_RUN_EQUIVALENCE_UNRESOLVED	GRCh38|chr20|10126241|C|T	GRCh38|chr20|10126240|10126241|C|T	GRCh38|chr20|10126240|10126241|C|T	variant:sha256:8200f18b641104ec20cc55ae420ce338f4a1f4c6053a0af9a40c85208caf6656	variant:sha256:8200f18b641104ec20cc55ae420ce338f4a1f4c6053a0af9a40c85208caf6656	True	EXACT_NORMALIZED_ALLELE	PHASE1B_EXACT_NORMALIZED_ALLELE_V1	1.0.0	False	False
366	run-phase1a-60z59-hg002-grch38-v421	event-run-phase1a-60z59-hg002-grch38-v421-record-395	run-phase1a-ru88n-hg002-grch38-v421	event-run-phase1a-ru88n-hg002-grch38-v421-record-418	CROSS_RUN_EQUIVALENCE_UNRESOLVED	GRCh38|chr20|10126399|AG|A	GRCh38|chr20|10126398|10126400|AG|A	GRCh38|chr20|10126398|10126400|AG|A	variant:sha256:e80b692a942f06c5e1cdb71ccba3ba71a62195f530b0302ca986157ddf0a06ee	variant:sha256:e80b692a942f06c5e1cdb71ccba3ba71a62195f530b0302ca986157ddf0a06ee	True	EXACT_NORMALIZED_ALLELE	PHASE1B_EXACT_NORMALIZED_ALLELE_V1	1.0.0	False	False
367	run-phase1a-60z59-hg002-grch38-v421	event-run-phase1a-60z59-hg002-grch38-v421-record-396	run-phase1a-ru88n-hg002-grch38-v421	event-run-phase1a-ru88n-hg002-grch38-v421-record-419	CROSS_RUN_EQUIVALENCE_UNRESOLVED	GRCh38|chr20|10126404|C|T	GRCh38|chr20|10126403|10126404|C|T	GRCh38|chr20|10126403|10126404|C|T	variant:sha256:052f4c8eeaac189a22ec566748c8cee4f71ac4708c01191da1562b4a389754bc	variant:sha256:052f4c8eeaac189a22ec566748c8cee4f71ac4708c01191da1562b4a389754bc	True	EXACT_NORMALIZED_ALLELE	PHASE1B_EXACT_NORMALIZED_ALLELE_V1	1.0.0	False	False
368	run-phase1a-60z59-hg002-grch38-v421	event-run-phase1a-60z59-hg002-grch38-v421-record-398	run-phase1a-ru88n-hg002-grch38-v421	event-run-phase1a-ru88n-hg002-grch38-v421-record-421	CROSS_RUN_EQUIVALENCE_UNRESOLVED	GRCh38|chr20|10126967|C|T	GRCh38|chr20|10126966|10126967|C|T	GRCh38|chr20|10126966|10126967|C|T	variant:sha256:b827ee2f6015d0f3657756cc7d7eab836886234a0ad7adb6ac3fb23c91af646b	variant:sha256:b827ee2f6015d0f3657756cc7d7eab836886234a0ad7adb6ac3fb23c91af646b	True	EXACT_NORMALIZED_ALLELE	PHASE1B_EXACT_NORMALIZED_ALLELE_V1	1.0.0	False	False
369	run-phase1a-60z59-hg002-grch38-v421	event-run-phase1a-60z59-hg002-grch38-v421-record-399	run-phase1a-ru88n-hg002-grch38-v421	event-run-phase1a-ru88n-hg002-grch38-v421-record-422	CROSS_RUN_EQUIVALENCE_UNRESOLVED	GRCh38|chr20|10127038|C|T	GRCh38|chr20|10127037|10127038|C|T	GRCh38|chr20|10127037|10127038|C|T	variant:sha256:bb24ddad61ea55b64bcb64e840d2c648bdcf6f7cccfe057a9eeced9f4d4f8378	variant:sha256:bb24ddad61ea55b64bcb64e840d2c648bdcf6f7cccfe057a9eeced9f4d4f8378	True	EXACT_NORMALIZED_ALLELE	PHASE1B_EXACT_NORMALIZED_ALLELE_V1	1.0.0	False	False
370	run-phase1a-60z59-hg002-grch38-v421	event-run-phase1a-60z59-hg002-grch38-v421-record-400	run-phase1a-ru88n-hg002-grch38-v421	event-run-phase1a-ru88n-hg002-grch38-v421-record-423	CROSS_RUN_EQUIVALENCE_UNRESOLVED	GRCh38|chr20|10127425|C|G	GRCh38|chr20|10127424|10127425|C|G	GRCh38|chr20|10127424|10127425|C|G	variant:sha256:ab57e8de197b1f6e04d088fb3141dadf2dffd1b1e53c8a7f890b9e8b71a81bb2	variant:sha256:ab57e8de197b1f6e04d088fb3141dadf2dffd1b1e53c8a7f890b9e8b71a81bb2	True	EXACT_NORMALIZED_ALLELE	PHASE1B_EXACT_NORMALIZED_ALLELE_V1	1.0.0	False	False
371	run-phase1a-60z59-hg002-grch38-v421	event-run-phase1a-60z59-hg002-grch38-v421-record-401	run-phase1a-ru88n-hg002-grch38-v421	event-run-phase1a-ru88n-hg002-grch38-v421-record-424	CROSS_RUN_EQUIVALENCE_UNRESOLVED	GRCh38|chr20|10128106|T|G	GRCh38|chr20|10128105|10128106|T|G	GRCh38|chr20|10128105|10128106|T|G	variant:sha256:eccce705d5964c1b720d3a03de03086c0ee1fcc809c39fdc7c0ef2f12dd14f43	variant:sha256:eccce705d5964c1b720d3a03de03086c0ee1fcc809c39fdc7c0ef2f12dd14f43	True	EXACT_NORMALIZED_ALLELE	PHASE1B_EXACT_NORMALIZED_ALLELE_V1	1.0.0	False	False
372	run-phase1a-60z59-hg002-grch38-v421	event-run-phase1a-60z59-hg002-grch38-v421-record-402	run-phase1a-ru88n-hg002-grch38-v421	event-run-phase1a-ru88n-hg002-grch38-v421-record-425	CROSS_RUN_EQUIVALENCE_UNRESOLVED	GRCh38|chr20|10128218|C|T	GRCh38|chr20|10128217|10128218|C|T	GRCh38|chr20|10128217|10128218|C|T	variant:sha256:8e364f0ba2ee48a91cefc5291a094d427145af9f761112fa6e1ef79c57b18634	variant:sha256:8e364f0ba2ee48a91cefc5291a094d427145af9f761112fa6e1ef79c57b18634	True	EXACT_NORMALIZED_ALLELE	PHASE1B_EXACT_NORMALIZED_ALLELE_V1	1.0.0	False	False
373	run-phase1a-60z59-hg002-grch38-v421	event-run-phase1a-60z59-hg002-grch38-v421-record-403	run-phase1a-ru88n-hg002-grch38-v421	event-run-phase1a-ru88n-hg002-grch38-v421-record-426	CROSS_RUN_EQUIVALENCE_UNRESOLVED	GRCh38|chr20|10128293|T|C	GRCh38|chr20|10128292|10128293|T|C	GRCh38|chr20|10128292|10128293|T|C	variant:sha256:1e2fbf092a2f1c6a7fcf0b524f9a67fc0edc169825dfd77c60968d64736febc4	variant:sha256:1e2fbf092a2f1c6a7fcf0b524f9a67fc0edc169825dfd77c60968d64736febc4	True	EXACT_NORMALIZED_ALLELE	PHASE1B_EXACT_NORMALIZED_ALLELE_V1	1.0.0	False	False
374	run-phase1a-60z59-hg002-grch38-v421	event-run-phase1a-60z59-hg002-grch38-v421-record-404	run-phase1a-ru88n-hg002-grch38-v421	event-run-phase1a-ru88n-hg002-grch38-v421-record-427	CROSS_RUN_EQUIVALENCE_UNRESOLVED	GRCh38|chr20|10129061|C|G	GRCh38|chr20|10129060|10129061|C|G	GRCh38|chr20|10129060|10129061|C|G	variant:sha256:ab01a05bd0485cbdf8c06a9a534b9a6aeedccd4b0d667d1183cd2c33419fcafd	variant:sha256:ab01a05bd0485cbdf8c06a9a534b9a6aeedccd4b0d667d1183cd2c33419fcafd	True	EXACT_NORMALIZED_ALLELE	PHASE1B_EXACT_NORMALIZED_ALLELE_V1	1.0.0	False	False
375	run-phase1a-60z59-hg002-grch38-v421	event-run-phase1a-60z59-hg002-grch38-v421-record-405	run-phase1a-ru88n-hg002-grch38-v421	event-run-phase1a-ru88n-hg002-grch38-v421-record-428	CROSS_RUN_EQUIVALENCE_UNRESOLVED	GRCh38|chr20|10130078|GT|G	GRCh38|chr20|10130077|10130079|GT|G	GRCh38|chr20|10130077|10130079|GT|G	variant:sha256:a70699a2947bb372fdb3607e74f1a4d62ad67c5489c935b1630120488b9781f9	variant:sha256:a70699a2947bb372fdb3607e74f1a4d62ad67c5489c935b1630120488b9781f9	True	EXACT_NORMALIZED_ALLELE	PHASE1B_EXACT_NORMALIZED_ALLELE_V1	1.0.0	False	False
376	run-phase1a-60z59-hg002-grch38-v421	event-run-phase1a-60z59-hg002-grch38-v421-record-406	run-phase1a-ru88n-hg002-grch38-v421	event-run-phase1a-ru88n-hg002-grch38-v421-record-429	CROSS_RUN_EQUIVALENCE_UNRESOLVED	GRCh38|chr20|10130609|T|G	GRCh38|chr20|10130608|10130609|T|G	GRCh38|chr20|10130608|10130609|T|G	variant:sha256:7eaf70eb796ad0303ad9857fafc4dc9c7f71087abfa0c1c4df103fdb0b9a77fd	variant:sha256:7eaf70eb796ad0303ad9857fafc4dc9c7f71087abfa0c1c4df103fdb0b9a77fd	True	EXACT_NORMALIZED_ALLELE	PHASE1B_EXACT_NORMALIZED_ALLELE_V1	1.0.0	False	False
377	run-phase1a-60z59-hg002-grch38-v421	event-run-phase1a-60z59-hg002-grch38-v421-record-407	run-phase1a-ru88n-hg002-grch38-v421	event-run-phase1a-ru88n-hg002-grch38-v421-record-430	CROSS_RUN_EQUIVALENCE_UNRESOLVED	GRCh38|chr20|10130698|A|G	GRCh38|chr20|10130697|10130698|A|G	GRCh38|chr20|10130697|10130698|A|G	variant:sha256:08b8405645f10f4fe6f7028692e1ac60ffbd50cb4919bf57af4cd5be1cbcf69b	variant:sha256:08b8405645f10f4fe6f7028692e1ac60ffbd50cb4919bf57af4cd5be1cbcf69b	True	EXACT_NORMALIZED_ALLELE	PHASE1B_EXACT_NORMALIZED_ALLELE_V1	1.0.0	False	False
378	run-phase1a-60z59-hg002-grch38-v421	event-run-phase1a-60z59-hg002-grch38-v421-record-408	run-phase1a-ru88n-hg002-grch38-v421	event-run-phase1a-ru88n-hg002-grch38-v421-record-431	CROSS_RUN_EQUIVALENCE_UNRESOLVED	GRCh38|chr20|10130768|T|C	GRCh38|chr20|10130767|10130768|T|C	GRCh38|chr20|10130767|10130768|T|C	variant:sha256:9c5d36b0079bf81343361f0bb4041f7656c4a5c66cab50f2c6e2ae9213f83662	variant:sha256:9c5d36b0079bf81343361f0bb4041f7656c4a5c66cab50f2c6e2ae9213f83662	True	EXACT_NORMALIZED_ALLELE	PHASE1B_EXACT_NORMALIZED_ALLELE_V1	1.0.0	False	False
379	run-phase1a-60z59-hg002-grch38-v421	event-run-phase1a-60z59-hg002-grch38-v421-record-409	run-phase1a-ru88n-hg002-grch38-v421	event-run-phase1a-ru88n-hg002-grch38-v421-record-432	CROSS_RUN_EQUIVALENCE_UNRESOLVED	GRCh38|chr20|10131053|C|A	GRCh38|chr20|10131052|10131053|C|A	GRCh38|chr20|10131052|10131053|C|A	variant:sha256:fa3f5ad4876c548951694d35a0ffd35ac5f79e356194656f8094e40bcfdf8248	variant:sha256:fa3f5ad4876c548951694d35a0ffd35ac5f79e356194656f8094e40bcfdf8248	True	EXACT_NORMALIZED_ALLELE	PHASE1B_EXACT_NORMALIZED_ALLELE_V1	1.0.0	False	False
380	run-phase1a-60z59-hg002-grch38-v421	event-run-phase1a-60z59-hg002-grch38-v421-record-410	run-phase1a-ru88n-hg002-grch38-v421	event-run-phase1a-ru88n-hg002-grch38-v421-record-433	CROSS_RUN_EQUIVALENCE_UNRESOLVED	GRCh38|chr20|10131057|T|A	GRCh38|chr20|10131056|10131057|T|A	GRCh38|chr20|10131056|10131057|T|A	variant:sha256:5a227968af5cf43f8d2c1506685b7e4e843a97ca764e03e565584a25404408eb	variant:sha256:5a227968af5cf43f8d2c1506685b7e4e843a97ca764e03e565584a25404408eb	True	EXACT_NORMALIZED_ALLELE	PHASE1B_EXACT_NORMALIZED_ALLELE_V1	1.0.0	False	False
381	run-phase1a-60z59-hg002-grch38-v421	event-run-phase1a-60z59-hg002-grch38-v421-record-411	run-phase1a-ru88n-hg002-grch38-v421	event-run-phase1a-ru88n-hg002-grch38-v421-record-434	CROSS_RUN_EQUIVALENCE_UNRESOLVED	GRCh38|chr20|10131271|A|G	GRCh38|chr20|10131270|10131271|A|G	GRCh38|chr20|10131270|10131271|A|G	variant:sha256:36840589a298b2239fa3cb4f26401b3e513e44d5cafc71238b906130dd8a5028	variant:sha256:36840589a298b2239fa3cb4f26401b3e513e44d5cafc71238b906130dd8a5028	True	EXACT_NORMALIZED_ALLELE	PHASE1B_EXACT_NORMALIZED_ALLELE_V1	1.0.0	False	False
382	run-phase1a-60z59-hg002-grch38-v421	event-run-phase1a-60z59-hg002-grch38-v421-record-412	run-phase1a-ru88n-hg002-grch38-v421	event-run-phase1a-ru88n-hg002-grch38-v421-record-435	CROSS_RUN_EQUIVALENCE_UNRESOLVED	GRCh38|chr20|10131743|G|T	GRCh38|chr20|10131742|10131743|G|T	GRCh38|chr20|10131742|10131743|G|T	variant:sha256:ac1328789d6134af23ce348745512a2af7f6353e8a0754e01a05db69044bc6f0	variant:sha256:ac1328789d6134af23ce348745512a2af7f6353e8a0754e01a05db69044bc6f0	True	EXACT_NORMALIZED_ALLELE	PHASE1B_EXACT_NORMALIZED_ALLELE_V1	1.0.0	False	False
383	run-phase1a-60z59-hg002-grch38-v421	event-run-phase1a-60z59-hg002-grch38-v421-record-413	run-phase1a-ru88n-hg002-grch38-v421	event-run-phase1a-ru88n-hg002-grch38-v421-record-436	CROSS_RUN_EQUIVALENCE_UNRESOLVED	GRCh38|chr20|10132221|T|C	GRCh38|chr20|10132220|10132221|T|C	GRCh38|chr20|10132220|10132221|T|C	variant:sha256:8a4d04d133a51e98625b9d04d2ac23bd328cafb8ed8280b4d359314b803f7efe	variant:sha256:8a4d04d133a51e98625b9d04d2ac23bd328cafb8ed8280b4d359314b803f7efe	True	EXACT_NORMALIZED_ALLELE	PHASE1B_EXACT_NORMALIZED_ALLELE_V1	1.0.0	False	False
384	run-phase1a-60z59-hg002-grch38-v421	event-run-phase1a-60z59-hg002-grch38-v421-record-414	run-phase1a-ru88n-hg002-grch38-v421	event-run-phase1a-ru88n-hg002-grch38-v421-record-437	CROSS_RUN_EQUIVALENCE_UNRESOLVED	GRCh38|chr20|10132773|G|A	GRCh38|chr20|10132772|10132773|G|A	GRCh38|chr20|10132772|10132773|G|A	variant:sha256:e5cdc4e80d1c71548d43f597549474b9b639ca901d5d8572b84c82e1f2e80808	variant:sha256:e5cdc4e80d1c71548d43f597549474b9b639ca901d5d8572b84c82e1f2e80808	True	EXACT_NORMALIZED_ALLELE	PHASE1B_EXACT_NORMALIZED_ALLELE_V1	1.0.0	False	False
385	run-phase1a-60z59-hg002-grch38-v421	event-run-phase1a-60z59-hg002-grch38-v421-record-415	run-phase1a-ru88n-hg002-grch38-v421	event-run-phase1a-ru88n-hg002-grch38-v421-record-438	CROSS_RUN_EQUIVALENCE_UNRESOLVED	GRCh38|chr20|10132952|G|A	GRCh38|chr20|10132951|10132952|G|A	GRCh38|chr20|10132951|10132952|G|A	variant:sha256:20bab5dededa696104503049f897396320aa9f83828956c41521d11ad1a82f11	variant:sha256:20bab5dededa696104503049f897396320aa9f83828956c41521d11ad1a82f11	True	EXACT_NORMALIZED_ALLELE	PHASE1B_EXACT_NORMALIZED_ALLELE_V1	1.0.0	False	False
386	run-phase1a-60z59-hg002-grch38-v421	event-run-phase1a-60z59-hg002-grch38-v421-record-416	run-phase1a-ru88n-hg002-grch38-v421	event-run-phase1a-ru88n-hg002-grch38-v421-record-439	CROSS_RUN_EQUIVALENCE_UNRESOLVED	GRCh38|chr20|10133077|C|T	GRCh38|chr20|10133076|10133077|C|T	GRCh38|chr20|10133076|10133077|C|T	variant:sha256:3de99add6b76c89c6b91bfd6755afac4dba21ddf924370f6dae5929b699e773a	variant:sha256:3de99add6b76c89c6b91bfd6755afac4dba21ddf924370f6dae5929b699e773a	True	EXACT_NORMALIZED_ALLELE	PHASE1B_EXACT_NORMALIZED_ALLELE_V1	1.0.0	False	False
387	run-phase1a-60z59-hg002-grch38-v421	event-run-phase1a-60z59-hg002-grch38-v421-record-417	run-phase1a-ru88n-hg002-grch38-v421	event-run-phase1a-ru88n-hg002-grch38-v421-record-440	CROSS_RUN_EQUIVALENCE_UNRESOLVED	GRCh38|chr20|10133397|T|A	GRCh38|chr20|10133396|10133397|T|A	GRCh38|chr20|10133396|10133397|T|A	variant:sha256:01ebf09b9448fc4d9b238143aa26e8c05badd0ffbb71186c8bdfaf469ea1ec82	variant:sha256:01ebf09b9448fc4d9b238143aa26e8c05badd0ffbb71186c8bdfaf469ea1ec82	True	EXACT_NORMALIZED_ALLELE	PHASE1B_EXACT_NORMALIZED_ALLELE_V1	1.0.0	False	False
388	run-phase1a-60z59-hg002-grch38-v421	event-run-phase1a-60z59-hg002-grch38-v421-record-418	run-phase1a-ru88n-hg002-grch38-v421	event-run-phase1a-ru88n-hg002-grch38-v421-record-441	CROSS_RUN_EQUIVALENCE_UNRESOLVED	GRCh38|chr20|10134057|CA|C	GRCh38|chr20|10134056|10134058|CA|C	GRCh38|chr20|10134056|10134058|CA|C	variant:sha256:644ffc6b50b551dea73681efd42e85418acf404f685dcb442d7bc656fd3d57f3	variant:sha256:644ffc6b50b551dea73681efd42e85418acf404f685dcb442d7bc656fd3d57f3	True	EXACT_NORMALIZED_ALLELE	PHASE1B_EXACT_NORMALIZED_ALLELE_V1	1.0.0	False	False
389	run-phase1a-60z59-hg002-grch38-v421	event-run-phase1a-60z59-hg002-grch38-v421-record-419	run-phase1a-ru88n-hg002-grch38-v421	event-run-phase1a-ru88n-hg002-grch38-v421-record-442	CROSS_RUN_EQUIVALENCE_UNRESOLVED	GRCh38|chr20|10134677|C|T	GRCh38|chr20|10134676|10134677|C|T	GRCh38|chr20|10134676|10134677|C|T	variant:sha256:398ea819221b9e524cbe2ab2a36e710bdb9a150112536f404b3d9d98b6e44199	variant:sha256:398ea819221b9e524cbe2ab2a36e710bdb9a150112536f404b3d9d98b6e44199	True	EXACT_NORMALIZED_ALLELE	PHASE1B_EXACT_NORMALIZED_ALLELE_V1	1.0.0	False	False
390	run-phase1a-60z59-hg002-grch38-v421	event-run-phase1a-60z59-hg002-grch38-v421-record-420	run-phase1a-ru88n-hg002-grch38-v421	event-run-phase1a-ru88n-hg002-grch38-v421-record-443	CROSS_RUN_EQUIVALENCE_UNRESOLVED	GRCh38|chr20|10134951|C|A	GRCh38|chr20|10134950|10134951|C|A	GRCh38|chr20|10134950|10134951|C|A	variant:sha256:84fdd4d3130aedfdd1cf90cbeb82863c85663e8f2c94a6052a83e9208043b40e	variant:sha256:84fdd4d3130aedfdd1cf90cbeb82863c85663e8f2c94a6052a83e9208043b40e	True	EXACT_NORMALIZED_ALLELE	PHASE1B_EXACT_NORMALIZED_ALLELE_V1	1.0.0	False	False
391	run-phase1a-60z59-hg002-grch38-v421	event-run-phase1a-60z59-hg002-grch38-v421-record-421	run-phase1a-ru88n-hg002-grch38-v421	event-run-phase1a-ru88n-hg002-grch38-v421-record-444	CROSS_RUN_EQUIVALENCE_UNRESOLVED	GRCh38|chr20|10135292|A|T	GRCh38|chr20|10135291|10135292|A|T	GRCh38|chr20|10135291|10135292|A|T	variant:sha256:ffd452ba351c15c0d74a4f45dd2f18a2037fe5224b4dd1fac0233f3c9587a779	variant:sha256:ffd452ba351c15c0d74a4f45dd2f18a2037fe5224b4dd1fac0233f3c9587a779	True	EXACT_NORMALIZED_ALLELE	PHASE1B_EXACT_NORMALIZED_ALLELE_V1	1.0.0	False	False
392	run-phase1a-60z59-hg002-grch38-v421	event-run-phase1a-60z59-hg002-grch38-v421-record-422	run-phase1a-ru88n-hg002-grch38-v421	event-run-phase1a-ru88n-hg002-grch38-v421-record-445	CROSS_RUN_EQUIVALENCE_UNRESOLVED	GRCh38|chr20|10140530|C|T	GRCh38|chr20|10140529|10140530|C|T	GRCh38|chr20|10140529|10140530|C|T	variant:sha256:c157afbd85e7db8a721f13c75305438eae604ab24f299dc87c5541500c58d9cb	variant:sha256:c157afbd85e7db8a721f13c75305438eae604ab24f299dc87c5541500c58d9cb	True	EXACT_NORMALIZED_ALLELE	PHASE1B_EXACT_NORMALIZED_ALLELE_V1	1.0.0	False	False
393	run-phase1a-60z59-hg002-grch38-v421	event-run-phase1a-60z59-hg002-grch38-v421-record-423	run-phase1a-ru88n-hg002-grch38-v421	event-run-phase1a-ru88n-hg002-grch38-v421-record-446	CROSS_RUN_EQUIVALENCE_UNRESOLVED	GRCh38|chr20|10142776|C|T	GRCh38|chr20|10142775|10142776|C|T	GRCh38|chr20|10142775|10142776|C|T	variant:sha256:bb9b80e17ad3fbbe856db1aa81657899cdcb23934a1adfd4a4d8dd804fbaa046	variant:sha256:bb9b80e17ad3fbbe856db1aa81657899cdcb23934a1adfd4a4d8dd804fbaa046	True	EXACT_NORMALIZED_ALLELE	PHASE1B_EXACT_NORMALIZED_ALLELE_V1	1.0.0	False	False
394	run-phase1a-60z59-hg002-grch38-v421	event-run-phase1a-60z59-hg002-grch38-v421-record-424	run-phase1a-ru88n-hg002-grch38-v421	event-run-phase1a-ru88n-hg002-grch38-v421-record-447	CROSS_RUN_EQUIVALENCE_UNRESOLVED	GRCh38|chr20|10143619|C|T	GRCh38|chr20|10143618|10143619|C|T	GRCh38|chr20|10143618|10143619|C|T	variant:sha256:596c6a09823d1bf532a7f66d1ee16d54f41640a1716b99009dab893b82fd2013	variant:sha256:596c6a09823d1bf532a7f66d1ee16d54f41640a1716b99009dab893b82fd2013	True	EXACT_NORMALIZED_ALLELE	PHASE1B_EXACT_NORMALIZED_ALLELE_V1	1.0.0	False	False
395	run-phase1a-60z59-hg002-grch38-v421	event-run-phase1a-60z59-hg002-grch38-v421-record-425	run-phase1a-ru88n-hg002-grch38-v421	event-run-phase1a-ru88n-hg002-grch38-v421-record-448	CROSS_RUN_EQUIVALENCE_UNRESOLVED	GRCh38|chr20|10144709|T|C	GRCh38|chr20|10144708|10144709|T|C	GRCh38|chr20|10144708|10144709|T|C	variant:sha256:84509cd4fb40cb1d3ad2e9ddf28ee59f33e12e18030ac09de51235c16721d3d7	variant:sha256:84509cd4fb40cb1d3ad2e9ddf28ee59f33e12e18030ac09de51235c16721d3d7	True	EXACT_NORMALIZED_ALLELE	PHASE1B_EXACT_NORMALIZED_ALLELE_V1	1.0.0	False	False
396	run-phase1a-60z59-hg002-grch38-v421	event-run-phase1a-60z59-hg002-grch38-v421-record-427	run-phase1a-ru88n-hg002-grch38-v421	event-run-phase1a-ru88n-hg002-grch38-v421-record-449	CROSS_RUN_EQUIVALENCE_UNRESOLVED	GRCh38|chr20|10145750|T|A	GRCh38|chr20|10145749|10145750|T|A	GRCh38|chr20|10145749|10145750|T|A	variant:sha256:76bdca0e8f4c657495795a5a25d3dc5a6a3405e3f3df4c394ecfe0314951aa2e	variant:sha256:76bdca0e8f4c657495795a5a25d3dc5a6a3405e3f3df4c394ecfe0314951aa2e	True	EXACT_NORMALIZED_ALLELE	PHASE1B_EXACT_NORMALIZED_ALLELE_V1	1.0.0	False	False
397	run-phase1a-60z59-hg002-grch38-v421	event-run-phase1a-60z59-hg002-grch38-v421-record-428	run-phase1a-ru88n-hg002-grch38-v421	event-run-phase1a-ru88n-hg002-grch38-v421-record-450	CROSS_RUN_EQUIVALENCE_UNRESOLVED	GRCh38|chr20|10147143|A|G	GRCh38|chr20|10147142|10147143|A|G	GRCh38|chr20|10147142|10147143|A|G	variant:sha256:61396117de32c5c20dcbaeb4283e2ddd17260714c0acb27d674d43848db89447	variant:sha256:61396117de32c5c20dcbaeb4283e2ddd17260714c0acb27d674d43848db89447	True	EXACT_NORMALIZED_ALLELE	PHASE1B_EXACT_NORMALIZED_ALLELE_V1	1.0.0	False	False
398	run-phase1a-60z59-hg002-grch38-v421	event-run-phase1a-60z59-hg002-grch38-v421-record-429	run-phase1a-ru88n-hg002-grch38-v421	event-run-phase1a-ru88n-hg002-grch38-v421-record-451	CROSS_RUN_EQUIVALENCE_UNRESOLVED	GRCh38|chr20|10147971|CTTTGT|C	GRCh38|chr20|10147970|10147976|CTTTGT|C	GRCh38|chr20|10147970|10147976|CTTTGT|C	variant:sha256:36c174ed656d9b1edd3b4746d11397ab50dd74f9c84a5ca8c8aca596ef9f9e5a	variant:sha256:36c174ed656d9b1edd3b4746d11397ab50dd74f9c84a5ca8c8aca596ef9f9e5a	True	EXACT_NORMALIZED_ALLELE	PHASE1B_EXACT_NORMALIZED_ALLELE_V1	1.0.0	False	False
399	run-phase1a-60z59-hg002-grch38-v421	event-run-phase1a-60z59-hg002-grch38-v421-record-430	run-phase1a-ru88n-hg002-grch38-v421	event-run-phase1a-ru88n-hg002-grch38-v421-record-452	CROSS_RUN_EQUIVALENCE_UNRESOLVED	GRCh38|chr20|10147986|T|G	GRCh38|chr20|10147985|10147986|T|G	GRCh38|chr20|10147985|10147986|T|G	variant:sha256:77215149cda8dc5b121e2d1e392003d53fb15173b4c394a56d043834031ebba5	variant:sha256:77215149cda8dc5b121e2d1e392003d53fb15173b4c394a56d043834031ebba5	True	EXACT_NORMALIZED_ALLELE	PHASE1B_EXACT_NORMALIZED_ALLELE_V1	1.0.0	False	False
400	run-phase1a-60z59-hg002-grch38-v421	event-run-phase1a-60z59-hg002-grch38-v421-record-431	run-phase1a-ru88n-hg002-grch38-v421	event-run-phase1a-ru88n-hg002-grch38-v421-record-453	CROSS_RUN_EQUIVALENCE_UNRESOLVED	GRCh38|chr20|10148004|T|C	GRCh38|chr20|10148003|10148004|T|C	GRCh38|chr20|10148003|10148004|T|C	variant:sha256:cf1cbdab327e814219ceb460123caad405e66ff61a5ed8a73e18645011552921	variant:sha256:cf1cbdab327e814219ceb460123caad405e66ff61a5ed8a73e18645011552921	True	EXACT_NORMALIZED_ALLELE	PHASE1B_EXACT_NORMALIZED_ALLELE_V1	1.0.0	False	False
401	run-phase1a-60z59-hg002-grch38-v421	event-run-phase1a-60z59-hg002-grch38-v421-record-432	run-phase1a-ru88n-hg002-grch38-v421	event-run-phase1a-ru88n-hg002-grch38-v421-record-454	CROSS_RUN_EQUIVALENCE_UNRESOLVED	GRCh38|chr20|10148111|T|A	GRCh38|chr20|10148110|10148111|T|A	GRCh38|chr20|10148110|10148111|T|A	variant:sha256:96011298d0097cf3a0f18039d75b01edebfa5a08567eda4becd2f79f85a76569	variant:sha256:96011298d0097cf3a0f18039d75b01edebfa5a08567eda4becd2f79f85a76569	True	EXACT_NORMALIZED_ALLELE	PHASE1B_EXACT_NORMALIZED_ALLELE_V1	1.0.0	False	False
402	run-phase1a-60z59-hg002-grch38-v421	event-run-phase1a-60z59-hg002-grch38-v421-record-433	run-phase1a-ru88n-hg002-grch38-v421	event-run-phase1a-ru88n-hg002-grch38-v421-record-455	CROSS_RUN_EQUIVALENCE_UNRESOLVED	GRCh38|chr20|10148952|A|G	GRCh38|chr20|10148951|10148952|A|G	GRCh38|chr20|10148951|10148952|A|G	variant:sha256:0701182d9a833053d45114f0fb7d11b749a15632917df938bbb4ed6edec9e8dc	variant:sha256:0701182d9a833053d45114f0fb7d11b749a15632917df938bbb4ed6edec9e8dc	True	EXACT_NORMALIZED_ALLELE	PHASE1B_EXACT_NORMALIZED_ALLELE_V1	1.0.0	False	False
403	run-phase1a-60z59-hg002-grch38-v421	event-run-phase1a-60z59-hg002-grch38-v421-record-434	run-phase1a-ru88n-hg002-grch38-v421	event-run-phase1a-ru88n-hg002-grch38-v421-record-456	CROSS_RUN_EQUIVALENCE_UNRESOLVED	GRCh38|chr20|10149369|G|A	GRCh38|chr20|10149368|10149369|G|A	GRCh38|chr20|10149368|10149369|G|A	variant:sha256:57b4fd837caae9d84ba995461a439096a95bd99a39a02e49f711721155bc3201	variant:sha256:57b4fd837caae9d84ba995461a439096a95bd99a39a02e49f711721155bc3201	True	EXACT_NORMALIZED_ALLELE	PHASE1B_EXACT_NORMALIZED_ALLELE_V1	1.0.0	False	False
404	run-phase1a-60z59-hg002-grch38-v421	event-run-phase1a-60z59-hg002-grch38-v421-record-435	run-phase1a-ru88n-hg002-grch38-v421	event-run-phase1a-ru88n-hg002-grch38-v421-record-457	CROSS_RUN_EQUIVALENCE_UNRESOLVED	GRCh38|chr20|10149601|AAC|A	GRCh38|chr20|10149600|10149603|AAC|A	GRCh38|chr20|10149600|10149603|AAC|A	variant:sha256:2f9bee124ab976784ad9298c28101c49414943e362fa540938b3b1f6ce36401a	variant:sha256:2f9bee124ab976784ad9298c28101c49414943e362fa540938b3b1f6ce36401a	True	EXACT_NORMALIZED_ALLELE	PHASE1B_EXACT_NORMALIZED_ALLELE_V1	1.0.0	False	False
405	run-phase1a-60z59-hg002-grch38-v421	event-run-phase1a-60z59-hg002-grch38-v421-record-436	run-phase1a-ru88n-hg002-grch38-v421	event-run-phase1a-ru88n-hg002-grch38-v421-record-458	CROSS_RUN_EQUIVALENCE_UNRESOLVED	GRCh38|chr20|10149697|G|GTA	GRCh38|chr20|10149696|10149697|G|GTA	GRCh38|chr20|10149696|10149697|G|GTA	variant:sha256:3051418fb6d84973dd688df6ff0fe8931ee2d069d808d10acb24145217c92348	variant:sha256:3051418fb6d84973dd688df6ff0fe8931ee2d069d808d10acb24145217c92348	True	EXACT_NORMALIZED_ALLELE	PHASE1B_EXACT_NORMALIZED_ALLELE_V1	1.0.0	False	False
406	run-phase1a-60z59-hg002-grch38-v421	event-run-phase1a-60z59-hg002-grch38-v421-record-437	run-phase1a-ru88n-hg002-grch38-v421	event-run-phase1a-ru88n-hg002-grch38-v421-record-459	CROSS_RUN_EQUIVALENCE_UNRESOLVED	GRCh38|chr20|10150519|G|T	GRCh38|chr20|10150518|10150519|G|T	GRCh38|chr20|10150518|10150519|G|T	variant:sha256:cf29ad15be53a6cf61752c2ea2f88f23958f2e9da0cf5c2e28cff7ee4b33d07d	variant:sha256:cf29ad15be53a6cf61752c2ea2f88f23958f2e9da0cf5c2e28cff7ee4b33d07d	True	EXACT_NORMALIZED_ALLELE	PHASE1B_EXACT_NORMALIZED_ALLELE_V1	1.0.0	False	False
407	run-phase1a-60z59-hg002-grch38-v421	event-run-phase1a-60z59-hg002-grch38-v421-record-438	run-phase1a-ru88n-hg002-grch38-v421	event-run-phase1a-ru88n-hg002-grch38-v421-record-460	CROSS_RUN_EQUIVALENCE_UNRESOLVED	GRCh38|chr20|10150548|T|C	GRCh38|chr20|10150547|10150548|T|C	GRCh38|chr20|10150547|10150548|T|C	variant:sha256:abefc6e0ab17bfd0904efb202f21443d31115f33ef8386f4d1215050d181a4f6	variant:sha256:abefc6e0ab17bfd0904efb202f21443d31115f33ef8386f4d1215050d181a4f6	True	EXACT_NORMALIZED_ALLELE	PHASE1B_EXACT_NORMALIZED_ALLELE_V1	1.0.0	False	False
408	run-phase1a-60z59-hg002-grch38-v421	event-run-phase1a-60z59-hg002-grch38-v421-record-439	run-phase1a-ru88n-hg002-grch38-v421	event-run-phase1a-ru88n-hg002-grch38-v421-record-461	CROSS_RUN_EQUIVALENCE_UNRESOLVED	GRCh38|chr20|10151332|T|C	GRCh38|chr20|10151331|10151332|T|C	GRCh38|chr20|10151331|10151332|T|C	variant:sha256:287c5c36c504e027bb89086e48357e7dfac5e555e5b3f5fc78e4ae8e31d3a106	variant:sha256:287c5c36c504e027bb89086e48357e7dfac5e555e5b3f5fc78e4ae8e31d3a106	True	EXACT_NORMALIZED_ALLELE	PHASE1B_EXACT_NORMALIZED_ALLELE_V1	1.0.0	False	False
409	run-phase1a-60z59-hg002-grch38-v421	event-run-phase1a-60z59-hg002-grch38-v421-record-440	run-phase1a-ru88n-hg002-grch38-v421	event-run-phase1a-ru88n-hg002-grch38-v421-record-462	CROSS_RUN_EQUIVALENCE_UNRESOLVED	GRCh38|chr20|10151350|G|A	GRCh38|chr20|10151349|10151350|G|A	GRCh38|chr20|10151349|10151350|G|A	variant:sha256:fbe94d1f727658ef9cb11164b82c9c095195cec7025cf42bbe8e76ad49a674d9	variant:sha256:fbe94d1f727658ef9cb11164b82c9c095195cec7025cf42bbe8e76ad49a674d9	True	EXACT_NORMALIZED_ALLELE	PHASE1B_EXACT_NORMALIZED_ALLELE_V1	1.0.0	False	False
410	run-phase1a-60z59-hg002-grch38-v421	event-run-phase1a-60z59-hg002-grch38-v421-record-441	run-phase1a-ru88n-hg002-grch38-v421	event-run-phase1a-ru88n-hg002-grch38-v421-record-463	CROSS_RUN_EQUIVALENCE_UNRESOLVED	GRCh38|chr20|10151443|A|G	GRCh38|chr20|10151442|10151443|A|G	GRCh38|chr20|10151442|10151443|A|G	variant:sha256:5239e0aaf922b37ad144b9ccd2f6247178bae25466d942e33615c018f35cbdf7	variant:sha256:5239e0aaf922b37ad144b9ccd2f6247178bae25466d942e33615c018f35cbdf7	True	EXACT_NORMALIZED_ALLELE	PHASE1B_EXACT_NORMALIZED_ALLELE_V1	1.0.0	False	False
411	run-phase1a-60z59-hg002-grch38-v421	event-run-phase1a-60z59-hg002-grch38-v421-record-442	run-phase1a-ru88n-hg002-grch38-v421	event-run-phase1a-ru88n-hg002-grch38-v421-record-464	CROSS_RUN_EQUIVALENCE_UNRESOLVED	GRCh38|chr20|10151653|G|GACACACACAC	GRCh38|chr20|10151652|10151653|G|GACACACACAC	GRCh38|chr20|10151652|10151653|G|GACACACACAC	variant:sha256:9749640f77aef0ef0e6ed15fd4986a2b240561a7120acb155f1c0f87776e63e8	variant:sha256:9749640f77aef0ef0e6ed15fd4986a2b240561a7120acb155f1c0f87776e63e8	True	EXACT_NORMALIZED_ALLELE	PHASE1B_EXACT_NORMALIZED_ALLELE_V1	1.0.0	False	False
412	run-phase1a-60z59-hg002-grch38-v421	event-run-phase1a-60z59-hg002-grch38-v421-record-443	run-phase1a-ru88n-hg002-grch38-v421	event-run-phase1a-ru88n-hg002-grch38-v421-record-465	CROSS_RUN_EQUIVALENCE_UNRESOLVED	GRCh38|chr20|10151856|T|C	GRCh38|chr20|10151855|10151856|T|C	GRCh38|chr20|10151855|10151856|T|C	variant:sha256:7550f6bf4d04888dec2478d2d64b82a2bbaa1465176245fddea92046aeb527d5	variant:sha256:7550f6bf4d04888dec2478d2d64b82a2bbaa1465176245fddea92046aeb527d5	True	EXACT_NORMALIZED_ALLELE	PHASE1B_EXACT_NORMALIZED_ALLELE_V1	1.0.0	False	False
413	run-phase1a-60z59-hg002-grch38-v421	event-run-phase1a-60z59-hg002-grch38-v421-record-451	run-phase1a-ru88n-hg002-grch38-v421	event-run-phase1a-ru88n-hg002-grch38-v421-record-466	CROSS_RUN_EQUIVALENCE_UNRESOLVED	GRCh38|chr20|10152310|G|GA	GRCh38|chr20|10152309|10152310|G|GA	GRCh38|chr20|10152309|10152310|G|GA	variant:sha256:e7f112fb55cd8cc7da9814304129f2adec106806913b0483002db245000d47dd	variant:sha256:e7f112fb55cd8cc7da9814304129f2adec106806913b0483002db245000d47dd	True	EXACT_NORMALIZED_ALLELE	PHASE1B_EXACT_NORMALIZED_ALLELE_V1	1.0.0	False	False
414	run-phase1a-60z59-hg002-grch38-v421	event-run-phase1a-60z59-hg002-grch38-v421-record-452	run-phase1a-ru88n-hg002-grch38-v421	event-run-phase1a-ru88n-hg002-grch38-v421-record-467	CROSS_RUN_EQUIVALENCE_UNRESOLVED	GRCh38|chr20|10153555|C|T	GRCh38|chr20|10153554|10153555|C|T	GRCh38|chr20|10153554|10153555|C|T	variant:sha256:4fd1c7fc7f2f3276f27a98822788623509b919e4f9e89bed660ad271a8fbdd3e	variant:sha256:4fd1c7fc7f2f3276f27a98822788623509b919e4f9e89bed660ad271a8fbdd3e	True	EXACT_NORMALIZED_ALLELE	PHASE1B_EXACT_NORMALIZED_ALLELE_V1	1.0.0	False	False
415	run-phase1a-60z59-hg002-grch38-v421	event-run-phase1a-60z59-hg002-grch38-v421-record-453	run-phase1a-ru88n-hg002-grch38-v421	event-run-phase1a-ru88n-hg002-grch38-v421-record-468	CROSS_RUN_EQUIVALENCE_UNRESOLVED	GRCh38|chr20|10153754|A|C	GRCh38|chr20|10153753|10153754|A|C	GRCh38|chr20|10153753|10153754|A|C	variant:sha256:efac7be6b29ddce64d0b714238365f0a24d30dbb8c6387adbe6fd80183ee1589	variant:sha256:efac7be6b29ddce64d0b714238365f0a24d30dbb8c6387adbe6fd80183ee1589	True	EXACT_NORMALIZED_ALLELE	PHASE1B_EXACT_NORMALIZED_ALLELE_V1	1.0.0	False	False
416	run-phase1a-60z59-hg002-grch38-v421	event-run-phase1a-60z59-hg002-grch38-v421-record-454	run-phase1a-ru88n-hg002-grch38-v421	event-run-phase1a-ru88n-hg002-grch38-v421-record-469	CROSS_RUN_EQUIVALENCE_UNRESOLVED	GRCh38|chr20|10153762|AAAAG|A	GRCh38|chr20|10153761|10153766|AAAAG|A	GRCh38|chr20|10153761|10153766|AAAAG|A	variant:sha256:8b03ee80cf73b05e1c48623bea73e0d82c8bb35fd22a7704cc34a26cc02d8b0b	variant:sha256:8b03ee80cf73b05e1c48623bea73e0d82c8bb35fd22a7704cc34a26cc02d8b0b	True	EXACT_NORMALIZED_ALLELE	PHASE1B_EXACT_NORMALIZED_ALLELE_V1	1.0.0	False	False
417	run-phase1a-60z59-hg002-grch38-v421	event-run-phase1a-60z59-hg002-grch38-v421-record-456	run-phase1a-ru88n-hg002-grch38-v421	event-run-phase1a-ru88n-hg002-grch38-v421-record-471	CROSS_RUN_EQUIVALENCE_UNRESOLVED	GRCh38|chr20|10173647|G|A	GRCh38|chr20|10173646|10173647|G|A	GRCh38|chr20|10173646|10173647|G|A	variant:sha256:280f4c5f1bba2f10943ada15c9c946fb9ce79fd18b2fc4db8e7614049767b4af	variant:sha256:280f4c5f1bba2f10943ada15c9c946fb9ce79fd18b2fc4db8e7614049767b4af	True	EXACT_NORMALIZED_ALLELE	PHASE1B_EXACT_NORMALIZED_ALLELE_V1	1.0.0	False	False
418	run-phase1a-60z59-hg002-grch38-v421	event-run-phase1a-60z59-hg002-grch38-v421-record-457	run-phase1a-ru88n-hg002-grch38-v421	event-run-phase1a-ru88n-hg002-grch38-v421-record-472	CROSS_RUN_EQUIVALENCE_UNRESOLVED	GRCh38|chr20|10174337|C|T	GRCh38|chr20|10174336|10174337|C|T	GRCh38|chr20|10174336|10174337|C|T	variant:sha256:1ca7e0fd6c4a6f9f85c7e37003403b44cf048c84b20b035f753567e8e4fb5a47	variant:sha256:1ca7e0fd6c4a6f9f85c7e37003403b44cf048c84b20b035f753567e8e4fb5a47	True	EXACT_NORMALIZED_ALLELE	PHASE1B_EXACT_NORMALIZED_ALLELE_V1	1.0.0	False	False
419	run-phase1a-60z59-hg002-grch38-v421	event-run-phase1a-60z59-hg002-grch38-v421-record-458	run-phase1a-ru88n-hg002-grch38-v421	event-run-phase1a-ru88n-hg002-grch38-v421-record-473	CROSS_RUN_EQUIVALENCE_UNRESOLVED	GRCh38|chr20|10174390|A|AT	GRCh38|chr20|10174389|10174390|A|AT	GRCh38|chr20|10174389|10174390|A|AT	variant:sha256:81e8ef9e5b9a27cf238195d5ed14a542a0e098a74ae41f945338454b5abcd03e	variant:sha256:81e8ef9e5b9a27cf238195d5ed14a542a0e098a74ae41f945338454b5abcd03e	True	EXACT_NORMALIZED_ALLELE	PHASE1B_EXACT_NORMALIZED_ALLELE_V1	1.0.0	False	False
420	run-phase1a-60z59-hg002-grch38-v421	event-run-phase1a-60z59-hg002-grch38-v421-record-459	run-phase1a-ru88n-hg002-grch38-v421	event-run-phase1a-ru88n-hg002-grch38-v421-record-474	CROSS_RUN_EQUIVALENCE_UNRESOLVED	GRCh38|chr20|10174395|C|CT	GRCh38|chr20|10174394|10174395|C|CT	GRCh38|chr20|10174394|10174395|C|CT	variant:sha256:ac9a129a85e339398cc824c4792038145379d7c8d73434988b950f4fa1eaee88	variant:sha256:ac9a129a85e339398cc824c4792038145379d7c8d73434988b950f4fa1eaee88	True	EXACT_NORMALIZED_ALLELE	PHASE1B_EXACT_NORMALIZED_ALLELE_V1	1.0.0	False	False
421	run-phase1a-60z59-hg002-grch38-v421	event-run-phase1a-60z59-hg002-grch38-v421-record-460	run-phase1a-ru88n-hg002-grch38-v421	event-run-phase1a-ru88n-hg002-grch38-v421-record-475	CROSS_RUN_EQUIVALENCE_UNRESOLVED	GRCh38|chr20|10174457|G|A	GRCh38|chr20|10174456|10174457|G|A	GRCh38|chr20|10174456|10174457|G|A	variant:sha256:2ccd5f4d08e2e015dcc44279f376f4fd1dba609fd10eb41ada5d268101949499	variant:sha256:2ccd5f4d08e2e015dcc44279f376f4fd1dba609fd10eb41ada5d268101949499	True	EXACT_NORMALIZED_ALLELE	PHASE1B_EXACT_NORMALIZED_ALLELE_V1	1.0.0	False	False
422	run-phase1a-60z59-hg002-grch38-v421	event-run-phase1a-60z59-hg002-grch38-v421-record-463	run-phase1a-ru88n-hg002-grch38-v421	event-run-phase1a-ru88n-hg002-grch38-v421-record-477	CROSS_RUN_EQUIVALENCE_UNRESOLVED	GRCh38|chr20|10175857|G|A	GRCh38|chr20|10175856|10175857|G|A	GRCh38|chr20|10175856|10175857|G|A	variant:sha256:a93b8256a807d978a6f270027249479ce4aefa894923b19a8cc8a34d59cbbed5	variant:sha256:a93b8256a807d978a6f270027249479ce4aefa894923b19a8cc8a34d59cbbed5	True	EXACT_NORMALIZED_ALLELE	PHASE1B_EXACT_NORMALIZED_ALLELE_V1	1.0.0	False	False
423	run-phase1a-60z59-hg002-grch38-v421	event-run-phase1a-60z59-hg002-grch38-v421-record-464	run-phase1a-ru88n-hg002-grch38-v421	event-run-phase1a-ru88n-hg002-grch38-v421-record-478	CROSS_RUN_EQUIVALENCE_UNRESOLVED	GRCh38|chr20|10177221|GAA|G	GRCh38|chr20|10177220|10177223|GAA|G	GRCh38|chr20|10177220|10177223|GAA|G	variant:sha256:ad3d9eff96940cb957b20fa070164d0fca7c96e8be1483280a3afa5362b175ad	variant:sha256:ad3d9eff96940cb957b20fa070164d0fca7c96e8be1483280a3afa5362b175ad	True	EXACT_NORMALIZED_ALLELE	PHASE1B_EXACT_NORMALIZED_ALLELE_V1	1.0.0	False	False
424	run-phase1a-60z59-hg002-grch38-v421	event-run-phase1a-60z59-hg002-grch38-v421-record-465	run-phase1a-ru88n-hg002-grch38-v421	event-run-phase1a-ru88n-hg002-grch38-v421-record-479	CROSS_RUN_EQUIVALENCE_UNRESOLVED	GRCh38|chr20|10177941|A|AAG	GRCh38|chr20|10177940|10177941|A|AAG	GRCh38|chr20|10177940|10177941|A|AAG	variant:sha256:ac8291d980519982ad7d114a481a72f6edf8df7175847ce63f2a02581a9cd1af	variant:sha256:ac8291d980519982ad7d114a481a72f6edf8df7175847ce63f2a02581a9cd1af	True	EXACT_NORMALIZED_ALLELE	PHASE1B_EXACT_NORMALIZED_ALLELE_V1	1.0.0	False	False
425	run-phase1a-60z59-hg002-grch38-v421	event-run-phase1a-60z59-hg002-grch38-v421-record-466	run-phase1a-ru88n-hg002-grch38-v421	event-run-phase1a-ru88n-hg002-grch38-v421-record-480	CROSS_RUN_EQUIVALENCE_UNRESOLVED	GRCh38|chr20|10178046|T|C	GRCh38|chr20|10178045|10178046|T|C	GRCh38|chr20|10178045|10178046|T|C	variant:sha256:44d999331c3517945e5915f69d3bc9388529dc1c84545ca290132b242a6fc24a	variant:sha256:44d999331c3517945e5915f69d3bc9388529dc1c84545ca290132b242a6fc24a	True	EXACT_NORMALIZED_ALLELE	PHASE1B_EXACT_NORMALIZED_ALLELE_V1	1.0.0	False	False
426	run-phase1a-60z59-hg002-grch38-v421	event-run-phase1a-60z59-hg002-grch38-v421-record-467	run-phase1a-ru88n-hg002-grch38-v421	event-run-phase1a-ru88n-hg002-grch38-v421-record-481	CROSS_RUN_EQUIVALENCE_UNRESOLVED	GRCh38|chr20|10178122|T|C	GRCh38|chr20|10178121|10178122|T|C	GRCh38|chr20|10178121|10178122|T|C	variant:sha256:9bc7344047bbf672632b04698c95538a8f121d85d0c2339945894276f9dc38d4	variant:sha256:9bc7344047bbf672632b04698c95538a8f121d85d0c2339945894276f9dc38d4	True	EXACT_NORMALIZED_ALLELE	PHASE1B_EXACT_NORMALIZED_ALLELE_V1	1.0.0	False	False
427	run-phase1a-60z59-hg002-grch38-v421	event-run-phase1a-60z59-hg002-grch38-v421-record-468	run-phase1a-ru88n-hg002-grch38-v421	event-run-phase1a-ru88n-hg002-grch38-v421-record-482	CROSS_RUN_EQUIVALENCE_UNRESOLVED	GRCh38|chr20|10178433|A|G	GRCh38|chr20|10178432|10178433|A|G	GRCh38|chr20|10178432|10178433|A|G	variant:sha256:a16325e5cac1eec0aedf2e1ce8ad46c0151548976dc343935a76cb49c7f93abc	variant:sha256:a16325e5cac1eec0aedf2e1ce8ad46c0151548976dc343935a76cb49c7f93abc	True	EXACT_NORMALIZED_ALLELE	PHASE1B_EXACT_NORMALIZED_ALLELE_V1	1.0.0	False	False
428	run-phase1a-60z59-hg002-grch38-v421	event-run-phase1a-60z59-hg002-grch38-v421-record-469	run-phase1a-ru88n-hg002-grch38-v421	event-run-phase1a-ru88n-hg002-grch38-v421-record-483	CROSS_RUN_EQUIVALENCE_UNRESOLVED	GRCh38|chr20|10178566|A|G	GRCh38|chr20|10178565|10178566|A|G	GRCh38|chr20|10178565|10178566|A|G	variant:sha256:2ec600cea7e19fdb44dce7a88539c2007c53e101d84393a6d054d0401921b93b	variant:sha256:2ec600cea7e19fdb44dce7a88539c2007c53e101d84393a6d054d0401921b93b	True	EXACT_NORMALIZED_ALLELE	PHASE1B_EXACT_NORMALIZED_ALLELE_V1	1.0.0	False	False
429	run-phase1a-60z59-hg002-grch38-v421	event-run-phase1a-60z59-hg002-grch38-v421-record-470	run-phase1a-ru88n-hg002-grch38-v421	event-run-phase1a-ru88n-hg002-grch38-v421-record-484	CROSS_RUN_EQUIVALENCE_UNRESOLVED	GRCh38|chr20|10178851|G|T	GRCh38|chr20|10178850|10178851|G|T	GRCh38|chr20|10178850|10178851|G|T	variant:sha256:5d3858dba8f7dc24d5b0f3bbbdb94ccb2814d3e74b383beda98e194e191eb33e	variant:sha256:5d3858dba8f7dc24d5b0f3bbbdb94ccb2814d3e74b383beda98e194e191eb33e	True	EXACT_NORMALIZED_ALLELE	PHASE1B_EXACT_NORMALIZED_ALLELE_V1	1.0.0	False	False
430	run-phase1a-60z59-hg002-grch38-v421	event-run-phase1a-60z59-hg002-grch38-v421-record-471	run-phase1a-ru88n-hg002-grch38-v421	event-run-phase1a-ru88n-hg002-grch38-v421-record-485	CROSS_RUN_EQUIVALENCE_UNRESOLVED	GRCh38|chr20|10179408|G|A	GRCh38|chr20|10179407|10179408|G|A	GRCh38|chr20|10179407|10179408|G|A	variant:sha256:ee0a9e7c32c7fcac9f216fded548382535f3457483aec7a728c41fcd09c14830	variant:sha256:ee0a9e7c32c7fcac9f216fded548382535f3457483aec7a728c41fcd09c14830	True	EXACT_NORMALIZED_ALLELE	PHASE1B_EXACT_NORMALIZED_ALLELE_V1	1.0.0	False	False
431	run-phase1a-60z59-hg002-grch38-v421	event-run-phase1a-60z59-hg002-grch38-v421-record-472	run-phase1a-ru88n-hg002-grch38-v421	event-run-phase1a-ru88n-hg002-grch38-v421-record-486	CROSS_RUN_EQUIVALENCE_UNRESOLVED	GRCh38|chr20|10179444|A|G	GRCh38|chr20|10179443|10179444|A|G	GRCh38|chr20|10179443|10179444|A|G	variant:sha256:98f012e2ef3813d8b391e233e2fe7826acaeec8091ae0a462dd35ece527fa0e7	variant:sha256:98f012e2ef3813d8b391e233e2fe7826acaeec8091ae0a462dd35ece527fa0e7	True	EXACT_NORMALIZED_ALLELE	PHASE1B_EXACT_NORMALIZED_ALLELE_V1	1.0.0	False	False
432	run-phase1a-60z59-hg002-grch38-v421	event-run-phase1a-60z59-hg002-grch38-v421-record-473	run-phase1a-ru88n-hg002-grch38-v421	event-run-phase1a-ru88n-hg002-grch38-v421-record-487	CROSS_RUN_EQUIVALENCE_UNRESOLVED	GRCh38|chr20|10180125|A|AC	GRCh38|chr20|10180124|10180125|A|AC	GRCh38|chr20|10180124|10180125|A|AC	variant:sha256:a07cd3eefa1893dc42d34e71b6595ed448e0e51a6bbdb4ce0c439548bddd4c14	variant:sha256:a07cd3eefa1893dc42d34e71b6595ed448e0e51a6bbdb4ce0c439548bddd4c14	True	EXACT_NORMALIZED_ALLELE	PHASE1B_EXACT_NORMALIZED_ALLELE_V1	1.0.0	False	False
433	run-phase1a-60z59-hg002-grch38-v421	event-run-phase1a-60z59-hg002-grch38-v421-record-474	run-phase1a-ru88n-hg002-grch38-v421	event-run-phase1a-ru88n-hg002-grch38-v421-record-488	CROSS_RUN_EQUIVALENCE_UNRESOLVED	GRCh38|chr20|10180577|C|T	GRCh38|chr20|10180576|10180577|C|T	GRCh38|chr20|10180576|10180577|C|T	variant:sha256:9fece7292c5885c31be9822f6a161bc13d39e26a1c96e42461e358c3a10bfb92	variant:sha256:9fece7292c5885c31be9822f6a161bc13d39e26a1c96e42461e358c3a10bfb92	True	EXACT_NORMALIZED_ALLELE	PHASE1B_EXACT_NORMALIZED_ALLELE_V1	1.0.0	False	False
434	run-phase1a-60z59-hg002-grch38-v421	event-run-phase1a-60z59-hg002-grch38-v421-record-475	run-phase1a-ru88n-hg002-grch38-v421	event-run-phase1a-ru88n-hg002-grch38-v421-record-489	CROSS_RUN_EQUIVALENCE_UNRESOLVED	GRCh38|chr20|10181679|C|T	GRCh38|chr20|10181678|10181679|C|T	GRCh38|chr20|10181678|10181679|C|T	variant:sha256:19006aa13e6a86ee1332f9192e1d3402eb7d3338b3a4bdad92abeb5c261164a8	variant:sha256:19006aa13e6a86ee1332f9192e1d3402eb7d3338b3a4bdad92abeb5c261164a8	True	EXACT_NORMALIZED_ALLELE	PHASE1B_EXACT_NORMALIZED_ALLELE_V1	1.0.0	False	False
435	run-phase1a-60z59-hg002-grch38-v421	event-run-phase1a-60z59-hg002-grch38-v421-record-476	run-phase1a-ru88n-hg002-grch38-v421	event-run-phase1a-ru88n-hg002-grch38-v421-record-490	CROSS_RUN_EQUIVALENCE_UNRESOLVED	GRCh38|chr20|10181975|C|T	GRCh38|chr20|10181974|10181975|C|T	GRCh38|chr20|10181974|10181975|C|T	variant:sha256:8712460802ebe3db95ddf73b16f2c653b57556265f106170e7b09e3ab5e97ab4	variant:sha256:8712460802ebe3db95ddf73b16f2c653b57556265f106170e7b09e3ab5e97ab4	True	EXACT_NORMALIZED_ALLELE	PHASE1B_EXACT_NORMALIZED_ALLELE_V1	1.0.0	False	False
436	run-phase1a-60z59-hg002-grch38-v421	event-run-phase1a-60z59-hg002-grch38-v421-record-479	run-phase1a-ru88n-hg002-grch38-v421	event-run-phase1a-ru88n-hg002-grch38-v421-record-492	CROSS_RUN_EQUIVALENCE_UNRESOLVED	GRCh38|chr20|10182698|CA|C	GRCh38|chr20|10182697|10182699|CA|C	GRCh38|chr20|10182697|10182699|CA|C	variant:sha256:0c81735d32c302cc16f96ccb8a2996f2974a3f617b3ffdf6f7d91808af8da37a	variant:sha256:0c81735d32c302cc16f96ccb8a2996f2974a3f617b3ffdf6f7d91808af8da37a	True	EXACT_NORMALIZED_ALLELE	PHASE1B_EXACT_NORMALIZED_ALLELE_V1	1.0.0	False	False
437	run-phase1a-60z59-hg002-grch38-v421	event-run-phase1a-60z59-hg002-grch38-v421-record-480	run-phase1a-ru88n-hg002-grch38-v421	event-run-phase1a-ru88n-hg002-grch38-v421-record-493	CROSS_RUN_EQUIVALENCE_UNRESOLVED	GRCh38|chr20|10183984|G|A	GRCh38|chr20|10183983|10183984|G|A	GRCh38|chr20|10183983|10183984|G|A	variant:sha256:db93934e62334c6322520273ce0949dd2b74372934ed9fdbd58301bd9a9384e9	variant:sha256:db93934e62334c6322520273ce0949dd2b74372934ed9fdbd58301bd9a9384e9	True	EXACT_NORMALIZED_ALLELE	PHASE1B_EXACT_NORMALIZED_ALLELE_V1	1.0.0	False	False
438	run-phase1a-60z59-hg002-grch38-v421	event-run-phase1a-60z59-hg002-grch38-v421-record-481	run-phase1a-ru88n-hg002-grch38-v421	event-run-phase1a-ru88n-hg002-grch38-v421-record-494	CROSS_RUN_EQUIVALENCE_UNRESOLVED	GRCh38|chr20|10184205|C|T	GRCh38|chr20|10184204|10184205|C|T	GRCh38|chr20|10184204|10184205|C|T	variant:sha256:fa15247a65be30d9bd6939755f184429b699d409650d665334f3a363c33eb28a	variant:sha256:fa15247a65be30d9bd6939755f184429b699d409650d665334f3a363c33eb28a	True	EXACT_NORMALIZED_ALLELE	PHASE1B_EXACT_NORMALIZED_ALLELE_V1	1.0.0	False	False
439	run-phase1a-60z59-hg002-grch38-v421	event-run-phase1a-60z59-hg002-grch38-v421-record-482	run-phase1a-ru88n-hg002-grch38-v421	event-run-phase1a-ru88n-hg002-grch38-v421-record-495	CROSS_RUN_EQUIVALENCE_UNRESOLVED	GRCh38|chr20|10185079|G|T	GRCh38|chr20|10185078|10185079|G|T	GRCh38|chr20|10185078|10185079|G|T	variant:sha256:9380198db9fd264cb49e7eedf8d0d229e0d76c83d22ee81a40e9333917b4097c	variant:sha256:9380198db9fd264cb49e7eedf8d0d229e0d76c83d22ee81a40e9333917b4097c	True	EXACT_NORMALIZED_ALLELE	PHASE1B_EXACT_NORMALIZED_ALLELE_V1	1.0.0	False	False
440	run-phase1a-60z59-hg002-grch38-v421	event-run-phase1a-60z59-hg002-grch38-v421-record-483	run-phase1a-ru88n-hg002-grch38-v421	event-run-phase1a-ru88n-hg002-grch38-v421-record-496	CROSS_RUN_EQUIVALENCE_UNRESOLVED	GRCh38|chr20|10185285|A|G	GRCh38|chr20|10185284|10185285|A|G	GRCh38|chr20|10185284|10185285|A|G	variant:sha256:8fb6269458c347d70eb21592f6eb6c52632d551ba9a7188238233afa2cd96875	variant:sha256:8fb6269458c347d70eb21592f6eb6c52632d551ba9a7188238233afa2cd96875	True	EXACT_NORMALIZED_ALLELE	PHASE1B_EXACT_NORMALIZED_ALLELE_V1	1.0.0	False	False
441	run-phase1a-60z59-hg002-grch38-v421	event-run-phase1a-60z59-hg002-grch38-v421-record-484	run-phase1a-ru88n-hg002-grch38-v421	event-run-phase1a-ru88n-hg002-grch38-v421-record-497	CROSS_RUN_EQUIVALENCE_UNRESOLVED	GRCh38|chr20|10185750|C|A	GRCh38|chr20|10185749|10185750|C|A	GRCh38|chr20|10185749|10185750|C|A	variant:sha256:e3cbe01623b8c7291cd347b85edc896cdbca7bac944a1c50c0b25d524d32018b	variant:sha256:e3cbe01623b8c7291cd347b85edc896cdbca7bac944a1c50c0b25d524d32018b	True	EXACT_NORMALIZED_ALLELE	PHASE1B_EXACT_NORMALIZED_ALLELE_V1	1.0.0	False	False
442	run-phase1a-60z59-hg002-grch38-v421	event-run-phase1a-60z59-hg002-grch38-v421-record-485	run-phase1a-ru88n-hg002-grch38-v421	event-run-phase1a-ru88n-hg002-grch38-v421-record-498	CROSS_RUN_EQUIVALENCE_UNRESOLVED	GRCh38|chr20|10186127|A|G	GRCh38|chr20|10186126|10186127|A|G	GRCh38|chr20|10186126|10186127|A|G	variant:sha256:ddb4e38ccedc8b955865376e14c88b0802b97b67bd618d39cc559559ea927b8d	variant:sha256:ddb4e38ccedc8b955865376e14c88b0802b97b67bd618d39cc559559ea927b8d	True	EXACT_NORMALIZED_ALLELE	PHASE1B_EXACT_NORMALIZED_ALLELE_V1	1.0.0	False	False
443	run-phase1a-60z59-hg002-grch38-v421	event-run-phase1a-60z59-hg002-grch38-v421-record-486	run-phase1a-ru88n-hg002-grch38-v421	event-run-phase1a-ru88n-hg002-grch38-v421-record-499	CROSS_RUN_EQUIVALENCE_UNRESOLVED	GRCh38|chr20|10186152|G|A	GRCh38|chr20|10186151|10186152|G|A	GRCh38|chr20|10186151|10186152|G|A	variant:sha256:256066a71d798c950684255cc0c3812c28f7869bee78135224043c9ca540a5c9	variant:sha256:256066a71d798c950684255cc0c3812c28f7869bee78135224043c9ca540a5c9	True	EXACT_NORMALIZED_ALLELE	PHASE1B_EXACT_NORMALIZED_ALLELE_V1	1.0.0	False	False
444	run-phase1a-60z59-hg002-grch38-v421	event-run-phase1a-60z59-hg002-grch38-v421-record-487	run-phase1a-ru88n-hg002-grch38-v421	event-run-phase1a-ru88n-hg002-grch38-v421-record-500	CROSS_RUN_EQUIVALENCE_UNRESOLVED	GRCh38|chr20|10186893|A|G	GRCh38|chr20|10186892|10186893|A|G	GRCh38|chr20|10186892|10186893|A|G	variant:sha256:b48f6bead0cefa4113dd4fff82fd8f7b00e253c39620602077660afc6de3bcf8	variant:sha256:b48f6bead0cefa4113dd4fff82fd8f7b00e253c39620602077660afc6de3bcf8	True	EXACT_NORMALIZED_ALLELE	PHASE1B_EXACT_NORMALIZED_ALLELE_V1	1.0.0	False	False
445	run-phase1a-60z59-hg002-grch38-v421	event-run-phase1a-60z59-hg002-grch38-v421-record-488	run-phase1a-ru88n-hg002-grch38-v421	event-run-phase1a-ru88n-hg002-grch38-v421-record-501	CROSS_RUN_EQUIVALENCE_UNRESOLVED	GRCh38|chr20|10188333|A|G	GRCh38|chr20|10188332|10188333|A|G	GRCh38|chr20|10188332|10188333|A|G	variant:sha256:4de30289989bc3d2653204ee83f71bef321f04744258a2928fd7da48bffa7c05	variant:sha256:4de30289989bc3d2653204ee83f71bef321f04744258a2928fd7da48bffa7c05	True	EXACT_NORMALIZED_ALLELE	PHASE1B_EXACT_NORMALIZED_ALLELE_V1	1.0.0	False	False
446	run-phase1a-60z59-hg002-grch38-v421	event-run-phase1a-60z59-hg002-grch38-v421-record-489	run-phase1a-ru88n-hg002-grch38-v421	event-run-phase1a-ru88n-hg002-grch38-v421-record-502	CROSS_RUN_EQUIVALENCE_UNRESOLVED	GRCh38|chr20|10188995|C|G	GRCh38|chr20|10188994|10188995|C|G	GRCh38|chr20|10188994|10188995|C|G	variant:sha256:d48ada6b143cb34203211bfb9367d3197ef5d429b6c6ffd718a9da5f6c01e842	variant:sha256:d48ada6b143cb34203211bfb9367d3197ef5d429b6c6ffd718a9da5f6c01e842	True	EXACT_NORMALIZED_ALLELE	PHASE1B_EXACT_NORMALIZED_ALLELE_V1	1.0.0	False	False
447	run-phase1a-60z59-hg002-grch38-v421	event-run-phase1a-60z59-hg002-grch38-v421-record-490	run-phase1a-ru88n-hg002-grch38-v421	event-run-phase1a-ru88n-hg002-grch38-v421-record-503	CROSS_RUN_EQUIVALENCE_UNRESOLVED	GRCh38|chr20|10189966|G|A	GRCh38|chr20|10189965|10189966|G|A	GRCh38|chr20|10189965|10189966|G|A	variant:sha256:47f4680a2d14ed8e6dfc499295a3b9c84453db8483f38afcb897a16ce9ff9677	variant:sha256:47f4680a2d14ed8e6dfc499295a3b9c84453db8483f38afcb897a16ce9ff9677	True	EXACT_NORMALIZED_ALLELE	PHASE1B_EXACT_NORMALIZED_ALLELE_V1	1.0.0	False	False
448	run-phase1a-60z59-hg002-grch38-v421	event-run-phase1a-60z59-hg002-grch38-v421-record-491	run-phase1a-ru88n-hg002-grch38-v421	event-run-phase1a-ru88n-hg002-grch38-v421-record-504	CROSS_RUN_EQUIVALENCE_UNRESOLVED	GRCh38|chr20|10189990|A|G	GRCh38|chr20|10189989|10189990|A|G	GRCh38|chr20|10189989|10189990|A|G	variant:sha256:503acdeb68fc1067049ad494d43443424a961a026b0f2d7fea885147d19356c6	variant:sha256:503acdeb68fc1067049ad494d43443424a961a026b0f2d7fea885147d19356c6	True	EXACT_NORMALIZED_ALLELE	PHASE1B_EXACT_NORMALIZED_ALLELE_V1	1.0.0	False	False
449	run-phase1a-60z59-hg002-grch38-v421	event-run-phase1a-60z59-hg002-grch38-v421-record-492	run-phase1a-ru88n-hg002-grch38-v421	event-run-phase1a-ru88n-hg002-grch38-v421-record-505	CROSS_RUN_EQUIVALENCE_UNRESOLVED	GRCh38|chr20|10190359|C|T	GRCh38|chr20|10190358|10190359|C|T	GRCh38|chr20|10190358|10190359|C|T	variant:sha256:bae4850b62fe8ec47f237a62e27cd68e54931cce3a1de1c42e1582fdc59deede	variant:sha256:bae4850b62fe8ec47f237a62e27cd68e54931cce3a1de1c42e1582fdc59deede	True	EXACT_NORMALIZED_ALLELE	PHASE1B_EXACT_NORMALIZED_ALLELE_V1	1.0.0	False	False
450	run-phase1a-60z59-hg002-grch38-v421	event-run-phase1a-60z59-hg002-grch38-v421-record-493	run-phase1a-ru88n-hg002-grch38-v421	event-run-phase1a-ru88n-hg002-grch38-v421-record-506	CROSS_RUN_EQUIVALENCE_UNRESOLVED	GRCh38|chr20|10190661|T|A	GRCh38|chr20|10190660|10190661|T|A	GRCh38|chr20|10190660|10190661|T|A	variant:sha256:0a3d88ed7c083baa6f4f8543b85c8183add87b53b0e8042ebf4c995528f256d4	variant:sha256:0a3d88ed7c083baa6f4f8543b85c8183add87b53b0e8042ebf4c995528f256d4	True	EXACT_NORMALIZED_ALLELE	PHASE1B_EXACT_NORMALIZED_ALLELE_V1	1.0.0	False	False
451	run-phase1a-60z59-hg002-grch38-v421	event-run-phase1a-60z59-hg002-grch38-v421-record-494	run-phase1a-ru88n-hg002-grch38-v421	event-run-phase1a-ru88n-hg002-grch38-v421-record-507	CROSS_RUN_EQUIVALENCE_UNRESOLVED	GRCh38|chr20|10191089|G|A	GRCh38|chr20|10191088|10191089|G|A	GRCh38|chr20|10191088|10191089|G|A	variant:sha256:b0b76b3ed07126ded5a6ebcf4b7b0013e0e50721a635d66d3396af2a1835611f	variant:sha256:b0b76b3ed07126ded5a6ebcf4b7b0013e0e50721a635d66d3396af2a1835611f	True	EXACT_NORMALIZED_ALLELE	PHASE1B_EXACT_NORMALIZED_ALLELE_V1	1.0.0	False	False
452	run-phase1a-60z59-hg002-grch38-v421	event-run-phase1a-60z59-hg002-grch38-v421-record-495	run-phase1a-ru88n-hg002-grch38-v421	event-run-phase1a-ru88n-hg002-grch38-v421-record-508	CROSS_RUN_EQUIVALENCE_UNRESOLVED	GRCh38|chr20|10191160|AG|A	GRCh38|chr20|10191159|10191161|AG|A	GRCh38|chr20|10191159|10191161|AG|A	variant:sha256:fb010b9be47906b532967d104cbf98c7c6cd0356a9679ef7f418a9d9158b8e37	variant:sha256:fb010b9be47906b532967d104cbf98c7c6cd0356a9679ef7f418a9d9158b8e37	True	EXACT_NORMALIZED_ALLELE	PHASE1B_EXACT_NORMALIZED_ALLELE_V1	1.0.0	False	False
453	run-phase1a-60z59-hg002-grch38-v421	event-run-phase1a-60z59-hg002-grch38-v421-record-496	run-phase1a-ru88n-hg002-grch38-v421	event-run-phase1a-ru88n-hg002-grch38-v421-record-509	CROSS_RUN_EQUIVALENCE_UNRESOLVED	GRCh38|chr20|10191771|C|T	GRCh38|chr20|10191770|10191771|C|T	GRCh38|chr20|10191770|10191771|C|T	variant:sha256:18886c6de8dfc817918d5d0a56a077c730d72bce24e4021f876ea80d932cd059	variant:sha256:18886c6de8dfc817918d5d0a56a077c730d72bce24e4021f876ea80d932cd059	True	EXACT_NORMALIZED_ALLELE	PHASE1B_EXACT_NORMALIZED_ALLELE_V1	1.0.0	False	False
454	run-phase1a-60z59-hg002-grch38-v421	event-run-phase1a-60z59-hg002-grch38-v421-record-497	run-phase1a-ru88n-hg002-grch38-v421	event-run-phase1a-ru88n-hg002-grch38-v421-record-510	CROSS_RUN_EQUIVALENCE_UNRESOLVED	GRCh38|chr20|10191957|T|C	GRCh38|chr20|10191956|10191957|T|C	GRCh38|chr20|10191956|10191957|T|C	variant:sha256:8a8647747e1035c4bcac960d5e059af186aa8d4cafc1f981cf8b4dfa06cb8b50	variant:sha256:8a8647747e1035c4bcac960d5e059af186aa8d4cafc1f981cf8b4dfa06cb8b50	True	EXACT_NORMALIZED_ALLELE	PHASE1B_EXACT_NORMALIZED_ALLELE_V1	1.0.0	False	False
455	run-phase1a-60z59-hg002-grch38-v421	event-run-phase1a-60z59-hg002-grch38-v421-record-498	run-phase1a-ru88n-hg002-grch38-v421	event-run-phase1a-ru88n-hg002-grch38-v421-record-511	CROSS_RUN_EQUIVALENCE_UNRESOLVED	GRCh38|chr20|10192028|C|T	GRCh38|chr20|10192027|10192028|C|T	GRCh38|chr20|10192027|10192028|C|T	variant:sha256:fc87f114f3dad675c5c432a2c466c43c799e21126506e76f44710646c0889991	variant:sha256:fc87f114f3dad675c5c432a2c466c43c799e21126506e76f44710646c0889991	True	EXACT_NORMALIZED_ALLELE	PHASE1B_EXACT_NORMALIZED_ALLELE_V1	1.0.0	False	False
456	run-phase1a-60z59-hg002-grch38-v421	event-run-phase1a-60z59-hg002-grch38-v421-record-499	run-phase1a-ru88n-hg002-grch38-v421	event-run-phase1a-ru88n-hg002-grch38-v421-record-512	CROSS_RUN_EQUIVALENCE_UNRESOLVED	GRCh38|chr20|10192081|T|A	GRCh38|chr20|10192080|10192081|T|A	GRCh38|chr20|10192080|10192081|T|A	variant:sha256:f961a9c2ade1343ff88e8c557499aed32282f26cfe2dbf535201a0d5fc6486a7	variant:sha256:f961a9c2ade1343ff88e8c557499aed32282f26cfe2dbf535201a0d5fc6486a7	True	EXACT_NORMALIZED_ALLELE	PHASE1B_EXACT_NORMALIZED_ALLELE_V1	1.0.0	False	False
457	run-phase1a-60z59-hg002-grch38-v421	event-run-phase1a-60z59-hg002-grch38-v421-record-500	run-phase1a-ru88n-hg002-grch38-v421	event-run-phase1a-ru88n-hg002-grch38-v421-record-513	CROSS_RUN_EQUIVALENCE_UNRESOLVED	GRCh38|chr20|10192148|G|A	GRCh38|chr20|10192147|10192148|G|A	GRCh38|chr20|10192147|10192148|G|A	variant:sha256:2fc9d24c4bbf23afee452788d63cacb68ab8137224a586aaf754f62c07e21068	variant:sha256:2fc9d24c4bbf23afee452788d63cacb68ab8137224a586aaf754f62c07e21068	True	EXACT_NORMALIZED_ALLELE	PHASE1B_EXACT_NORMALIZED_ALLELE_V1	1.0.0	False	False
458	run-phase1a-60z59-hg002-grch38-v421	event-run-phase1a-60z59-hg002-grch38-v421-record-501	run-phase1a-ru88n-hg002-grch38-v421	event-run-phase1a-ru88n-hg002-grch38-v421-record-514	CROSS_RUN_EQUIVALENCE_UNRESOLVED	GRCh38|chr20|10192529|G|A	GRCh38|chr20|10192528|10192529|G|A	GRCh38|chr20|10192528|10192529|G|A	variant:sha256:775898f3ee28952cf1f9d81b017d2dc9e027cafe067acd5a13454eab0a362b94	variant:sha256:775898f3ee28952cf1f9d81b017d2dc9e027cafe067acd5a13454eab0a362b94	True	EXACT_NORMALIZED_ALLELE	PHASE1B_EXACT_NORMALIZED_ALLELE_V1	1.0.0	False	False
459	run-phase1a-60z59-hg002-grch38-v421	event-run-phase1a-60z59-hg002-grch38-v421-record-502	run-phase1a-ru88n-hg002-grch38-v421	event-run-phase1a-ru88n-hg002-grch38-v421-record-515	CROSS_RUN_EQUIVALENCE_UNRESOLVED	GRCh38|chr20|10194272|C|T	GRCh38|chr20|10194271|10194272|C|T	GRCh38|chr20|10194271|10194272|C|T	variant:sha256:7cff0e8c57e6d8b570bcf47923f0634f0c71db2f359b2bda88fa048991795343	variant:sha256:7cff0e8c57e6d8b570bcf47923f0634f0c71db2f359b2bda88fa048991795343	True	EXACT_NORMALIZED_ALLELE	PHASE1B_EXACT_NORMALIZED_ALLELE_V1	1.0.0	False	False
460	run-phase1a-60z59-hg002-grch38-v421	event-run-phase1a-60z59-hg002-grch38-v421-record-503	run-phase1a-ru88n-hg002-grch38-v421	event-run-phase1a-ru88n-hg002-grch38-v421-record-516	CROSS_RUN_EQUIVALENCE_UNRESOLVED	GRCh38|chr20|10194457|T|A	GRCh38|chr20|10194456|10194457|T|A	GRCh38|chr20|10194456|10194457|T|A	variant:sha256:d5877177c18d213d3d51deaebf545f9852f09f09ed1cb8f6f1c59f7fef53d3be	variant:sha256:d5877177c18d213d3d51deaebf545f9852f09f09ed1cb8f6f1c59f7fef53d3be	True	EXACT_NORMALIZED_ALLELE	PHASE1B_EXACT_NORMALIZED_ALLELE_V1	1.0.0	False	False
461	run-phase1a-60z59-hg002-grch38-v421	event-run-phase1a-60z59-hg002-grch38-v421-record-504	run-phase1a-ru88n-hg002-grch38-v421	event-run-phase1a-ru88n-hg002-grch38-v421-record-517	CROSS_RUN_EQUIVALENCE_UNRESOLVED	GRCh38|chr20|10194477|T|C	GRCh38|chr20|10194476|10194477|T|C	GRCh38|chr20|10194476|10194477|T|C	variant:sha256:2ad73bdeca7b3f06c33678eed0422875eb0ad63a41c16ed5d5eaa1486f5435d5	variant:sha256:2ad73bdeca7b3f06c33678eed0422875eb0ad63a41c16ed5d5eaa1486f5435d5	True	EXACT_NORMALIZED_ALLELE	PHASE1B_EXACT_NORMALIZED_ALLELE_V1	1.0.0	False	False
462	run-phase1a-60z59-hg002-grch38-v421	event-run-phase1a-60z59-hg002-grch38-v421-record-505	run-phase1a-ru88n-hg002-grch38-v421	event-run-phase1a-ru88n-hg002-grch38-v421-record-518	CROSS_RUN_EQUIVALENCE_UNRESOLVED	GRCh38|chr20|10194528|G|A	GRCh38|chr20|10194527|10194528|G|A	GRCh38|chr20|10194527|10194528|G|A	variant:sha256:acef6e7ba194209d408bacb6c0c4fdffe8c43601bcd504eddb6493d3507723ac	variant:sha256:acef6e7ba194209d408bacb6c0c4fdffe8c43601bcd504eddb6493d3507723ac	True	EXACT_NORMALIZED_ALLELE	PHASE1B_EXACT_NORMALIZED_ALLELE_V1	1.0.0	False	False
463	run-phase1a-60z59-hg002-grch38-v421	event-run-phase1a-60z59-hg002-grch38-v421-record-507	run-phase1a-ru88n-hg002-grch38-v421	event-run-phase1a-ru88n-hg002-grch38-v421-record-519	CROSS_RUN_EQUIVALENCE_UNRESOLVED	GRCh38|chr20|10194817|C|G	GRCh38|chr20|10194816|10194817|C|G	GRCh38|chr20|10194816|10194817|C|G	variant:sha256:35ef4df584d345ffa3fa51b52ee75bead873c7eac09e3aa960fd7bf41857f782	variant:sha256:35ef4df584d345ffa3fa51b52ee75bead873c7eac09e3aa960fd7bf41857f782	True	EXACT_NORMALIZED_ALLELE	PHASE1B_EXACT_NORMALIZED_ALLELE_V1	1.0.0	False	False
464	run-phase1a-60z59-hg002-grch38-v421	event-run-phase1a-60z59-hg002-grch38-v421-record-508	run-phase1a-ru88n-hg002-grch38-v421	event-run-phase1a-ru88n-hg002-grch38-v421-record-520	CROSS_RUN_EQUIVALENCE_UNRESOLVED	GRCh38|chr20|10194826|A|C	GRCh38|chr20|10194825|10194826|A|C	GRCh38|chr20|10194825|10194826|A|C	variant:sha256:b9b43559403b316f3a193183e142c8459b39eed868126b12ffa0b0f09d9b925d	variant:sha256:b9b43559403b316f3a193183e142c8459b39eed868126b12ffa0b0f09d9b925d	True	EXACT_NORMALIZED_ALLELE	PHASE1B_EXACT_NORMALIZED_ALLELE_V1	1.0.0	False	False
465	run-phase1a-60z59-hg002-grch38-v421	event-run-phase1a-60z59-hg002-grch38-v421-record-509	run-phase1a-ru88n-hg002-grch38-v421	event-run-phase1a-ru88n-hg002-grch38-v421-record-521	CROSS_RUN_EQUIVALENCE_UNRESOLVED	GRCh38|chr20|10194847|A|G	GRCh38|chr20|10194846|10194847|A|G	GRCh38|chr20|10194846|10194847|A|G	variant:sha256:32deb718b91e26d89845b488863a667756e2d4b5aabbea7ba9ba1cb824653f73	variant:sha256:32deb718b91e26d89845b488863a667756e2d4b5aabbea7ba9ba1cb824653f73	True	EXACT_NORMALIZED_ALLELE	PHASE1B_EXACT_NORMALIZED_ALLELE_V1	1.0.0	False	False
466	run-phase1a-60z59-hg002-grch38-v421	event-run-phase1a-60z59-hg002-grch38-v421-record-510	run-phase1a-ru88n-hg002-grch38-v421	event-run-phase1a-ru88n-hg002-grch38-v421-record-522	CROSS_RUN_EQUIVALENCE_UNRESOLVED	GRCh38|chr20|10195783|T|C	GRCh38|chr20|10195782|10195783|T|C	GRCh38|chr20|10195782|10195783|T|C	variant:sha256:4d6a0e4dbf70d556aac369a347c1a7b6a5fed12d2168538e147d7523577521b1	variant:sha256:4d6a0e4dbf70d556aac369a347c1a7b6a5fed12d2168538e147d7523577521b1	True	EXACT_NORMALIZED_ALLELE	PHASE1B_EXACT_NORMALIZED_ALLELE_V1	1.0.0	False	False
467	run-phase1a-60z59-hg002-grch38-v421	event-run-phase1a-60z59-hg002-grch38-v421-record-511	run-phase1a-ru88n-hg002-grch38-v421	event-run-phase1a-ru88n-hg002-grch38-v421-record-523	CROSS_RUN_EQUIVALENCE_UNRESOLVED	GRCh38|chr20|10197003|A|G	GRCh38|chr20|10197002|10197003|A|G	GRCh38|chr20|10197002|10197003|A|G	variant:sha256:846ec0ae7e3707b1b6b67b6ca516d849a6c09223b57a20ec7473b807aa51c3f4	variant:sha256:846ec0ae7e3707b1b6b67b6ca516d849a6c09223b57a20ec7473b807aa51c3f4	True	EXACT_NORMALIZED_ALLELE	PHASE1B_EXACT_NORMALIZED_ALLELE_V1	1.0.0	False	False
468	run-phase1a-60z59-hg002-grch38-v421	event-run-phase1a-60z59-hg002-grch38-v421-record-512	run-phase1a-ru88n-hg002-grch38-v421	event-run-phase1a-ru88n-hg002-grch38-v421-record-524	CROSS_RUN_EQUIVALENCE_UNRESOLVED	GRCh38|chr20|10197374|G|T	GRCh38|chr20|10197373|10197374|G|T	GRCh38|chr20|10197373|10197374|G|T	variant:sha256:94c4b4fe4e17427cdb14c82c4d3fc9df594fd0c785e9ae40c4e6bc9b2c8885c2	variant:sha256:94c4b4fe4e17427cdb14c82c4d3fc9df594fd0c785e9ae40c4e6bc9b2c8885c2	True	EXACT_NORMALIZED_ALLELE	PHASE1B_EXACT_NORMALIZED_ALLELE_V1	1.0.0	False	False
469	run-phase1a-60z59-hg002-grch38-v421	event-run-phase1a-60z59-hg002-grch38-v421-record-513	run-phase1a-ru88n-hg002-grch38-v421	event-run-phase1a-ru88n-hg002-grch38-v421-record-525	CROSS_RUN_EQUIVALENCE_UNRESOLVED	GRCh38|chr20|10197539|C|A	GRCh38|chr20|10197538|10197539|C|A	GRCh38|chr20|10197538|10197539|C|A	variant:sha256:782ef7a7d7198706966acbea2b8bc614ab0fa5001580fd13bb2a68928eddfe65	variant:sha256:782ef7a7d7198706966acbea2b8bc614ab0fa5001580fd13bb2a68928eddfe65	True	EXACT_NORMALIZED_ALLELE	PHASE1B_EXACT_NORMALIZED_ALLELE_V1	1.0.0	False	False
470	run-phase1a-60z59-hg002-grch38-v421	event-run-phase1a-60z59-hg002-grch38-v421-record-514	run-phase1a-ru88n-hg002-grch38-v421	event-run-phase1a-ru88n-hg002-grch38-v421-record-526	CROSS_RUN_EQUIVALENCE_UNRESOLVED	GRCh38|chr20|10198883|G|A	GRCh38|chr20|10198882|10198883|G|A	GRCh38|chr20|10198882|10198883|G|A	variant:sha256:9f0d63d533742b9f3ad884c32334b7c84df03a35de7fb6ea570234fb68133c89	variant:sha256:9f0d63d533742b9f3ad884c32334b7c84df03a35de7fb6ea570234fb68133c89	True	EXACT_NORMALIZED_ALLELE	PHASE1B_EXACT_NORMALIZED_ALLELE_V1	1.0.0	False	False
471	run-phase1a-60z59-hg002-grch38-v421	event-run-phase1a-60z59-hg002-grch38-v421-record-515	run-phase1a-ru88n-hg002-grch38-v421	event-run-phase1a-ru88n-hg002-grch38-v421-record-527	CROSS_RUN_EQUIVALENCE_UNRESOLVED	GRCh38|chr20|10199622|G|A	GRCh38|chr20|10199621|10199622|G|A	GRCh38|chr20|10199621|10199622|G|A	variant:sha256:ec665a6386e5c44c9e84aafa356e1b9fe70bc65aab8c405a99904fdc0c468270	variant:sha256:ec665a6386e5c44c9e84aafa356e1b9fe70bc65aab8c405a99904fdc0c468270	True	EXACT_NORMALIZED_ALLELE	PHASE1B_EXACT_NORMALIZED_ALLELE_V1	1.0.0	False	False
472	run-phase1a-60z59-hg002-grch38-v421	event-run-phase1a-60z59-hg002-grch38-v421-record-516	run-phase1a-ru88n-hg002-grch38-v421	event-run-phase1a-ru88n-hg002-grch38-v421-record-528	CROSS_RUN_EQUIVALENCE_UNRESOLVED	GRCh38|chr20|10200790|G|A	GRCh38|chr20|10200789|10200790|G|A	GRCh38|chr20|10200789|10200790|G|A	variant:sha256:c89f59640e4cea8dbae450432b88ec16cbd9c3b70e4e66b629ba641d8b1dc086	variant:sha256:c89f59640e4cea8dbae450432b88ec16cbd9c3b70e4e66b629ba641d8b1dc086	True	EXACT_NORMALIZED_ALLELE	PHASE1B_EXACT_NORMALIZED_ALLELE_V1	1.0.0	False	False
473	run-phase1a-60z59-hg002-grch38-v421	event-run-phase1a-60z59-hg002-grch38-v421-record-517	run-phase1a-ru88n-hg002-grch38-v421	event-run-phase1a-ru88n-hg002-grch38-v421-record-529	CROSS_RUN_EQUIVALENCE_UNRESOLVED	GRCh38|chr20|10200934|C|T	GRCh38|chr20|10200933|10200934|C|T	GRCh38|chr20|10200933|10200934|C|T	variant:sha256:0e4b5941526a4cc9f500c0bd8ed67a4b1cb54689e036154aad210d149a74a689	variant:sha256:0e4b5941526a4cc9f500c0bd8ed67a4b1cb54689e036154aad210d149a74a689	True	EXACT_NORMALIZED_ALLELE	PHASE1B_EXACT_NORMALIZED_ALLELE_V1	1.0.0	False	False
474	run-phase1a-60z59-hg002-grch38-v421	event-run-phase1a-60z59-hg002-grch38-v421-record-518	run-phase1a-ru88n-hg002-grch38-v421	event-run-phase1a-ru88n-hg002-grch38-v421-record-530	CROSS_RUN_EQUIVALENCE_UNRESOLVED	GRCh38|chr20|10201606|T|A	GRCh38|chr20|10201605|10201606|T|A	GRCh38|chr20|10201605|10201606|T|A	variant:sha256:9e2a48b2ff838259b4caf9fc9e8284a54df5ea03ae502845ec4cfa0e29736019	variant:sha256:9e2a48b2ff838259b4caf9fc9e8284a54df5ea03ae502845ec4cfa0e29736019	True	EXACT_NORMALIZED_ALLELE	PHASE1B_EXACT_NORMALIZED_ALLELE_V1	1.0.0	False	False
475	run-phase1a-60z59-hg002-grch38-v421	event-run-phase1a-60z59-hg002-grch38-v421-record-519	run-phase1a-ru88n-hg002-grch38-v421	event-run-phase1a-ru88n-hg002-grch38-v421-record-531	CROSS_RUN_EQUIVALENCE_UNRESOLVED	GRCh38|chr20|10202370|T|A	GRCh38|chr20|10202369|10202370|T|A	GRCh38|chr20|10202369|10202370|T|A	variant:sha256:7de38358cfcae58d3ad060dbb19c2d6d298d0cd43cd10fb45745feeb9f8ded1b	variant:sha256:7de38358cfcae58d3ad060dbb19c2d6d298d0cd43cd10fb45745feeb9f8ded1b	True	EXACT_NORMALIZED_ALLELE	PHASE1B_EXACT_NORMALIZED_ALLELE_V1	1.0.0	False	False
476	run-phase1a-60z59-hg002-grch38-v421	event-run-phase1a-60z59-hg002-grch38-v421-record-520	run-phase1a-ru88n-hg002-grch38-v421	event-run-phase1a-ru88n-hg002-grch38-v421-record-532	CROSS_RUN_EQUIVALENCE_UNRESOLVED	GRCh38|chr20|10202869|A|G	GRCh38|chr20|10202868|10202869|A|G	GRCh38|chr20|10202868|10202869|A|G	variant:sha256:c883ca07c6b28be5788490cc019221cfed8044cd33373a4b3a94cbd5445ef7a4	variant:sha256:c883ca07c6b28be5788490cc019221cfed8044cd33373a4b3a94cbd5445ef7a4	True	EXACT_NORMALIZED_ALLELE	PHASE1B_EXACT_NORMALIZED_ALLELE_V1	1.0.0	False	False
477	run-phase1a-60z59-hg002-grch38-v421	event-run-phase1a-60z59-hg002-grch38-v421-record-521	run-phase1a-ru88n-hg002-grch38-v421	event-run-phase1a-ru88n-hg002-grch38-v421-record-533	CROSS_RUN_EQUIVALENCE_UNRESOLVED	GRCh38|chr20|10203066|G|A	GRCh38|chr20|10203065|10203066|G|A	GRCh38|chr20|10203065|10203066|G|A	variant:sha256:9191abe1873bb9a54f56b4d613b9bec931731a82e1e782ca46bd71cd8d83f110	variant:sha256:9191abe1873bb9a54f56b4d613b9bec931731a82e1e782ca46bd71cd8d83f110	True	EXACT_NORMALIZED_ALLELE	PHASE1B_EXACT_NORMALIZED_ALLELE_V1	1.0.0	False	False
478	run-phase1a-60z59-hg002-grch38-v421	event-run-phase1a-60z59-hg002-grch38-v421-record-522	run-phase1a-ru88n-hg002-grch38-v421	event-run-phase1a-ru88n-hg002-grch38-v421-record-534	CROSS_RUN_EQUIVALENCE_UNRESOLVED	GRCh38|chr20|10203135|C|G	GRCh38|chr20|10203134|10203135|C|G	GRCh38|chr20|10203134|10203135|C|G	variant:sha256:d65e49962c8d97101201c608231260e7f0f71cbbbfa56c86f3310dc46ee34f44	variant:sha256:d65e49962c8d97101201c608231260e7f0f71cbbbfa56c86f3310dc46ee34f44	True	EXACT_NORMALIZED_ALLELE	PHASE1B_EXACT_NORMALIZED_ALLELE_V1	1.0.0	False	False
479	run-phase1a-60z59-hg002-grch38-v421	event-run-phase1a-60z59-hg002-grch38-v421-record-523	run-phase1a-ru88n-hg002-grch38-v421	event-run-phase1a-ru88n-hg002-grch38-v421-record-535	CROSS_RUN_EQUIVALENCE_UNRESOLVED	GRCh38|chr20|10203733|TCA|T	GRCh38|chr20|10203732|10203735|TCA|T	GRCh38|chr20|10203732|10203735|TCA|T	variant:sha256:038526b4876367e692913fdfa5a47c061a8cae3609374e2fe0cb2118f5aa1bdb	variant:sha256:038526b4876367e692913fdfa5a47c061a8cae3609374e2fe0cb2118f5aa1bdb	True	EXACT_NORMALIZED_ALLELE	PHASE1B_EXACT_NORMALIZED_ALLELE_V1	1.0.0	False	False
480	run-phase1a-60z59-hg002-grch38-v421	event-run-phase1a-60z59-hg002-grch38-v421-record-524	run-phase1a-ru88n-hg002-grch38-v421	event-run-phase1a-ru88n-hg002-grch38-v421-record-536	CROSS_RUN_EQUIVALENCE_UNRESOLVED	GRCh38|chr20|10205244|A|T	GRCh38|chr20|10205243|10205244|A|T	GRCh38|chr20|10205243|10205244|A|T	variant:sha256:6fe71bf45545a7cccc075146c7d9100a1d9294e8373351a5c1f024daac0eab5d	variant:sha256:6fe71bf45545a7cccc075146c7d9100a1d9294e8373351a5c1f024daac0eab5d	True	EXACT_NORMALIZED_ALLELE	PHASE1B_EXACT_NORMALIZED_ALLELE_V1	1.0.0	False	False
481	run-phase1a-60z59-hg002-grch38-v421	event-run-phase1a-60z59-hg002-grch38-v421-record-525	run-phase1a-ru88n-hg002-grch38-v421	event-run-phase1a-ru88n-hg002-grch38-v421-record-537	CROSS_RUN_EQUIVALENCE_UNRESOLVED	GRCh38|chr20|10205498|T|C	GRCh38|chr20|10205497|10205498|T|C	GRCh38|chr20|10205497|10205498|T|C	variant:sha256:a1678b44bf3a7c5ff5e708488b8cfdeaad203b88f97e054d66c0e4629fc8409c	variant:sha256:a1678b44bf3a7c5ff5e708488b8cfdeaad203b88f97e054d66c0e4629fc8409c	True	EXACT_NORMALIZED_ALLELE	PHASE1B_EXACT_NORMALIZED_ALLELE_V1	1.0.0	False	False
482	run-phase1a-60z59-hg002-grch38-v421	event-run-phase1a-60z59-hg002-grch38-v421-record-526	run-phase1a-ru88n-hg002-grch38-v421	event-run-phase1a-ru88n-hg002-grch38-v421-record-538	CROSS_RUN_EQUIVALENCE_UNRESOLVED	GRCh38|chr20|10205723|CT|C	GRCh38|chr20|10205722|10205724|CT|C	GRCh38|chr20|10205722|10205724|CT|C	variant:sha256:bbba2c228fa6f3631573593e0721e70f5feb3ace7c34f45e12b0927ce278545a	variant:sha256:bbba2c228fa6f3631573593e0721e70f5feb3ace7c34f45e12b0927ce278545a	True	EXACT_NORMALIZED_ALLELE	PHASE1B_EXACT_NORMALIZED_ALLELE_V1	1.0.0	False	False
483	run-phase1a-60z59-hg002-grch38-v421	event-run-phase1a-60z59-hg002-grch38-v421-record-527	run-phase1a-ru88n-hg002-grch38-v421	event-run-phase1a-ru88n-hg002-grch38-v421-record-539	CROSS_RUN_EQUIVALENCE_UNRESOLVED	GRCh38|chr20|10206438|T|C	GRCh38|chr20|10206437|10206438|T|C	GRCh38|chr20|10206437|10206438|T|C	variant:sha256:6b6b41c41352e81e4cdc6ed3ee186dce6ce72a382566b2239168bbca17c2d50f	variant:sha256:6b6b41c41352e81e4cdc6ed3ee186dce6ce72a382566b2239168bbca17c2d50f	True	EXACT_NORMALIZED_ALLELE	PHASE1B_EXACT_NORMALIZED_ALLELE_V1	1.0.0	False	False
484	run-phase1a-60z59-hg002-grch38-v421	event-run-phase1a-60z59-hg002-grch38-v421-record-528	run-phase1a-ru88n-hg002-grch38-v421	event-run-phase1a-ru88n-hg002-grch38-v421-record-540	CROSS_RUN_EQUIVALENCE_UNRESOLVED	GRCh38|chr20|10206466|CAACCTCATTCTTTTGCAAATG|C	GRCh38|chr20|10206465|10206487|CAACCTCATTCTTTTGCAAATG|C	GRCh38|chr20|10206465|10206487|CAACCTCATTCTTTTGCAAATG|C	variant:sha256:c301144c981ce71994b3617941c086a85e522703eb3dacb374e8a190ac62461c	variant:sha256:c301144c981ce71994b3617941c086a85e522703eb3dacb374e8a190ac62461c	True	EXACT_NORMALIZED_ALLELE	PHASE1B_EXACT_NORMALIZED_ALLELE_V1	1.0.0	False	False
485	run-phase1a-60z59-hg002-grch38-v421	event-run-phase1a-60z59-hg002-grch38-v421-record-529	run-phase1a-ru88n-hg002-grch38-v421	event-run-phase1a-ru88n-hg002-grch38-v421-record-541	CROSS_RUN_EQUIVALENCE_UNRESOLVED	GRCh38|chr20|10206995|CA|C	GRCh38|chr20|10206994|10206996|CA|C	GRCh38|chr20|10206994|10206996|CA|C	variant:sha256:5138c275a389f82c1c880e30ba139a8e19c0b98b84a5f5eeedbb3003e85b925f	variant:sha256:5138c275a389f82c1c880e30ba139a8e19c0b98b84a5f5eeedbb3003e85b925f	True	EXACT_NORMALIZED_ALLELE	PHASE1B_EXACT_NORMALIZED_ALLELE_V1	1.0.0	False	False
486	run-phase1a-60z59-hg002-grch38-v421	event-run-phase1a-60z59-hg002-grch38-v421-record-530	run-phase1a-ru88n-hg002-grch38-v421	event-run-phase1a-ru88n-hg002-grch38-v421-record-542	CROSS_RUN_EQUIVALENCE_UNRESOLVED	GRCh38|chr20|10207220|T|C	GRCh38|chr20|10207219|10207220|T|C	GRCh38|chr20|10207219|10207220|T|C	variant:sha256:5b2187ab5743b44e0bcd1de23c9aaf9b841df255dfeb4751fdb3edecc83a7363	variant:sha256:5b2187ab5743b44e0bcd1de23c9aaf9b841df255dfeb4751fdb3edecc83a7363	True	EXACT_NORMALIZED_ALLELE	PHASE1B_EXACT_NORMALIZED_ALLELE_V1	1.0.0	False	False
487	run-phase1a-60z59-hg002-grch38-v421	event-run-phase1a-60z59-hg002-grch38-v421-record-531	run-phase1a-ru88n-hg002-grch38-v421	event-run-phase1a-ru88n-hg002-grch38-v421-record-543	CROSS_RUN_EQUIVALENCE_UNRESOLVED	GRCh38|chr20|10207330|C|T	GRCh38|chr20|10207329|10207330|C|T	GRCh38|chr20|10207329|10207330|C|T	variant:sha256:d317eaa0135f31e38764c8e72fa644589551303d3790e8044af0e381c603b4a5	variant:sha256:d317eaa0135f31e38764c8e72fa644589551303d3790e8044af0e381c603b4a5	True	EXACT_NORMALIZED_ALLELE	PHASE1B_EXACT_NORMALIZED_ALLELE_V1	1.0.0	False	False
488	run-phase1a-60z59-hg002-grch38-v421	event-run-phase1a-60z59-hg002-grch38-v421-record-532	run-phase1a-ru88n-hg002-grch38-v421	event-run-phase1a-ru88n-hg002-grch38-v421-record-544	CROSS_RUN_EQUIVALENCE_UNRESOLVED	GRCh38|chr20|10207597|G|A	GRCh38|chr20|10207596|10207597|G|A	GRCh38|chr20|10207596|10207597|G|A	variant:sha256:2d5cfb16d57f247fb3acd20206ea5b85d4935a3450f1f583eb0152c7ab064f79	variant:sha256:2d5cfb16d57f247fb3acd20206ea5b85d4935a3450f1f583eb0152c7ab064f79	True	EXACT_NORMALIZED_ALLELE	PHASE1B_EXACT_NORMALIZED_ALLELE_V1	1.0.0	False	False
489	run-phase1a-60z59-hg002-grch38-v421	event-run-phase1a-60z59-hg002-grch38-v421-record-533	run-phase1a-ru88n-hg002-grch38-v421	event-run-phase1a-ru88n-hg002-grch38-v421-record-545	CROSS_RUN_EQUIVALENCE_UNRESOLVED	GRCh38|chr20|10207780|C|T	GRCh38|chr20|10207779|10207780|C|T	GRCh38|chr20|10207779|10207780|C|T	variant:sha256:c8f16fd253622ff3a64229bb7462b2c5be57d26a6373f169859c488e5e21e555	variant:sha256:c8f16fd253622ff3a64229bb7462b2c5be57d26a6373f169859c488e5e21e555	True	EXACT_NORMALIZED_ALLELE	PHASE1B_EXACT_NORMALIZED_ALLELE_V1	1.0.0	False	False
490	run-phase1a-60z59-hg002-grch38-v421	event-run-phase1a-60z59-hg002-grch38-v421-record-534	run-phase1a-ru88n-hg002-grch38-v421	event-run-phase1a-ru88n-hg002-grch38-v421-record-546	CROSS_RUN_EQUIVALENCE_UNRESOLVED	GRCh38|chr20|10207792|A|G	GRCh38|chr20|10207791|10207792|A|G	GRCh38|chr20|10207791|10207792|A|G	variant:sha256:42e1cd122845cb43492c8f7c67e23c714da1791c11c7f5488602ded4e54b10e9	variant:sha256:42e1cd122845cb43492c8f7c67e23c714da1791c11c7f5488602ded4e54b10e9	True	EXACT_NORMALIZED_ALLELE	PHASE1B_EXACT_NORMALIZED_ALLELE_V1	1.0.0	False	False
491	run-phase1a-60z59-hg002-grch38-v421	event-run-phase1a-60z59-hg002-grch38-v421-record-535	run-phase1a-ru88n-hg002-grch38-v421	event-run-phase1a-ru88n-hg002-grch38-v421-record-547	CROSS_RUN_EQUIVALENCE_UNRESOLVED	GRCh38|chr20|10207964|A|C	GRCh38|chr20|10207963|10207964|A|C	GRCh38|chr20|10207963|10207964|A|C	variant:sha256:d05e6ee42d60437f6f1c84ade9a0cefb0a369873f7aeca2b62450fb362c5ebec	variant:sha256:d05e6ee42d60437f6f1c84ade9a0cefb0a369873f7aeca2b62450fb362c5ebec	True	EXACT_NORMALIZED_ALLELE	PHASE1B_EXACT_NORMALIZED_ALLELE_V1	1.0.0	False	False
492	run-phase1a-60z59-hg002-grch38-v421	event-run-phase1a-60z59-hg002-grch38-v421-record-536	run-phase1a-ru88n-hg002-grch38-v421	event-run-phase1a-ru88n-hg002-grch38-v421-record-548	CROSS_RUN_EQUIVALENCE_UNRESOLVED	GRCh38|chr20|10208290|G|A	GRCh38|chr20|10208289|10208290|G|A	GRCh38|chr20|10208289|10208290|G|A	variant:sha256:5353277723434c2395a400e7ce0f540b729f300eab58b05223af5efc65031965	variant:sha256:5353277723434c2395a400e7ce0f540b729f300eab58b05223af5efc65031965	True	EXACT_NORMALIZED_ALLELE	PHASE1B_EXACT_NORMALIZED_ALLELE_V1	1.0.0	False	False
493	run-phase1a-60z59-hg002-grch38-v421	event-run-phase1a-60z59-hg002-grch38-v421-record-537	run-phase1a-ru88n-hg002-grch38-v421	event-run-phase1a-ru88n-hg002-grch38-v421-record-549	CROSS_RUN_EQUIVALENCE_UNRESOLVED	GRCh38|chr20|10209445|A|C	GRCh38|chr20|10209444|10209445|A|C	GRCh38|chr20|10209444|10209445|A|C	variant:sha256:e2c2d4b9e48211bb80cc0ebe9d9307986b6397278491a9977d35f4928f6abf19	variant:sha256:e2c2d4b9e48211bb80cc0ebe9d9307986b6397278491a9977d35f4928f6abf19	True	EXACT_NORMALIZED_ALLELE	PHASE1B_EXACT_NORMALIZED_ALLELE_V1	1.0.0	False	False
494	run-phase1a-60z59-hg002-grch38-v421	event-run-phase1a-60z59-hg002-grch38-v421-record-538	run-phase1a-ru88n-hg002-grch38-v421	event-run-phase1a-ru88n-hg002-grch38-v421-record-550	CROSS_RUN_EQUIVALENCE_UNRESOLVED	GRCh38|chr20|10211256|C|CT	GRCh38|chr20|10211255|10211256|C|CT	GRCh38|chr20|10211255|10211256|C|CT	variant:sha256:b14b39d60277557c9ae298dc7b027ebf7ddb3465955797f31c77ee0c9d981235	variant:sha256:b14b39d60277557c9ae298dc7b027ebf7ddb3465955797f31c77ee0c9d981235	True	EXACT_NORMALIZED_ALLELE	PHASE1B_EXACT_NORMALIZED_ALLELE_V1	1.0.0	False	False
495	run-phase1a-60z59-hg002-grch38-v421	event-run-phase1a-60z59-hg002-grch38-v421-record-539	run-phase1a-ru88n-hg002-grch38-v421	event-run-phase1a-ru88n-hg002-grch38-v421-record-551	CROSS_RUN_EQUIVALENCE_UNRESOLVED	GRCh38|chr20|10212623|A|G	GRCh38|chr20|10212622|10212623|A|G	GRCh38|chr20|10212622|10212623|A|G	variant:sha256:32485759a2abc044663545c91842cea8d096a302cd6b8a6a4b2ea41ba4433830	variant:sha256:32485759a2abc044663545c91842cea8d096a302cd6b8a6a4b2ea41ba4433830	True	EXACT_NORMALIZED_ALLELE	PHASE1B_EXACT_NORMALIZED_ALLELE_V1	1.0.0	False	False
496	run-phase1a-60z59-hg002-grch38-v421	event-run-phase1a-60z59-hg002-grch38-v421-record-540	run-phase1a-ru88n-hg002-grch38-v421	event-run-phase1a-ru88n-hg002-grch38-v421-record-552	CROSS_RUN_EQUIVALENCE_UNRESOLVED	GRCh38|chr20|10212646|A|G	GRCh38|chr20|10212645|10212646|A|G	GRCh38|chr20|10212645|10212646|A|G	variant:sha256:7d9b104b702740cc36d9a1d642ce9e842f1a74d5faa3f5acd6332562de01597f	variant:sha256:7d9b104b702740cc36d9a1d642ce9e842f1a74d5faa3f5acd6332562de01597f	True	EXACT_NORMALIZED_ALLELE	PHASE1B_EXACT_NORMALIZED_ALLELE_V1	1.0.0	False	False
497	run-phase1a-60z59-hg002-grch38-v421	event-run-phase1a-60z59-hg002-grch38-v421-record-541	run-phase1a-ru88n-hg002-grch38-v421	event-run-phase1a-ru88n-hg002-grch38-v421-record-553	CROSS_RUN_EQUIVALENCE_UNRESOLVED	GRCh38|chr20|10214607|C|T	GRCh38|chr20|10214606|10214607|C|T	GRCh38|chr20|10214606|10214607|C|T	variant:sha256:f6edd507f027bf48f4eb054276d0a981517abf4157226e6737f81726da150b95	variant:sha256:f6edd507f027bf48f4eb054276d0a981517abf4157226e6737f81726da150b95	True	EXACT_NORMALIZED_ALLELE	PHASE1B_EXACT_NORMALIZED_ALLELE_V1	1.0.0	False	False
498	run-phase1a-60z59-hg002-grch38-v421	event-run-phase1a-60z59-hg002-grch38-v421-record-542	run-phase1a-ru88n-hg002-grch38-v421	event-run-phase1a-ru88n-hg002-grch38-v421-record-554	CROSS_RUN_EQUIVALENCE_UNRESOLVED	GRCh38|chr20|10215496|C|T	GRCh38|chr20|10215495|10215496|C|T	GRCh38|chr20|10215495|10215496|C|T	variant:sha256:228aaa5233f03d05d205a1532f91ce8ac1217075b1785e7609ece4a6a8a8eb6e	variant:sha256:228aaa5233f03d05d205a1532f91ce8ac1217075b1785e7609ece4a6a8a8eb6e	True	EXACT_NORMALIZED_ALLELE	PHASE1B_EXACT_NORMALIZED_ALLELE_V1	1.0.0	False	False
499	run-phase1a-60z59-hg002-grch38-v421	event-run-phase1a-60z59-hg002-grch38-v421-record-543	run-phase1a-ru88n-hg002-grch38-v421	event-run-phase1a-ru88n-hg002-grch38-v421-record-555	CROSS_RUN_EQUIVALENCE_UNRESOLVED	GRCh38|chr20|10216438|T|C	GRCh38|chr20|10216437|10216438|T|C	GRCh38|chr20|10216437|10216438|T|C	variant:sha256:1fdf3a386679df4fd6b9b60cc3347e6903c8fe106ae4ba642b0b612fd9c63d89	variant:sha256:1fdf3a386679df4fd6b9b60cc3347e6903c8fe106ae4ba642b0b612fd9c63d89	True	EXACT_NORMALIZED_ALLELE	PHASE1B_EXACT_NORMALIZED_ALLELE_V1	1.0.0	False	False
500	run-phase1a-60z59-hg002-grch38-v421	event-run-phase1a-60z59-hg002-grch38-v421-record-544	run-phase1a-ru88n-hg002-grch38-v421	event-run-phase1a-ru88n-hg002-grch38-v421-record-556	CROSS_RUN_EQUIVALENCE_UNRESOLVED	GRCh38|chr20|10216729|A|AT	GRCh38|chr20|10216728|10216729|A|AT	GRCh38|chr20|10216728|10216729|A|AT	variant:sha256:d96112a3efbb6ddb9da30489732b38a5ae67ba983c74493fe5643add5aadc5b9	variant:sha256:d96112a3efbb6ddb9da30489732b38a5ae67ba983c74493fe5643add5aadc5b9	True	EXACT_NORMALIZED_ALLELE	PHASE1B_EXACT_NORMALIZED_ALLELE_V1	1.0.0	False	False
501	run-phase1a-60z59-hg002-grch38-v421	event-run-phase1a-60z59-hg002-grch38-v421-record-545	run-phase1a-ru88n-hg002-grch38-v421	event-run-phase1a-ru88n-hg002-grch38-v421-record-557	CROSS_RUN_EQUIVALENCE_UNRESOLVED	GRCh38|chr20|10217156|T|C	GRCh38|chr20|10217155|10217156|T|C	GRCh38|chr20|10217155|10217156|T|C	variant:sha256:4c43211802526740ff4b5d73e410d1d926e29d487177af2c956a064425128691	variant:sha256:4c43211802526740ff4b5d73e410d1d926e29d487177af2c956a064425128691	True	EXACT_NORMALIZED_ALLELE	PHASE1B_EXACT_NORMALIZED_ALLELE_V1	1.0.0	False	False
502	run-phase1a-60z59-hg002-grch38-v421	event-run-phase1a-60z59-hg002-grch38-v421-record-546	run-phase1a-ru88n-hg002-grch38-v421	event-run-phase1a-ru88n-hg002-grch38-v421-record-558	CROSS_RUN_EQUIVALENCE_UNRESOLVED	GRCh38|chr20|10217311|A|ATGTG	GRCh38|chr20|10217310|10217311|A|ATGTG	GRCh38|chr20|10217310|10217311|A|ATGTG	variant:sha256:d34f489c671fe4afe9d89dfdd2f6a19dff8c180bf60cea2e562e9f07b6586b8e	variant:sha256:d34f489c671fe4afe9d89dfdd2f6a19dff8c180bf60cea2e562e9f07b6586b8e	True	EXACT_NORMALIZED_ALLELE	PHASE1B_EXACT_NORMALIZED_ALLELE_V1	1.0.0	False	False
503	run-phase1a-60z59-hg002-grch38-v421	event-run-phase1a-60z59-hg002-grch38-v421-record-550	run-phase1a-ru88n-hg002-grch38-v421	event-run-phase1a-ru88n-hg002-grch38-v421-record-563	CROSS_RUN_EQUIVALENCE_UNRESOLVED	GRCh38|chr20|10218306|A|C	GRCh38|chr20|10218305|10218306|A|C	GRCh38|chr20|10218305|10218306|A|C	variant:sha256:3fe866cb4f58b0ca04d87e4c687ca145ce9e29936b7e128f1c0dd3802d33671f	variant:sha256:3fe866cb4f58b0ca04d87e4c687ca145ce9e29936b7e128f1c0dd3802d33671f	True	EXACT_NORMALIZED_ALLELE	PHASE1B_EXACT_NORMALIZED_ALLELE_V1	1.0.0	False	False
504	run-phase1a-60z59-hg002-grch38-v421	event-run-phase1a-60z59-hg002-grch38-v421-record-551	run-phase1a-ru88n-hg002-grch38-v421	event-run-phase1a-ru88n-hg002-grch38-v421-record-564	CROSS_RUN_EQUIVALENCE_UNRESOLVED	GRCh38|chr20|10223169|A|G	GRCh38|chr20|10223168|10223169|A|G	GRCh38|chr20|10223168|10223169|A|G	variant:sha256:4cad85c03e38837f8d1b61b30d96849546d628d2064d9ebb25929928c6aa90db	variant:sha256:4cad85c03e38837f8d1b61b30d96849546d628d2064d9ebb25929928c6aa90db	True	EXACT_NORMALIZED_ALLELE	PHASE1B_EXACT_NORMALIZED_ALLELE_V1	1.0.0	False	False
505	run-phase1a-60z59-hg002-grch38-v421	event-run-phase1a-60z59-hg002-grch38-v421-record-552	run-phase1a-ru88n-hg002-grch38-v421	event-run-phase1a-ru88n-hg002-grch38-v421-record-565	CROSS_RUN_EQUIVALENCE_UNRESOLVED	GRCh38|chr20|10224657|A|G	GRCh38|chr20|10224656|10224657|A|G	GRCh38|chr20|10224656|10224657|A|G	variant:sha256:21fb3acec63c8dcbbc0e73a6e217d15f4eca7a90770f6bd082e82e1da2b2fa13	variant:sha256:21fb3acec63c8dcbbc0e73a6e217d15f4eca7a90770f6bd082e82e1da2b2fa13	True	EXACT_NORMALIZED_ALLELE	PHASE1B_EXACT_NORMALIZED_ALLELE_V1	1.0.0	False	False
506	run-phase1a-60z59-hg002-grch38-v421	event-run-phase1a-60z59-hg002-grch38-v421-record-553	run-phase1a-ru88n-hg002-grch38-v421	event-run-phase1a-ru88n-hg002-grch38-v421-record-566	CROSS_RUN_EQUIVALENCE_UNRESOLVED	GRCh38|chr20|10225469|A|G	GRCh38|chr20|10225468|10225469|A|G	GRCh38|chr20|10225468|10225469|A|G	variant:sha256:a99d7b1e60cca5c387160c1534606a2b6961f09dfa22948df390f9d0effd426a	variant:sha256:a99d7b1e60cca5c387160c1534606a2b6961f09dfa22948df390f9d0effd426a	True	EXACT_NORMALIZED_ALLELE	PHASE1B_EXACT_NORMALIZED_ALLELE_V1	1.0.0	False	False
507	run-phase1a-60z59-hg002-grch38-v421	event-run-phase1a-60z59-hg002-grch38-v421-record-554	run-phase1a-ru88n-hg002-grch38-v421	event-run-phase1a-ru88n-hg002-grch38-v421-record-567	CROSS_RUN_EQUIVALENCE_UNRESOLVED	GRCh38|chr20|10225606|T|C	GRCh38|chr20|10225605|10225606|T|C	GRCh38|chr20|10225605|10225606|T|C	variant:sha256:774174148f877c71d25b2781f2a6ac5e17c955b03715c60e91d4eed3813348b8	variant:sha256:774174148f877c71d25b2781f2a6ac5e17c955b03715c60e91d4eed3813348b8	True	EXACT_NORMALIZED_ALLELE	PHASE1B_EXACT_NORMALIZED_ALLELE_V1	1.0.0	False	False
508	run-phase1a-60z59-hg002-grch38-v421	event-run-phase1a-60z59-hg002-grch38-v421-record-555	run-phase1a-ru88n-hg002-grch38-v421	event-run-phase1a-ru88n-hg002-grch38-v421-record-568	CROSS_RUN_EQUIVALENCE_UNRESOLVED	GRCh38|chr20|10228100|G|A	GRCh38|chr20|10228099|10228100|G|A	GRCh38|chr20|10228099|10228100|G|A	variant:sha256:5134c134b3dfc16a57e239acd69f89c4dfe52e8445d9ffa25dabd1d0ce6f2d87	variant:sha256:5134c134b3dfc16a57e239acd69f89c4dfe52e8445d9ffa25dabd1d0ce6f2d87	True	EXACT_NORMALIZED_ALLELE	PHASE1B_EXACT_NORMALIZED_ALLELE_V1	1.0.0	False	False
509	run-phase1a-60z59-hg002-grch38-v421	event-run-phase1a-60z59-hg002-grch38-v421-record-556	run-phase1a-ru88n-hg002-grch38-v421	event-run-phase1a-ru88n-hg002-grch38-v421-record-569	CROSS_RUN_EQUIVALENCE_UNRESOLVED	GRCh38|chr20|10231564|T|C	GRCh38|chr20|10231563|10231564|T|C	GRCh38|chr20|10231563|10231564|T|C	variant:sha256:4c796e85061e45ba1f62d0b2a3a23146e88aae8c63d569f733488d3e0682f15c	variant:sha256:4c796e85061e45ba1f62d0b2a3a23146e88aae8c63d569f733488d3e0682f15c	True	EXACT_NORMALIZED_ALLELE	PHASE1B_EXACT_NORMALIZED_ALLELE_V1	1.0.0	False	False
510	run-phase1a-60z59-hg002-grch38-v421	event-run-phase1a-60z59-hg002-grch38-v421-record-557	run-phase1a-ru88n-hg002-grch38-v421	event-run-phase1a-ru88n-hg002-grch38-v421-record-570	CROSS_RUN_EQUIVALENCE_UNRESOLVED	GRCh38|chr20|10232447|C|T	GRCh38|chr20|10232446|10232447|C|T	GRCh38|chr20|10232446|10232447|C|T	variant:sha256:05b45839a7fd7f4ba723460dea2ccd67163b1dbea46b054dbef93c221ac8857e	variant:sha256:05b45839a7fd7f4ba723460dea2ccd67163b1dbea46b054dbef93c221ac8857e	True	EXACT_NORMALIZED_ALLELE	PHASE1B_EXACT_NORMALIZED_ALLELE_V1	1.0.0	False	False
511	run-phase1a-60z59-hg002-grch38-v421	event-run-phase1a-60z59-hg002-grch38-v421-record-558	run-phase1a-ru88n-hg002-grch38-v421	event-run-phase1a-ru88n-hg002-grch38-v421-record-571	CROSS_RUN_EQUIVALENCE_UNRESOLVED	GRCh38|chr20|10232894|T|C	GRCh38|chr20|10232893|10232894|T|C	GRCh38|chr20|10232893|10232894|T|C	variant:sha256:43119c6ae1169619b4fb0e8afe7c7a7e61da4a72474130027c08adc0b67ab4f7	variant:sha256:43119c6ae1169619b4fb0e8afe7c7a7e61da4a72474130027c08adc0b67ab4f7	True	EXACT_NORMALIZED_ALLELE	PHASE1B_EXACT_NORMALIZED_ALLELE_V1	1.0.0	False	False
512	run-phase1a-60z59-hg002-grch38-v421	event-run-phase1a-60z59-hg002-grch38-v421-record-559	run-phase1a-ru88n-hg002-grch38-v421	event-run-phase1a-ru88n-hg002-grch38-v421-record-572	CROSS_RUN_EQUIVALENCE_UNRESOLVED	GRCh38|chr20|10234185|AT|A	GRCh38|chr20|10234184|10234186|AT|A	GRCh38|chr20|10234184|10234186|AT|A	variant:sha256:b9522364f9b12afb79ad0c464dd78637343fa22b90edc5a7b736adc52972049d	variant:sha256:b9522364f9b12afb79ad0c464dd78637343fa22b90edc5a7b736adc52972049d	True	EXACT_NORMALIZED_ALLELE	PHASE1B_EXACT_NORMALIZED_ALLELE_V1	1.0.0	False	False
513	run-phase1a-60z59-hg002-grch38-v421	event-run-phase1a-60z59-hg002-grch38-v421-record-560	run-phase1a-ru88n-hg002-grch38-v421	event-run-phase1a-ru88n-hg002-grch38-v421-record-573	CROSS_RUN_EQUIVALENCE_UNRESOLVED	GRCh38|chr20|10235400|G|A	GRCh38|chr20|10235399|10235400|G|A	GRCh38|chr20|10235399|10235400|G|A	variant:sha256:d27a691b0b73ec3b7c98638a9cfd557dffe09e695cc83e9999d4b374fe8b45a2	variant:sha256:d27a691b0b73ec3b7c98638a9cfd557dffe09e695cc83e9999d4b374fe8b45a2	True	EXACT_NORMALIZED_ALLELE	PHASE1B_EXACT_NORMALIZED_ALLELE_V1	1.0.0	False	False
514	run-phase1a-60z59-hg002-grch38-v421	event-run-phase1a-60z59-hg002-grch38-v421-record-561	run-phase1a-ru88n-hg002-grch38-v421	event-run-phase1a-ru88n-hg002-grch38-v421-record-574	CROSS_RUN_EQUIVALENCE_UNRESOLVED	GRCh38|chr20|10236688|C|T	GRCh38|chr20|10236687|10236688|C|T	GRCh38|chr20|10236687|10236688|C|T	variant:sha256:1656601570614ee4e6ca6f79f7aa0b54ca48442e26aa06c485d72b5431e36cc1	variant:sha256:1656601570614ee4e6ca6f79f7aa0b54ca48442e26aa06c485d72b5431e36cc1	True	EXACT_NORMALIZED_ALLELE	PHASE1B_EXACT_NORMALIZED_ALLELE_V1	1.0.0	False	False
515	run-phase1a-60z59-hg002-grch38-v421	event-run-phase1a-60z59-hg002-grch38-v421-record-562	run-phase1a-ru88n-hg002-grch38-v421	event-run-phase1a-ru88n-hg002-grch38-v421-record-575	CROSS_RUN_EQUIVALENCE_UNRESOLVED	GRCh38|chr20|10236959|C|CATAA	GRCh38|chr20|10236958|10236959|C|CATAA	GRCh38|chr20|10236958|10236959|C|CATAA	variant:sha256:1a158aa72560ee6ba3996ff7a6552457b1c064d1043245f9e0001f003333640c	variant:sha256:1a158aa72560ee6ba3996ff7a6552457b1c064d1043245f9e0001f003333640c	True	EXACT_NORMALIZED_ALLELE	PHASE1B_EXACT_NORMALIZED_ALLELE_V1	1.0.0	False	False
516	run-phase1a-60z59-hg002-grch38-v421	event-run-phase1a-60z59-hg002-grch38-v421-record-563	run-phase1a-ru88n-hg002-grch38-v421	event-run-phase1a-ru88n-hg002-grch38-v421-record-576	CROSS_RUN_EQUIVALENCE_UNRESOLVED	GRCh38|chr20|10237125|G|A	GRCh38|chr20|10237124|10237125|G|A	GRCh38|chr20|10237124|10237125|G|A	variant:sha256:5fa683570e27f05a063e5c24d8abe54d859c5268db02eb8eee4d82d0ef690656	variant:sha256:5fa683570e27f05a063e5c24d8abe54d859c5268db02eb8eee4d82d0ef690656	True	EXACT_NORMALIZED_ALLELE	PHASE1B_EXACT_NORMALIZED_ALLELE_V1	1.0.0	False	False
517	run-phase1a-60z59-hg002-grch38-v421	event-run-phase1a-60z59-hg002-grch38-v421-record-564	run-phase1a-ru88n-hg002-grch38-v421	event-run-phase1a-ru88n-hg002-grch38-v421-record-577	CROSS_RUN_EQUIVALENCE_UNRESOLVED	GRCh38|chr20|10237252|A|G	GRCh38|chr20|10237251|10237252|A|G	GRCh38|chr20|10237251|10237252|A|G	variant:sha256:dfeba7c20da4d65e785957200634a81b6f11ba043d22db23e7c2c33d62b91ab5	variant:sha256:dfeba7c20da4d65e785957200634a81b6f11ba043d22db23e7c2c33d62b91ab5	True	EXACT_NORMALIZED_ALLELE	PHASE1B_EXACT_NORMALIZED_ALLELE_V1	1.0.0	False	False
518	run-phase1a-60z59-hg002-grch38-v421	event-run-phase1a-60z59-hg002-grch38-v421-record-565	run-phase1a-ru88n-hg002-grch38-v421	event-run-phase1a-ru88n-hg002-grch38-v421-record-578	CROSS_RUN_EQUIVALENCE_UNRESOLVED	GRCh38|chr20|10237507|C|G	GRCh38|chr20|10237506|10237507|C|G	GRCh38|chr20|10237506|10237507|C|G	variant:sha256:bbdbed9cb9cec1637770cc6687d7d482561b6e2646ae48d44df0b97d1e11acf0	variant:sha256:bbdbed9cb9cec1637770cc6687d7d482561b6e2646ae48d44df0b97d1e11acf0	True	EXACT_NORMALIZED_ALLELE	PHASE1B_EXACT_NORMALIZED_ALLELE_V1	1.0.0	False	False
519	run-phase1a-60z59-hg002-grch38-v421	event-run-phase1a-60z59-hg002-grch38-v421-record-566	run-phase1a-ru88n-hg002-grch38-v421	event-run-phase1a-ru88n-hg002-grch38-v421-record-579	CROSS_RUN_EQUIVALENCE_UNRESOLVED	GRCh38|chr20|10238665|T|C	GRCh38|chr20|10238664|10238665|T|C	GRCh38|chr20|10238664|10238665|T|C	variant:sha256:76b46d6e18e48ebaac020964d4b084705fdcdba06b9ef9f494a637ebb5872ae0	variant:sha256:76b46d6e18e48ebaac020964d4b084705fdcdba06b9ef9f494a637ebb5872ae0	True	EXACT_NORMALIZED_ALLELE	PHASE1B_EXACT_NORMALIZED_ALLELE_V1	1.0.0	False	False
520	run-phase1a-60z59-hg002-grch38-v421	event-run-phase1a-60z59-hg002-grch38-v421-record-567	run-phase1a-ru88n-hg002-grch38-v421	event-run-phase1a-ru88n-hg002-grch38-v421-record-580	CROSS_RUN_EQUIVALENCE_UNRESOLVED	GRCh38|chr20|10239151|A|G	GRCh38|chr20|10239150|10239151|A|G	GRCh38|chr20|10239150|10239151|A|G	variant:sha256:42c9fb519d7ef1daa3b3db7bb8b05dc705ab224c87fb30b9d668bd409b8b9a02	variant:sha256:42c9fb519d7ef1daa3b3db7bb8b05dc705ab224c87fb30b9d668bd409b8b9a02	True	EXACT_NORMALIZED_ALLELE	PHASE1B_EXACT_NORMALIZED_ALLELE_V1	1.0.0	False	False
521	run-phase1a-60z59-hg002-grch38-v421	event-run-phase1a-60z59-hg002-grch38-v421-record-568	run-phase1a-ru88n-hg002-grch38-v421	event-run-phase1a-ru88n-hg002-grch38-v421-record-581	CROSS_RUN_EQUIVALENCE_UNRESOLVED	GRCh38|chr20|10240008|G|A	GRCh38|chr20|10240007|10240008|G|A	GRCh38|chr20|10240007|10240008|G|A	variant:sha256:897d1d29b7cf67ea384fd0b56be15e1643ffcf0be381934cbd9a170b934a9cb7	variant:sha256:897d1d29b7cf67ea384fd0b56be15e1643ffcf0be381934cbd9a170b934a9cb7	True	EXACT_NORMALIZED_ALLELE	PHASE1B_EXACT_NORMALIZED_ALLELE_V1	1.0.0	False	False
522	run-phase1a-60z59-hg002-grch38-v421	event-run-phase1a-60z59-hg002-grch38-v421-record-569	run-phase1a-ru88n-hg002-grch38-v421	event-run-phase1a-ru88n-hg002-grch38-v421-record-582	CROSS_RUN_EQUIVALENCE_UNRESOLVED	GRCh38|chr20|10240396|C|T	GRCh38|chr20|10240395|10240396|C|T	GRCh38|chr20|10240395|10240396|C|T	variant:sha256:a0580119584994eb337cceb0927d510d8773791d5385fdbff28f94f0e9732a68	variant:sha256:a0580119584994eb337cceb0927d510d8773791d5385fdbff28f94f0e9732a68	True	EXACT_NORMALIZED_ALLELE	PHASE1B_EXACT_NORMALIZED_ALLELE_V1	1.0.0	False	False
523	run-phase1a-60z59-hg002-grch38-v421	event-run-phase1a-60z59-hg002-grch38-v421-record-570	run-phase1a-ru88n-hg002-grch38-v421	event-run-phase1a-ru88n-hg002-grch38-v421-record-583	CROSS_RUN_EQUIVALENCE_UNRESOLVED	GRCh38|chr20|10240487|G|A	GRCh38|chr20|10240486|10240487|G|A	GRCh38|chr20|10240486|10240487|G|A	variant:sha256:e894e7420f9c4c0e38664faf890d45be05a376a333bba9e1eab95c24899230ed	variant:sha256:e894e7420f9c4c0e38664faf890d45be05a376a333bba9e1eab95c24899230ed	True	EXACT_NORMALIZED_ALLELE	PHASE1B_EXACT_NORMALIZED_ALLELE_V1	1.0.0	False	False
524	run-phase1a-60z59-hg002-grch38-v421	event-run-phase1a-60z59-hg002-grch38-v421-record-571	run-phase1a-ru88n-hg002-grch38-v421	event-run-phase1a-ru88n-hg002-grch38-v421-record-584	CROSS_RUN_EQUIVALENCE_UNRESOLVED	GRCh38|chr20|10243238|A|G	GRCh38|chr20|10243237|10243238|A|G	GRCh38|chr20|10243237|10243238|A|G	variant:sha256:2adac5d3958d4b483d65f62c208ee26f03e78c2834f7fbbdee006058dcf0e267	variant:sha256:2adac5d3958d4b483d65f62c208ee26f03e78c2834f7fbbdee006058dcf0e267	True	EXACT_NORMALIZED_ALLELE	PHASE1B_EXACT_NORMALIZED_ALLELE_V1	1.0.0	False	False
525	run-phase1a-60z59-hg002-grch38-v421	event-run-phase1a-60z59-hg002-grch38-v421-record-572	run-phase1a-ru88n-hg002-grch38-v421	event-run-phase1a-ru88n-hg002-grch38-v421-record-585	CROSS_RUN_EQUIVALENCE_UNRESOLVED	GRCh38|chr20|10244102|G|A	GRCh38|chr20|10244101|10244102|G|A	GRCh38|chr20|10244101|10244102|G|A	variant:sha256:20ae56c73cbe8440df4abe9fdc56d16d6f5bbd2e5d13521204d9fc36ac884cad	variant:sha256:20ae56c73cbe8440df4abe9fdc56d16d6f5bbd2e5d13521204d9fc36ac884cad	True	EXACT_NORMALIZED_ALLELE	PHASE1B_EXACT_NORMALIZED_ALLELE_V1	1.0.0	False	False
526	run-phase1a-60z59-hg002-grch38-v421	event-run-phase1a-60z59-hg002-grch38-v421-record-573	run-phase1a-ru88n-hg002-grch38-v421	event-run-phase1a-ru88n-hg002-grch38-v421-record-586	CROSS_RUN_EQUIVALENCE_UNRESOLVED	GRCh38|chr20|10249643|T|C	GRCh38|chr20|10249642|10249643|T|C	GRCh38|chr20|10249642|10249643|T|C	variant:sha256:46f4435eb6692e6fea1f2040ed83a9766204828ccd6fc1a1bdec312598696be0	variant:sha256:46f4435eb6692e6fea1f2040ed83a9766204828ccd6fc1a1bdec312598696be0	True	EXACT_NORMALIZED_ALLELE	PHASE1B_EXACT_NORMALIZED_ALLELE_V1	1.0.0	False	False
527	run-phase1a-60z59-hg002-grch38-v421	event-run-phase1a-60z59-hg002-grch38-v421-record-574	run-phase1a-ru88n-hg002-grch38-v421	event-run-phase1a-ru88n-hg002-grch38-v421-record-587	CROSS_RUN_EQUIVALENCE_UNRESOLVED	GRCh38|chr20|10250526|C|T	GRCh38|chr20|10250525|10250526|C|T	GRCh38|chr20|10250525|10250526|C|T	variant:sha256:e1915f2bee30780f1428cb671f4cc5fe92cccfad6b0b1276a46e6f7447451e4d	variant:sha256:e1915f2bee30780f1428cb671f4cc5fe92cccfad6b0b1276a46e6f7447451e4d	True	EXACT_NORMALIZED_ALLELE	PHASE1B_EXACT_NORMALIZED_ALLELE_V1	1.0.0	False	False
528	run-phase1a-60z59-hg002-grch38-v421	event-run-phase1a-60z59-hg002-grch38-v421-record-575	run-phase1a-ru88n-hg002-grch38-v421	event-run-phase1a-ru88n-hg002-grch38-v421-record-588	CROSS_RUN_EQUIVALENCE_UNRESOLVED	GRCh38|chr20|10252404|C|G	GRCh38|chr20|10252403|10252404|C|G	GRCh38|chr20|10252403|10252404|C|G	variant:sha256:42d7b6ec5984089f6dbed0d7c5cf11a1002c001d81b8f025e12c7a5c056d0fe6	variant:sha256:42d7b6ec5984089f6dbed0d7c5cf11a1002c001d81b8f025e12c7a5c056d0fe6	True	EXACT_NORMALIZED_ALLELE	PHASE1B_EXACT_NORMALIZED_ALLELE_V1	1.0.0	False	False
529	run-phase1a-60z59-hg002-grch38-v421	event-run-phase1a-60z59-hg002-grch38-v421-record-576	run-phase1a-ru88n-hg002-grch38-v421	event-run-phase1a-ru88n-hg002-grch38-v421-record-589	CROSS_RUN_EQUIVALENCE_UNRESOLVED	GRCh38|chr20|10253444|T|A	GRCh38|chr20|10253443|10253444|T|A	GRCh38|chr20|10253443|10253444|T|A	variant:sha256:62855b0b3f98dc5fc18cc59a5826026652c387bff3729af750e8e95163173f1d	variant:sha256:62855b0b3f98dc5fc18cc59a5826026652c387bff3729af750e8e95163173f1d	True	EXACT_NORMALIZED_ALLELE	PHASE1B_EXACT_NORMALIZED_ALLELE_V1	1.0.0	False	False
530	run-phase1a-60z59-hg002-grch38-v421	event-run-phase1a-60z59-hg002-grch38-v421-record-577	run-phase1a-ru88n-hg002-grch38-v421	event-run-phase1a-ru88n-hg002-grch38-v421-record-590	CROSS_RUN_EQUIVALENCE_UNRESOLVED	GRCh38|chr20|10253609|G|A	GRCh38|chr20|10253608|10253609|G|A	GRCh38|chr20|10253608|10253609|G|A	variant:sha256:22f9cdcc06ae5307b1de012c5c487cf2de1bff7d23df5a9e163062931b1ca684	variant:sha256:22f9cdcc06ae5307b1de012c5c487cf2de1bff7d23df5a9e163062931b1ca684	True	EXACT_NORMALIZED_ALLELE	PHASE1B_EXACT_NORMALIZED_ALLELE_V1	1.0.0	False	False
531	run-phase1a-60z59-hg002-grch38-v421	event-run-phase1a-60z59-hg002-grch38-v421-record-578	run-phase1a-ru88n-hg002-grch38-v421	event-run-phase1a-ru88n-hg002-grch38-v421-record-591	CROSS_RUN_EQUIVALENCE_UNRESOLVED	GRCh38|chr20|10256575|T|A	GRCh38|chr20|10256574|10256575|T|A	GRCh38|chr20|10256574|10256575|T|A	variant:sha256:4ac13fd658114f907e3f925056239ba13620facd5338e731a591653adbc80802	variant:sha256:4ac13fd658114f907e3f925056239ba13620facd5338e731a591653adbc80802	True	EXACT_NORMALIZED_ALLELE	PHASE1B_EXACT_NORMALIZED_ALLELE_V1	1.0.0	False	False
532	run-phase1a-60z59-hg002-grch38-v421	event-run-phase1a-60z59-hg002-grch38-v421-record-579	run-phase1a-ru88n-hg002-grch38-v421	event-run-phase1a-ru88n-hg002-grch38-v421-record-592	CROSS_RUN_EQUIVALENCE_UNRESOLVED	GRCh38|chr20|10257168|A|G	GRCh38|chr20|10257167|10257168|A|G	GRCh38|chr20|10257167|10257168|A|G	variant:sha256:6b66922ce26255b966dd578f0aa557f3f073d3f50929917d1999d9cc22a7c14c	variant:sha256:6b66922ce26255b966dd578f0aa557f3f073d3f50929917d1999d9cc22a7c14c	True	EXACT_NORMALIZED_ALLELE	PHASE1B_EXACT_NORMALIZED_ALLELE_V1	1.0.0	False	False
533	run-phase1a-60z59-hg002-grch38-v421	event-run-phase1a-60z59-hg002-grch38-v421-record-580	run-phase1a-ru88n-hg002-grch38-v421	event-run-phase1a-ru88n-hg002-grch38-v421-record-593	CROSS_RUN_EQUIVALENCE_UNRESOLVED	GRCh38|chr20|10257688|T|G	GRCh38|chr20|10257687|10257688|T|G	GRCh38|chr20|10257687|10257688|T|G	variant:sha256:c51aaa9b308262a84639fcf0a3e741c1327adc4a61b289d3ba307ea488d52606	variant:sha256:c51aaa9b308262a84639fcf0a3e741c1327adc4a61b289d3ba307ea488d52606	True	EXACT_NORMALIZED_ALLELE	PHASE1B_EXACT_NORMALIZED_ALLELE_V1	1.0.0	False	False
534	run-phase1a-60z59-hg002-grch38-v421	event-run-phase1a-60z59-hg002-grch38-v421-record-581	run-phase1a-ru88n-hg002-grch38-v421	event-run-phase1a-ru88n-hg002-grch38-v421-record-594	CROSS_RUN_EQUIVALENCE_UNRESOLVED	GRCh38|chr20|10260688|TACACACACAC|T	GRCh38|chr20|10260687|10260698|TACACACACAC|T	GRCh38|chr20|10260687|10260698|TACACACACAC|T	variant:sha256:331cbae5cb7aa590fd99857d87ec31f912a0f5d6f872ab63ae5a2f7bb668c455	variant:sha256:331cbae5cb7aa590fd99857d87ec31f912a0f5d6f872ab63ae5a2f7bb668c455	True	EXACT_NORMALIZED_ALLELE	PHASE1B_EXACT_NORMALIZED_ALLELE_V1	1.0.0	False	False
535	run-phase1a-60z59-hg002-grch38-v421	event-run-phase1a-60z59-hg002-grch38-v421-record-582	run-phase1a-ru88n-hg002-grch38-v421	event-run-phase1a-ru88n-hg002-grch38-v421-record-595	CROSS_RUN_EQUIVALENCE_UNRESOLVED	GRCh38|chr20|10260746|C|G	GRCh38|chr20|10260745|10260746|C|G	GRCh38|chr20|10260745|10260746|C|G	variant:sha256:c10131466a41c57ebc83eb60c816a2f9af6cd09498fc07ae422e1d41135dc825	variant:sha256:c10131466a41c57ebc83eb60c816a2f9af6cd09498fc07ae422e1d41135dc825	True	EXACT_NORMALIZED_ALLELE	PHASE1B_EXACT_NORMALIZED_ALLELE_V1	1.0.0	False	False
536	run-phase1a-60z59-hg002-grch38-v421	event-run-phase1a-60z59-hg002-grch38-v421-record-583	run-phase1a-ru88n-hg002-grch38-v421	event-run-phase1a-ru88n-hg002-grch38-v421-record-596	CROSS_RUN_EQUIVALENCE_UNRESOLVED	GRCh38|chr20|10260835|G|C	GRCh38|chr20|10260834|10260835|G|C	GRCh38|chr20|10260834|10260835|G|C	variant:sha256:a1b938b2bb4455e1c81b961a33b680e7e3ee72256274f0e4ebd77f790051153e	variant:sha256:a1b938b2bb4455e1c81b961a33b680e7e3ee72256274f0e4ebd77f790051153e	True	EXACT_NORMALIZED_ALLELE	PHASE1B_EXACT_NORMALIZED_ALLELE_V1	1.0.0	False	False
537	run-phase1a-60z59-hg002-grch38-v421	event-run-phase1a-60z59-hg002-grch38-v421-record-584	run-phase1a-ru88n-hg002-grch38-v421	event-run-phase1a-ru88n-hg002-grch38-v421-record-597	CROSS_RUN_EQUIVALENCE_UNRESOLVED	GRCh38|chr20|10261163|C|T	GRCh38|chr20|10261162|10261163|C|T	GRCh38|chr20|10261162|10261163|C|T	variant:sha256:bab10d4641e2ebcd3d71e5c8a818d41eff315d0b372e0e751ee6b6c0444068fa	variant:sha256:bab10d4641e2ebcd3d71e5c8a818d41eff315d0b372e0e751ee6b6c0444068fa	True	EXACT_NORMALIZED_ALLELE	PHASE1B_EXACT_NORMALIZED_ALLELE_V1	1.0.0	False	False
538	run-phase1a-60z59-hg002-grch38-v421	event-run-phase1a-60z59-hg002-grch38-v421-record-585	run-phase1a-ru88n-hg002-grch38-v421	event-run-phase1a-ru88n-hg002-grch38-v421-record-598	CROSS_RUN_EQUIVALENCE_UNRESOLVED	GRCh38|chr20|10261363|A|C	GRCh38|chr20|10261362|10261363|A|C	GRCh38|chr20|10261362|10261363|A|C	variant:sha256:3ac9aea4fec37d805011032c33e22841fb10f8709c7aa4cfef228af94759e815	variant:sha256:3ac9aea4fec37d805011032c33e22841fb10f8709c7aa4cfef228af94759e815	True	EXACT_NORMALIZED_ALLELE	PHASE1B_EXACT_NORMALIZED_ALLELE_V1	1.0.0	False	False
539	run-phase1a-60z59-hg002-grch38-v421	event-run-phase1a-60z59-hg002-grch38-v421-record-586	run-phase1a-ru88n-hg002-grch38-v421	event-run-phase1a-ru88n-hg002-grch38-v421-record-599	CROSS_RUN_EQUIVALENCE_UNRESOLVED	GRCh38|chr20|10261746|C|G	GRCh38|chr20|10261745|10261746|C|G	GRCh38|chr20|10261745|10261746|C|G	variant:sha256:d2a02b0e1cd920c633e8fcdea9c5be705d7fc9e5ddd9884cee60e5ed89d8123b	variant:sha256:d2a02b0e1cd920c633e8fcdea9c5be705d7fc9e5ddd9884cee60e5ed89d8123b	True	EXACT_NORMALIZED_ALLELE	PHASE1B_EXACT_NORMALIZED_ALLELE_V1	1.0.0	False	False
540	run-phase1a-60z59-hg002-grch38-v421	event-run-phase1a-60z59-hg002-grch38-v421-record-588	run-phase1a-ru88n-hg002-grch38-v421	event-run-phase1a-ru88n-hg002-grch38-v421-record-602	CROSS_RUN_EQUIVALENCE_UNRESOLVED	GRCh38|chr20|10263978|T|C	GRCh38|chr20|10263977|10263978|T|C	GRCh38|chr20|10263977|10263978|T|C	variant:sha256:31f1848ec0873efa874145711acf520972b79dbe2cff9780a9dbb84b4361fd53	variant:sha256:31f1848ec0873efa874145711acf520972b79dbe2cff9780a9dbb84b4361fd53	True	EXACT_NORMALIZED_ALLELE	PHASE1B_EXACT_NORMALIZED_ALLELE_V1	1.0.0	False	False
541	run-phase1a-60z59-hg002-grch38-v421	event-run-phase1a-60z59-hg002-grch38-v421-record-589	run-phase1a-ru88n-hg002-grch38-v421	event-run-phase1a-ru88n-hg002-grch38-v421-record-603	CROSS_RUN_EQUIVALENCE_UNRESOLVED	GRCh38|chr20|10265443|A|G	GRCh38|chr20|10265442|10265443|A|G	GRCh38|chr20|10265442|10265443|A|G	variant:sha256:35b51d1e00ae1150813fd95b5f3f8a915cd13995a41389bbdd4001753057b1c2	variant:sha256:35b51d1e00ae1150813fd95b5f3f8a915cd13995a41389bbdd4001753057b1c2	True	EXACT_NORMALIZED_ALLELE	PHASE1B_EXACT_NORMALIZED_ALLELE_V1	1.0.0	False	False
542	run-phase1a-60z59-hg002-grch38-v421	event-run-phase1a-60z59-hg002-grch38-v421-record-590	run-phase1a-ru88n-hg002-grch38-v421	event-run-phase1a-ru88n-hg002-grch38-v421-record-604	CROSS_RUN_EQUIVALENCE_UNRESOLVED	GRCh38|chr20|10265920|T|A	GRCh38|chr20|10265919|10265920|T|A	GRCh38|chr20|10265919|10265920|T|A	variant:sha256:1460c1a7a13fc1fedce8656e58e769afcd05541e7069772efd6377466c139f67	variant:sha256:1460c1a7a13fc1fedce8656e58e769afcd05541e7069772efd6377466c139f67	True	EXACT_NORMALIZED_ALLELE	PHASE1B_EXACT_NORMALIZED_ALLELE_V1	1.0.0	False	False
543	run-phase1a-60z59-hg002-grch38-v421	event-run-phase1a-60z59-hg002-grch38-v421-record-591	run-phase1a-ru88n-hg002-grch38-v421	event-run-phase1a-ru88n-hg002-grch38-v421-record-605	CROSS_RUN_EQUIVALENCE_UNRESOLVED	GRCh38|chr20|10266216|T|C	GRCh38|chr20|10266215|10266216|T|C	GRCh38|chr20|10266215|10266216|T|C	variant:sha256:de9304779c5c46f5d949c9fbc25778e592fa9e3827622f9799f2ca70c15f6a49	variant:sha256:de9304779c5c46f5d949c9fbc25778e592fa9e3827622f9799f2ca70c15f6a49	True	EXACT_NORMALIZED_ALLELE	PHASE1B_EXACT_NORMALIZED_ALLELE_V1	1.0.0	False	False
544	run-phase1a-60z59-hg002-grch38-v421	event-run-phase1a-60z59-hg002-grch38-v421-record-593	run-phase1a-ru88n-hg002-grch38-v421	event-run-phase1a-ru88n-hg002-grch38-v421-record-607	CROSS_RUN_EQUIVALENCE_UNRESOLVED	GRCh38|chr20|10275458|C|A	GRCh38|chr20|10275457|10275458|C|A	GRCh38|chr20|10275457|10275458|C|A	variant:sha256:3cddc4eab9e732bf8fed7edde74157588b2d79f1bbc288d3c9ea17d3c4755ca8	variant:sha256:3cddc4eab9e732bf8fed7edde74157588b2d79f1bbc288d3c9ea17d3c4755ca8	True	EXACT_NORMALIZED_ALLELE	PHASE1B_EXACT_NORMALIZED_ALLELE_V1	1.0.0	False	False
545	run-phase1a-60z59-hg002-grch38-v421	event-run-phase1a-60z59-hg002-grch38-v421-record-594	run-phase1a-ru88n-hg002-grch38-v421	event-run-phase1a-ru88n-hg002-grch38-v421-record-608	CROSS_RUN_EQUIVALENCE_UNRESOLVED	GRCh38|chr20|10282162|TGGAA|T	GRCh38|chr20|10282161|10282166|TGGAA|T	GRCh38|chr20|10282161|10282166|TGGAA|T	variant:sha256:55c2393d4b3ddd29372237a2d0a934cfb94821f3472189a2ade12977abe79e54	variant:sha256:55c2393d4b3ddd29372237a2d0a934cfb94821f3472189a2ade12977abe79e54	True	EXACT_NORMALIZED_ALLELE	PHASE1B_EXACT_NORMALIZED_ALLELE_V1	1.0.0	False	False
546	run-phase1a-60z59-hg002-grch38-v421	event-run-phase1a-60z59-hg002-grch38-v421-record-595	run-phase1a-ru88n-hg002-grch38-v421	event-run-phase1a-ru88n-hg002-grch38-v421-record-609	CROSS_RUN_EQUIVALENCE_UNRESOLVED	GRCh38|chr20|10287078|T|C	GRCh38|chr20|10287077|10287078|T|C	GRCh38|chr20|10287077|10287078|T|C	variant:sha256:af7323ef1e498c40d70f7bf74bb042e50718eed76d38416c0a49e9c192ca3fc0	variant:sha256:af7323ef1e498c40d70f7bf74bb042e50718eed76d38416c0a49e9c192ca3fc0	True	EXACT_NORMALIZED_ALLELE	PHASE1B_EXACT_NORMALIZED_ALLELE_V1	1.0.0	False	False
547	run-phase1a-60z59-hg002-grch38-v421	event-run-phase1a-60z59-hg002-grch38-v421-record-597	run-phase1a-ru88n-hg002-grch38-v421	event-run-phase1a-ru88n-hg002-grch38-v421-record-610	CROSS_RUN_EQUIVALENCE_UNRESOLVED	GRCh38|chr20|10300722|G|A	GRCh38|chr20|10300721|10300722|G|A	GRCh38|chr20|10300721|10300722|G|A	variant:sha256:1074dfa9b9eb3f9720ac6625140ff2e649c9e355ccd90aa97b0159cf821ab345	variant:sha256:1074dfa9b9eb3f9720ac6625140ff2e649c9e355ccd90aa97b0159cf821ab345	True	EXACT_NORMALIZED_ALLELE	PHASE1B_EXACT_NORMALIZED_ALLELE_V1	1.0.0	False	False
548	run-phase1a-60z59-hg002-grch38-v421	event-run-phase1a-60z59-hg002-grch38-v421-record-598	run-phase1a-ru88n-hg002-grch38-v421	event-run-phase1a-ru88n-hg002-grch38-v421-record-611	CROSS_RUN_EQUIVALENCE_UNRESOLVED	GRCh38|chr20|10301326|C|A	GRCh38|chr20|10301325|10301326|C|A	GRCh38|chr20|10301325|10301326|C|A	variant:sha256:6497ccb3b357dc6879952ff33a4cb9decd5b31226aa13e514187cf19b3cc7831	variant:sha256:6497ccb3b357dc6879952ff33a4cb9decd5b31226aa13e514187cf19b3cc7831	True	EXACT_NORMALIZED_ALLELE	PHASE1B_EXACT_NORMALIZED_ALLELE_V1	1.0.0	False	False
549	run-phase1a-60z59-hg002-grch38-v421	event-run-phase1a-60z59-hg002-grch38-v421-record-599	run-phase1a-ru88n-hg002-grch38-v421	event-run-phase1a-ru88n-hg002-grch38-v421-record-612	CROSS_RUN_EQUIVALENCE_UNRESOLVED	GRCh38|chr20|10301379|C|T	GRCh38|chr20|10301378|10301379|C|T	GRCh38|chr20|10301378|10301379|C|T	variant:sha256:36a555fdb0a81966ba14e3a0e2e091f4659c06541a1137e4f3dfe97dddb228f1	variant:sha256:36a555fdb0a81966ba14e3a0e2e091f4659c06541a1137e4f3dfe97dddb228f1	True	EXACT_NORMALIZED_ALLELE	PHASE1B_EXACT_NORMALIZED_ALLELE_V1	1.0.0	False	False
550	run-phase1a-60z59-hg002-grch38-v421	event-run-phase1a-60z59-hg002-grch38-v421-record-600	run-phase1a-ru88n-hg002-grch38-v421	event-run-phase1a-ru88n-hg002-grch38-v421-record-613	CROSS_RUN_EQUIVALENCE_UNRESOLVED	GRCh38|chr20|10301896|G|A	GRCh38|chr20|10301895|10301896|G|A	GRCh38|chr20|10301895|10301896|G|A	variant:sha256:17f143ac6308f57fe1b514ebc7cb7a504a38ffd73bd6e76d8239473983cbbd1f	variant:sha256:17f143ac6308f57fe1b514ebc7cb7a504a38ffd73bd6e76d8239473983cbbd1f	True	EXACT_NORMALIZED_ALLELE	PHASE1B_EXACT_NORMALIZED_ALLELE_V1	1.0.0	False	False
551	run-phase1a-60z59-hg002-grch38-v421	event-run-phase1a-60z59-hg002-grch38-v421-record-601	run-phase1a-ru88n-hg002-grch38-v421	event-run-phase1a-ru88n-hg002-grch38-v421-record-614	CROSS_RUN_EQUIVALENCE_UNRESOLVED	GRCh38|chr20|10301920|A|T	GRCh38|chr20|10301919|10301920|A|T	GRCh38|chr20|10301919|10301920|A|T	variant:sha256:fc54518a6bb206c95de5e905e76dc90a3a7f2eba49239f2dc1ef60e9ee096fd4	variant:sha256:fc54518a6bb206c95de5e905e76dc90a3a7f2eba49239f2dc1ef60e9ee096fd4	True	EXACT_NORMALIZED_ALLELE	PHASE1B_EXACT_NORMALIZED_ALLELE_V1	1.0.0	False	False
552	run-phase1a-60z59-hg002-grch38-v421	event-run-phase1a-60z59-hg002-grch38-v421-record-602	run-phase1a-ru88n-hg002-grch38-v421	event-run-phase1a-ru88n-hg002-grch38-v421-record-615	CROSS_RUN_EQUIVALENCE_UNRESOLVED	GRCh38|chr20|10302797|A|T	GRCh38|chr20|10302796|10302797|A|T	GRCh38|chr20|10302796|10302797|A|T	variant:sha256:29a80f5d99cd9dde5334ee7ae2bb21c663614f947d314bebdd62d92801ad4ee5	variant:sha256:29a80f5d99cd9dde5334ee7ae2bb21c663614f947d314bebdd62d92801ad4ee5	True	EXACT_NORMALIZED_ALLELE	PHASE1B_EXACT_NORMALIZED_ALLELE_V1	1.0.0	False	False
553	run-phase1a-60z59-hg002-grch38-v421	event-run-phase1a-60z59-hg002-grch38-v421-record-603	run-phase1a-ru88n-hg002-grch38-v421	event-run-phase1a-ru88n-hg002-grch38-v421-record-616	CROSS_RUN_EQUIVALENCE_UNRESOLVED	GRCh38|chr20|10305502|G|A	GRCh38|chr20|10305501|10305502|G|A	GRCh38|chr20|10305501|10305502|G|A	variant:sha256:b9e7952a921ff9bda94adbb080ae7462de3bd252eedc9c8750d91f6f54f17aad	variant:sha256:b9e7952a921ff9bda94adbb080ae7462de3bd252eedc9c8750d91f6f54f17aad	True	EXACT_NORMALIZED_ALLELE	PHASE1B_EXACT_NORMALIZED_ALLELE_V1	1.0.0	False	False
554	run-phase1a-60z59-hg002-grch38-v421	event-run-phase1a-60z59-hg002-grch38-v421-record-604	run-phase1a-ru88n-hg002-grch38-v421	event-run-phase1a-ru88n-hg002-grch38-v421-record-617	CROSS_RUN_EQUIVALENCE_UNRESOLVED	GRCh38|chr20|10305665|A|C	GRCh38|chr20|10305664|10305665|A|C	GRCh38|chr20|10305664|10305665|A|C	variant:sha256:cec5a57906d76c18d5b2bd11be53dd1d17dcb79aec14f866310d5010e3d38ddd	variant:sha256:cec5a57906d76c18d5b2bd11be53dd1d17dcb79aec14f866310d5010e3d38ddd	True	EXACT_NORMALIZED_ALLELE	PHASE1B_EXACT_NORMALIZED_ALLELE_V1	1.0.0	False	False
555	run-phase1a-60z59-hg002-grch38-v421	event-run-phase1a-60z59-hg002-grch38-v421-record-605	run-phase1a-ru88n-hg002-grch38-v421	event-run-phase1a-ru88n-hg002-grch38-v421-record-618	CROSS_RUN_EQUIVALENCE_UNRESOLVED	GRCh38|chr20|10306436|G|T	GRCh38|chr20|10306435|10306436|G|T	GRCh38|chr20|10306435|10306436|G|T	variant:sha256:4d034303f4d60da379a9bccc9bdfd42d94cb90c6db1edfc2e5d7f374d9c69b43	variant:sha256:4d034303f4d60da379a9bccc9bdfd42d94cb90c6db1edfc2e5d7f374d9c69b43	True	EXACT_NORMALIZED_ALLELE	PHASE1B_EXACT_NORMALIZED_ALLELE_V1	1.0.0	False	False
556	run-phase1a-60z59-hg002-grch38-v421	event-run-phase1a-60z59-hg002-grch38-v421-record-606	run-phase1a-ru88n-hg002-grch38-v421	event-run-phase1a-ru88n-hg002-grch38-v421-record-619	CROSS_RUN_EQUIVALENCE_UNRESOLVED	GRCh38|chr20|10307094|T|C	GRCh38|chr20|10307093|10307094|T|C	GRCh38|chr20|10307093|10307094|T|C	variant:sha256:410b87d30a542a372531a0f40e0e9a611761a1233e48612516b511d4e19973f9	variant:sha256:410b87d30a542a372531a0f40e0e9a611761a1233e48612516b511d4e19973f9	True	EXACT_NORMALIZED_ALLELE	PHASE1B_EXACT_NORMALIZED_ALLELE_V1	1.0.0	False	False
557	run-phase1a-60z59-hg002-grch38-v421	event-run-phase1a-60z59-hg002-grch38-v421-record-610	run-phase1a-ru88n-hg002-grch38-v421	event-run-phase1a-ru88n-hg002-grch38-v421-record-620	CROSS_RUN_EQUIVALENCE_UNRESOLVED	GRCh38|chr20|10308476|T|TTTAGTAGA	GRCh38|chr20|10308475|10308476|T|TTTAGTAGA	GRCh38|chr20|10308475|10308476|T|TTTAGTAGA	variant:sha256:0739f4c0c780250e1c201b645f4bae1ade3536bfd59083e5eb5a705b5544cf76	variant:sha256:0739f4c0c780250e1c201b645f4bae1ade3536bfd59083e5eb5a705b5544cf76	True	EXACT_NORMALIZED_ALLELE	PHASE1B_EXACT_NORMALIZED_ALLELE_V1	1.0.0	False	False
558	run-phase1a-60z59-hg002-grch38-v421	event-run-phase1a-60z59-hg002-grch38-v421-record-611	run-phase1a-ru88n-hg002-grch38-v421	event-run-phase1a-ru88n-hg002-grch38-v421-record-621	CROSS_RUN_EQUIVALENCE_UNRESOLVED	GRCh38|chr20|10308477|C|G	GRCh38|chr20|10308476|10308477|C|G	GRCh38|chr20|10308476|10308477|C|G	variant:sha256:45a31a84e3ad7933539384560b7bee3ce29d174cebb567e6e1ecded17ced3cef	variant:sha256:45a31a84e3ad7933539384560b7bee3ce29d174cebb567e6e1ecded17ced3cef	True	EXACT_NORMALIZED_ALLELE	PHASE1B_EXACT_NORMALIZED_ALLELE_V1	1.0.0	False	False
559	run-phase1a-60z59-hg002-grch38-v421	event-run-phase1a-60z59-hg002-grch38-v421-record-612	run-phase1a-ru88n-hg002-grch38-v421	event-run-phase1a-ru88n-hg002-grch38-v421-record-622	CROSS_RUN_EQUIVALENCE_UNRESOLVED	GRCh38|chr20|10308723|G|A	GRCh38|chr20|10308722|10308723|G|A	GRCh38|chr20|10308722|10308723|G|A	variant:sha256:bffdd4f531e67f31ffd5f776cb24186798fae858e73ca7e2bf703346bcfbe76d	variant:sha256:bffdd4f531e67f31ffd5f776cb24186798fae858e73ca7e2bf703346bcfbe76d	True	EXACT_NORMALIZED_ALLELE	PHASE1B_EXACT_NORMALIZED_ALLELE_V1	1.0.0	False	False
560	run-phase1a-60z59-hg002-grch38-v421	event-run-phase1a-60z59-hg002-grch38-v421-record-613	run-phase1a-ru88n-hg002-grch38-v421	event-run-phase1a-ru88n-hg002-grch38-v421-record-623	CROSS_RUN_EQUIVALENCE_UNRESOLVED	GRCh38|chr20|10310312|G|A	GRCh38|chr20|10310311|10310312|G|A	GRCh38|chr20|10310311|10310312|G|A	variant:sha256:75267db934f22815135d4997155dc0f638d616460e67f1d289477a1733aa7b5a	variant:sha256:75267db934f22815135d4997155dc0f638d616460e67f1d289477a1733aa7b5a	True	EXACT_NORMALIZED_ALLELE	PHASE1B_EXACT_NORMALIZED_ALLELE_V1	1.0.0	False	False
561	run-phase1a-60z59-hg002-grch38-v421	event-run-phase1a-60z59-hg002-grch38-v421-record-614	run-phase1a-ru88n-hg002-grch38-v421	event-run-phase1a-ru88n-hg002-grch38-v421-record-624	CROSS_RUN_EQUIVALENCE_UNRESOLVED	GRCh38|chr20|10310359|C|A	GRCh38|chr20|10310358|10310359|C|A	GRCh38|chr20|10310358|10310359|C|A	variant:sha256:29244e1dd6acb19fd15a748ba4073d34d72b994564f1d858ced3d7c5cd0151b9	variant:sha256:29244e1dd6acb19fd15a748ba4073d34d72b994564f1d858ced3d7c5cd0151b9	True	EXACT_NORMALIZED_ALLELE	PHASE1B_EXACT_NORMALIZED_ALLELE_V1	1.0.0	False	False
562	run-phase1a-60z59-hg002-grch38-v421	event-run-phase1a-60z59-hg002-grch38-v421-record-615	run-phase1a-ru88n-hg002-grch38-v421	event-run-phase1a-ru88n-hg002-grch38-v421-record-625	CROSS_RUN_EQUIVALENCE_UNRESOLVED	GRCh38|chr20|10310839|A|T	GRCh38|chr20|10310838|10310839|A|T	GRCh38|chr20|10310838|10310839|A|T	variant:sha256:2e2560b3a65ff3681173c1d267d77687e63ad33adab822990d3300f890cdee9e	variant:sha256:2e2560b3a65ff3681173c1d267d77687e63ad33adab822990d3300f890cdee9e	True	EXACT_NORMALIZED_ALLELE	PHASE1B_EXACT_NORMALIZED_ALLELE_V1	1.0.0	False	False
563	run-phase1a-60z59-hg002-grch38-v421	event-run-phase1a-60z59-hg002-grch38-v421-record-616	run-phase1a-ru88n-hg002-grch38-v421	event-run-phase1a-ru88n-hg002-grch38-v421-record-626	CROSS_RUN_EQUIVALENCE_UNRESOLVED	GRCh38|chr20|10311164|A|C	GRCh38|chr20|10311163|10311164|A|C	GRCh38|chr20|10311163|10311164|A|C	variant:sha256:49c2c3d8f55b78f4caea171d670632fb0bcd81769a7c52a32a82d69d3f257c78	variant:sha256:49c2c3d8f55b78f4caea171d670632fb0bcd81769a7c52a32a82d69d3f257c78	True	EXACT_NORMALIZED_ALLELE	PHASE1B_EXACT_NORMALIZED_ALLELE_V1	1.0.0	False	False
564	run-phase1a-60z59-hg002-grch38-v421	event-run-phase1a-60z59-hg002-grch38-v421-record-617	run-phase1a-ru88n-hg002-grch38-v421	event-run-phase1a-ru88n-hg002-grch38-v421-record-627	CROSS_RUN_EQUIVALENCE_UNRESOLVED	GRCh38|chr20|10311429|A|G	GRCh38|chr20|10311428|10311429|A|G	GRCh38|chr20|10311428|10311429|A|G	variant:sha256:e7a379297f667fdfc79f33097d37066eefa564b8ad8411ed5bd19780e3e047d2	variant:sha256:e7a379297f667fdfc79f33097d37066eefa564b8ad8411ed5bd19780e3e047d2	True	EXACT_NORMALIZED_ALLELE	PHASE1B_EXACT_NORMALIZED_ALLELE_V1	1.0.0	False	False
565	run-phase1a-60z59-hg002-grch38-v421	event-run-phase1a-60z59-hg002-grch38-v421-record-618	run-phase1a-ru88n-hg002-grch38-v421	event-run-phase1a-ru88n-hg002-grch38-v421-record-628	CROSS_RUN_EQUIVALENCE_UNRESOLVED	GRCh38|chr20|10311583|A|G	GRCh38|chr20|10311582|10311583|A|G	GRCh38|chr20|10311582|10311583|A|G	variant:sha256:e26947a5fd562c792ea3d7dca798348147c85fcc416b7382236382fc709dadc0	variant:sha256:e26947a5fd562c792ea3d7dca798348147c85fcc416b7382236382fc709dadc0	True	EXACT_NORMALIZED_ALLELE	PHASE1B_EXACT_NORMALIZED_ALLELE_V1	1.0.0	False	False
566	run-phase1a-60z59-hg002-grch38-v421	event-run-phase1a-60z59-hg002-grch38-v421-record-619	run-phase1a-ru88n-hg002-grch38-v421	event-run-phase1a-ru88n-hg002-grch38-v421-record-629	CROSS_RUN_EQUIVALENCE_UNRESOLVED	GRCh38|chr20|10312064|GT|G	GRCh38|chr20|10312063|10312065|GT|G	GRCh38|chr20|10312063|10312065|GT|G	variant:sha256:e195d762ccdd5a466a8c756c9fe38d6215951e0b2a5be174c50543ba064e5b7e	variant:sha256:e195d762ccdd5a466a8c756c9fe38d6215951e0b2a5be174c50543ba064e5b7e	True	EXACT_NORMALIZED_ALLELE	PHASE1B_EXACT_NORMALIZED_ALLELE_V1	1.0.0	False	False
567	run-phase1a-60z59-hg002-grch38-v421	event-run-phase1a-60z59-hg002-grch38-v421-record-620	run-phase1a-ru88n-hg002-grch38-v421	event-run-phase1a-ru88n-hg002-grch38-v421-record-630	CROSS_RUN_EQUIVALENCE_UNRESOLVED	GRCh38|chr20|10312121|T|C	GRCh38|chr20|10312120|10312121|T|C	GRCh38|chr20|10312120|10312121|T|C	variant:sha256:6fa3f9946881133cd0746a7307ed6fde901bbeed5008eff832fdeaf0d13cfa5d	variant:sha256:6fa3f9946881133cd0746a7307ed6fde901bbeed5008eff832fdeaf0d13cfa5d	True	EXACT_NORMALIZED_ALLELE	PHASE1B_EXACT_NORMALIZED_ALLELE_V1	1.0.0	False	False
568	run-phase1a-60z59-hg002-grch38-v421	event-run-phase1a-60z59-hg002-grch38-v421-record-621	run-phase1a-ru88n-hg002-grch38-v421	event-run-phase1a-ru88n-hg002-grch38-v421-record-631	CROSS_RUN_EQUIVALENCE_UNRESOLVED	GRCh38|chr20|10312880|A|G	GRCh38|chr20|10312879|10312880|A|G	GRCh38|chr20|10312879|10312880|A|G	variant:sha256:9c6395f93d953b2e6a8f03d624142de6b5fa6bb237bf83c6dfeed15fa9cdbb59	variant:sha256:9c6395f93d953b2e6a8f03d624142de6b5fa6bb237bf83c6dfeed15fa9cdbb59	True	EXACT_NORMALIZED_ALLELE	PHASE1B_EXACT_NORMALIZED_ALLELE_V1	1.0.0	False	False
569	run-phase1a-60z59-hg002-grch38-v421	event-run-phase1a-60z59-hg002-grch38-v421-record-622	run-phase1a-ru88n-hg002-grch38-v421	event-run-phase1a-ru88n-hg002-grch38-v421-record-632	CROSS_RUN_EQUIVALENCE_UNRESOLVED	GRCh38|chr20|10313356|T|C	GRCh38|chr20|10313355|10313356|T|C	GRCh38|chr20|10313355|10313356|T|C	variant:sha256:0afd43759f3f6d149810007112b219d184e9c8cf3cba5e81000f43356ab37472	variant:sha256:0afd43759f3f6d149810007112b219d184e9c8cf3cba5e81000f43356ab37472	True	EXACT_NORMALIZED_ALLELE	PHASE1B_EXACT_NORMALIZED_ALLELE_V1	1.0.0	False	False
570	run-phase1a-60z59-hg002-grch38-v421	event-run-phase1a-60z59-hg002-grch38-v421-record-623	run-phase1a-ru88n-hg002-grch38-v421	event-run-phase1a-ru88n-hg002-grch38-v421-record-633	CROSS_RUN_EQUIVALENCE_UNRESOLVED	GRCh38|chr20|10313379|T|C	GRCh38|chr20|10313378|10313379|T|C	GRCh38|chr20|10313378|10313379|T|C	variant:sha256:8882195988e21af11cf7306791a85d409be00c04e140727e930902aea6bc8f3d	variant:sha256:8882195988e21af11cf7306791a85d409be00c04e140727e930902aea6bc8f3d	True	EXACT_NORMALIZED_ALLELE	PHASE1B_EXACT_NORMALIZED_ALLELE_V1	1.0.0	False	False
571	run-phase1a-60z59-hg002-grch38-v421	event-run-phase1a-60z59-hg002-grch38-v421-record-624	run-phase1a-ru88n-hg002-grch38-v421	event-run-phase1a-ru88n-hg002-grch38-v421-record-634	CROSS_RUN_EQUIVALENCE_UNRESOLVED	GRCh38|chr20|10313873|C|G	GRCh38|chr20|10313872|10313873|C|G	GRCh38|chr20|10313872|10313873|C|G	variant:sha256:8af0b0e6f2a26c70ee22bdcc1d36d0bc6d497efecdff7acd59ab94b33ad484df	variant:sha256:8af0b0e6f2a26c70ee22bdcc1d36d0bc6d497efecdff7acd59ab94b33ad484df	True	EXACT_NORMALIZED_ALLELE	PHASE1B_EXACT_NORMALIZED_ALLELE_V1	1.0.0	False	False
572	run-phase1a-60z59-hg002-grch38-v421	event-run-phase1a-60z59-hg002-grch38-v421-record-625	run-phase1a-ru88n-hg002-grch38-v421	event-run-phase1a-ru88n-hg002-grch38-v421-record-635	CROSS_RUN_EQUIVALENCE_UNRESOLVED	GRCh38|chr20|10313948|G|C	GRCh38|chr20|10313947|10313948|G|C	GRCh38|chr20|10313947|10313948|G|C	variant:sha256:e217db3950d1080aaf68a3d57cf4799c25d173d30a2c210bc29f694e19196049	variant:sha256:e217db3950d1080aaf68a3d57cf4799c25d173d30a2c210bc29f694e19196049	True	EXACT_NORMALIZED_ALLELE	PHASE1B_EXACT_NORMALIZED_ALLELE_V1	1.0.0	False	False
573	run-phase1a-60z59-hg002-grch38-v421	event-run-phase1a-60z59-hg002-grch38-v421-record-626	run-phase1a-ru88n-hg002-grch38-v421	event-run-phase1a-ru88n-hg002-grch38-v421-record-636	CROSS_RUN_EQUIVALENCE_UNRESOLVED	GRCh38|chr20|10314595|G|C	GRCh38|chr20|10314594|10314595|G|C	GRCh38|chr20|10314594|10314595|G|C	variant:sha256:5e02eb5e237f0b655f77ee497e2c723efb9ca7cc987a5b446148d776440b55d3	variant:sha256:5e02eb5e237f0b655f77ee497e2c723efb9ca7cc987a5b446148d776440b55d3	True	EXACT_NORMALIZED_ALLELE	PHASE1B_EXACT_NORMALIZED_ALLELE_V1	1.0.0	False	False
574	run-phase1a-60z59-hg002-grch38-v421	event-run-phase1a-60z59-hg002-grch38-v421-record-627	run-phase1a-ru88n-hg002-grch38-v421	event-run-phase1a-ru88n-hg002-grch38-v421-record-637	CROSS_RUN_EQUIVALENCE_UNRESOLVED	GRCh38|chr20|10314920|G|A	GRCh38|chr20|10314919|10314920|G|A	GRCh38|chr20|10314919|10314920|G|A	variant:sha256:f7c13a96e8fbf790721622fd345960715a0bfdea9f4893908ac0938d3b1507f9	variant:sha256:f7c13a96e8fbf790721622fd345960715a0bfdea9f4893908ac0938d3b1507f9	True	EXACT_NORMALIZED_ALLELE	PHASE1B_EXACT_NORMALIZED_ALLELE_V1	1.0.0	False	False
575	run-phase1a-60z59-hg002-grch38-v421	event-run-phase1a-60z59-hg002-grch38-v421-record-628	run-phase1a-ru88n-hg002-grch38-v421	event-run-phase1a-ru88n-hg002-grch38-v421-record-638	CROSS_RUN_EQUIVALENCE_UNRESOLVED	GRCh38|chr20|10315115|T|C	GRCh38|chr20|10315114|10315115|T|C	GRCh38|chr20|10315114|10315115|T|C	variant:sha256:6c3aa7bda75ff76bd251ad7c875897d60bb20c6a7df64e2a92fb77d9b5e2701a	variant:sha256:6c3aa7bda75ff76bd251ad7c875897d60bb20c6a7df64e2a92fb77d9b5e2701a	True	EXACT_NORMALIZED_ALLELE	PHASE1B_EXACT_NORMALIZED_ALLELE_V1	1.0.0	False	False
576	run-phase1a-60z59-hg002-grch38-v421	event-run-phase1a-60z59-hg002-grch38-v421-record-629	run-phase1a-ru88n-hg002-grch38-v421	event-run-phase1a-ru88n-hg002-grch38-v421-record-639	CROSS_RUN_EQUIVALENCE_UNRESOLVED	GRCh38|chr20|10315624|CA|C	GRCh38|chr20|10315623|10315625|CA|C	GRCh38|chr20|10315623|10315625|CA|C	variant:sha256:49d6ba1a2ed41767ebbe417fa8209b3e258de3e183b5721b525e002c355f23b6	variant:sha256:49d6ba1a2ed41767ebbe417fa8209b3e258de3e183b5721b525e002c355f23b6	True	EXACT_NORMALIZED_ALLELE	PHASE1B_EXACT_NORMALIZED_ALLELE_V1	1.0.0	False	False
577	run-phase1a-60z59-hg002-grch38-v421	event-run-phase1a-60z59-hg002-grch38-v421-record-630	run-phase1a-ru88n-hg002-grch38-v421	event-run-phase1a-ru88n-hg002-grch38-v421-record-640	CROSS_RUN_EQUIVALENCE_UNRESOLVED	GRCh38|chr20|10316075|T|C	GRCh38|chr20|10316074|10316075|T|C	GRCh38|chr20|10316074|10316075|T|C	variant:sha256:5787bac537c80b069aa65c022a2c3ffea4e610f38bbbe49ce1e293ff8cc3a598	variant:sha256:5787bac537c80b069aa65c022a2c3ffea4e610f38bbbe49ce1e293ff8cc3a598	True	EXACT_NORMALIZED_ALLELE	PHASE1B_EXACT_NORMALIZED_ALLELE_V1	1.0.0	False	False
578	run-phase1a-60z59-hg002-grch38-v421	event-run-phase1a-60z59-hg002-grch38-v421-record-631	run-phase1a-ru88n-hg002-grch38-v421	event-run-phase1a-ru88n-hg002-grch38-v421-record-641	CROSS_RUN_EQUIVALENCE_UNRESOLVED	GRCh38|chr20|10317647|GTATGT|G	GRCh38|chr20|10317646|10317652|GTATGT|G	GRCh38|chr20|10317646|10317652|GTATGT|G	variant:sha256:8d816202fd06cf3d3a1f6fcda5cee56c7e132b63da13046301ac3d686ac79111	variant:sha256:8d816202fd06cf3d3a1f6fcda5cee56c7e132b63da13046301ac3d686ac79111	True	EXACT_NORMALIZED_ALLELE	PHASE1B_EXACT_NORMALIZED_ALLELE_V1	1.0.0	False	False
579	run-phase1a-60z59-hg002-grch38-v421	event-run-phase1a-60z59-hg002-grch38-v421-record-632	run-phase1a-ru88n-hg002-grch38-v421	event-run-phase1a-ru88n-hg002-grch38-v421-record-642	CROSS_RUN_EQUIVALENCE_UNRESOLVED	GRCh38|chr20|10319661|G|A	GRCh38|chr20|10319660|10319661|G|A	GRCh38|chr20|10319660|10319661|G|A	variant:sha256:d009d9230591993606e6fcb2bf716ab083ded11bc13d2a2c35ff6281f4b0c260	variant:sha256:d009d9230591993606e6fcb2bf716ab083ded11bc13d2a2c35ff6281f4b0c260	True	EXACT_NORMALIZED_ALLELE	PHASE1B_EXACT_NORMALIZED_ALLELE_V1	1.0.0	False	False
580	run-phase1a-60z59-hg002-grch38-v421	event-run-phase1a-60z59-hg002-grch38-v421-record-633	run-phase1a-ru88n-hg002-grch38-v421	event-run-phase1a-ru88n-hg002-grch38-v421-record-643	CROSS_RUN_EQUIVALENCE_UNRESOLVED	GRCh38|chr20|10320366|A|G	GRCh38|chr20|10320365|10320366|A|G	GRCh38|chr20|10320365|10320366|A|G	variant:sha256:719e04bf034097a1c8657f9a9f6d04127d51e907aa16d43453c4f454cdf89608	variant:sha256:719e04bf034097a1c8657f9a9f6d04127d51e907aa16d43453c4f454cdf89608	True	EXACT_NORMALIZED_ALLELE	PHASE1B_EXACT_NORMALIZED_ALLELE_V1	1.0.0	False	False
581	run-phase1a-60z59-hg002-grch38-v421	event-run-phase1a-60z59-hg002-grch38-v421-record-634	run-phase1a-ru88n-hg002-grch38-v421	event-run-phase1a-ru88n-hg002-grch38-v421-record-644	CROSS_RUN_EQUIVALENCE_UNRESOLVED	GRCh38|chr20|10323726|G|A	GRCh38|chr20|10323725|10323726|G|A	GRCh38|chr20|10323725|10323726|G|A	variant:sha256:f9db837488c6a0b0e699dbd067885fd9f8fb73bd4e3ca3d1448fcb82856aba76	variant:sha256:f9db837488c6a0b0e699dbd067885fd9f8fb73bd4e3ca3d1448fcb82856aba76	True	EXACT_NORMALIZED_ALLELE	PHASE1B_EXACT_NORMALIZED_ALLELE_V1	1.0.0	False	False
582	run-phase1a-60z59-hg002-grch38-v421	event-run-phase1a-60z59-hg002-grch38-v421-record-635	run-phase1a-ru88n-hg002-grch38-v421	event-run-phase1a-ru88n-hg002-grch38-v421-record-645	CROSS_RUN_EQUIVALENCE_UNRESOLVED	GRCh38|chr20|10323893|A|G	GRCh38|chr20|10323892|10323893|A|G	GRCh38|chr20|10323892|10323893|A|G	variant:sha256:19be3c3a0ef2cf5394c628df098f5b0883226a20bf685fc466a7a3d0b84c4ff5	variant:sha256:19be3c3a0ef2cf5394c628df098f5b0883226a20bf685fc466a7a3d0b84c4ff5	True	EXACT_NORMALIZED_ALLELE	PHASE1B_EXACT_NORMALIZED_ALLELE_V1	1.0.0	False	False
583	run-phase1a-60z59-hg002-grch38-v421	event-run-phase1a-60z59-hg002-grch38-v421-record-637	run-phase1a-ru88n-hg002-grch38-v421	event-run-phase1a-ru88n-hg002-grch38-v421-record-646	CROSS_RUN_EQUIVALENCE_UNRESOLVED	GRCh38|chr20|10324674|G|A	GRCh38|chr20|10324673|10324674|G|A	GRCh38|chr20|10324673|10324674|G|A	variant:sha256:f196f89215f3e89ebe4b7c96f08346722d991fd5b3318cebd88b9139058559a8	variant:sha256:f196f89215f3e89ebe4b7c96f08346722d991fd5b3318cebd88b9139058559a8	True	EXACT_NORMALIZED_ALLELE	PHASE1B_EXACT_NORMALIZED_ALLELE_V1	1.0.0	False	False
584	run-phase1a-60z59-hg002-grch38-v421	event-run-phase1a-60z59-hg002-grch38-v421-record-640	run-phase1a-ru88n-hg002-grch38-v421	event-run-phase1a-ru88n-hg002-grch38-v421-record-648	CROSS_RUN_EQUIVALENCE_UNRESOLVED	GRCh38|chr20|10326466|C|G	GRCh38|chr20|10326465|10326466|C|G	GRCh38|chr20|10326465|10326466|C|G	variant:sha256:ff9a805cba635c5c56b9f0a2a52ee69cbd82120c5b0c03acc8d1a1f978c5aed5	variant:sha256:ff9a805cba635c5c56b9f0a2a52ee69cbd82120c5b0c03acc8d1a1f978c5aed5	True	EXACT_NORMALIZED_ALLELE	PHASE1B_EXACT_NORMALIZED_ALLELE_V1	1.0.0	False	False
585	run-phase1a-60z59-hg002-grch38-v421	event-run-phase1a-60z59-hg002-grch38-v421-record-641	run-phase1a-ru88n-hg002-grch38-v421	event-run-phase1a-ru88n-hg002-grch38-v421-record-649	CROSS_RUN_EQUIVALENCE_UNRESOLVED	GRCh38|chr20|10326926|T|C	GRCh38|chr20|10326925|10326926|T|C	GRCh38|chr20|10326925|10326926|T|C	variant:sha256:47f68cf8728c1c27e2464ec00a382afdada282032ec31fa962bdfd68e7e88a99	variant:sha256:47f68cf8728c1c27e2464ec00a382afdada282032ec31fa962bdfd68e7e88a99	True	EXACT_NORMALIZED_ALLELE	PHASE1B_EXACT_NORMALIZED_ALLELE_V1	1.0.0	False	False
586	run-phase1a-60z59-hg002-grch38-v421	event-run-phase1a-60z59-hg002-grch38-v421-record-642	run-phase1a-ru88n-hg002-grch38-v421	event-run-phase1a-ru88n-hg002-grch38-v421-record-650	CROSS_RUN_EQUIVALENCE_UNRESOLVED	GRCh38|chr20|10326978|C|T	GRCh38|chr20|10326977|10326978|C|T	GRCh38|chr20|10326977|10326978|C|T	variant:sha256:6c0f5bb3dfd9f6bd7e19165b8e2a47b1ebcaa2c847d6c4f08495bb3718749be7	variant:sha256:6c0f5bb3dfd9f6bd7e19165b8e2a47b1ebcaa2c847d6c4f08495bb3718749be7	True	EXACT_NORMALIZED_ALLELE	PHASE1B_EXACT_NORMALIZED_ALLELE_V1	1.0.0	False	False
587	run-phase1a-60z59-hg002-grch38-v421	event-run-phase1a-60z59-hg002-grch38-v421-record-643	run-phase1a-ru88n-hg002-grch38-v421	event-run-phase1a-ru88n-hg002-grch38-v421-record-651	CROSS_RUN_EQUIVALENCE_UNRESOLVED	GRCh38|chr20|10327028|G|C	GRCh38|chr20|10327027|10327028|G|C	GRCh38|chr20|10327027|10327028|G|C	variant:sha256:cf2d1c3f6c5583aef66c520831be287773c450d6f9f41eaae6ce20b67ee01733	variant:sha256:cf2d1c3f6c5583aef66c520831be287773c450d6f9f41eaae6ce20b67ee01733	True	EXACT_NORMALIZED_ALLELE	PHASE1B_EXACT_NORMALIZED_ALLELE_V1	1.0.0	False	False
588	run-phase1a-60z59-hg002-grch38-v421	event-run-phase1a-60z59-hg002-grch38-v421-record-645	run-phase1a-ru88n-hg002-grch38-v421	event-run-phase1a-ru88n-hg002-grch38-v421-record-652	CROSS_RUN_EQUIVALENCE_UNRESOLVED	GRCh38|chr20|10327422|A|C	GRCh38|chr20|10327421|10327422|A|C	GRCh38|chr20|10327421|10327422|A|C	variant:sha256:5f0c22c962536480c086a97475e504be1a6cd7809841c5fa404d55429303dc27	variant:sha256:5f0c22c962536480c086a97475e504be1a6cd7809841c5fa404d55429303dc27	True	EXACT_NORMALIZED_ALLELE	PHASE1B_EXACT_NORMALIZED_ALLELE_V1	1.0.0	False	False
589	run-phase1a-60z59-hg002-grch38-v421	event-run-phase1a-60z59-hg002-grch38-v421-record-646	run-phase1a-ru88n-hg002-grch38-v421	event-run-phase1a-ru88n-hg002-grch38-v421-record-653	CROSS_RUN_EQUIVALENCE_UNRESOLVED	GRCh38|chr20|10327613|A|G	GRCh38|chr20|10327612|10327613|A|G	GRCh38|chr20|10327612|10327613|A|G	variant:sha256:8dc152c655a69242fd274899e48233ed25ffccb5f34112fa2f3908cfb79539a4	variant:sha256:8dc152c655a69242fd274899e48233ed25ffccb5f34112fa2f3908cfb79539a4	True	EXACT_NORMALIZED_ALLELE	PHASE1B_EXACT_NORMALIZED_ALLELE_V1	1.0.0	False	False
590	run-phase1a-60z59-hg002-grch38-v421	event-run-phase1a-60z59-hg002-grch38-v421-record-647	run-phase1a-ru88n-hg002-grch38-v421	event-run-phase1a-ru88n-hg002-grch38-v421-record-654	CROSS_RUN_EQUIVALENCE_UNRESOLVED	GRCh38|chr20|10327764|C|T	GRCh38|chr20|10327763|10327764|C|T	GRCh38|chr20|10327763|10327764|C|T	variant:sha256:f92809213ade40bdf6a9659646fc328dc532e6a18c168e56aa277a1ad354190a	variant:sha256:f92809213ade40bdf6a9659646fc328dc532e6a18c168e56aa277a1ad354190a	True	EXACT_NORMALIZED_ALLELE	PHASE1B_EXACT_NORMALIZED_ALLELE_V1	1.0.0	False	False
591	run-phase1a-60z59-hg002-grch38-v421	event-run-phase1a-60z59-hg002-grch38-v421-record-648	run-phase1a-ru88n-hg002-grch38-v421	event-run-phase1a-ru88n-hg002-grch38-v421-record-655	CROSS_RUN_EQUIVALENCE_UNRESOLVED	GRCh38|chr20|10328450|C|T	GRCh38|chr20|10328449|10328450|C|T	GRCh38|chr20|10328449|10328450|C|T	variant:sha256:ed30cddfc466412e27f695b2299bddb9ba3041742e6768de04111d3ddbabad28	variant:sha256:ed30cddfc466412e27f695b2299bddb9ba3041742e6768de04111d3ddbabad28	True	EXACT_NORMALIZED_ALLELE	PHASE1B_EXACT_NORMALIZED_ALLELE_V1	1.0.0	False	False
592	run-phase1a-60z59-hg002-grch38-v421	event-run-phase1a-60z59-hg002-grch38-v421-record-649	run-phase1a-ru88n-hg002-grch38-v421	event-run-phase1a-ru88n-hg002-grch38-v421-record-656	CROSS_RUN_EQUIVALENCE_UNRESOLVED	GRCh38|chr20|10329188|G|A	GRCh38|chr20|10329187|10329188|G|A	GRCh38|chr20|10329187|10329188|G|A	variant:sha256:c0e2289f3ad8f9c59540df06bbe47a1846460a545f7dd4d12bc3d9db4b8b074e	variant:sha256:c0e2289f3ad8f9c59540df06bbe47a1846460a545f7dd4d12bc3d9db4b8b074e	True	EXACT_NORMALIZED_ALLELE	PHASE1B_EXACT_NORMALIZED_ALLELE_V1	1.0.0	False	False
593	run-phase1a-60z59-hg002-grch38-v421	event-run-phase1a-60z59-hg002-grch38-v421-record-650	run-phase1a-ru88n-hg002-grch38-v421	event-run-phase1a-ru88n-hg002-grch38-v421-record-657	CROSS_RUN_EQUIVALENCE_UNRESOLVED	GRCh38|chr20|10329694|T|C	GRCh38|chr20|10329693|10329694|T|C	GRCh38|chr20|10329693|10329694|T|C	variant:sha256:b4597eba153fbabae3cf209bc20c40a21f5de1639e2423b9bbbefcaaba5198a9	variant:sha256:b4597eba153fbabae3cf209bc20c40a21f5de1639e2423b9bbbefcaaba5198a9	True	EXACT_NORMALIZED_ALLELE	PHASE1B_EXACT_NORMALIZED_ALLELE_V1	1.0.0	False	False
594	run-phase1a-60z59-hg002-grch38-v421	event-run-phase1a-60z59-hg002-grch38-v421-record-651	run-phase1a-ru88n-hg002-grch38-v421	event-run-phase1a-ru88n-hg002-grch38-v421-record-658	CROSS_RUN_EQUIVALENCE_UNRESOLVED	GRCh38|chr20|10329801|A|G	GRCh38|chr20|10329800|10329801|A|G	GRCh38|chr20|10329800|10329801|A|G	variant:sha256:9c0200022a9ce44c44a4b21f4d71e8aa7603a813144706d6304731fdacab418f	variant:sha256:9c0200022a9ce44c44a4b21f4d71e8aa7603a813144706d6304731fdacab418f	True	EXACT_NORMALIZED_ALLELE	PHASE1B_EXACT_NORMALIZED_ALLELE_V1	1.0.0	False	False
595	run-phase1a-60z59-hg002-grch38-v421	event-run-phase1a-60z59-hg002-grch38-v421-record-652	run-phase1a-ru88n-hg002-grch38-v421	event-run-phase1a-ru88n-hg002-grch38-v421-record-659	CROSS_RUN_EQUIVALENCE_UNRESOLVED	GRCh38|chr20|10329985|A|G	GRCh38|chr20|10329984|10329985|A|G	GRCh38|chr20|10329984|10329985|A|G	variant:sha256:5f83baa0db258ea9d7fcf57b17f0185483eb1495a0e3c01454d55bad8714c838	variant:sha256:5f83baa0db258ea9d7fcf57b17f0185483eb1495a0e3c01454d55bad8714c838	True	EXACT_NORMALIZED_ALLELE	PHASE1B_EXACT_NORMALIZED_ALLELE_V1	1.0.0	False	False
596	run-phase1a-60z59-hg002-grch38-v421	event-run-phase1a-60z59-hg002-grch38-v421-record-653	run-phase1a-ru88n-hg002-grch38-v421	event-run-phase1a-ru88n-hg002-grch38-v421-record-660	CROSS_RUN_EQUIVALENCE_UNRESOLVED	GRCh38|chr20|10330517|C|T	GRCh38|chr20|10330516|10330517|C|T	GRCh38|chr20|10330516|10330517|C|T	variant:sha256:244a55857d8f9f26b794a921fc468737283849313dab7c327607e970ea8c2376	variant:sha256:244a55857d8f9f26b794a921fc468737283849313dab7c327607e970ea8c2376	True	EXACT_NORMALIZED_ALLELE	PHASE1B_EXACT_NORMALIZED_ALLELE_V1	1.0.0	False	False
597	run-phase1a-60z59-hg002-grch38-v421	event-run-phase1a-60z59-hg002-grch38-v421-record-654	run-phase1a-ru88n-hg002-grch38-v421	event-run-phase1a-ru88n-hg002-grch38-v421-record-661	CROSS_RUN_EQUIVALENCE_UNRESOLVED	GRCh38|chr20|10331111|A|G	GRCh38|chr20|10331110|10331111|A|G	GRCh38|chr20|10331110|10331111|A|G	variant:sha256:1693e11ba6075b1b7a8acadc9f86d32e06bfe1af09d2757fc6c8a7e89b052662	variant:sha256:1693e11ba6075b1b7a8acadc9f86d32e06bfe1af09d2757fc6c8a7e89b052662	True	EXACT_NORMALIZED_ALLELE	PHASE1B_EXACT_NORMALIZED_ALLELE_V1	1.0.0	False	False
598	run-phase1a-60z59-hg002-grch38-v421	event-run-phase1a-60z59-hg002-grch38-v421-record-655	run-phase1a-ru88n-hg002-grch38-v421	event-run-phase1a-ru88n-hg002-grch38-v421-record-662	CROSS_RUN_EQUIVALENCE_UNRESOLVED	GRCh38|chr20|10331141|G|C	GRCh38|chr20|10331140|10331141|G|C	GRCh38|chr20|10331140|10331141|G|C	variant:sha256:d8484e9f5b22fe059355557f4d2b9800a89ce8eb645e48d6a9f21c257adb5f77	variant:sha256:d8484e9f5b22fe059355557f4d2b9800a89ce8eb645e48d6a9f21c257adb5f77	True	EXACT_NORMALIZED_ALLELE	PHASE1B_EXACT_NORMALIZED_ALLELE_V1	1.0.0	False	False
599	run-phase1a-60z59-hg002-grch38-v421	event-run-phase1a-60z59-hg002-grch38-v421-record-656	run-phase1a-ru88n-hg002-grch38-v421	event-run-phase1a-ru88n-hg002-grch38-v421-record-663	CROSS_RUN_EQUIVALENCE_UNRESOLVED	GRCh38|chr20|10332257|C|A	GRCh38|chr20|10332256|10332257|C|A	GRCh38|chr20|10332256|10332257|C|A	variant:sha256:9756e4f8e8f444af610be60965dec0e988774f4429012515fef0a7508eb5393f	variant:sha256:9756e4f8e8f444af610be60965dec0e988774f4429012515fef0a7508eb5393f	True	EXACT_NORMALIZED_ALLELE	PHASE1B_EXACT_NORMALIZED_ALLELE_V1	1.0.0	False	False
600	run-phase1a-60z59-hg002-grch38-v421	event-run-phase1a-60z59-hg002-grch38-v421-record-657	run-phase1a-ru88n-hg002-grch38-v421	event-run-phase1a-ru88n-hg002-grch38-v421-record-664	CROSS_RUN_EQUIVALENCE_UNRESOLVED	GRCh38|chr20|10332325|G|A	GRCh38|chr20|10332324|10332325|G|A	GRCh38|chr20|10332324|10332325|G|A	variant:sha256:382bcb72a83a03b28708d62f8d9c2c43d9aa1990b92c4541f0c5dae8476df4e2	variant:sha256:382bcb72a83a03b28708d62f8d9c2c43d9aa1990b92c4541f0c5dae8476df4e2	True	EXACT_NORMALIZED_ALLELE	PHASE1B_EXACT_NORMALIZED_ALLELE_V1	1.0.0	False	False
601	run-phase1a-60z59-hg002-grch38-v421	event-run-phase1a-60z59-hg002-grch38-v421-record-658	run-phase1a-ru88n-hg002-grch38-v421	event-run-phase1a-ru88n-hg002-grch38-v421-record-665	CROSS_RUN_EQUIVALENCE_UNRESOLVED	GRCh38|chr20|10332569|A|G	GRCh38|chr20|10332568|10332569|A|G	GRCh38|chr20|10332568|10332569|A|G	variant:sha256:13293255194c0aa0595f375aa69f4da38e53905dcabf75c447e3fbb3956a55d8	variant:sha256:13293255194c0aa0595f375aa69f4da38e53905dcabf75c447e3fbb3956a55d8	True	EXACT_NORMALIZED_ALLELE	PHASE1B_EXACT_NORMALIZED_ALLELE_V1	1.0.0	False	False
602	run-phase1a-60z59-hg002-grch38-v421	event-run-phase1a-60z59-hg002-grch38-v421-record-659	run-phase1a-ru88n-hg002-grch38-v421	event-run-phase1a-ru88n-hg002-grch38-v421-record-666	CROSS_RUN_EQUIVALENCE_UNRESOLVED	GRCh38|chr20|10333093|C|T	GRCh38|chr20|10333092|10333093|C|T	GRCh38|chr20|10333092|10333093|C|T	variant:sha256:e71d531ca59360a0acb5fcc49def670f1eda9a984134dc4fe22e575aebc41656	variant:sha256:e71d531ca59360a0acb5fcc49def670f1eda9a984134dc4fe22e575aebc41656	True	EXACT_NORMALIZED_ALLELE	PHASE1B_EXACT_NORMALIZED_ALLELE_V1	1.0.0	False	False
603	run-phase1a-60z59-hg002-grch38-v421	event-run-phase1a-60z59-hg002-grch38-v421-record-660	run-phase1a-ru88n-hg002-grch38-v421	event-run-phase1a-ru88n-hg002-grch38-v421-record-667	CROSS_RUN_EQUIVALENCE_UNRESOLVED	GRCh38|chr20|10333735|A|C	GRCh38|chr20|10333734|10333735|A|C	GRCh38|chr20|10333734|10333735|A|C	variant:sha256:769c2849b3f4d7e7edfe6a8abdfc27800fa00cd4f3d5f325279f7eb04fe2b901	variant:sha256:769c2849b3f4d7e7edfe6a8abdfc27800fa00cd4f3d5f325279f7eb04fe2b901	True	EXACT_NORMALIZED_ALLELE	PHASE1B_EXACT_NORMALIZED_ALLELE_V1	1.0.0	False	False
604	run-phase1a-60z59-hg002-grch38-v421	event-run-phase1a-60z59-hg002-grch38-v421-record-661	run-phase1a-ru88n-hg002-grch38-v421	event-run-phase1a-ru88n-hg002-grch38-v421-record-668	CROSS_RUN_EQUIVALENCE_UNRESOLVED	GRCh38|chr20|10335591|CT|C	GRCh38|chr20|10335590|10335592|CT|C	GRCh38|chr20|10335590|10335592|CT|C	variant:sha256:8a92db93c7c6e31c84a84b809e5c0b9a301a8cda12cc733ad345f7db58d98697	variant:sha256:8a92db93c7c6e31c84a84b809e5c0b9a301a8cda12cc733ad345f7db58d98697	True	EXACT_NORMALIZED_ALLELE	PHASE1B_EXACT_NORMALIZED_ALLELE_V1	1.0.0	False	False
605	run-phase1a-60z59-hg002-grch38-v421	event-run-phase1a-60z59-hg002-grch38-v421-record-662	run-phase1a-ru88n-hg002-grch38-v421	event-run-phase1a-ru88n-hg002-grch38-v421-record-669	CROSS_RUN_EQUIVALENCE_UNRESOLVED	GRCh38|chr20|10336111|TA|T	GRCh38|chr20|10336110|10336112|TA|T	GRCh38|chr20|10336110|10336112|TA|T	variant:sha256:c1a0814b13204bbb6fc385a687d713ecf3771304e6278207f4ab9ec904e695d8	variant:sha256:c1a0814b13204bbb6fc385a687d713ecf3771304e6278207f4ab9ec904e695d8	True	EXACT_NORMALIZED_ALLELE	PHASE1B_EXACT_NORMALIZED_ALLELE_V1	1.0.0	False	False
606	run-phase1a-60z59-hg002-grch38-v421	event-run-phase1a-60z59-hg002-grch38-v421-record-663	run-phase1a-ru88n-hg002-grch38-v421	event-run-phase1a-ru88n-hg002-grch38-v421-record-670	CROSS_RUN_EQUIVALENCE_UNRESOLVED	GRCh38|chr20|10338291|G|A	GRCh38|chr20|10338290|10338291|G|A	GRCh38|chr20|10338290|10338291|G|A	variant:sha256:d28ee9c34427e6d011cef0846857604be1a68a7541fe8ce77f9790102564bcee	variant:sha256:d28ee9c34427e6d011cef0846857604be1a68a7541fe8ce77f9790102564bcee	True	EXACT_NORMALIZED_ALLELE	PHASE1B_EXACT_NORMALIZED_ALLELE_V1	1.0.0	False	False
607	run-phase1a-60z59-hg002-grch38-v421	event-run-phase1a-60z59-hg002-grch38-v421-record-665	run-phase1a-ru88n-hg002-grch38-v421	event-run-phase1a-ru88n-hg002-grch38-v421-record-673	CROSS_RUN_EQUIVALENCE_UNRESOLVED	GRCh38|chr20|10340628|C|A	GRCh38|chr20|10340627|10340628|C|A	GRCh38|chr20|10340627|10340628|C|A	variant:sha256:77812a7a23fe2a80e705e60903c71236d0e0ae67e442a18419b062168ccff76d	variant:sha256:77812a7a23fe2a80e705e60903c71236d0e0ae67e442a18419b062168ccff76d	True	EXACT_NORMALIZED_ALLELE	PHASE1B_EXACT_NORMALIZED_ALLELE_V1	1.0.0	False	False
608	run-phase1a-60z59-hg002-grch38-v421	event-run-phase1a-60z59-hg002-grch38-v421-record-666	run-phase1a-ru88n-hg002-grch38-v421	event-run-phase1a-ru88n-hg002-grch38-v421-record-674	CROSS_RUN_EQUIVALENCE_UNRESOLVED	GRCh38|chr20|10344025|TACACACACACAA|T	GRCh38|chr20|10344024|10344037|TACACACACACAA|T	GRCh38|chr20|10344024|10344037|TACACACACACAA|T	variant:sha256:71929e6ef4dc9c7945fd6c2b56ad14a6fc94ec7fa44a319ab54b6fe5e6574e8d	variant:sha256:71929e6ef4dc9c7945fd6c2b56ad14a6fc94ec7fa44a319ab54b6fe5e6574e8d	True	EXACT_NORMALIZED_ALLELE	PHASE1B_EXACT_NORMALIZED_ALLELE_V1	1.0.0	False	False
609	run-phase1a-60z59-hg002-grch38-v421	event-run-phase1a-60z59-hg002-grch38-v421-record-667	run-phase1a-ru88n-hg002-grch38-v421	event-run-phase1a-ru88n-hg002-grch38-v421-record-675	CROSS_RUN_EQUIVALENCE_UNRESOLVED	GRCh38|chr20|10347363|C|T	GRCh38|chr20|10347362|10347363|C|T	GRCh38|chr20|10347362|10347363|C|T	variant:sha256:667062c9ccfcccc0167fff73a7801516395498d5b0e55eef77d1b740e87381a2	variant:sha256:667062c9ccfcccc0167fff73a7801516395498d5b0e55eef77d1b740e87381a2	True	EXACT_NORMALIZED_ALLELE	PHASE1B_EXACT_NORMALIZED_ALLELE_V1	1.0.0	False	False
610	run-phase1a-60z59-hg002-grch38-v421	event-run-phase1a-60z59-hg002-grch38-v421-record-668	run-phase1a-ru88n-hg002-grch38-v421	event-run-phase1a-ru88n-hg002-grch38-v421-record-676	CROSS_RUN_EQUIVALENCE_UNRESOLVED	GRCh38|chr20|10347628|T|TAC	GRCh38|chr20|10347627|10347628|T|TAC	GRCh38|chr20|10347627|10347628|T|TAC	variant:sha256:44856b5473ef15a7f29891a0cbbfe01ee9383ad297eea6768bedff9c7761b507	variant:sha256:44856b5473ef15a7f29891a0cbbfe01ee9383ad297eea6768bedff9c7761b507	True	EXACT_NORMALIZED_ALLELE	PHASE1B_EXACT_NORMALIZED_ALLELE_V1	1.0.0	False	False
611	run-phase1a-60z59-hg002-grch38-v421	event-run-phase1a-60z59-hg002-grch38-v421-record-669	run-phase1a-ru88n-hg002-grch38-v421	event-run-phase1a-ru88n-hg002-grch38-v421-record-677	CROSS_RUN_EQUIVALENCE_UNRESOLVED	GRCh38|chr20|10348699|C|A	GRCh38|chr20|10348698|10348699|C|A	GRCh38|chr20|10348698|10348699|C|A	variant:sha256:a4f1c192a3d1c022478dc2bdd16f260fb693c9fd346f214a3a0cd0c99d82de2b	variant:sha256:a4f1c192a3d1c022478dc2bdd16f260fb693c9fd346f214a3a0cd0c99d82de2b	True	EXACT_NORMALIZED_ALLELE	PHASE1B_EXACT_NORMALIZED_ALLELE_V1	1.0.0	False	False
612	run-phase1a-60z59-hg002-grch38-v421	event-run-phase1a-60z59-hg002-grch38-v421-record-670	run-phase1a-ru88n-hg002-grch38-v421	event-run-phase1a-ru88n-hg002-grch38-v421-record-678	CROSS_RUN_EQUIVALENCE_UNRESOLVED	GRCh38|chr20|10349240|T|G	GRCh38|chr20|10349239|10349240|T|G	GRCh38|chr20|10349239|10349240|T|G	variant:sha256:5c7e59d5e7d944c7c3f7bc5fe7e069a61a2ee45b455cbe0bfcf89e9b92203e7e	variant:sha256:5c7e59d5e7d944c7c3f7bc5fe7e069a61a2ee45b455cbe0bfcf89e9b92203e7e	True	EXACT_NORMALIZED_ALLELE	PHASE1B_EXACT_NORMALIZED_ALLELE_V1	1.0.0	False	False
613	run-phase1a-60z59-hg002-grch38-v421	event-run-phase1a-60z59-hg002-grch38-v421-record-671	run-phase1a-ru88n-hg002-grch38-v421	event-run-phase1a-ru88n-hg002-grch38-v421-record-679	CROSS_RUN_EQUIVALENCE_UNRESOLVED	GRCh38|chr20|10350514|T|G	GRCh38|chr20|10350513|10350514|T|G	GRCh38|chr20|10350513|10350514|T|G	variant:sha256:b3ca256ed7171519568ed01f5149d3f28a39156cfb6c1bbb40bf0b66826a2c99	variant:sha256:b3ca256ed7171519568ed01f5149d3f28a39156cfb6c1bbb40bf0b66826a2c99	True	EXACT_NORMALIZED_ALLELE	PHASE1B_EXACT_NORMALIZED_ALLELE_V1	1.0.0	False	False
614	run-phase1a-60z59-hg002-grch38-v421	event-run-phase1a-60z59-hg002-grch38-v421-record-672	run-phase1a-ru88n-hg002-grch38-v421	event-run-phase1a-ru88n-hg002-grch38-v421-record-680	CROSS_RUN_EQUIVALENCE_UNRESOLVED	GRCh38|chr20|10351886|T|A	GRCh38|chr20|10351885|10351886|T|A	GRCh38|chr20|10351885|10351886|T|A	variant:sha256:ff0a3c7dc9e90f2061e426f2636cbccb0f519dba55dc4cefa0d31f62d1cba33a	variant:sha256:ff0a3c7dc9e90f2061e426f2636cbccb0f519dba55dc4cefa0d31f62d1cba33a	True	EXACT_NORMALIZED_ALLELE	PHASE1B_EXACT_NORMALIZED_ALLELE_V1	1.0.0	False	False
615	run-phase1a-60z59-hg002-grch38-v421	event-run-phase1a-60z59-hg002-grch38-v421-record-673	run-phase1a-ru88n-hg002-grch38-v421	event-run-phase1a-ru88n-hg002-grch38-v421-record-681	CROSS_RUN_EQUIVALENCE_UNRESOLVED	GRCh38|chr20|10352537|T|C	GRCh38|chr20|10352536|10352537|T|C	GRCh38|chr20|10352536|10352537|T|C	variant:sha256:54ee1327b83d4e9089d087da73c75da6cf2d5880ac67bb9a1b15648b5d42b3ed	variant:sha256:54ee1327b83d4e9089d087da73c75da6cf2d5880ac67bb9a1b15648b5d42b3ed	True	EXACT_NORMALIZED_ALLELE	PHASE1B_EXACT_NORMALIZED_ALLELE_V1	1.0.0	False	False
616	run-phase1a-60z59-hg002-grch38-v421	event-run-phase1a-60z59-hg002-grch38-v421-record-674	run-phase1a-ru88n-hg002-grch38-v421	event-run-phase1a-ru88n-hg002-grch38-v421-record-682	CROSS_RUN_EQUIVALENCE_UNRESOLVED	GRCh38|chr20|10352775|G|A	GRCh38|chr20|10352774|10352775|G|A	GRCh38|chr20|10352774|10352775|G|A	variant:sha256:1a3ed8b3d37f3b7041497a7930f80bee5510ed546b168ce2fc9cb2226e59e986	variant:sha256:1a3ed8b3d37f3b7041497a7930f80bee5510ed546b168ce2fc9cb2226e59e986	True	EXACT_NORMALIZED_ALLELE	PHASE1B_EXACT_NORMALIZED_ALLELE_V1	1.0.0	False	False
617	run-phase1a-60z59-hg002-grch38-v421	event-run-phase1a-60z59-hg002-grch38-v421-record-675	run-phase1a-ru88n-hg002-grch38-v421	event-run-phase1a-ru88n-hg002-grch38-v421-record-683	CROSS_RUN_EQUIVALENCE_UNRESOLVED	GRCh38|chr20|10352948|G|T	GRCh38|chr20|10352947|10352948|G|T	GRCh38|chr20|10352947|10352948|G|T	variant:sha256:3d4379b13a379ce679cdd463954b7efc45d88eb5369b1c2412969c1aae443f5f	variant:sha256:3d4379b13a379ce679cdd463954b7efc45d88eb5369b1c2412969c1aae443f5f	True	EXACT_NORMALIZED_ALLELE	PHASE1B_EXACT_NORMALIZED_ALLELE_V1	1.0.0	False	False
618	run-phase1a-60z59-hg002-grch38-v421	event-run-phase1a-60z59-hg002-grch38-v421-record-676	run-phase1a-ru88n-hg002-grch38-v421	event-run-phase1a-ru88n-hg002-grch38-v421-record-684	CROSS_RUN_EQUIVALENCE_UNRESOLVED	GRCh38|chr20|10353442|G|A	GRCh38|chr20|10353441|10353442|G|A	GRCh38|chr20|10353441|10353442|G|A	variant:sha256:9fa04d45c2fe4a043ae5a4a9f635cb8f75e82404e50709957734289bb1c4aed1	variant:sha256:9fa04d45c2fe4a043ae5a4a9f635cb8f75e82404e50709957734289bb1c4aed1	True	EXACT_NORMALIZED_ALLELE	PHASE1B_EXACT_NORMALIZED_ALLELE_V1	1.0.0	False	False
619	run-phase1a-60z59-hg002-grch38-v421	event-run-phase1a-60z59-hg002-grch38-v421-record-677	run-phase1a-ru88n-hg002-grch38-v421	event-run-phase1a-ru88n-hg002-grch38-v421-record-685	CROSS_RUN_EQUIVALENCE_UNRESOLVED	GRCh38|chr20|10353830|C|T	GRCh38|chr20|10353829|10353830|C|T	GRCh38|chr20|10353829|10353830|C|T	variant:sha256:e47880f4b8e4bda1592a3f627f8a5bfcc064a8dbd69853187c9afb0212d655f0	variant:sha256:e47880f4b8e4bda1592a3f627f8a5bfcc064a8dbd69853187c9afb0212d655f0	True	EXACT_NORMALIZED_ALLELE	PHASE1B_EXACT_NORMALIZED_ALLELE_V1	1.0.0	False	False
620	run-phase1a-60z59-hg002-grch38-v421	event-run-phase1a-60z59-hg002-grch38-v421-record-678	run-phase1a-ru88n-hg002-grch38-v421	event-run-phase1a-ru88n-hg002-grch38-v421-record-686	CROSS_RUN_EQUIVALENCE_UNRESOLVED	GRCh38|chr20|10353995|C|CTT	GRCh38|chr20|10353994|10353995|C|CTT	GRCh38|chr20|10353994|10353995|C|CTT	variant:sha256:354578b3faad19a237bfaf3f830d21f5dc5e766a9bfa565ae9f40b05e475f490	variant:sha256:354578b3faad19a237bfaf3f830d21f5dc5e766a9bfa565ae9f40b05e475f490	True	EXACT_NORMALIZED_ALLELE	PHASE1B_EXACT_NORMALIZED_ALLELE_V1	1.0.0	False	False
621	run-phase1a-60z59-hg002-grch38-v421	event-run-phase1a-60z59-hg002-grch38-v421-record-679	run-phase1a-ru88n-hg002-grch38-v421	event-run-phase1a-ru88n-hg002-grch38-v421-record-687	CROSS_RUN_EQUIVALENCE_UNRESOLVED	GRCh38|chr20|10354321|C|T	GRCh38|chr20|10354320|10354321|C|T	GRCh38|chr20|10354320|10354321|C|T	variant:sha256:277b9e0675dfcabba9e7e54e4b4a9c49c9859d241f7ed51d9efc356a7827e894	variant:sha256:277b9e0675dfcabba9e7e54e4b4a9c49c9859d241f7ed51d9efc356a7827e894	True	EXACT_NORMALIZED_ALLELE	PHASE1B_EXACT_NORMALIZED_ALLELE_V1	1.0.0	False	False
622	run-phase1a-60z59-hg002-grch38-v421	event-run-phase1a-60z59-hg002-grch38-v421-record-680	run-phase1a-ru88n-hg002-grch38-v421	event-run-phase1a-ru88n-hg002-grch38-v421-record-688	CROSS_RUN_EQUIVALENCE_UNRESOLVED	GRCh38|chr20|10356264|T|A	GRCh38|chr20|10356263|10356264|T|A	GRCh38|chr20|10356263|10356264|T|A	variant:sha256:65fdf33f48a71f69748dbbccf936d7013153790bf9c1c3c60f1c775597c32b2c	variant:sha256:65fdf33f48a71f69748dbbccf936d7013153790bf9c1c3c60f1c775597c32b2c	True	EXACT_NORMALIZED_ALLELE	PHASE1B_EXACT_NORMALIZED_ALLELE_V1	1.0.0	False	False
623	run-phase1a-60z59-hg002-grch38-v421	event-run-phase1a-60z59-hg002-grch38-v421-record-681	run-phase1a-ru88n-hg002-grch38-v421	event-run-phase1a-ru88n-hg002-grch38-v421-record-689	CROSS_RUN_EQUIVALENCE_UNRESOLVED	GRCh38|chr20|10358414|T|TA	GRCh38|chr20|10358413|10358414|T|TA	GRCh38|chr20|10358413|10358414|T|TA	variant:sha256:f48730b17e6f3bda0aeba2297dfa7873ad71dd5ae8766fa1bd89bbda6bc57793	variant:sha256:f48730b17e6f3bda0aeba2297dfa7873ad71dd5ae8766fa1bd89bbda6bc57793	True	EXACT_NORMALIZED_ALLELE	PHASE1B_EXACT_NORMALIZED_ALLELE_V1	1.0.0	False	False
624	run-phase1a-60z59-hg002-grch38-v421	event-run-phase1a-60z59-hg002-grch38-v421-record-682	run-phase1a-ru88n-hg002-grch38-v421	event-run-phase1a-ru88n-hg002-grch38-v421-record-690	CROSS_RUN_EQUIVALENCE_UNRESOLVED	GRCh38|chr20|10358572|C|CA	GRCh38|chr20|10358571|10358572|C|CA	GRCh38|chr20|10358571|10358572|C|CA	variant:sha256:ed85836272c0fc5bc5dcccd5432f0740d4c00e00e73c11f3a066b246bf689872	variant:sha256:ed85836272c0fc5bc5dcccd5432f0740d4c00e00e73c11f3a066b246bf689872	True	EXACT_NORMALIZED_ALLELE	PHASE1B_EXACT_NORMALIZED_ALLELE_V1	1.0.0	False	False
625	run-phase1a-60z59-hg002-grch38-v421	event-run-phase1a-60z59-hg002-grch38-v421-record-683	run-phase1a-ru88n-hg002-grch38-v421	event-run-phase1a-ru88n-hg002-grch38-v421-record-691	CROSS_RUN_EQUIVALENCE_UNRESOLVED	GRCh38|chr20|10359389|C|T	GRCh38|chr20|10359388|10359389|C|T	GRCh38|chr20|10359388|10359389|C|T	variant:sha256:209b266f6895ea86343c0fd9c2acc429afb80ed555db10d04d994aadd70b6cbb	variant:sha256:209b266f6895ea86343c0fd9c2acc429afb80ed555db10d04d994aadd70b6cbb	True	EXACT_NORMALIZED_ALLELE	PHASE1B_EXACT_NORMALIZED_ALLELE_V1	1.0.0	False	False
626	run-phase1a-60z59-hg002-grch38-v421	event-run-phase1a-60z59-hg002-grch38-v421-record-684	run-phase1a-ru88n-hg002-grch38-v421	event-run-phase1a-ru88n-hg002-grch38-v421-record-692	CROSS_RUN_EQUIVALENCE_UNRESOLVED	GRCh38|chr20|10359526|T|C	GRCh38|chr20|10359525|10359526|T|C	GRCh38|chr20|10359525|10359526|T|C	variant:sha256:ca54d6184f3a0ec1335b556b660e6dd20eac3bd30a459d4c97a6a31ff9224faf	variant:sha256:ca54d6184f3a0ec1335b556b660e6dd20eac3bd30a459d4c97a6a31ff9224faf	True	EXACT_NORMALIZED_ALLELE	PHASE1B_EXACT_NORMALIZED_ALLELE_V1	1.0.0	False	False
627	run-phase1a-60z59-hg002-grch38-v421	event-run-phase1a-60z59-hg002-grch38-v421-record-685	run-phase1a-ru88n-hg002-grch38-v421	event-run-phase1a-ru88n-hg002-grch38-v421-record-693	CROSS_RUN_EQUIVALENCE_UNRESOLVED	GRCh38|chr20|10359637|G|A	GRCh38|chr20|10359636|10359637|G|A	GRCh38|chr20|10359636|10359637|G|A	variant:sha256:27ef4e5f25534fc8189670f97b56bbfb111c62507f2680733521c39fca78cd28	variant:sha256:27ef4e5f25534fc8189670f97b56bbfb111c62507f2680733521c39fca78cd28	True	EXACT_NORMALIZED_ALLELE	PHASE1B_EXACT_NORMALIZED_ALLELE_V1	1.0.0	False	False
628	run-phase1a-60z59-hg002-grch38-v421	event-run-phase1a-60z59-hg002-grch38-v421-record-686	run-phase1a-ru88n-hg002-grch38-v421	event-run-phase1a-ru88n-hg002-grch38-v421-record-694	CROSS_RUN_EQUIVALENCE_UNRESOLVED	GRCh38|chr20|10361770|G|T	GRCh38|chr20|10361769|10361770|G|T	GRCh38|chr20|10361769|10361770|G|T	variant:sha256:728af68266a21bd29cafa18d0a1640b54b4d089c99b9930b3fb786e10f388411	variant:sha256:728af68266a21bd29cafa18d0a1640b54b4d089c99b9930b3fb786e10f388411	True	EXACT_NORMALIZED_ALLELE	PHASE1B_EXACT_NORMALIZED_ALLELE_V1	1.0.0	False	False
629	run-phase1a-60z59-hg002-grch38-v421	event-run-phase1a-60z59-hg002-grch38-v421-record-687	run-phase1a-ru88n-hg002-grch38-v421	event-run-phase1a-ru88n-hg002-grch38-v421-record-695	CROSS_RUN_EQUIVALENCE_UNRESOLVED	GRCh38|chr20|10361793|T|C	GRCh38|chr20|10361792|10361793|T|C	GRCh38|chr20|10361792|10361793|T|C	variant:sha256:e9a8bafc6f0b07644998a9704b439ef46cdd885ba9ba03ce275738ef874dcdac	variant:sha256:e9a8bafc6f0b07644998a9704b439ef46cdd885ba9ba03ce275738ef874dcdac	True	EXACT_NORMALIZED_ALLELE	PHASE1B_EXACT_NORMALIZED_ALLELE_V1	1.0.0	False	False
630	run-phase1a-60z59-hg002-grch38-v421	event-run-phase1a-60z59-hg002-grch38-v421-record-688	run-phase1a-ru88n-hg002-grch38-v421	event-run-phase1a-ru88n-hg002-grch38-v421-record-696	CROSS_RUN_EQUIVALENCE_UNRESOLVED	GRCh38|chr20|10362737|T|C	GRCh38|chr20|10362736|10362737|T|C	GRCh38|chr20|10362736|10362737|T|C	variant:sha256:f34ca63b7ef7d8578a0879a25fe7a1965ecdf91fa0986ffeb95a3e7a874f5b0c	variant:sha256:f34ca63b7ef7d8578a0879a25fe7a1965ecdf91fa0986ffeb95a3e7a874f5b0c	True	EXACT_NORMALIZED_ALLELE	PHASE1B_EXACT_NORMALIZED_ALLELE_V1	1.0.0	False	False
631	run-phase1a-60z59-hg002-grch38-v421	event-run-phase1a-60z59-hg002-grch38-v421-record-689	run-phase1a-ru88n-hg002-grch38-v421	event-run-phase1a-ru88n-hg002-grch38-v421-record-697	CROSS_RUN_EQUIVALENCE_UNRESOLVED	GRCh38|chr20|10363371|A|G	GRCh38|chr20|10363370|10363371|A|G	GRCh38|chr20|10363370|10363371|A|G	variant:sha256:2e17a39fa8a6368e9d60ee013f4cfe2feeafff8c4307ebbdf6d7ca3d14310b0f	variant:sha256:2e17a39fa8a6368e9d60ee013f4cfe2feeafff8c4307ebbdf6d7ca3d14310b0f	True	EXACT_NORMALIZED_ALLELE	PHASE1B_EXACT_NORMALIZED_ALLELE_V1	1.0.0	False	False
632	run-phase1a-60z59-hg002-grch38-v421	event-run-phase1a-60z59-hg002-grch38-v421-record-690	run-phase1a-ru88n-hg002-grch38-v421	event-run-phase1a-ru88n-hg002-grch38-v421-record-698	CROSS_RUN_EQUIVALENCE_UNRESOLVED	GRCh38|chr20|10363596|C|T	GRCh38|chr20|10363595|10363596|C|T	GRCh38|chr20|10363595|10363596|C|T	variant:sha256:f13b3d815864718277c2d5122b926b91c5b9f7c9a842ed16487ceb06bdc1bac5	variant:sha256:f13b3d815864718277c2d5122b926b91c5b9f7c9a842ed16487ceb06bdc1bac5	True	EXACT_NORMALIZED_ALLELE	PHASE1B_EXACT_NORMALIZED_ALLELE_V1	1.0.0	False	False
633	run-phase1a-60z59-hg002-grch38-v421	event-run-phase1a-60z59-hg002-grch38-v421-record-691	run-phase1a-ru88n-hg002-grch38-v421	event-run-phase1a-ru88n-hg002-grch38-v421-record-699	CROSS_RUN_EQUIVALENCE_UNRESOLVED	GRCh38|chr20|10363891|T|C	GRCh38|chr20|10363890|10363891|T|C	GRCh38|chr20|10363890|10363891|T|C	variant:sha256:b6302bdd9f321ba5127b705e3bed6bab2269b413211864074d4847b5d0a94ed7	variant:sha256:b6302bdd9f321ba5127b705e3bed6bab2269b413211864074d4847b5d0a94ed7	True	EXACT_NORMALIZED_ALLELE	PHASE1B_EXACT_NORMALIZED_ALLELE_V1	1.0.0	False	False
634	run-phase1a-60z59-hg002-grch38-v421	event-run-phase1a-60z59-hg002-grch38-v421-record-692	run-phase1a-ru88n-hg002-grch38-v421	event-run-phase1a-ru88n-hg002-grch38-v421-record-700	CROSS_RUN_EQUIVALENCE_UNRESOLVED	GRCh38|chr20|10364503|G|T	GRCh38|chr20|10364502|10364503|G|T	GRCh38|chr20|10364502|10364503|G|T	variant:sha256:8dd75c134faeda627a27cc9450d379e2cc0472830129f349d8df0e00c74e65cf	variant:sha256:8dd75c134faeda627a27cc9450d379e2cc0472830129f349d8df0e00c74e65cf	True	EXACT_NORMALIZED_ALLELE	PHASE1B_EXACT_NORMALIZED_ALLELE_V1	1.0.0	False	False
635	run-phase1a-60z59-hg002-grch38-v421	event-run-phase1a-60z59-hg002-grch38-v421-record-693	run-phase1a-ru88n-hg002-grch38-v421	event-run-phase1a-ru88n-hg002-grch38-v421-record-701	CROSS_RUN_EQUIVALENCE_UNRESOLVED	GRCh38|chr20|10364746|A|G	GRCh38|chr20|10364745|10364746|A|G	GRCh38|chr20|10364745|10364746|A|G	variant:sha256:164e8b3c7d45c450de943571134213e1969a1d0f643196c4e8853bb45ed4dc88	variant:sha256:164e8b3c7d45c450de943571134213e1969a1d0f643196c4e8853bb45ed4dc88	True	EXACT_NORMALIZED_ALLELE	PHASE1B_EXACT_NORMALIZED_ALLELE_V1	1.0.0	False	False
636	run-phase1a-60z59-hg002-grch38-v421	event-run-phase1a-60z59-hg002-grch38-v421-record-694	run-phase1a-ru88n-hg002-grch38-v421	event-run-phase1a-ru88n-hg002-grch38-v421-record-702	CROSS_RUN_EQUIVALENCE_UNRESOLVED	GRCh38|chr20|10364814|G|A	GRCh38|chr20|10364813|10364814|G|A	GRCh38|chr20|10364813|10364814|G|A	variant:sha256:68b4672f6bd5f003ef025f514fc953d248fc3afa6010ff61236401140572e8f7	variant:sha256:68b4672f6bd5f003ef025f514fc953d248fc3afa6010ff61236401140572e8f7	True	EXACT_NORMALIZED_ALLELE	PHASE1B_EXACT_NORMALIZED_ALLELE_V1	1.0.0	False	False
637	run-phase1a-60z59-hg002-grch38-v421	event-run-phase1a-60z59-hg002-grch38-v421-record-695	run-phase1a-ru88n-hg002-grch38-v421	event-run-phase1a-ru88n-hg002-grch38-v421-record-703	CROSS_RUN_EQUIVALENCE_UNRESOLVED	GRCh38|chr20|10365375|A|C	GRCh38|chr20|10365374|10365375|A|C	GRCh38|chr20|10365374|10365375|A|C	variant:sha256:11fb1fce56abe11ca17151b3dd66255dd3f08689f6dc4d4ca2bf0840facc06c9	variant:sha256:11fb1fce56abe11ca17151b3dd66255dd3f08689f6dc4d4ca2bf0840facc06c9	True	EXACT_NORMALIZED_ALLELE	PHASE1B_EXACT_NORMALIZED_ALLELE_V1	1.0.0	False	False
638	run-phase1a-60z59-hg002-grch38-v421	event-run-phase1a-60z59-hg002-grch38-v421-record-696	run-phase1a-ru88n-hg002-grch38-v421	event-run-phase1a-ru88n-hg002-grch38-v421-record-704	CROSS_RUN_EQUIVALENCE_UNRESOLVED	GRCh38|chr20|10365436|C|T	GRCh38|chr20|10365435|10365436|C|T	GRCh38|chr20|10365435|10365436|C|T	variant:sha256:672c458f823bc8f0bd20be8fcf3744c9d29a5083e4d30bb59ffc42bd7a50a325	variant:sha256:672c458f823bc8f0bd20be8fcf3744c9d29a5083e4d30bb59ffc42bd7a50a325	True	EXACT_NORMALIZED_ALLELE	PHASE1B_EXACT_NORMALIZED_ALLELE_V1	1.0.0	False	False
639	run-phase1a-60z59-hg002-grch38-v421	event-run-phase1a-60z59-hg002-grch38-v421-record-698	run-phase1a-ru88n-hg002-grch38-v421	event-run-phase1a-ru88n-hg002-grch38-v421-record-706	CROSS_RUN_EQUIVALENCE_UNRESOLVED	GRCh38|chr20|10365795|A|TAA	GRCh38|chr20|10365794|10365795|A|TAA	GRCh38|chr20|10365794|10365795|A|TAA	variant:sha256:09e47123b57e1cda6c78dc618aead5c5faa95e3700ed560b7328c62fc9eacc65	variant:sha256:09e47123b57e1cda6c78dc618aead5c5faa95e3700ed560b7328c62fc9eacc65	True	EXACT_NORMALIZED_ALLELE	PHASE1B_EXACT_NORMALIZED_ALLELE_V1	1.0.0	False	False
640	run-phase1a-60z59-hg002-grch38-v421	event-run-phase1a-60z59-hg002-grch38-v421-record-699	run-phase1a-ru88n-hg002-grch38-v421	event-run-phase1a-ru88n-hg002-grch38-v421-record-707	CROSS_RUN_EQUIVALENCE_UNRESOLVED	GRCh38|chr20|10366506|C|T	GRCh38|chr20|10366505|10366506|C|T	GRCh38|chr20|10366505|10366506|C|T	variant:sha256:e6110ceddc34278ed8a778f3db2b09e20f86ef8550aefbb783e617886b20243d	variant:sha256:e6110ceddc34278ed8a778f3db2b09e20f86ef8550aefbb783e617886b20243d	True	EXACT_NORMALIZED_ALLELE	PHASE1B_EXACT_NORMALIZED_ALLELE_V1	1.0.0	False	False
641	run-phase1a-60z59-hg002-grch38-v421	event-run-phase1a-60z59-hg002-grch38-v421-record-700	run-phase1a-ru88n-hg002-grch38-v421	event-run-phase1a-ru88n-hg002-grch38-v421-record-708	CROSS_RUN_EQUIVALENCE_UNRESOLVED	GRCh38|chr20|10366770|C|A	GRCh38|chr20|10366769|10366770|C|A	GRCh38|chr20|10366769|10366770|C|A	variant:sha256:7fc450fe208c140bd790d20b8ccd68f93b00f089474e7569dd0399c69b9987d3	variant:sha256:7fc450fe208c140bd790d20b8ccd68f93b00f089474e7569dd0399c69b9987d3	True	EXACT_NORMALIZED_ALLELE	PHASE1B_EXACT_NORMALIZED_ALLELE_V1	1.0.0	False	False
642	run-phase1a-60z59-hg002-grch38-v421	event-run-phase1a-60z59-hg002-grch38-v421-record-701	run-phase1a-ru88n-hg002-grch38-v421	event-run-phase1a-ru88n-hg002-grch38-v421-record-709	CROSS_RUN_EQUIVALENCE_UNRESOLVED	GRCh38|chr20|10367324|AAACTTT|A	GRCh38|chr20|10367323|10367330|AAACTTT|A	GRCh38|chr20|10367323|10367330|AAACTTT|A	variant:sha256:a1f50c10195acc8c4b5ae659ffdc8bf481a78d92e5146baa228dc2f92723b3f9	variant:sha256:a1f50c10195acc8c4b5ae659ffdc8bf481a78d92e5146baa228dc2f92723b3f9	True	EXACT_NORMALIZED_ALLELE	PHASE1B_EXACT_NORMALIZED_ALLELE_V1	1.0.0	False	False
643	run-phase1a-60z59-hg002-grch38-v421	event-run-phase1a-60z59-hg002-grch38-v421-record-702	run-phase1a-ru88n-hg002-grch38-v421	event-run-phase1a-ru88n-hg002-grch38-v421-record-710	CROSS_RUN_EQUIVALENCE_UNRESOLVED	GRCh38|chr20|10368210|GT|G	GRCh38|chr20|10368209|10368211|GT|G	GRCh38|chr20|10368209|10368211|GT|G	variant:sha256:345c549b01c6a129b66c143956c395bd0158b84d3ce3473a8532a3f9abef8acc	variant:sha256:345c549b01c6a129b66c143956c395bd0158b84d3ce3473a8532a3f9abef8acc	True	EXACT_NORMALIZED_ALLELE	PHASE1B_EXACT_NORMALIZED_ALLELE_V1	1.0.0	False	False
644	run-phase1a-60z59-hg002-grch38-v421	event-run-phase1a-60z59-hg002-grch38-v421-record-703	run-phase1a-ru88n-hg002-grch38-v421	event-run-phase1a-ru88n-hg002-grch38-v421-record-711	CROSS_RUN_EQUIVALENCE_UNRESOLVED	GRCh38|chr20|10368435|A|C	GRCh38|chr20|10368434|10368435|A|C	GRCh38|chr20|10368434|10368435|A|C	variant:sha256:dc739da387f55540ad0b3e3cbd8d2a7db8472391ff0130740623e2983155e3b3	variant:sha256:dc739da387f55540ad0b3e3cbd8d2a7db8472391ff0130740623e2983155e3b3	True	EXACT_NORMALIZED_ALLELE	PHASE1B_EXACT_NORMALIZED_ALLELE_V1	1.0.0	False	False
645	run-phase1a-60z59-hg002-grch38-v421	event-run-phase1a-60z59-hg002-grch38-v421-record-704	run-phase1a-ru88n-hg002-grch38-v421	event-run-phase1a-ru88n-hg002-grch38-v421-record-712	CROSS_RUN_EQUIVALENCE_UNRESOLVED	GRCh38|chr20|10368672|T|C	GRCh38|chr20|10368671|10368672|T|C	GRCh38|chr20|10368671|10368672|T|C	variant:sha256:238c1b8ea335d4214b0b916e69528e1d9ce9bd8f63da5dd9e52c7cdb28566c00	variant:sha256:238c1b8ea335d4214b0b916e69528e1d9ce9bd8f63da5dd9e52c7cdb28566c00	True	EXACT_NORMALIZED_ALLELE	PHASE1B_EXACT_NORMALIZED_ALLELE_V1	1.0.0	False	False
646	run-phase1a-60z59-hg002-grch38-v421	event-run-phase1a-60z59-hg002-grch38-v421-record-705	run-phase1a-ru88n-hg002-grch38-v421	event-run-phase1a-ru88n-hg002-grch38-v421-record-713	CROSS_RUN_EQUIVALENCE_UNRESOLVED	GRCh38|chr20|10368818|T|C	GRCh38|chr20|10368817|10368818|T|C	GRCh38|chr20|10368817|10368818|T|C	variant:sha256:dd9a8a67de3a90acf04c0fa03bb92f1974d4952e1280a84a5a4f032068d6b7d7	variant:sha256:dd9a8a67de3a90acf04c0fa03bb92f1974d4952e1280a84a5a4f032068d6b7d7	True	EXACT_NORMALIZED_ALLELE	PHASE1B_EXACT_NORMALIZED_ALLELE_V1	1.0.0	False	False
647	run-phase1a-60z59-hg002-grch38-v421	event-run-phase1a-60z59-hg002-grch38-v421-record-706	run-phase1a-ru88n-hg002-grch38-v421	event-run-phase1a-ru88n-hg002-grch38-v421-record-714	CROSS_RUN_EQUIVALENCE_UNRESOLVED	GRCh38|chr20|10368966|A|G	GRCh38|chr20|10368965|10368966|A|G	GRCh38|chr20|10368965|10368966|A|G	variant:sha256:7818e41620d8ece6e20cc691739eac0905db8e12589d6ba48ed8aec68bdb38ac	variant:sha256:7818e41620d8ece6e20cc691739eac0905db8e12589d6ba48ed8aec68bdb38ac	True	EXACT_NORMALIZED_ALLELE	PHASE1B_EXACT_NORMALIZED_ALLELE_V1	1.0.0	False	False
648	run-phase1a-60z59-hg002-grch38-v421	event-run-phase1a-60z59-hg002-grch38-v421-record-707	run-phase1a-ru88n-hg002-grch38-v421	event-run-phase1a-ru88n-hg002-grch38-v421-record-715	CROSS_RUN_EQUIVALENCE_UNRESOLVED	GRCh38|chr20|10369712|CTG|C	GRCh38|chr20|10369711|10369714|CTG|C	GRCh38|chr20|10369711|10369714|CTG|C	variant:sha256:a2ec620d446a8c8dfdb78c63f0eb3d464737666ba3482b4b18ed5bf165f55e08	variant:sha256:a2ec620d446a8c8dfdb78c63f0eb3d464737666ba3482b4b18ed5bf165f55e08	True	EXACT_NORMALIZED_ALLELE	PHASE1B_EXACT_NORMALIZED_ALLELE_V1	1.0.0	False	False
649	run-phase1a-60z59-hg002-grch38-v421	event-run-phase1a-60z59-hg002-grch38-v421-record-708	run-phase1a-ru88n-hg002-grch38-v421	event-run-phase1a-ru88n-hg002-grch38-v421-record-716	CROSS_RUN_EQUIVALENCE_UNRESOLVED	GRCh38|chr20|10370510|A|G	GRCh38|chr20|10370509|10370510|A|G	GRCh38|chr20|10370509|10370510|A|G	variant:sha256:91dd02cdb29d16da814fd34330a67de96016dbc455c2c08aa50b7a874224d4c2	variant:sha256:91dd02cdb29d16da814fd34330a67de96016dbc455c2c08aa50b7a874224d4c2	True	EXACT_NORMALIZED_ALLELE	PHASE1B_EXACT_NORMALIZED_ALLELE_V1	1.0.0	False	False
650	run-phase1a-60z59-hg002-grch38-v421	event-run-phase1a-60z59-hg002-grch38-v421-record-709	run-phase1a-ru88n-hg002-grch38-v421	event-run-phase1a-ru88n-hg002-grch38-v421-record-717	CROSS_RUN_EQUIVALENCE_UNRESOLVED	GRCh38|chr20|10370732|C|T	GRCh38|chr20|10370731|10370732|C|T	GRCh38|chr20|10370731|10370732|C|T	variant:sha256:57df9a3f74659267d3a010eec8be399f53d01688bcaa564cfedb0b228515477b	variant:sha256:57df9a3f74659267d3a010eec8be399f53d01688bcaa564cfedb0b228515477b	True	EXACT_NORMALIZED_ALLELE	PHASE1B_EXACT_NORMALIZED_ALLELE_V1	1.0.0	False	False
651	run-phase1a-60z59-hg002-grch38-v421	event-run-phase1a-60z59-hg002-grch38-v421-record-710	run-phase1a-ru88n-hg002-grch38-v421	event-run-phase1a-ru88n-hg002-grch38-v421-record-718	CROSS_RUN_EQUIVALENCE_UNRESOLVED	GRCh38|chr20|10371024|G|A	GRCh38|chr20|10371023|10371024|G|A	GRCh38|chr20|10371023|10371024|G|A	variant:sha256:9e24302b5454f0a5c5fac62ec2584fb58a159b9122b29f961bcf21bcc6e5e74b	variant:sha256:9e24302b5454f0a5c5fac62ec2584fb58a159b9122b29f961bcf21bcc6e5e74b	True	EXACT_NORMALIZED_ALLELE	PHASE1B_EXACT_NORMALIZED_ALLELE_V1	1.0.0	False	False
652	run-phase1a-60z59-hg002-grch38-v421	event-run-phase1a-60z59-hg002-grch38-v421-record-711	run-phase1a-ru88n-hg002-grch38-v421	event-run-phase1a-ru88n-hg002-grch38-v421-record-719	CROSS_RUN_EQUIVALENCE_UNRESOLVED	GRCh38|chr20|10371048|T|C	GRCh38|chr20|10371047|10371048|T|C	GRCh38|chr20|10371047|10371048|T|C	variant:sha256:94a51c907c8959f732ee044bd05a3a68ef41649a72b16a773a612ad289148f0b	variant:sha256:94a51c907c8959f732ee044bd05a3a68ef41649a72b16a773a612ad289148f0b	True	EXACT_NORMALIZED_ALLELE	PHASE1B_EXACT_NORMALIZED_ALLELE_V1	1.0.0	False	False
653	run-phase1a-60z59-hg002-grch38-v421	event-run-phase1a-60z59-hg002-grch38-v421-record-712	run-phase1a-ru88n-hg002-grch38-v421	event-run-phase1a-ru88n-hg002-grch38-v421-record-720	CROSS_RUN_EQUIVALENCE_UNRESOLVED	GRCh38|chr20|10371686|C|T	GRCh38|chr20|10371685|10371686|C|T	GRCh38|chr20|10371685|10371686|C|T	variant:sha256:f05d465057f93d6ecdb3ebbad6eaf1a460db448341db57547328175601b51dfc	variant:sha256:f05d465057f93d6ecdb3ebbad6eaf1a460db448341db57547328175601b51dfc	True	EXACT_NORMALIZED_ALLELE	PHASE1B_EXACT_NORMALIZED_ALLELE_V1	1.0.0	False	False
654	run-phase1a-60z59-hg002-grch38-v421	event-run-phase1a-60z59-hg002-grch38-v421-record-713	run-phase1a-ru88n-hg002-grch38-v421	event-run-phase1a-ru88n-hg002-grch38-v421-record-721	CROSS_RUN_EQUIVALENCE_UNRESOLVED	GRCh38|chr20|10371832|T|C	GRCh38|chr20|10371831|10371832|T|C	GRCh38|chr20|10371831|10371832|T|C	variant:sha256:267477a8ecc236c1cb6f4e08262dde1237070779c3a6d6100506e1547220ccbc	variant:sha256:267477a8ecc236c1cb6f4e08262dde1237070779c3a6d6100506e1547220ccbc	True	EXACT_NORMALIZED_ALLELE	PHASE1B_EXACT_NORMALIZED_ALLELE_V1	1.0.0	False	False
655	run-phase1a-60z59-hg002-grch38-v421	event-run-phase1a-60z59-hg002-grch38-v421-record-714	run-phase1a-ru88n-hg002-grch38-v421	event-run-phase1a-ru88n-hg002-grch38-v421-record-722	CROSS_RUN_EQUIVALENCE_UNRESOLVED	GRCh38|chr20|10371917|A|C	GRCh38|chr20|10371916|10371917|A|C	GRCh38|chr20|10371916|10371917|A|C	variant:sha256:7818d11b839eae6563da2459481e408a58810d64ffeaa38455ce3e372d37b228	variant:sha256:7818d11b839eae6563da2459481e408a58810d64ffeaa38455ce3e372d37b228	True	EXACT_NORMALIZED_ALLELE	PHASE1B_EXACT_NORMALIZED_ALLELE_V1	1.0.0	False	False
656	run-phase1a-60z59-hg002-grch38-v421	event-run-phase1a-60z59-hg002-grch38-v421-record-715	run-phase1a-ru88n-hg002-grch38-v421	event-run-phase1a-ru88n-hg002-grch38-v421-record-723	CROSS_RUN_EQUIVALENCE_UNRESOLVED	GRCh38|chr20|10372687|G|C	GRCh38|chr20|10372686|10372687|G|C	GRCh38|chr20|10372686|10372687|G|C	variant:sha256:60874a440f0150d4bdad2426c002f808a169c11d7b0838f031aca5f71ac9ae78	variant:sha256:60874a440f0150d4bdad2426c002f808a169c11d7b0838f031aca5f71ac9ae78	True	EXACT_NORMALIZED_ALLELE	PHASE1B_EXACT_NORMALIZED_ALLELE_V1	1.0.0	False	False
657	run-phase1a-60z59-hg002-grch38-v421	event-run-phase1a-60z59-hg002-grch38-v421-record-716	run-phase1a-ru88n-hg002-grch38-v421	event-run-phase1a-ru88n-hg002-grch38-v421-record-724	CROSS_RUN_EQUIVALENCE_UNRESOLVED	GRCh38|chr20|10373174|T|C	GRCh38|chr20|10373173|10373174|T|C	GRCh38|chr20|10373173|10373174|T|C	variant:sha256:4c858446c0878fb1dfb3ea2d80f1bc321d2aaab8d2d73b31ac419f93ba855db9	variant:sha256:4c858446c0878fb1dfb3ea2d80f1bc321d2aaab8d2d73b31ac419f93ba855db9	True	EXACT_NORMALIZED_ALLELE	PHASE1B_EXACT_NORMALIZED_ALLELE_V1	1.0.0	False	False
658	run-phase1a-60z59-hg002-grch38-v421	event-run-phase1a-60z59-hg002-grch38-v421-record-717	run-phase1a-ru88n-hg002-grch38-v421	event-run-phase1a-ru88n-hg002-grch38-v421-record-725	CROSS_RUN_EQUIVALENCE_UNRESOLVED	GRCh38|chr20|10373353|A|G	GRCh38|chr20|10373352|10373353|A|G	GRCh38|chr20|10373352|10373353|A|G	variant:sha256:41d395ac112aca92f874b9b1b853fdff7704105d44ab4fe5a27824076073b4a6	variant:sha256:41d395ac112aca92f874b9b1b853fdff7704105d44ab4fe5a27824076073b4a6	True	EXACT_NORMALIZED_ALLELE	PHASE1B_EXACT_NORMALIZED_ALLELE_V1	1.0.0	False	False
659	run-phase1a-60z59-hg002-grch38-v421	event-run-phase1a-60z59-hg002-grch38-v421-record-718	run-phase1a-ru88n-hg002-grch38-v421	event-run-phase1a-ru88n-hg002-grch38-v421-record-726	CROSS_RUN_EQUIVALENCE_UNRESOLVED	GRCh38|chr20|10373731|A|G	GRCh38|chr20|10373730|10373731|A|G	GRCh38|chr20|10373730|10373731|A|G	variant:sha256:fc8cc88d827a3fd592bde733a2a48ef51c9004854e9743d784605a4a58293aeb	variant:sha256:fc8cc88d827a3fd592bde733a2a48ef51c9004854e9743d784605a4a58293aeb	True	EXACT_NORMALIZED_ALLELE	PHASE1B_EXACT_NORMALIZED_ALLELE_V1	1.0.0	False	False
660	run-phase1a-60z59-hg002-grch38-v421	event-run-phase1a-60z59-hg002-grch38-v421-record-719	run-phase1a-ru88n-hg002-grch38-v421	event-run-phase1a-ru88n-hg002-grch38-v421-record-727	CROSS_RUN_EQUIVALENCE_UNRESOLVED	GRCh38|chr20|10373860|C|A	GRCh38|chr20|10373859|10373860|C|A	GRCh38|chr20|10373859|10373860|C|A	variant:sha256:286946d2bd099736aa83255e12e4674f8251ce312489b9364cb20df0afec8e99	variant:sha256:286946d2bd099736aa83255e12e4674f8251ce312489b9364cb20df0afec8e99	True	EXACT_NORMALIZED_ALLELE	PHASE1B_EXACT_NORMALIZED_ALLELE_V1	1.0.0	False	False
661	run-phase1a-60z59-hg002-grch38-v421	event-run-phase1a-60z59-hg002-grch38-v421-record-720	run-phase1a-ru88n-hg002-grch38-v421	event-run-phase1a-ru88n-hg002-grch38-v421-record-728	CROSS_RUN_EQUIVALENCE_UNRESOLVED	GRCh38|chr20|10373929|A|G	GRCh38|chr20|10373928|10373929|A|G	GRCh38|chr20|10373928|10373929|A|G	variant:sha256:f73a9298fde3df8990d50859d945fbe623c3d16abf61365187864ddbc311f599	variant:sha256:f73a9298fde3df8990d50859d945fbe623c3d16abf61365187864ddbc311f599	True	EXACT_NORMALIZED_ALLELE	PHASE1B_EXACT_NORMALIZED_ALLELE_V1	1.0.0	False	False
662	run-phase1a-60z59-hg002-grch38-v421	event-run-phase1a-60z59-hg002-grch38-v421-record-721	run-phase1a-ru88n-hg002-grch38-v421	event-run-phase1a-ru88n-hg002-grch38-v421-record-729	CROSS_RUN_EQUIVALENCE_UNRESOLVED	GRCh38|chr20|10374005|T|C	GRCh38|chr20|10374004|10374005|T|C	GRCh38|chr20|10374004|10374005|T|C	variant:sha256:4ad543bab74cf80a1c0afc508b1245e5960d31481c94a34108225b9c6dd5e7fe	variant:sha256:4ad543bab74cf80a1c0afc508b1245e5960d31481c94a34108225b9c6dd5e7fe	True	EXACT_NORMALIZED_ALLELE	PHASE1B_EXACT_NORMALIZED_ALLELE_V1	1.0.0	False	False
663	run-phase1a-60z59-hg002-grch38-v421	event-run-phase1a-60z59-hg002-grch38-v421-record-722	run-phase1a-ru88n-hg002-grch38-v421	event-run-phase1a-ru88n-hg002-grch38-v421-record-730	CROSS_RUN_EQUIVALENCE_UNRESOLVED	GRCh38|chr20|10374011|CA|C	GRCh38|chr20|10374010|10374012|CA|C	GRCh38|chr20|10374010|10374012|CA|C	variant:sha256:fc57f99c195870e5037e732587e469dd5eaf5b68b2c2b2b2429b729cadc305b9	variant:sha256:fc57f99c195870e5037e732587e469dd5eaf5b68b2c2b2b2429b729cadc305b9	True	EXACT_NORMALIZED_ALLELE	PHASE1B_EXACT_NORMALIZED_ALLELE_V1	1.0.0	False	False
664	run-phase1a-60z59-hg002-grch38-v421	event-run-phase1a-60z59-hg002-grch38-v421-record-723	run-phase1a-ru88n-hg002-grch38-v421	event-run-phase1a-ru88n-hg002-grch38-v421-record-731	CROSS_RUN_EQUIVALENCE_UNRESOLVED	GRCh38|chr20|10374409|T|C	GRCh38|chr20|10374408|10374409|T|C	GRCh38|chr20|10374408|10374409|T|C	variant:sha256:b729349ed3a41858e31010ef3c3718b2bd42e67983a89d4545ceaa99f22cb43e	variant:sha256:b729349ed3a41858e31010ef3c3718b2bd42e67983a89d4545ceaa99f22cb43e	True	EXACT_NORMALIZED_ALLELE	PHASE1B_EXACT_NORMALIZED_ALLELE_V1	1.0.0	False	False
665	run-phase1a-60z59-hg002-grch38-v421	event-run-phase1a-60z59-hg002-grch38-v421-record-724	run-phase1a-ru88n-hg002-grch38-v421	event-run-phase1a-ru88n-hg002-grch38-v421-record-732	CROSS_RUN_EQUIVALENCE_UNRESOLVED	GRCh38|chr20|10374528|T|C	GRCh38|chr20|10374527|10374528|T|C	GRCh38|chr20|10374527|10374528|T|C	variant:sha256:f830325bc9af02808f4582572a2b405cda686143b56feaece7343cd1cb0008f0	variant:sha256:f830325bc9af02808f4582572a2b405cda686143b56feaece7343cd1cb0008f0	True	EXACT_NORMALIZED_ALLELE	PHASE1B_EXACT_NORMALIZED_ALLELE_V1	1.0.0	False	False
666	run-phase1a-60z59-hg002-grch38-v421	event-run-phase1a-60z59-hg002-grch38-v421-record-725	run-phase1a-ru88n-hg002-grch38-v421	event-run-phase1a-ru88n-hg002-grch38-v421-record-733	CROSS_RUN_EQUIVALENCE_UNRESOLVED	GRCh38|chr20|10374687|G|T	GRCh38|chr20|10374686|10374687|G|T	GRCh38|chr20|10374686|10374687|G|T	variant:sha256:50a413118edd542a2899a53f4244af5e729e78703c35debe1507c42454404a42	variant:sha256:50a413118edd542a2899a53f4244af5e729e78703c35debe1507c42454404a42	True	EXACT_NORMALIZED_ALLELE	PHASE1B_EXACT_NORMALIZED_ALLELE_V1	1.0.0	False	False
667	run-phase1a-60z59-hg002-grch38-v421	event-run-phase1a-60z59-hg002-grch38-v421-record-726	run-phase1a-ru88n-hg002-grch38-v421	event-run-phase1a-ru88n-hg002-grch38-v421-record-734	CROSS_RUN_EQUIVALENCE_UNRESOLVED	GRCh38|chr20|10375020|A|C	GRCh38|chr20|10375019|10375020|A|C	GRCh38|chr20|10375019|10375020|A|C	variant:sha256:1ef7dd140026eceb1830d0e53030b596c8501ed05b1e545b541e1511749fe9df	variant:sha256:1ef7dd140026eceb1830d0e53030b596c8501ed05b1e545b541e1511749fe9df	True	EXACT_NORMALIZED_ALLELE	PHASE1B_EXACT_NORMALIZED_ALLELE_V1	1.0.0	False	False
668	run-phase1a-60z59-hg002-grch38-v421	event-run-phase1a-60z59-hg002-grch38-v421-record-727	run-phase1a-ru88n-hg002-grch38-v421	event-run-phase1a-ru88n-hg002-grch38-v421-record-735	CROSS_RUN_EQUIVALENCE_UNRESOLVED	GRCh38|chr20|10375376|G|A	GRCh38|chr20|10375375|10375376|G|A	GRCh38|chr20|10375375|10375376|G|A	variant:sha256:8dae3fb9d5d0745417b57f75b50d5a22f544358e803b557eb86e738fbd462ed2	variant:sha256:8dae3fb9d5d0745417b57f75b50d5a22f544358e803b557eb86e738fbd462ed2	True	EXACT_NORMALIZED_ALLELE	PHASE1B_EXACT_NORMALIZED_ALLELE_V1	1.0.0	False	False
669	run-phase1a-60z59-hg002-grch38-v421	event-run-phase1a-60z59-hg002-grch38-v421-record-728	run-phase1a-ru88n-hg002-grch38-v421	event-run-phase1a-ru88n-hg002-grch38-v421-record-736	CROSS_RUN_EQUIVALENCE_UNRESOLVED	GRCh38|chr20|10375405|C|T	GRCh38|chr20|10375404|10375405|C|T	GRCh38|chr20|10375404|10375405|C|T	variant:sha256:4f9cfdead5fcfd9b2d918fc959776b723460facd5e1d113cdbe05812c086a935	variant:sha256:4f9cfdead5fcfd9b2d918fc959776b723460facd5e1d113cdbe05812c086a935	True	EXACT_NORMALIZED_ALLELE	PHASE1B_EXACT_NORMALIZED_ALLELE_V1	1.0.0	False	False
670	run-phase1a-60z59-hg002-grch38-v421	event-run-phase1a-60z59-hg002-grch38-v421-record-729	run-phase1a-ru88n-hg002-grch38-v421	event-run-phase1a-ru88n-hg002-grch38-v421-record-737	CROSS_RUN_EQUIVALENCE_UNRESOLVED	GRCh38|chr20|10375406|T|A	GRCh38|chr20|10375405|10375406|T|A	GRCh38|chr20|10375405|10375406|T|A	variant:sha256:b6e50bc4178ff96524b934a72836b25da8a1f579cac32b9a858ff907d481b2f2	variant:sha256:b6e50bc4178ff96524b934a72836b25da8a1f579cac32b9a858ff907d481b2f2	True	EXACT_NORMALIZED_ALLELE	PHASE1B_EXACT_NORMALIZED_ALLELE_V1	1.0.0	False	False
671	run-phase1a-60z59-hg002-grch38-v421	event-run-phase1a-60z59-hg002-grch38-v421-record-730	run-phase1a-ru88n-hg002-grch38-v421	event-run-phase1a-ru88n-hg002-grch38-v421-record-740	CROSS_RUN_EQUIVALENCE_UNRESOLVED	GRCh38|chr20|10376315|G|T	GRCh38|chr20|10376314|10376315|G|T	GRCh38|chr20|10376314|10376315|G|T	variant:sha256:1111f0db93ea59e4f569949409f9a34971a4e8998ed2ad5e7ad3406fd781e3fa	variant:sha256:1111f0db93ea59e4f569949409f9a34971a4e8998ed2ad5e7ad3406fd781e3fa	True	EXACT_NORMALIZED_ALLELE	PHASE1B_EXACT_NORMALIZED_ALLELE_V1	1.0.0	False	False
672	run-phase1a-60z59-hg002-grch38-v421	event-run-phase1a-60z59-hg002-grch38-v421-record-731	run-phase1a-ru88n-hg002-grch38-v421	event-run-phase1a-ru88n-hg002-grch38-v421-record-741	CROSS_RUN_EQUIVALENCE_UNRESOLVED	GRCh38|chr20|10376493|A|G	GRCh38|chr20|10376492|10376493|A|G	GRCh38|chr20|10376492|10376493|A|G	variant:sha256:9f604ceaa35c5cd57fbf70066cf6bf8d60d7a5fa3b4f9a6bf6cb75a21b1a6a7a	variant:sha256:9f604ceaa35c5cd57fbf70066cf6bf8d60d7a5fa3b4f9a6bf6cb75a21b1a6a7a	True	EXACT_NORMALIZED_ALLELE	PHASE1B_EXACT_NORMALIZED_ALLELE_V1	1.0.0	False	False
673	run-phase1a-60z59-hg002-grch38-v421	event-run-phase1a-60z59-hg002-grch38-v421-record-732	run-phase1a-ru88n-hg002-grch38-v421	event-run-phase1a-ru88n-hg002-grch38-v421-record-742	CROSS_RUN_EQUIVALENCE_UNRESOLVED	GRCh38|chr20|10376527|C|T	GRCh38|chr20|10376526|10376527|C|T	GRCh38|chr20|10376526|10376527|C|T	variant:sha256:e58d4295a49be000e4a3e3a2995101e03d47cb172b35bf1be5e1a7a027747e45	variant:sha256:e58d4295a49be000e4a3e3a2995101e03d47cb172b35bf1be5e1a7a027747e45	True	EXACT_NORMALIZED_ALLELE	PHASE1B_EXACT_NORMALIZED_ALLELE_V1	1.0.0	False	False
674	run-phase1a-60z59-hg002-grch38-v421	event-run-phase1a-60z59-hg002-grch38-v421-record-733	run-phase1a-ru88n-hg002-grch38-v421	event-run-phase1a-ru88n-hg002-grch38-v421-record-743	CROSS_RUN_EQUIVALENCE_UNRESOLVED	GRCh38|chr20|10376757|T|C	GRCh38|chr20|10376756|10376757|T|C	GRCh38|chr20|10376756|10376757|T|C	variant:sha256:ac2c93dc5882933ae47f61c2850a5950912e176a68386ebadb9ed37176fd5867	variant:sha256:ac2c93dc5882933ae47f61c2850a5950912e176a68386ebadb9ed37176fd5867	True	EXACT_NORMALIZED_ALLELE	PHASE1B_EXACT_NORMALIZED_ALLELE_V1	1.0.0	False	False
675	run-phase1a-60z59-hg002-grch38-v421	event-run-phase1a-60z59-hg002-grch38-v421-record-734	run-phase1a-ru88n-hg002-grch38-v421	event-run-phase1a-ru88n-hg002-grch38-v421-record-744	CROSS_RUN_EQUIVALENCE_UNRESOLVED	GRCh38|chr20|10377094|G|A	GRCh38|chr20|10377093|10377094|G|A	GRCh38|chr20|10377093|10377094|G|A	variant:sha256:9ae836d90deb5c5a157d75d4560e4e0dd889a7fd634d6c11f4793e7c1a1662e7	variant:sha256:9ae836d90deb5c5a157d75d4560e4e0dd889a7fd634d6c11f4793e7c1a1662e7	True	EXACT_NORMALIZED_ALLELE	PHASE1B_EXACT_NORMALIZED_ALLELE_V1	1.0.0	False	False
676	run-phase1a-60z59-hg002-grch38-v421	event-run-phase1a-60z59-hg002-grch38-v421-record-735	run-phase1a-ru88n-hg002-grch38-v421	event-run-phase1a-ru88n-hg002-grch38-v421-record-745	CROSS_RUN_EQUIVALENCE_UNRESOLVED	GRCh38|chr20|10377872|C|T	GRCh38|chr20|10377871|10377872|C|T	GRCh38|chr20|10377871|10377872|C|T	variant:sha256:c11bb8e4ec21795c574da40786c65c142c4bff5ece1722db2e834c72627a450a	variant:sha256:c11bb8e4ec21795c574da40786c65c142c4bff5ece1722db2e834c72627a450a	True	EXACT_NORMALIZED_ALLELE	PHASE1B_EXACT_NORMALIZED_ALLELE_V1	1.0.0	False	False
677	run-phase1a-60z59-hg002-grch38-v421	event-run-phase1a-60z59-hg002-grch38-v421-record-736	run-phase1a-ru88n-hg002-grch38-v421	event-run-phase1a-ru88n-hg002-grch38-v421-record-746	CROSS_RUN_EQUIVALENCE_UNRESOLVED	GRCh38|chr20|10378269|T|A	GRCh38|chr20|10378268|10378269|T|A	GRCh38|chr20|10378268|10378269|T|A	variant:sha256:01d3f7415aa714a606c0b1e2318496967ff89ab033efa036902c033412f761a8	variant:sha256:01d3f7415aa714a606c0b1e2318496967ff89ab033efa036902c033412f761a8	True	EXACT_NORMALIZED_ALLELE	PHASE1B_EXACT_NORMALIZED_ALLELE_V1	1.0.0	False	False
678	run-phase1a-60z59-hg002-grch38-v421	event-run-phase1a-60z59-hg002-grch38-v421-record-737	run-phase1a-ru88n-hg002-grch38-v421	event-run-phase1a-ru88n-hg002-grch38-v421-record-747	CROSS_RUN_EQUIVALENCE_UNRESOLVED	GRCh38|chr20|10378370|T|C	GRCh38|chr20|10378369|10378370|T|C	GRCh38|chr20|10378369|10378370|T|C	variant:sha256:be5c49ec63db16dc34171c6c7368795f008292163029fff446ae59203213ce93	variant:sha256:be5c49ec63db16dc34171c6c7368795f008292163029fff446ae59203213ce93	True	EXACT_NORMALIZED_ALLELE	PHASE1B_EXACT_NORMALIZED_ALLELE_V1	1.0.0	False	False
679	run-phase1a-60z59-hg002-grch38-v421	event-run-phase1a-60z59-hg002-grch38-v421-record-738	run-phase1a-ru88n-hg002-grch38-v421	event-run-phase1a-ru88n-hg002-grch38-v421-record-748	CROSS_RUN_EQUIVALENCE_UNRESOLVED	GRCh38|chr20|10378432|G|A	GRCh38|chr20|10378431|10378432|G|A	GRCh38|chr20|10378431|10378432|G|A	variant:sha256:e9e0dcfd5429b73525bb6eda78fae3ca11fb3400e196286a6c3af8e6049d3f38	variant:sha256:e9e0dcfd5429b73525bb6eda78fae3ca11fb3400e196286a6c3af8e6049d3f38	True	EXACT_NORMALIZED_ALLELE	PHASE1B_EXACT_NORMALIZED_ALLELE_V1	1.0.0	False	False
680	run-phase1a-60z59-hg002-grch38-v421	event-run-phase1a-60z59-hg002-grch38-v421-record-740	run-phase1a-ru88n-hg002-grch38-v421	event-run-phase1a-ru88n-hg002-grch38-v421-record-749	CROSS_RUN_EQUIVALENCE_UNRESOLVED	GRCh38|chr20|10378481|CAG|C	GRCh38|chr20|10378480|10378483|CAG|C	GRCh38|chr20|10378480|10378483|CAG|C	variant:sha256:75ca92417561fa18b0f484951ec8abeff1163dac2b15f6106ef56250a9dfb14e	variant:sha256:75ca92417561fa18b0f484951ec8abeff1163dac2b15f6106ef56250a9dfb14e	True	EXACT_NORMALIZED_ALLELE	PHASE1B_EXACT_NORMALIZED_ALLELE_V1	1.0.0	False	False
681	run-phase1a-60z59-hg002-grch38-v421	event-run-phase1a-60z59-hg002-grch38-v421-record-741	run-phase1a-ru88n-hg002-grch38-v421	event-run-phase1a-ru88n-hg002-grch38-v421-record-750	CROSS_RUN_EQUIVALENCE_UNRESOLVED	GRCh38|chr20|10378613|A|C	GRCh38|chr20|10378612|10378613|A|C	GRCh38|chr20|10378612|10378613|A|C	variant:sha256:d16b8d322e31bbcca8e94c3417b9769b37dd1c763a47d0796f15f02390f36fb7	variant:sha256:d16b8d322e31bbcca8e94c3417b9769b37dd1c763a47d0796f15f02390f36fb7	True	EXACT_NORMALIZED_ALLELE	PHASE1B_EXACT_NORMALIZED_ALLELE_V1	1.0.0	False	False
682	run-phase1a-60z59-hg002-grch38-v421	event-run-phase1a-60z59-hg002-grch38-v421-record-742	run-phase1a-ru88n-hg002-grch38-v421	event-run-phase1a-ru88n-hg002-grch38-v421-record-751	CROSS_RUN_EQUIVALENCE_UNRESOLVED	GRCh38|chr20|10378751|G|A	GRCh38|chr20|10378750|10378751|G|A	GRCh38|chr20|10378750|10378751|G|A	variant:sha256:65afd384aa97a45b8d0dff3ac14acacb66991bed971461488bac28495022efc3	variant:sha256:65afd384aa97a45b8d0dff3ac14acacb66991bed971461488bac28495022efc3	True	EXACT_NORMALIZED_ALLELE	PHASE1B_EXACT_NORMALIZED_ALLELE_V1	1.0.0	False	False
683	run-phase1a-60z59-hg002-grch38-v421	event-run-phase1a-60z59-hg002-grch38-v421-record-743	run-phase1a-ru88n-hg002-grch38-v421	event-run-phase1a-ru88n-hg002-grch38-v421-record-752	CROSS_RUN_EQUIVALENCE_UNRESOLVED	GRCh38|chr20|10378933|GCT|G	GRCh38|chr20|10378932|10378935|GCT|G	GRCh38|chr20|10378932|10378935|GCT|G	variant:sha256:37f2e28f93ee2beb81739d1ea4be54e5e61efa3a62214a8055df3d5902350fa1	variant:sha256:37f2e28f93ee2beb81739d1ea4be54e5e61efa3a62214a8055df3d5902350fa1	True	EXACT_NORMALIZED_ALLELE	PHASE1B_EXACT_NORMALIZED_ALLELE_V1	1.0.0	False	False
684	run-phase1a-60z59-hg002-grch38-v421	event-run-phase1a-60z59-hg002-grch38-v421-record-745	run-phase1a-ru88n-hg002-grch38-v421	event-run-phase1a-ru88n-hg002-grch38-v421-record-754	CROSS_RUN_EQUIVALENCE_UNRESOLVED	GRCh38|chr20|10379051|CT|C	GRCh38|chr20|10379050|10379052|CT|C	GRCh38|chr20|10379050|10379052|CT|C	variant:sha256:b8b879b120085fd4b95dbc5a6689841ac8d0cd057fcb925eb134e4e0e24c0ab0	variant:sha256:b8b879b120085fd4b95dbc5a6689841ac8d0cd057fcb925eb134e4e0e24c0ab0	True	EXACT_NORMALIZED_ALLELE	PHASE1B_EXACT_NORMALIZED_ALLELE_V1	1.0.0	False	False
685	run-phase1a-60z59-hg002-grch38-v421	event-run-phase1a-60z59-hg002-grch38-v421-record-746	run-phase1a-ru88n-hg002-grch38-v421	event-run-phase1a-ru88n-hg002-grch38-v421-record-755	CROSS_RUN_EQUIVALENCE_UNRESOLVED	GRCh38|chr20|10379135|T|C	GRCh38|chr20|10379134|10379135|T|C	GRCh38|chr20|10379134|10379135|T|C	variant:sha256:5fc2984967befe910d08e3f95d4716bf8701f5987da691624b80118aba9e9381	variant:sha256:5fc2984967befe910d08e3f95d4716bf8701f5987da691624b80118aba9e9381	True	EXACT_NORMALIZED_ALLELE	PHASE1B_EXACT_NORMALIZED_ALLELE_V1	1.0.0	False	False
686	run-phase1a-60z59-hg002-grch38-v421	event-run-phase1a-60z59-hg002-grch38-v421-record-747	run-phase1a-ru88n-hg002-grch38-v421	event-run-phase1a-ru88n-hg002-grch38-v421-record-756	CROSS_RUN_EQUIVALENCE_UNRESOLVED	GRCh38|chr20|10379807|T|A	GRCh38|chr20|10379806|10379807|T|A	GRCh38|chr20|10379806|10379807|T|A	variant:sha256:82d908a05f873c0671dff1f5e56dfa9b1008768d54e7deb2a6a97e26b821ac6c	variant:sha256:82d908a05f873c0671dff1f5e56dfa9b1008768d54e7deb2a6a97e26b821ac6c	True	EXACT_NORMALIZED_ALLELE	PHASE1B_EXACT_NORMALIZED_ALLELE_V1	1.0.0	False	False
687	run-phase1a-60z59-hg002-grch38-v421	event-run-phase1a-60z59-hg002-grch38-v421-record-748	run-phase1a-ru88n-hg002-grch38-v421	event-run-phase1a-ru88n-hg002-grch38-v421-record-757	CROSS_RUN_EQUIVALENCE_UNRESOLVED	GRCh38|chr20|10379946|G|C	GRCh38|chr20|10379945|10379946|G|C	GRCh38|chr20|10379945|10379946|G|C	variant:sha256:c3c15db2523c7d10ab341b2da26b595d368a0accc23d2569fa0b1f74aae82018	variant:sha256:c3c15db2523c7d10ab341b2da26b595d368a0accc23d2569fa0b1f74aae82018	True	EXACT_NORMALIZED_ALLELE	PHASE1B_EXACT_NORMALIZED_ALLELE_V1	1.0.0	False	False
688	run-phase1a-60z59-hg002-grch38-v421	event-run-phase1a-60z59-hg002-grch38-v421-record-749	run-phase1a-ru88n-hg002-grch38-v421	event-run-phase1a-ru88n-hg002-grch38-v421-record-758	CROSS_RUN_EQUIVALENCE_UNRESOLVED	GRCh38|chr20|10380131|G|C	GRCh38|chr20|10380130|10380131|G|C	GRCh38|chr20|10380130|10380131|G|C	variant:sha256:f2a77992d899e27baa49bd930fbe23db9a1c5e9c2a118fd732a72f45cfcb96fa	variant:sha256:f2a77992d899e27baa49bd930fbe23db9a1c5e9c2a118fd732a72f45cfcb96fa	True	EXACT_NORMALIZED_ALLELE	PHASE1B_EXACT_NORMALIZED_ALLELE_V1	1.0.0	False	False
689	run-phase1a-60z59-hg002-grch38-v421	event-run-phase1a-60z59-hg002-grch38-v421-record-750	run-phase1a-ru88n-hg002-grch38-v421	event-run-phase1a-ru88n-hg002-grch38-v421-record-759	CROSS_RUN_EQUIVALENCE_UNRESOLVED	GRCh38|chr20|10380352|T|A	GRCh38|chr20|10380351|10380352|T|A	GRCh38|chr20|10380351|10380352|T|A	variant:sha256:1929f3aee70b4caf9e0efe9cff08abce2cc8525d7f8873839a31b1474cd018b1	variant:sha256:1929f3aee70b4caf9e0efe9cff08abce2cc8525d7f8873839a31b1474cd018b1	True	EXACT_NORMALIZED_ALLELE	PHASE1B_EXACT_NORMALIZED_ALLELE_V1	1.0.0	False	False
690	run-phase1a-60z59-hg002-grch38-v421	event-run-phase1a-60z59-hg002-grch38-v421-record-751	run-phase1a-ru88n-hg002-grch38-v421	event-run-phase1a-ru88n-hg002-grch38-v421-record-760	CROSS_RUN_EQUIVALENCE_UNRESOLVED	GRCh38|chr20|10380434|T|C	GRCh38|chr20|10380433|10380434|T|C	GRCh38|chr20|10380433|10380434|T|C	variant:sha256:d202b86dda4e8b56ea306f9925ffe728d6d23ac49f14682f6a68eb6b93e0309a	variant:sha256:d202b86dda4e8b56ea306f9925ffe728d6d23ac49f14682f6a68eb6b93e0309a	True	EXACT_NORMALIZED_ALLELE	PHASE1B_EXACT_NORMALIZED_ALLELE_V1	1.0.0	False	False
691	run-phase1a-60z59-hg002-grch38-v421	event-run-phase1a-60z59-hg002-grch38-v421-record-752	run-phase1a-ru88n-hg002-grch38-v421	event-run-phase1a-ru88n-hg002-grch38-v421-record-761	CROSS_RUN_EQUIVALENCE_UNRESOLVED	GRCh38|chr20|10380664|T|C	GRCh38|chr20|10380663|10380664|T|C	GRCh38|chr20|10380663|10380664|T|C	variant:sha256:a97ac821f8378aaa8def6619d91615fb08eaae5a49eba792c9438e3652f43fe7	variant:sha256:a97ac821f8378aaa8def6619d91615fb08eaae5a49eba792c9438e3652f43fe7	True	EXACT_NORMALIZED_ALLELE	PHASE1B_EXACT_NORMALIZED_ALLELE_V1	1.0.0	False	False
692	run-phase1a-60z59-hg002-grch38-v421	event-run-phase1a-60z59-hg002-grch38-v421-record-754	run-phase1a-ru88n-hg002-grch38-v421	event-run-phase1a-ru88n-hg002-grch38-v421-record-763	CROSS_RUN_EQUIVALENCE_UNRESOLVED	GRCh38|chr20|10381000|G|GA	GRCh38|chr20|10380999|10381000|G|GA	GRCh38|chr20|10380999|10381000|G|GA	variant:sha256:20d2e7e7afa36eb28c7a8bbad2c8c3649395edc5f8585b739c4794b4c4490af8	variant:sha256:20d2e7e7afa36eb28c7a8bbad2c8c3649395edc5f8585b739c4794b4c4490af8	True	EXACT_NORMALIZED_ALLELE	PHASE1B_EXACT_NORMALIZED_ALLELE_V1	1.0.0	False	False
693	run-phase1a-60z59-hg002-grch38-v421	event-run-phase1a-60z59-hg002-grch38-v421-record-755	run-phase1a-ru88n-hg002-grch38-v421	event-run-phase1a-ru88n-hg002-grch38-v421-record-764	CROSS_RUN_EQUIVALENCE_UNRESOLVED	GRCh38|chr20|10381135|A|T	GRCh38|chr20|10381134|10381135|A|T	GRCh38|chr20|10381134|10381135|A|T	variant:sha256:976c25427e4586ad43fbad17dbfcfd94f45c0d0094c5274c49095d885e14cfb8	variant:sha256:976c25427e4586ad43fbad17dbfcfd94f45c0d0094c5274c49095d885e14cfb8	True	EXACT_NORMALIZED_ALLELE	PHASE1B_EXACT_NORMALIZED_ALLELE_V1	1.0.0	False	False
694	run-phase1a-60z59-hg002-grch38-v421	event-run-phase1a-60z59-hg002-grch38-v421-record-756	run-phase1a-ru88n-hg002-grch38-v421	event-run-phase1a-ru88n-hg002-grch38-v421-record-765	CROSS_RUN_EQUIVALENCE_UNRESOLVED	GRCh38|chr20|10381171|C|T	GRCh38|chr20|10381170|10381171|C|T	GRCh38|chr20|10381170|10381171|C|T	variant:sha256:6159c649dc12d1843eeac8d98ff6efba57dd63a8dd80bdb9f16ef7b6e1082d5d	variant:sha256:6159c649dc12d1843eeac8d98ff6efba57dd63a8dd80bdb9f16ef7b6e1082d5d	True	EXACT_NORMALIZED_ALLELE	PHASE1B_EXACT_NORMALIZED_ALLELE_V1	1.0.0	False	False
695	run-phase1a-60z59-hg002-grch38-v421	event-run-phase1a-60z59-hg002-grch38-v421-record-757	run-phase1a-ru88n-hg002-grch38-v421	event-run-phase1a-ru88n-hg002-grch38-v421-record-766	CROSS_RUN_EQUIVALENCE_UNRESOLVED	GRCh38|chr20|10381224|C|T	GRCh38|chr20|10381223|10381224|C|T	GRCh38|chr20|10381223|10381224|C|T	variant:sha256:d1ab2659973300ba9d5825a4be9d5576766221561eadc39565665ddc5e53f2ce	variant:sha256:d1ab2659973300ba9d5825a4be9d5576766221561eadc39565665ddc5e53f2ce	True	EXACT_NORMALIZED_ALLELE	PHASE1B_EXACT_NORMALIZED_ALLELE_V1	1.0.0	False	False
696	run-phase1a-60z59-hg002-grch38-v421	event-run-phase1a-60z59-hg002-grch38-v421-record-758	run-phase1a-ru88n-hg002-grch38-v421	event-run-phase1a-ru88n-hg002-grch38-v421-record-767	CROSS_RUN_EQUIVALENCE_UNRESOLVED	GRCh38|chr20|10381352|G|T	GRCh38|chr20|10381351|10381352|G|T	GRCh38|chr20|10381351|10381352|G|T	variant:sha256:5baba88a03ae491637b45a6b9beb65f38dabd1afcb9b25f0b460e2a4d3fbc6db	variant:sha256:5baba88a03ae491637b45a6b9beb65f38dabd1afcb9b25f0b460e2a4d3fbc6db	True	EXACT_NORMALIZED_ALLELE	PHASE1B_EXACT_NORMALIZED_ALLELE_V1	1.0.0	False	False
697	run-phase1a-60z59-hg002-grch38-v421	event-run-phase1a-60z59-hg002-grch38-v421-record-759	run-phase1a-ru88n-hg002-grch38-v421	event-run-phase1a-ru88n-hg002-grch38-v421-record-768	CROSS_RUN_EQUIVALENCE_UNRESOLVED	GRCh38|chr20|10381735|T|C	GRCh38|chr20|10381734|10381735|T|C	GRCh38|chr20|10381734|10381735|T|C	variant:sha256:83ebf974d9ac621eb91907f8835cabf00bbafca2b507a1eea6bea48f14c24917	variant:sha256:83ebf974d9ac621eb91907f8835cabf00bbafca2b507a1eea6bea48f14c24917	True	EXACT_NORMALIZED_ALLELE	PHASE1B_EXACT_NORMALIZED_ALLELE_V1	1.0.0	False	False
698	run-phase1a-60z59-hg002-grch38-v421	event-run-phase1a-60z59-hg002-grch38-v421-record-761	run-phase1a-ru88n-hg002-grch38-v421	event-run-phase1a-ru88n-hg002-grch38-v421-record-769	CROSS_RUN_EQUIVALENCE_UNRESOLVED	GRCh38|chr20|10381961|G|A	GRCh38|chr20|10381960|10381961|G|A	GRCh38|chr20|10381960|10381961|G|A	variant:sha256:4e1f0c11dc68d8879104d195a89878a53b90f8008549171ce5d76bce639e3129	variant:sha256:4e1f0c11dc68d8879104d195a89878a53b90f8008549171ce5d76bce639e3129	True	EXACT_NORMALIZED_ALLELE	PHASE1B_EXACT_NORMALIZED_ALLELE_V1	1.0.0	False	False
699	run-phase1a-60z59-hg002-grch38-v421	event-run-phase1a-60z59-hg002-grch38-v421-record-762	run-phase1a-ru88n-hg002-grch38-v421	event-run-phase1a-ru88n-hg002-grch38-v421-record-770	CROSS_RUN_EQUIVALENCE_UNRESOLVED	GRCh38|chr20|10382404|C|A	GRCh38|chr20|10382403|10382404|C|A	GRCh38|chr20|10382403|10382404|C|A	variant:sha256:6f392e3424d57d34b637997d60a2f604e805e4826dd8f9c3f429b6cb6b5053ef	variant:sha256:6f392e3424d57d34b637997d60a2f604e805e4826dd8f9c3f429b6cb6b5053ef	True	EXACT_NORMALIZED_ALLELE	PHASE1B_EXACT_NORMALIZED_ALLELE_V1	1.0.0	False	False
700	run-phase1a-60z59-hg002-grch38-v421	event-run-phase1a-60z59-hg002-grch38-v421-record-763	run-phase1a-ru88n-hg002-grch38-v421	event-run-phase1a-ru88n-hg002-grch38-v421-record-771	CROSS_RUN_EQUIVALENCE_UNRESOLVED	GRCh38|chr20|10382619|T|C	GRCh38|chr20|10382618|10382619|T|C	GRCh38|chr20|10382618|10382619|T|C	variant:sha256:7a47d125c95e2640d6f653dfa3db56cc5e666f435a8746dd67d0a22c66c98f28	variant:sha256:7a47d125c95e2640d6f653dfa3db56cc5e666f435a8746dd67d0a22c66c98f28	True	EXACT_NORMALIZED_ALLELE	PHASE1B_EXACT_NORMALIZED_ALLELE_V1	1.0.0	False	False
701	run-phase1a-60z59-hg002-grch38-v421	event-run-phase1a-60z59-hg002-grch38-v421-record-764	run-phase1a-ru88n-hg002-grch38-v421	event-run-phase1a-ru88n-hg002-grch38-v421-record-772	CROSS_RUN_EQUIVALENCE_UNRESOLVED	GRCh38|chr20|10382629|C|T	GRCh38|chr20|10382628|10382629|C|T	GRCh38|chr20|10382628|10382629|C|T	variant:sha256:57eaab0d8d09fe10c9d9f5541a17efda2fa8e75f87a4a1fe705f5d90f2f6806e	variant:sha256:57eaab0d8d09fe10c9d9f5541a17efda2fa8e75f87a4a1fe705f5d90f2f6806e	True	EXACT_NORMALIZED_ALLELE	PHASE1B_EXACT_NORMALIZED_ALLELE_V1	1.0.0	False	False
702	run-phase1a-60z59-hg002-grch38-v421	event-run-phase1a-60z59-hg002-grch38-v421-record-765	run-phase1a-ru88n-hg002-grch38-v421	event-run-phase1a-ru88n-hg002-grch38-v421-record-773	CROSS_RUN_EQUIVALENCE_UNRESOLVED	GRCh38|chr20|10382732|A|G	GRCh38|chr20|10382731|10382732|A|G	GRCh38|chr20|10382731|10382732|A|G	variant:sha256:9c3db486e9c2e610c0af1f2c5bb5306c9ec753e786035c809b7bb7a7082d0a24	variant:sha256:9c3db486e9c2e610c0af1f2c5bb5306c9ec753e786035c809b7bb7a7082d0a24	True	EXACT_NORMALIZED_ALLELE	PHASE1B_EXACT_NORMALIZED_ALLELE_V1	1.0.0	False	False
703	run-phase1a-60z59-hg002-grch38-v421	event-run-phase1a-60z59-hg002-grch38-v421-record-766	run-phase1a-ru88n-hg002-grch38-v421	event-run-phase1a-ru88n-hg002-grch38-v421-record-774	CROSS_RUN_EQUIVALENCE_UNRESOLVED	GRCh38|chr20|10382755|A|G	GRCh38|chr20|10382754|10382755|A|G	GRCh38|chr20|10382754|10382755|A|G	variant:sha256:b9d9e65ee9133819321a2c706145ddba8b70d99fd91f0cbd4b908688a5d4c6c6	variant:sha256:b9d9e65ee9133819321a2c706145ddba8b70d99fd91f0cbd4b908688a5d4c6c6	True	EXACT_NORMALIZED_ALLELE	PHASE1B_EXACT_NORMALIZED_ALLELE_V1	1.0.0	False	False
704	run-phase1a-60z59-hg002-grch38-v421	event-run-phase1a-60z59-hg002-grch38-v421-record-767	run-phase1a-ru88n-hg002-grch38-v421	event-run-phase1a-ru88n-hg002-grch38-v421-record-775	CROSS_RUN_EQUIVALENCE_UNRESOLVED	GRCh38|chr20|10382787|T|C	GRCh38|chr20|10382786|10382787|T|C	GRCh38|chr20|10382786|10382787|T|C	variant:sha256:9f5b47c38bce6dbb1b1d2ee766522221cd3a3b94df3983e8613f55e4568584d9	variant:sha256:9f5b47c38bce6dbb1b1d2ee766522221cd3a3b94df3983e8613f55e4568584d9	True	EXACT_NORMALIZED_ALLELE	PHASE1B_EXACT_NORMALIZED_ALLELE_V1	1.0.0	False	False
705	run-phase1a-60z59-hg002-grch38-v421	event-run-phase1a-60z59-hg002-grch38-v421-record-768	run-phase1a-ru88n-hg002-grch38-v421	event-run-phase1a-ru88n-hg002-grch38-v421-record-776	CROSS_RUN_EQUIVALENCE_UNRESOLVED	GRCh38|chr20|10382835|T|C	GRCh38|chr20|10382834|10382835|T|C	GRCh38|chr20|10382834|10382835|T|C	variant:sha256:18aaf2deaa46950d9d15dc0a3a02118a3c8f11ab6644dffd4212ec2a28e1b037	variant:sha256:18aaf2deaa46950d9d15dc0a3a02118a3c8f11ab6644dffd4212ec2a28e1b037	True	EXACT_NORMALIZED_ALLELE	PHASE1B_EXACT_NORMALIZED_ALLELE_V1	1.0.0	False	False
706	run-phase1a-60z59-hg002-grch38-v421	event-run-phase1a-60z59-hg002-grch38-v421-record-769	run-phase1a-ru88n-hg002-grch38-v421	event-run-phase1a-ru88n-hg002-grch38-v421-record-777	CROSS_RUN_EQUIVALENCE_UNRESOLVED	GRCh38|chr20|10382951|T|C	GRCh38|chr20|10382950|10382951|T|C	GRCh38|chr20|10382950|10382951|T|C	variant:sha256:05c608ff48b55884377597354d06cb8b49ea15c1b069fc062913e48d7aa420a7	variant:sha256:05c608ff48b55884377597354d06cb8b49ea15c1b069fc062913e48d7aa420a7	True	EXACT_NORMALIZED_ALLELE	PHASE1B_EXACT_NORMALIZED_ALLELE_V1	1.0.0	False	False
707	run-phase1a-60z59-hg002-grch38-v421	event-run-phase1a-60z59-hg002-grch38-v421-record-770	run-phase1a-ru88n-hg002-grch38-v421	event-run-phase1a-ru88n-hg002-grch38-v421-record-778	CROSS_RUN_EQUIVALENCE_UNRESOLVED	GRCh38|chr20|10382952|G|A	GRCh38|chr20|10382951|10382952|G|A	GRCh38|chr20|10382951|10382952|G|A	variant:sha256:fe62aac67ac470d7b3f0f8beffcf5ff1b44b11fb0a5172c3aef5705e3e1e56bf	variant:sha256:fe62aac67ac470d7b3f0f8beffcf5ff1b44b11fb0a5172c3aef5705e3e1e56bf	True	EXACT_NORMALIZED_ALLELE	PHASE1B_EXACT_NORMALIZED_ALLELE_V1	1.0.0	False	False
708	run-phase1a-60z59-hg002-grch38-v421	event-run-phase1a-60z59-hg002-grch38-v421-record-771	run-phase1a-ru88n-hg002-grch38-v421	event-run-phase1a-ru88n-hg002-grch38-v421-record-779	CROSS_RUN_EQUIVALENCE_UNRESOLVED	GRCh38|chr20|10383207|C|CA	GRCh38|chr20|10383206|10383207|C|CA	GRCh38|chr20|10383206|10383207|C|CA	variant:sha256:56a40181f5d2b28c6e775143d83339a680a5b8f49ca90ca3ee6d91c5d726a3b7	variant:sha256:56a40181f5d2b28c6e775143d83339a680a5b8f49ca90ca3ee6d91c5d726a3b7	True	EXACT_NORMALIZED_ALLELE	PHASE1B_EXACT_NORMALIZED_ALLELE_V1	1.0.0	False	False
709	run-phase1a-60z59-hg002-grch38-v421	event-run-phase1a-60z59-hg002-grch38-v421-record-772	run-phase1a-ru88n-hg002-grch38-v421	event-run-phase1a-ru88n-hg002-grch38-v421-record-780	CROSS_RUN_EQUIVALENCE_UNRESOLVED	GRCh38|chr20|10383492|C|T	GRCh38|chr20|10383491|10383492|C|T	GRCh38|chr20|10383491|10383492|C|T	variant:sha256:b091ed4f536b4ef2fa16e01138cc9e5fd6896d6985f36adb8cb949d9b162091e	variant:sha256:b091ed4f536b4ef2fa16e01138cc9e5fd6896d6985f36adb8cb949d9b162091e	True	EXACT_NORMALIZED_ALLELE	PHASE1B_EXACT_NORMALIZED_ALLELE_V1	1.0.0	False	False
710	run-phase1a-60z59-hg002-grch38-v421	event-run-phase1a-60z59-hg002-grch38-v421-record-773	run-phase1a-ru88n-hg002-grch38-v421	event-run-phase1a-ru88n-hg002-grch38-v421-record-781	CROSS_RUN_EQUIVALENCE_UNRESOLVED	GRCh38|chr20|10383728|T|C	GRCh38|chr20|10383727|10383728|T|C	GRCh38|chr20|10383727|10383728|T|C	variant:sha256:b576d1c2999fba9d3d2692ca26edaef0c9fdbf3d5109a3ba6a1a2e1a89fd409b	variant:sha256:b576d1c2999fba9d3d2692ca26edaef0c9fdbf3d5109a3ba6a1a2e1a89fd409b	True	EXACT_NORMALIZED_ALLELE	PHASE1B_EXACT_NORMALIZED_ALLELE_V1	1.0.0	False	False
711	run-phase1a-60z59-hg002-grch38-v421	event-run-phase1a-60z59-hg002-grch38-v421-record-774	run-phase1a-ru88n-hg002-grch38-v421	event-run-phase1a-ru88n-hg002-grch38-v421-record-782	CROSS_RUN_EQUIVALENCE_UNRESOLVED	GRCh38|chr20|10384640|T|C	GRCh38|chr20|10384639|10384640|T|C	GRCh38|chr20|10384639|10384640|T|C	variant:sha256:503d199cbed629ba261675d74a5ae679c8e917dba9d060d9badf929abd6ed2f0	variant:sha256:503d199cbed629ba261675d74a5ae679c8e917dba9d060d9badf929abd6ed2f0	True	EXACT_NORMALIZED_ALLELE	PHASE1B_EXACT_NORMALIZED_ALLELE_V1	1.0.0	False	False
712	run-phase1a-60z59-hg002-grch38-v421	event-run-phase1a-60z59-hg002-grch38-v421-record-775	run-phase1a-ru88n-hg002-grch38-v421	event-run-phase1a-ru88n-hg002-grch38-v421-record-783	CROSS_RUN_EQUIVALENCE_UNRESOLVED	GRCh38|chr20|10384759|A|G	GRCh38|chr20|10384758|10384759|A|G	GRCh38|chr20|10384758|10384759|A|G	variant:sha256:2ac044e02c7e664b781a70de5b57eeef44e23a0b7c759090064d54f45fae9835	variant:sha256:2ac044e02c7e664b781a70de5b57eeef44e23a0b7c759090064d54f45fae9835	True	EXACT_NORMALIZED_ALLELE	PHASE1B_EXACT_NORMALIZED_ALLELE_V1	1.0.0	False	False
713	run-phase1a-60z59-hg002-grch38-v421	event-run-phase1a-60z59-hg002-grch38-v421-record-776	run-phase1a-ru88n-hg002-grch38-v421	event-run-phase1a-ru88n-hg002-grch38-v421-record-784	CROSS_RUN_EQUIVALENCE_UNRESOLVED	GRCh38|chr20|10385234|AT|A	GRCh38|chr20|10385233|10385235|AT|A	GRCh38|chr20|10385233|10385235|AT|A	variant:sha256:cfd72bf57ccc0ae8688ff2c9ca628819c134266502e6596eaa8575d1e53cd4dd	variant:sha256:cfd72bf57ccc0ae8688ff2c9ca628819c134266502e6596eaa8575d1e53cd4dd	True	EXACT_NORMALIZED_ALLELE	PHASE1B_EXACT_NORMALIZED_ALLELE_V1	1.0.0	False	False
714	run-phase1a-60z59-hg002-grch38-v421	event-run-phase1a-60z59-hg002-grch38-v421-record-777	run-phase1a-ru88n-hg002-grch38-v421	event-run-phase1a-ru88n-hg002-grch38-v421-record-785	CROSS_RUN_EQUIVALENCE_UNRESOLVED	GRCh38|chr20|10385361|T|A	GRCh38|chr20|10385360|10385361|T|A	GRCh38|chr20|10385360|10385361|T|A	variant:sha256:4166780d272b31fde4588cb6e88ccd63e38d74e7ef8955e5c1137fb7cb45e5e3	variant:sha256:4166780d272b31fde4588cb6e88ccd63e38d74e7ef8955e5c1137fb7cb45e5e3	True	EXACT_NORMALIZED_ALLELE	PHASE1B_EXACT_NORMALIZED_ALLELE_V1	1.0.0	False	False
715	run-phase1a-60z59-hg002-grch38-v421	event-run-phase1a-60z59-hg002-grch38-v421-record-778	run-phase1a-ru88n-hg002-grch38-v421	event-run-phase1a-ru88n-hg002-grch38-v421-record-786	CROSS_RUN_EQUIVALENCE_UNRESOLVED	GRCh38|chr20|10385750|G|A	GRCh38|chr20|10385749|10385750|G|A	GRCh38|chr20|10385749|10385750|G|A	variant:sha256:660854f07d72a64c347268d58e5e62ec90469fb5b5c1bff017c339b2a47e0962	variant:sha256:660854f07d72a64c347268d58e5e62ec90469fb5b5c1bff017c339b2a47e0962	True	EXACT_NORMALIZED_ALLELE	PHASE1B_EXACT_NORMALIZED_ALLELE_V1	1.0.0	False	False
716	run-phase1a-60z59-hg002-grch38-v421	event-run-phase1a-60z59-hg002-grch38-v421-record-779	run-phase1a-ru88n-hg002-grch38-v421	event-run-phase1a-ru88n-hg002-grch38-v421-record-787	CROSS_RUN_EQUIVALENCE_UNRESOLVED	GRCh38|chr20|10386250|T|C	GRCh38|chr20|10386249|10386250|T|C	GRCh38|chr20|10386249|10386250|T|C	variant:sha256:0fe28315b00c7f6c2836540bae95e570493997139f018143ed03ba6bde3f9f5e	variant:sha256:0fe28315b00c7f6c2836540bae95e570493997139f018143ed03ba6bde3f9f5e	True	EXACT_NORMALIZED_ALLELE	PHASE1B_EXACT_NORMALIZED_ALLELE_V1	1.0.0	False	False
717	run-phase1a-60z59-hg002-grch38-v421	event-run-phase1a-60z59-hg002-grch38-v421-record-782	run-phase1a-ru88n-hg002-grch38-v421	event-run-phase1a-ru88n-hg002-grch38-v421-record-788	CROSS_RUN_EQUIVALENCE_UNRESOLVED	GRCh38|chr20|10386675|C|G	GRCh38|chr20|10386674|10386675|C|G	GRCh38|chr20|10386674|10386675|C|G	variant:sha256:4b091bde2036968bf554ef88277aac4213d0d25007aae7b8d6ed047a6242c00f	variant:sha256:4b091bde2036968bf554ef88277aac4213d0d25007aae7b8d6ed047a6242c00f	True	EXACT_NORMALIZED_ALLELE	PHASE1B_EXACT_NORMALIZED_ALLELE_V1	1.0.0	False	False
718	run-phase1a-60z59-hg002-grch38-v421	event-run-phase1a-60z59-hg002-grch38-v421-record-783	run-phase1a-ru88n-hg002-grch38-v421	event-run-phase1a-ru88n-hg002-grch38-v421-record-789	CROSS_RUN_EQUIVALENCE_UNRESOLVED	GRCh38|chr20|10386761|C|T	GRCh38|chr20|10386760|10386761|C|T	GRCh38|chr20|10386760|10386761|C|T	variant:sha256:d97fc3f72a176c498e8a542485c31c87c981a79f8a58a9472de1bb4c535455ea	variant:sha256:d97fc3f72a176c498e8a542485c31c87c981a79f8a58a9472de1bb4c535455ea	True	EXACT_NORMALIZED_ALLELE	PHASE1B_EXACT_NORMALIZED_ALLELE_V1	1.0.0	False	False
719	run-phase1a-60z59-hg002-grch38-v421	event-run-phase1a-60z59-hg002-grch38-v421-record-784	run-phase1a-ru88n-hg002-grch38-v421	event-run-phase1a-ru88n-hg002-grch38-v421-record-790	CROSS_RUN_EQUIVALENCE_UNRESOLVED	GRCh38|chr20|10387261|A|C	GRCh38|chr20|10387260|10387261|A|C	GRCh38|chr20|10387260|10387261|A|C	variant:sha256:8ff5b4984018e244aa365a708ed75ce925a3aac90f7bdb687476670265f02651	variant:sha256:8ff5b4984018e244aa365a708ed75ce925a3aac90f7bdb687476670265f02651	True	EXACT_NORMALIZED_ALLELE	PHASE1B_EXACT_NORMALIZED_ALLELE_V1	1.0.0	False	False
720	run-phase1a-60z59-hg002-grch38-v421	event-run-phase1a-60z59-hg002-grch38-v421-record-785	run-phase1a-ru88n-hg002-grch38-v421	event-run-phase1a-ru88n-hg002-grch38-v421-record-791	CROSS_RUN_EQUIVALENCE_UNRESOLVED	GRCh38|chr20|10388733|T|C	GRCh38|chr20|10388732|10388733|T|C	GRCh38|chr20|10388732|10388733|T|C	variant:sha256:57f9bd861ff2dc372feb27ec147ae6a298dc1ec35b6f9dee9eeca79fc31dade2	variant:sha256:57f9bd861ff2dc372feb27ec147ae6a298dc1ec35b6f9dee9eeca79fc31dade2	True	EXACT_NORMALIZED_ALLELE	PHASE1B_EXACT_NORMALIZED_ALLELE_V1	1.0.0	False	False
721	run-phase1a-60z59-hg002-grch38-v421	event-run-phase1a-60z59-hg002-grch38-v421-record-786	run-phase1a-ru88n-hg002-grch38-v421	event-run-phase1a-ru88n-hg002-grch38-v421-record-792	CROSS_RUN_EQUIVALENCE_UNRESOLVED	GRCh38|chr20|10388878|C|T	GRCh38|chr20|10388877|10388878|C|T	GRCh38|chr20|10388877|10388878|C|T	variant:sha256:cc88d8e7178316104b1876c74bad756f3c84aeb0560305b0c57e231345699ea8	variant:sha256:cc88d8e7178316104b1876c74bad756f3c84aeb0560305b0c57e231345699ea8	True	EXACT_NORMALIZED_ALLELE	PHASE1B_EXACT_NORMALIZED_ALLELE_V1	1.0.0	False	False
722	run-phase1a-60z59-hg002-grch38-v421	event-run-phase1a-60z59-hg002-grch38-v421-record-787	run-phase1a-ru88n-hg002-grch38-v421	event-run-phase1a-ru88n-hg002-grch38-v421-record-793	CROSS_RUN_EQUIVALENCE_UNRESOLVED	GRCh38|chr20|10389015|C|G	GRCh38|chr20|10389014|10389015|C|G	GRCh38|chr20|10389014|10389015|C|G	variant:sha256:b3ec50c4ef8839aea19d640f8beb697c2c54f09850c12cc12096f505adde0db2	variant:sha256:b3ec50c4ef8839aea19d640f8beb697c2c54f09850c12cc12096f505adde0db2	True	EXACT_NORMALIZED_ALLELE	PHASE1B_EXACT_NORMALIZED_ALLELE_V1	1.0.0	False	False
723	run-phase1a-60z59-hg002-grch38-v421	event-run-phase1a-60z59-hg002-grch38-v421-record-788	run-phase1a-ru88n-hg002-grch38-v421	event-run-phase1a-ru88n-hg002-grch38-v421-record-794	CROSS_RUN_EQUIVALENCE_UNRESOLVED	GRCh38|chr20|10389026|T|C	GRCh38|chr20|10389025|10389026|T|C	GRCh38|chr20|10389025|10389026|T|C	variant:sha256:b81c681a4d6d3fe92dd477ada03bab1c5aa2314d3e8baef948e686e180bcd689	variant:sha256:b81c681a4d6d3fe92dd477ada03bab1c5aa2314d3e8baef948e686e180bcd689	True	EXACT_NORMALIZED_ALLELE	PHASE1B_EXACT_NORMALIZED_ALLELE_V1	1.0.0	False	False
724	run-phase1a-60z59-hg002-grch38-v421	event-run-phase1a-60z59-hg002-grch38-v421-record-789	run-phase1a-ru88n-hg002-grch38-v421	event-run-phase1a-ru88n-hg002-grch38-v421-record-795	CROSS_RUN_EQUIVALENCE_UNRESOLVED	GRCh38|chr20|10390272|G|A	GRCh38|chr20|10390271|10390272|G|A	GRCh38|chr20|10390271|10390272|G|A	variant:sha256:b616a0042c84b1119d0497be5a0f6b88fee12b16223712921e6c00f926e4f40c	variant:sha256:b616a0042c84b1119d0497be5a0f6b88fee12b16223712921e6c00f926e4f40c	True	EXACT_NORMALIZED_ALLELE	PHASE1B_EXACT_NORMALIZED_ALLELE_V1	1.0.0	False	False
725	run-phase1a-60z59-hg002-grch38-v421	event-run-phase1a-60z59-hg002-grch38-v421-record-790	run-phase1a-ru88n-hg002-grch38-v421	event-run-phase1a-ru88n-hg002-grch38-v421-record-796	CROSS_RUN_EQUIVALENCE_UNRESOLVED	GRCh38|chr20|10390433|C|CAAA	GRCh38|chr20|10390432|10390433|C|CAAA	GRCh38|chr20|10390432|10390433|C|CAAA	variant:sha256:1b305a9af63ad7dfd761185fbeb0b77bc53bc0688406f2ab617edee04dad60f2	variant:sha256:1b305a9af63ad7dfd761185fbeb0b77bc53bc0688406f2ab617edee04dad60f2	True	EXACT_NORMALIZED_ALLELE	PHASE1B_EXACT_NORMALIZED_ALLELE_V1	1.0.0	False	False
726	run-phase1a-60z59-hg002-grch38-v421	event-run-phase1a-60z59-hg002-grch38-v421-record-791	run-phase1a-ru88n-hg002-grch38-v421	event-run-phase1a-ru88n-hg002-grch38-v421-record-797	CROSS_RUN_EQUIVALENCE_UNRESOLVED	GRCh38|chr20|10390448|T|G	GRCh38|chr20|10390447|10390448|T|G	GRCh38|chr20|10390447|10390448|T|G	variant:sha256:7a6df2762495838466906803eef3f7faec5673808e8a3b7a6b565d90121e8fd8	variant:sha256:7a6df2762495838466906803eef3f7faec5673808e8a3b7a6b565d90121e8fd8	True	EXACT_NORMALIZED_ALLELE	PHASE1B_EXACT_NORMALIZED_ALLELE_V1	1.0.0	False	False
727	run-phase1a-60z59-hg002-grch38-v421	event-run-phase1a-60z59-hg002-grch38-v421-record-792	run-phase1a-ru88n-hg002-grch38-v421	event-run-phase1a-ru88n-hg002-grch38-v421-record-798	CROSS_RUN_EQUIVALENCE_UNRESOLVED	GRCh38|chr20|10390661|G|A	GRCh38|chr20|10390660|10390661|G|A	GRCh38|chr20|10390660|10390661|G|A	variant:sha256:a151fdadaa2e9cc5e593606dbd71b82522ebf4c331c8fa3b5cd654f53fb2c07e	variant:sha256:a151fdadaa2e9cc5e593606dbd71b82522ebf4c331c8fa3b5cd654f53fb2c07e	True	EXACT_NORMALIZED_ALLELE	PHASE1B_EXACT_NORMALIZED_ALLELE_V1	1.0.0	False	False
728	run-phase1a-60z59-hg002-grch38-v421	event-run-phase1a-60z59-hg002-grch38-v421-record-793	run-phase1a-ru88n-hg002-grch38-v421	event-run-phase1a-ru88n-hg002-grch38-v421-record-799	CROSS_RUN_EQUIVALENCE_UNRESOLVED	GRCh38|chr20|10390997|GT|G	GRCh38|chr20|10390996|10390998|GT|G	GRCh38|chr20|10390996|10390998|GT|G	variant:sha256:bb902a642a827babe8dec843addd5802af3c844741b68f23067653e5f32ed5bb	variant:sha256:bb902a642a827babe8dec843addd5802af3c844741b68f23067653e5f32ed5bb	True	EXACT_NORMALIZED_ALLELE	PHASE1B_EXACT_NORMALIZED_ALLELE_V1	1.0.0	False	False
729	run-phase1a-60z59-hg002-grch38-v421	event-run-phase1a-60z59-hg002-grch38-v421-record-794	run-phase1a-ru88n-hg002-grch38-v421	event-run-phase1a-ru88n-hg002-grch38-v421-record-800	CROSS_RUN_EQUIVALENCE_UNRESOLVED	GRCh38|chr20|10391567|C|T	GRCh38|chr20|10391566|10391567|C|T	GRCh38|chr20|10391566|10391567|C|T	variant:sha256:552b6935ff8c5686ea972d67bbeae73cda5183d6c3d6fff99330fa593970ee99	variant:sha256:552b6935ff8c5686ea972d67bbeae73cda5183d6c3d6fff99330fa593970ee99	True	EXACT_NORMALIZED_ALLELE	PHASE1B_EXACT_NORMALIZED_ALLELE_V1	1.0.0	False	False
730	run-phase1a-60z59-hg002-grch38-v421	event-run-phase1a-60z59-hg002-grch38-v421-record-795	run-phase1a-ru88n-hg002-grch38-v421	event-run-phase1a-ru88n-hg002-grch38-v421-record-801	CROSS_RUN_EQUIVALENCE_UNRESOLVED	GRCh38|chr20|10391655|G|T	GRCh38|chr20|10391654|10391655|G|T	GRCh38|chr20|10391654|10391655|G|T	variant:sha256:bc033fad4fa481d990aa04e4757bd031984330047c27254ecc5083d5f804b080	variant:sha256:bc033fad4fa481d990aa04e4757bd031984330047c27254ecc5083d5f804b080	True	EXACT_NORMALIZED_ALLELE	PHASE1B_EXACT_NORMALIZED_ALLELE_V1	1.0.0	False	False
731	run-phase1a-60z59-hg002-grch38-v421	event-run-phase1a-60z59-hg002-grch38-v421-record-796	run-phase1a-ru88n-hg002-grch38-v421	event-run-phase1a-ru88n-hg002-grch38-v421-record-802	CROSS_RUN_EQUIVALENCE_UNRESOLVED	GRCh38|chr20|10391656|C|T	GRCh38|chr20|10391655|10391656|C|T	GRCh38|chr20|10391655|10391656|C|T	variant:sha256:7b146dc8087bfaf98cf64bbc52fb8f2670e96f46ac0c1de76b20dce3d9a78852	variant:sha256:7b146dc8087bfaf98cf64bbc52fb8f2670e96f46ac0c1de76b20dce3d9a78852	True	EXACT_NORMALIZED_ALLELE	PHASE1B_EXACT_NORMALIZED_ALLELE_V1	1.0.0	False	False
732	run-phase1a-60z59-hg002-grch38-v421	event-run-phase1a-60z59-hg002-grch38-v421-record-797	run-phase1a-ru88n-hg002-grch38-v421	event-run-phase1a-ru88n-hg002-grch38-v421-record-803	CROSS_RUN_EQUIVALENCE_UNRESOLVED	GRCh38|chr20|10391667|T|C	GRCh38|chr20|10391666|10391667|T|C	GRCh38|chr20|10391666|10391667|T|C	variant:sha256:3127af9872ccb5fce58946e902bfebfa6be3d335e95c9536267c97e8c1ef7b41	variant:sha256:3127af9872ccb5fce58946e902bfebfa6be3d335e95c9536267c97e8c1ef7b41	True	EXACT_NORMALIZED_ALLELE	PHASE1B_EXACT_NORMALIZED_ALLELE_V1	1.0.0	False	False
733	run-phase1a-60z59-hg002-grch38-v421	event-run-phase1a-60z59-hg002-grch38-v421-record-798	run-phase1a-ru88n-hg002-grch38-v421	event-run-phase1a-ru88n-hg002-grch38-v421-record-804	CROSS_RUN_EQUIVALENCE_UNRESOLVED	GRCh38|chr20|10391695|A|T	GRCh38|chr20|10391694|10391695|A|T	GRCh38|chr20|10391694|10391695|A|T	variant:sha256:3fad9a3032e309b82074cf11acbeba6559ab7ee3f1a6975ef69e47f97255783e	variant:sha256:3fad9a3032e309b82074cf11acbeba6559ab7ee3f1a6975ef69e47f97255783e	True	EXACT_NORMALIZED_ALLELE	PHASE1B_EXACT_NORMALIZED_ALLELE_V1	1.0.0	False	False
734	run-phase1a-60z59-hg002-grch38-v421	event-run-phase1a-60z59-hg002-grch38-v421-record-799	run-phase1a-ru88n-hg002-grch38-v421	event-run-phase1a-ru88n-hg002-grch38-v421-record-805	CROSS_RUN_EQUIVALENCE_UNRESOLVED	GRCh38|chr20|10391809|T|C	GRCh38|chr20|10391808|10391809|T|C	GRCh38|chr20|10391808|10391809|T|C	variant:sha256:6433c2c71c9ec8bef8479221e80917412d1b7b58705bb4864518e8bfc3e9dbac	variant:sha256:6433c2c71c9ec8bef8479221e80917412d1b7b58705bb4864518e8bfc3e9dbac	True	EXACT_NORMALIZED_ALLELE	PHASE1B_EXACT_NORMALIZED_ALLELE_V1	1.0.0	False	False
735	run-phase1a-60z59-hg002-grch38-v421	event-run-phase1a-60z59-hg002-grch38-v421-record-800	run-phase1a-ru88n-hg002-grch38-v421	event-run-phase1a-ru88n-hg002-grch38-v421-record-806	CROSS_RUN_EQUIVALENCE_UNRESOLVED	GRCh38|chr20|10391862|A|G	GRCh38|chr20|10391861|10391862|A|G	GRCh38|chr20|10391861|10391862|A|G	variant:sha256:3010b84a91bfe86369f913ccbf1b6f4e5c4a5006ed6fae343042676e784ef418	variant:sha256:3010b84a91bfe86369f913ccbf1b6f4e5c4a5006ed6fae343042676e784ef418	True	EXACT_NORMALIZED_ALLELE	PHASE1B_EXACT_NORMALIZED_ALLELE_V1	1.0.0	False	False
736	run-phase1a-60z59-hg002-grch38-v421	event-run-phase1a-60z59-hg002-grch38-v421-record-801	run-phase1a-ru88n-hg002-grch38-v421	event-run-phase1a-ru88n-hg002-grch38-v421-record-807	CROSS_RUN_EQUIVALENCE_UNRESOLVED	GRCh38|chr20|10391952|G|A	GRCh38|chr20|10391951|10391952|G|A	GRCh38|chr20|10391951|10391952|G|A	variant:sha256:1681c201076ed492d21bae6c69e8b2fd2e3f5a22ffb2aeb663453a7ea734f947	variant:sha256:1681c201076ed492d21bae6c69e8b2fd2e3f5a22ffb2aeb663453a7ea734f947	True	EXACT_NORMALIZED_ALLELE	PHASE1B_EXACT_NORMALIZED_ALLELE_V1	1.0.0	False	False
737	run-phase1a-60z59-hg002-grch38-v421	event-run-phase1a-60z59-hg002-grch38-v421-record-802	run-phase1a-ru88n-hg002-grch38-v421	event-run-phase1a-ru88n-hg002-grch38-v421-record-808	CROSS_RUN_EQUIVALENCE_UNRESOLVED	GRCh38|chr20|10391991|G|A	GRCh38|chr20|10391990|10391991|G|A	GRCh38|chr20|10391990|10391991|G|A	variant:sha256:0bc5a1e0b57c17b96178c4bfaec880c1b903a29977847c094bdd3262ceb88ec1	variant:sha256:0bc5a1e0b57c17b96178c4bfaec880c1b903a29977847c094bdd3262ceb88ec1	True	EXACT_NORMALIZED_ALLELE	PHASE1B_EXACT_NORMALIZED_ALLELE_V1	1.0.0	False	False
738	run-phase1a-60z59-hg002-grch38-v421	event-run-phase1a-60z59-hg002-grch38-v421-record-804	run-phase1a-ru88n-hg002-grch38-v421	event-run-phase1a-ru88n-hg002-grch38-v421-record-809	CROSS_RUN_EQUIVALENCE_UNRESOLVED	GRCh38|chr20|10394239|C|CTATTAT	GRCh38|chr20|10394238|10394239|C|CTATTAT	GRCh38|chr20|10394238|10394239|C|CTATTAT	variant:sha256:998cd99fc461fc8d9931f4ec1609419c8b83c5a2179795c52b6e4059ff97a13d	variant:sha256:998cd99fc461fc8d9931f4ec1609419c8b83c5a2179795c52b6e4059ff97a13d	True	EXACT_NORMALIZED_ALLELE	PHASE1B_EXACT_NORMALIZED_ALLELE_V1	1.0.0	False	False
739	run-phase1a-60z59-hg002-grch38-v421	event-run-phase1a-60z59-hg002-grch38-v421-record-805	run-phase1a-ru88n-hg002-grch38-v421	event-run-phase1a-ru88n-hg002-grch38-v421-record-810	CROSS_RUN_EQUIVALENCE_UNRESOLVED	GRCh38|chr20|10395493|G|A	GRCh38|chr20|10395492|10395493|G|A	GRCh38|chr20|10395492|10395493|G|A	variant:sha256:fbd780ffb721e59cffc529c979b6816500f3f8198ed94bc158a3c0234688664e	variant:sha256:fbd780ffb721e59cffc529c979b6816500f3f8198ed94bc158a3c0234688664e	True	EXACT_NORMALIZED_ALLELE	PHASE1B_EXACT_NORMALIZED_ALLELE_V1	1.0.0	False	False
740	run-phase1a-60z59-hg002-grch38-v421	event-run-phase1a-60z59-hg002-grch38-v421-record-806	run-phase1a-ru88n-hg002-grch38-v421	event-run-phase1a-ru88n-hg002-grch38-v421-record-811	CROSS_RUN_EQUIVALENCE_UNRESOLVED	GRCh38|chr20|10395807|T|G	GRCh38|chr20|10395806|10395807|T|G	GRCh38|chr20|10395806|10395807|T|G	variant:sha256:6f93178ea614178a286eff9869cb2926139965b4582a8a6cd9af3569fb5ec692	variant:sha256:6f93178ea614178a286eff9869cb2926139965b4582a8a6cd9af3569fb5ec692	True	EXACT_NORMALIZED_ALLELE	PHASE1B_EXACT_NORMALIZED_ALLELE_V1	1.0.0	False	False
741	run-phase1a-60z59-hg002-grch38-v421	event-run-phase1a-60z59-hg002-grch38-v421-record-807	run-phase1a-ru88n-hg002-grch38-v421	event-run-phase1a-ru88n-hg002-grch38-v421-record-812	CROSS_RUN_EQUIVALENCE_UNRESOLVED	GRCh38|chr20|10399883|C|T	GRCh38|chr20|10399882|10399883|C|T	GRCh38|chr20|10399882|10399883|C|T	variant:sha256:75b57a0a0e12723b0b142ba1e221d711f8a071574df6c0359ef7af8994a906cc	variant:sha256:75b57a0a0e12723b0b142ba1e221d711f8a071574df6c0359ef7af8994a906cc	True	EXACT_NORMALIZED_ALLELE	PHASE1B_EXACT_NORMALIZED_ALLELE_V1	1.0.0	False	False
742	run-phase1a-60z59-hg002-grch38-v421	event-run-phase1a-60z59-hg002-grch38-v421-record-808	run-phase1a-ru88n-hg002-grch38-v421	event-run-phase1a-ru88n-hg002-grch38-v421-record-813	CROSS_RUN_EQUIVALENCE_UNRESOLVED	GRCh38|chr20|10404171|C|T	GRCh38|chr20|10404170|10404171|C|T	GRCh38|chr20|10404170|10404171|C|T	variant:sha256:0f8a444fcb83caa220f3141ff920f321c13a8f6289f5b1791a7ad68c811ee7ef	variant:sha256:0f8a444fcb83caa220f3141ff920f321c13a8f6289f5b1791a7ad68c811ee7ef	True	EXACT_NORMALIZED_ALLELE	PHASE1B_EXACT_NORMALIZED_ALLELE_V1	1.0.0	False	False
743	run-phase1a-60z59-hg002-grch38-v421	event-run-phase1a-60z59-hg002-grch38-v421-record-809	run-phase1a-ru88n-hg002-grch38-v421	event-run-phase1a-ru88n-hg002-grch38-v421-record-814	CROSS_RUN_EQUIVALENCE_UNRESOLVED	GRCh38|chr20|10409800|G|A	GRCh38|chr20|10409799|10409800|G|A	GRCh38|chr20|10409799|10409800|G|A	variant:sha256:5a37b315216c8bfb7dff1cc96ca298a06be7497a56a01f532422edecbb1971e5	variant:sha256:5a37b315216c8bfb7dff1cc96ca298a06be7497a56a01f532422edecbb1971e5	True	EXACT_NORMALIZED_ALLELE	PHASE1B_EXACT_NORMALIZED_ALLELE_V1	1.0.0	False	False
744	run-phase1a-60z59-hg002-grch38-v421	event-run-phase1a-60z59-hg002-grch38-v421-record-811	run-phase1a-ru88n-hg002-grch38-v421	event-run-phase1a-ru88n-hg002-grch38-v421-record-817	CROSS_RUN_EQUIVALENCE_UNRESOLVED	GRCh38|chr20|10410198|A|C	GRCh38|chr20|10410197|10410198|A|C	GRCh38|chr20|10410197|10410198|A|C	variant:sha256:4ee841cb07b5a18dfede7f321c9a0f9379587ff8e8fbf7542b3b7f4311c84c1e	variant:sha256:4ee841cb07b5a18dfede7f321c9a0f9379587ff8e8fbf7542b3b7f4311c84c1e	True	EXACT_NORMALIZED_ALLELE	PHASE1B_EXACT_NORMALIZED_ALLELE_V1	1.0.0	False	False
745	run-phase1a-60z59-hg002-grch38-v421	event-run-phase1a-60z59-hg002-grch38-v421-record-812	run-phase1a-ru88n-hg002-grch38-v421	event-run-phase1a-ru88n-hg002-grch38-v421-record-818	CROSS_RUN_EQUIVALENCE_UNRESOLVED	GRCh38|chr20|10410206|G|A	GRCh38|chr20|10410205|10410206|G|A	GRCh38|chr20|10410205|10410206|G|A	variant:sha256:eaa6be4d2b372d3f2dd4e4dc227d4200fc86cd998ef616480790d1a3bc1024ca	variant:sha256:eaa6be4d2b372d3f2dd4e4dc227d4200fc86cd998ef616480790d1a3bc1024ca	True	EXACT_NORMALIZED_ALLELE	PHASE1B_EXACT_NORMALIZED_ALLELE_V1	1.0.0	False	False
746	run-phase1a-60z59-hg002-grch38-v421	event-run-phase1a-60z59-hg002-grch38-v421-record-813	run-phase1a-ru88n-hg002-grch38-v421	event-run-phase1a-ru88n-hg002-grch38-v421-record-820	CROSS_RUN_EQUIVALENCE_UNRESOLVED	GRCh38|chr20|10411947|A|G	GRCh38|chr20|10411946|10411947|A|G	GRCh38|chr20|10411946|10411947|A|G	variant:sha256:c6cc25a0ae4dc7b75213cf7a227b632ff81e2d293c3526074ab54f469ebc74e6	variant:sha256:c6cc25a0ae4dc7b75213cf7a227b632ff81e2d293c3526074ab54f469ebc74e6	True	EXACT_NORMALIZED_ALLELE	PHASE1B_EXACT_NORMALIZED_ALLELE_V1	1.0.0	False	False
747	run-phase1a-60z59-hg002-grch38-v421	event-run-phase1a-60z59-hg002-grch38-v421-record-814	run-phase1a-ru88n-hg002-grch38-v421	event-run-phase1a-ru88n-hg002-grch38-v421-record-821	CROSS_RUN_EQUIVALENCE_UNRESOLVED	GRCh38|chr20|10412497|C|G	GRCh38|chr20|10412496|10412497|C|G	GRCh38|chr20|10412496|10412497|C|G	variant:sha256:eb2c05334e3045bf86d7a5e9e3b9686e16fe2e823d95d121841dd38602d4ee5c	variant:sha256:eb2c05334e3045bf86d7a5e9e3b9686e16fe2e823d95d121841dd38602d4ee5c	True	EXACT_NORMALIZED_ALLELE	PHASE1B_EXACT_NORMALIZED_ALLELE_V1	1.0.0	False	False
748	run-phase1a-60z59-hg002-grch38-v421	event-run-phase1a-60z59-hg002-grch38-v421-record-815	run-phase1a-ru88n-hg002-grch38-v421	event-run-phase1a-ru88n-hg002-grch38-v421-record-822	CROSS_RUN_EQUIVALENCE_UNRESOLVED	GRCh38|chr20|10417245|TA|T	GRCh38|chr20|10417244|10417246|TA|T	GRCh38|chr20|10417244|10417246|TA|T	variant:sha256:2afb82d067710b6606ebf9b91e4f055efb051789446b1a020a357ba79e7c62aa	variant:sha256:2afb82d067710b6606ebf9b91e4f055efb051789446b1a020a357ba79e7c62aa	True	EXACT_NORMALIZED_ALLELE	PHASE1B_EXACT_NORMALIZED_ALLELE_V1	1.0.0	False	False
749	run-phase1a-60z59-hg002-grch38-v421	event-run-phase1a-60z59-hg002-grch38-v421-record-816	run-phase1a-ru88n-hg002-grch38-v421	event-run-phase1a-ru88n-hg002-grch38-v421-record-823	CROSS_RUN_EQUIVALENCE_UNRESOLVED	GRCh38|chr20|10417671|TA|T	GRCh38|chr20|10417670|10417672|TA|T	GRCh38|chr20|10417670|10417672|TA|T	variant:sha256:e1cfe51166f0ec8ac0c2417828a75b6c7c94f8519d4838194ede9d4914c2a70f	variant:sha256:e1cfe51166f0ec8ac0c2417828a75b6c7c94f8519d4838194ede9d4914c2a70f	True	EXACT_NORMALIZED_ALLELE	PHASE1B_EXACT_NORMALIZED_ALLELE_V1	1.0.0	False	False
750	run-phase1a-60z59-hg002-grch38-v421	event-run-phase1a-60z59-hg002-grch38-v421-record-817	run-phase1a-ru88n-hg002-grch38-v421	event-run-phase1a-ru88n-hg002-grch38-v421-record-825	CROSS_RUN_EQUIVALENCE_UNRESOLVED	GRCh38|chr20|10424679|T|G	GRCh38|chr20|10424678|10424679|T|G	GRCh38|chr20|10424678|10424679|T|G	variant:sha256:f49ebf502ebe99a7d5d7ee505e7f84366a33939e59cbb97e06a170fa90fe5ada	variant:sha256:f49ebf502ebe99a7d5d7ee505e7f84366a33939e59cbb97e06a170fa90fe5ada	True	EXACT_NORMALIZED_ALLELE	PHASE1B_EXACT_NORMALIZED_ALLELE_V1	1.0.0	False	False
751	run-phase1a-60z59-hg002-grch38-v421	event-run-phase1a-60z59-hg002-grch38-v421-record-818	run-phase1a-ru88n-hg002-grch38-v421	event-run-phase1a-ru88n-hg002-grch38-v421-record-826	CROSS_RUN_EQUIVALENCE_UNRESOLVED	GRCh38|chr20|10424960|G|T	GRCh38|chr20|10424959|10424960|G|T	GRCh38|chr20|10424959|10424960|G|T	variant:sha256:c4d611baf81e2c8904c5c67b72e29a90c7e3bb936cffbe846e84e0a749158bfd	variant:sha256:c4d611baf81e2c8904c5c67b72e29a90c7e3bb936cffbe846e84e0a749158bfd	True	EXACT_NORMALIZED_ALLELE	PHASE1B_EXACT_NORMALIZED_ALLELE_V1	1.0.0	False	False
752	run-phase1a-60z59-hg002-grch38-v421	event-run-phase1a-60z59-hg002-grch38-v421-record-819	run-phase1a-ru88n-hg002-grch38-v421	event-run-phase1a-ru88n-hg002-grch38-v421-record-827	CROSS_RUN_EQUIVALENCE_UNRESOLVED	GRCh38|chr20|10426642|T|C	GRCh38|chr20|10426641|10426642|T|C	GRCh38|chr20|10426641|10426642|T|C	variant:sha256:ccd6deb99466a0f78d10586d9da2ece3fc8273394590774192ca007c09e92ebc	variant:sha256:ccd6deb99466a0f78d10586d9da2ece3fc8273394590774192ca007c09e92ebc	True	EXACT_NORMALIZED_ALLELE	PHASE1B_EXACT_NORMALIZED_ALLELE_V1	1.0.0	False	False
753	run-phase1a-60z59-hg002-grch38-v421	event-run-phase1a-60z59-hg002-grch38-v421-record-822	run-phase1a-ru88n-hg002-grch38-v421	event-run-phase1a-ru88n-hg002-grch38-v421-record-829	CROSS_RUN_EQUIVALENCE_UNRESOLVED	GRCh38|chr20|10428616|A|G	GRCh38|chr20|10428615|10428616|A|G	GRCh38|chr20|10428615|10428616|A|G	variant:sha256:207ea158e1b773a6011803109f3f4fa0a4d99745b87a44a9af125316e4ab2ae9	variant:sha256:207ea158e1b773a6011803109f3f4fa0a4d99745b87a44a9af125316e4ab2ae9	True	EXACT_NORMALIZED_ALLELE	PHASE1B_EXACT_NORMALIZED_ALLELE_V1	1.0.0	False	False
754	run-phase1a-60z59-hg002-grch38-v421	event-run-phase1a-60z59-hg002-grch38-v421-record-823	run-phase1a-ru88n-hg002-grch38-v421	event-run-phase1a-ru88n-hg002-grch38-v421-record-830	CROSS_RUN_EQUIVALENCE_UNRESOLVED	GRCh38|chr20|10428843|CAATA|C	GRCh38|chr20|10428842|10428847|CAATA|C	GRCh38|chr20|10428842|10428847|CAATA|C	variant:sha256:7bb26bd72cc078c8884e7b070b26b9c9222c5127f3ded33719257a8e90763d53	variant:sha256:7bb26bd72cc078c8884e7b070b26b9c9222c5127f3ded33719257a8e90763d53	True	EXACT_NORMALIZED_ALLELE	PHASE1B_EXACT_NORMALIZED_ALLELE_V1	1.0.0	False	False
755	run-phase1a-60z59-hg002-grch38-v421	event-run-phase1a-60z59-hg002-grch38-v421-record-824	run-phase1a-ru88n-hg002-grch38-v421	event-run-phase1a-ru88n-hg002-grch38-v421-record-831	CROSS_RUN_EQUIVALENCE_UNRESOLVED	GRCh38|chr20|10429137|C|T	GRCh38|chr20|10429136|10429137|C|T	GRCh38|chr20|10429136|10429137|C|T	variant:sha256:18164585d0a473b53fa53b8a4262c23b84c2977f100584b7344488a1330fd895	variant:sha256:18164585d0a473b53fa53b8a4262c23b84c2977f100584b7344488a1330fd895	True	EXACT_NORMALIZED_ALLELE	PHASE1B_EXACT_NORMALIZED_ALLELE_V1	1.0.0	False	False
756	run-phase1a-60z59-hg002-grch38-v421	event-run-phase1a-60z59-hg002-grch38-v421-record-825	run-phase1a-ru88n-hg002-grch38-v421	event-run-phase1a-ru88n-hg002-grch38-v421-record-832	CROSS_RUN_EQUIVALENCE_UNRESOLVED	GRCh38|chr20|10429846|C|T	GRCh38|chr20|10429845|10429846|C|T	GRCh38|chr20|10429845|10429846|C|T	variant:sha256:693579034c35b42e7c543f3a5d2be62de9a8472880a2f9192901f3fdd5367729	variant:sha256:693579034c35b42e7c543f3a5d2be62de9a8472880a2f9192901f3fdd5367729	True	EXACT_NORMALIZED_ALLELE	PHASE1B_EXACT_NORMALIZED_ALLELE_V1	1.0.0	False	False
757	run-phase1a-60z59-hg002-grch38-v421	event-run-phase1a-60z59-hg002-grch38-v421-record-826	run-phase1a-ru88n-hg002-grch38-v421	event-run-phase1a-ru88n-hg002-grch38-v421-record-833	CROSS_RUN_EQUIVALENCE_UNRESOLVED	GRCh38|chr20|10431527|AAAACCAAACC|A	GRCh38|chr20|10431526|10431537|AAAACCAAACC|A	GRCh38|chr20|10431526|10431537|AAAACCAAACC|A	variant:sha256:4fda0ee69dc36a13ade68d4aee12268b4e66270e943fc9acaa93fc6bcb3660d1	variant:sha256:4fda0ee69dc36a13ade68d4aee12268b4e66270e943fc9acaa93fc6bcb3660d1	True	EXACT_NORMALIZED_ALLELE	PHASE1B_EXACT_NORMALIZED_ALLELE_V1	1.0.0	False	False
758	run-phase1a-60z59-hg002-grch38-v421	event-run-phase1a-60z59-hg002-grch38-v421-record-827	run-phase1a-ru88n-hg002-grch38-v421	event-run-phase1a-ru88n-hg002-grch38-v421-record-834	CROSS_RUN_EQUIVALENCE_UNRESOLVED	GRCh38|chr20|10431948|C|CAT	GRCh38|chr20|10431947|10431948|C|CAT	GRCh38|chr20|10431947|10431948|C|CAT	variant:sha256:f36be89d592a7b76442c9ae256e0ff46e988737c474e087ef953297cb576863a	variant:sha256:f36be89d592a7b76442c9ae256e0ff46e988737c474e087ef953297cb576863a	True	EXACT_NORMALIZED_ALLELE	PHASE1B_EXACT_NORMALIZED_ALLELE_V1	1.0.0	False	False
759	run-phase1a-60z59-hg002-grch38-v421	event-run-phase1a-60z59-hg002-grch38-v421-record-829	run-phase1a-ru88n-hg002-grch38-v421	event-run-phase1a-ru88n-hg002-grch38-v421-record-835	CROSS_RUN_EQUIVALENCE_UNRESOLVED	GRCh38|chr20|10436038|A|AT	GRCh38|chr20|10436037|10436038|A|AT	GRCh38|chr20|10436037|10436038|A|AT	variant:sha256:4c84c4d0b7deef3123d7e17a4e0c01d3a4e03d683c5a844bdc81b98a5043f1c1	variant:sha256:4c84c4d0b7deef3123d7e17a4e0c01d3a4e03d683c5a844bdc81b98a5043f1c1	True	EXACT_NORMALIZED_ALLELE	PHASE1B_EXACT_NORMALIZED_ALLELE_V1	1.0.0	False	False
760	run-phase1a-60z59-hg002-grch38-v421	event-run-phase1a-60z59-hg002-grch38-v421-record-830	run-phase1a-ru88n-hg002-grch38-v421	event-run-phase1a-ru88n-hg002-grch38-v421-record-836	CROSS_RUN_EQUIVALENCE_UNRESOLVED	GRCh38|chr20|10436364|CT|C	GRCh38|chr20|10436363|10436365|CT|C	GRCh38|chr20|10436363|10436365|CT|C	variant:sha256:438dd306f40876971973a8241082f4789b8cd20945855fb9ca6077e46f4e89be	variant:sha256:438dd306f40876971973a8241082f4789b8cd20945855fb9ca6077e46f4e89be	True	EXACT_NORMALIZED_ALLELE	PHASE1B_EXACT_NORMALIZED_ALLELE_V1	1.0.0	False	False
761	run-phase1a-60z59-hg002-grch38-v421	event-run-phase1a-60z59-hg002-grch38-v421-record-831	run-phase1a-ru88n-hg002-grch38-v421	event-run-phase1a-ru88n-hg002-grch38-v421-record-837	CROSS_RUN_EQUIVALENCE_UNRESOLVED	GRCh38|chr20|10436844|A|T	GRCh38|chr20|10436843|10436844|A|T	GRCh38|chr20|10436843|10436844|A|T	variant:sha256:80fdaed0271f3aa27ccd5a16ac13d1764b68d90d2a26f99a3677c3d40fb3c0d4	variant:sha256:80fdaed0271f3aa27ccd5a16ac13d1764b68d90d2a26f99a3677c3d40fb3c0d4	True	EXACT_NORMALIZED_ALLELE	PHASE1B_EXACT_NORMALIZED_ALLELE_V1	1.0.0	False	False
762	run-phase1a-60z59-hg002-grch38-v421	event-run-phase1a-60z59-hg002-grch38-v421-record-832	run-phase1a-ru88n-hg002-grch38-v421	event-run-phase1a-ru88n-hg002-grch38-v421-record-838	CROSS_RUN_EQUIVALENCE_UNRESOLVED	GRCh38|chr20|10437680|A|G	GRCh38|chr20|10437679|10437680|A|G	GRCh38|chr20|10437679|10437680|A|G	variant:sha256:caa51d65f93a7568af05847ef1574bc69ec1380496b607acf6a1a0d3130010b1	variant:sha256:caa51d65f93a7568af05847ef1574bc69ec1380496b607acf6a1a0d3130010b1	True	EXACT_NORMALIZED_ALLELE	PHASE1B_EXACT_NORMALIZED_ALLELE_V1	1.0.0	False	False
763	run-phase1a-60z59-hg002-grch38-v421	event-run-phase1a-60z59-hg002-grch38-v421-record-833	run-phase1a-ru88n-hg002-grch38-v421	event-run-phase1a-ru88n-hg002-grch38-v421-record-839	CROSS_RUN_EQUIVALENCE_UNRESOLVED	GRCh38|chr20|10438153|G|A	GRCh38|chr20|10438152|10438153|G|A	GRCh38|chr20|10438152|10438153|G|A	variant:sha256:89faa75abbc3eff0ef5bbd496218d7ce225faf46094943e6af3e134485fc80e1	variant:sha256:89faa75abbc3eff0ef5bbd496218d7ce225faf46094943e6af3e134485fc80e1	True	EXACT_NORMALIZED_ALLELE	PHASE1B_EXACT_NORMALIZED_ALLELE_V1	1.0.0	False	False
764	run-phase1a-60z59-hg002-grch38-v421	event-run-phase1a-60z59-hg002-grch38-v421-record-834	run-phase1a-ru88n-hg002-grch38-v421	event-run-phase1a-ru88n-hg002-grch38-v421-record-840	CROSS_RUN_EQUIVALENCE_UNRESOLVED	GRCh38|chr20|10438433|G|A	GRCh38|chr20|10438432|10438433|G|A	GRCh38|chr20|10438432|10438433|G|A	variant:sha256:5889cb564f210ba5d49dfb14063b9b8e97be8645207b1315ae5b1a4cd6526e44	variant:sha256:5889cb564f210ba5d49dfb14063b9b8e97be8645207b1315ae5b1a4cd6526e44	True	EXACT_NORMALIZED_ALLELE	PHASE1B_EXACT_NORMALIZED_ALLELE_V1	1.0.0	False	False
765	run-phase1a-60z59-hg002-grch38-v421	event-run-phase1a-60z59-hg002-grch38-v421-record-835	run-phase1a-ru88n-hg002-grch38-v421	event-run-phase1a-ru88n-hg002-grch38-v421-record-841	CROSS_RUN_EQUIVALENCE_UNRESOLVED	GRCh38|chr20|10439293|C|T	GRCh38|chr20|10439292|10439293|C|T	GRCh38|chr20|10439292|10439293|C|T	variant:sha256:b60693177d2f09f9282a9edd756285acd74ee3a6a503bd7ea812edd3664a881c	variant:sha256:b60693177d2f09f9282a9edd756285acd74ee3a6a503bd7ea812edd3664a881c	True	EXACT_NORMALIZED_ALLELE	PHASE1B_EXACT_NORMALIZED_ALLELE_V1	1.0.0	False	False
766	run-phase1a-60z59-hg002-grch38-v421	event-run-phase1a-60z59-hg002-grch38-v421-record-836	run-phase1a-ru88n-hg002-grch38-v421	event-run-phase1a-ru88n-hg002-grch38-v421-record-842	CROSS_RUN_EQUIVALENCE_UNRESOLVED	GRCh38|chr20|10439606|C|A	GRCh38|chr20|10439605|10439606|C|A	GRCh38|chr20|10439605|10439606|C|A	variant:sha256:5a1f261e37c69108523b759c20d6c61b0ccbe3fb6ae1ae43d146f4836e2d49c3	variant:sha256:5a1f261e37c69108523b759c20d6c61b0ccbe3fb6ae1ae43d146f4836e2d49c3	True	EXACT_NORMALIZED_ALLELE	PHASE1B_EXACT_NORMALIZED_ALLELE_V1	1.0.0	False	False
767	run-phase1a-60z59-hg002-grch38-v421	event-run-phase1a-60z59-hg002-grch38-v421-record-837	run-phase1a-ru88n-hg002-grch38-v421	event-run-phase1a-ru88n-hg002-grch38-v421-record-843	CROSS_RUN_EQUIVALENCE_UNRESOLVED	GRCh38|chr20|10440147|A|T	GRCh38|chr20|10440146|10440147|A|T	GRCh38|chr20|10440146|10440147|A|T	variant:sha256:d2a5933c97b0ff6439c3334b9c900bcc85d994913055077f6091e0c071f94e03	variant:sha256:d2a5933c97b0ff6439c3334b9c900bcc85d994913055077f6091e0c071f94e03	True	EXACT_NORMALIZED_ALLELE	PHASE1B_EXACT_NORMALIZED_ALLELE_V1	1.0.0	False	False
768	run-phase1a-60z59-hg002-grch38-v421	event-run-phase1a-60z59-hg002-grch38-v421-record-838	run-phase1a-ru88n-hg002-grch38-v421	event-run-phase1a-ru88n-hg002-grch38-v421-record-844	CROSS_RUN_EQUIVALENCE_UNRESOLVED	GRCh38|chr20|10440228|G|A	GRCh38|chr20|10440227|10440228|G|A	GRCh38|chr20|10440227|10440228|G|A	variant:sha256:72936d1b73b8be7f54a3d26c6fc3189c8b0cb3587d1bfc883d0e6cd09e0733d7	variant:sha256:72936d1b73b8be7f54a3d26c6fc3189c8b0cb3587d1bfc883d0e6cd09e0733d7	True	EXACT_NORMALIZED_ALLELE	PHASE1B_EXACT_NORMALIZED_ALLELE_V1	1.0.0	False	False
769	run-phase1a-60z59-hg002-grch38-v421	event-run-phase1a-60z59-hg002-grch38-v421-record-839	run-phase1a-ru88n-hg002-grch38-v421	event-run-phase1a-ru88n-hg002-grch38-v421-record-845	CROSS_RUN_EQUIVALENCE_UNRESOLVED	GRCh38|chr20|10440323|T|C	GRCh38|chr20|10440322|10440323|T|C	GRCh38|chr20|10440322|10440323|T|C	variant:sha256:5d23ba970f8c5925e49a47a0a975533c8f172ebe3ee0ef3053269ee66bd7924b	variant:sha256:5d23ba970f8c5925e49a47a0a975533c8f172ebe3ee0ef3053269ee66bd7924b	True	EXACT_NORMALIZED_ALLELE	PHASE1B_EXACT_NORMALIZED_ALLELE_V1	1.0.0	False	False
770	run-phase1a-60z59-hg002-grch38-v421	event-run-phase1a-60z59-hg002-grch38-v421-record-840	run-phase1a-ru88n-hg002-grch38-v421	event-run-phase1a-ru88n-hg002-grch38-v421-record-846	CROSS_RUN_EQUIVALENCE_UNRESOLVED	GRCh38|chr20|10440382|G|A	GRCh38|chr20|10440381|10440382|G|A	GRCh38|chr20|10440381|10440382|G|A	variant:sha256:4ebdd044217aedc6b674cc5d4846de864028d4c20600cd376a0cf616987333f7	variant:sha256:4ebdd044217aedc6b674cc5d4846de864028d4c20600cd376a0cf616987333f7	True	EXACT_NORMALIZED_ALLELE	PHASE1B_EXACT_NORMALIZED_ALLELE_V1	1.0.0	False	False
771	run-phase1a-60z59-hg002-grch38-v421	event-run-phase1a-60z59-hg002-grch38-v421-record-841	run-phase1a-ru88n-hg002-grch38-v421	event-run-phase1a-ru88n-hg002-grch38-v421-record-847	CROSS_RUN_EQUIVALENCE_UNRESOLVED	GRCh38|chr20|10440479|T|A	GRCh38|chr20|10440478|10440479|T|A	GRCh38|chr20|10440478|10440479|T|A	variant:sha256:af11d39e30146e3d6369d4c7ca55633361e3fea705b4bda678a6399af6a41598	variant:sha256:af11d39e30146e3d6369d4c7ca55633361e3fea705b4bda678a6399af6a41598	True	EXACT_NORMALIZED_ALLELE	PHASE1B_EXACT_NORMALIZED_ALLELE_V1	1.0.0	False	False
772	run-phase1a-60z59-hg002-grch38-v421	event-run-phase1a-60z59-hg002-grch38-v421-record-842	run-phase1a-ru88n-hg002-grch38-v421	event-run-phase1a-ru88n-hg002-grch38-v421-record-848	CROSS_RUN_EQUIVALENCE_UNRESOLVED	GRCh38|chr20|10441705|G|T	GRCh38|chr20|10441704|10441705|G|T	GRCh38|chr20|10441704|10441705|G|T	variant:sha256:286ec9c24ac8ae5ec0ba14854ae876ea3daf4cf31f5723c91c9fff45a9fd4c30	variant:sha256:286ec9c24ac8ae5ec0ba14854ae876ea3daf4cf31f5723c91c9fff45a9fd4c30	True	EXACT_NORMALIZED_ALLELE	PHASE1B_EXACT_NORMALIZED_ALLELE_V1	1.0.0	False	False
773	run-phase1a-60z59-hg002-grch38-v421	event-run-phase1a-60z59-hg002-grch38-v421-record-843	run-phase1a-ru88n-hg002-grch38-v421	event-run-phase1a-ru88n-hg002-grch38-v421-record-849	CROSS_RUN_EQUIVALENCE_UNRESOLVED	GRCh38|chr20|10441731|G|GTT	GRCh38|chr20|10441730|10441731|G|GTT	GRCh38|chr20|10441730|10441731|G|GTT	variant:sha256:2e9f4c235d8c73aff88b94019b149906ce28eed270e51a458c4fc34c0accdc09	variant:sha256:2e9f4c235d8c73aff88b94019b149906ce28eed270e51a458c4fc34c0accdc09	True	EXACT_NORMALIZED_ALLELE	PHASE1B_EXACT_NORMALIZED_ALLELE_V1	1.0.0	False	False
774	run-phase1a-60z59-hg002-grch38-v421	event-run-phase1a-60z59-hg002-grch38-v421-record-844	run-phase1a-ru88n-hg002-grch38-v421	event-run-phase1a-ru88n-hg002-grch38-v421-record-850	CROSS_RUN_EQUIVALENCE_UNRESOLVED	GRCh38|chr20|10441927|G|A	GRCh38|chr20|10441926|10441927|G|A	GRCh38|chr20|10441926|10441927|G|A	variant:sha256:aa10516d5eb767260788707b1113c8e14f78fe5e04d590cf4b1d7a6777df0be3	variant:sha256:aa10516d5eb767260788707b1113c8e14f78fe5e04d590cf4b1d7a6777df0be3	True	EXACT_NORMALIZED_ALLELE	PHASE1B_EXACT_NORMALIZED_ALLELE_V1	1.0.0	False	False
775	run-phase1a-60z59-hg002-grch38-v421	event-run-phase1a-60z59-hg002-grch38-v421-record-845	run-phase1a-ru88n-hg002-grch38-v421	event-run-phase1a-ru88n-hg002-grch38-v421-record-851	CROSS_RUN_EQUIVALENCE_UNRESOLVED	GRCh38|chr20|10442361|A|G	GRCh38|chr20|10442360|10442361|A|G	GRCh38|chr20|10442360|10442361|A|G	variant:sha256:2e7b15564744a6786a4018bcf6384a4caa5eeefeb2e7f4af5d973638251f8986	variant:sha256:2e7b15564744a6786a4018bcf6384a4caa5eeefeb2e7f4af5d973638251f8986	True	EXACT_NORMALIZED_ALLELE	PHASE1B_EXACT_NORMALIZED_ALLELE_V1	1.0.0	False	False
776	run-phase1a-60z59-hg002-grch38-v421	event-run-phase1a-60z59-hg002-grch38-v421-record-846	run-phase1a-ru88n-hg002-grch38-v421	event-run-phase1a-ru88n-hg002-grch38-v421-record-852	CROSS_RUN_EQUIVALENCE_UNRESOLVED	GRCh38|chr20|10442552|T|C	GRCh38|chr20|10442551|10442552|T|C	GRCh38|chr20|10442551|10442552|T|C	variant:sha256:516194759e1d5847db6f734576181f30d2e0ac836e3afa44fe5bbe9b87faf57f	variant:sha256:516194759e1d5847db6f734576181f30d2e0ac836e3afa44fe5bbe9b87faf57f	True	EXACT_NORMALIZED_ALLELE	PHASE1B_EXACT_NORMALIZED_ALLELE_V1	1.0.0	False	False
777	run-phase1a-60z59-hg002-grch38-v421	event-run-phase1a-60z59-hg002-grch38-v421-record-847	run-phase1a-ru88n-hg002-grch38-v421	event-run-phase1a-ru88n-hg002-grch38-v421-record-853	CROSS_RUN_EQUIVALENCE_UNRESOLVED	GRCh38|chr20|10443105|A|G	GRCh38|chr20|10443104|10443105|A|G	GRCh38|chr20|10443104|10443105|A|G	variant:sha256:e087dd5e066f517f596c22a9c3116b92f75cf40d17c55bbbd181856c40b0bbfa	variant:sha256:e087dd5e066f517f596c22a9c3116b92f75cf40d17c55bbbd181856c40b0bbfa	True	EXACT_NORMALIZED_ALLELE	PHASE1B_EXACT_NORMALIZED_ALLELE_V1	1.0.0	False	False
778	run-phase1a-60z59-hg002-grch38-v421	event-run-phase1a-60z59-hg002-grch38-v421-record-848	run-phase1a-ru88n-hg002-grch38-v421	event-run-phase1a-ru88n-hg002-grch38-v421-record-854	CROSS_RUN_EQUIVALENCE_UNRESOLVED	GRCh38|chr20|10443550|G|A	GRCh38|chr20|10443549|10443550|G|A	GRCh38|chr20|10443549|10443550|G|A	variant:sha256:92df197a96163c81bf70c5128e50564c6117af330f7433286e774f90dac6b85a	variant:sha256:92df197a96163c81bf70c5128e50564c6117af330f7433286e774f90dac6b85a	True	EXACT_NORMALIZED_ALLELE	PHASE1B_EXACT_NORMALIZED_ALLELE_V1	1.0.0	False	False
779	run-phase1a-60z59-hg002-grch38-v421	event-run-phase1a-60z59-hg002-grch38-v421-record-849	run-phase1a-ru88n-hg002-grch38-v421	event-run-phase1a-ru88n-hg002-grch38-v421-record-855	CROSS_RUN_EQUIVALENCE_UNRESOLVED	GRCh38|chr20|10443918|A|G	GRCh38|chr20|10443917|10443918|A|G	GRCh38|chr20|10443917|10443918|A|G	variant:sha256:21381e4f227f622c25fbfc81e6a6fa7a38a9628893c8422370319307cec24a5f	variant:sha256:21381e4f227f622c25fbfc81e6a6fa7a38a9628893c8422370319307cec24a5f	True	EXACT_NORMALIZED_ALLELE	PHASE1B_EXACT_NORMALIZED_ALLELE_V1	1.0.0	False	False
780	run-phase1a-60z59-hg002-grch38-v421	event-run-phase1a-60z59-hg002-grch38-v421-record-850	run-phase1a-ru88n-hg002-grch38-v421	event-run-phase1a-ru88n-hg002-grch38-v421-record-856	CROSS_RUN_EQUIVALENCE_UNRESOLVED	GRCh38|chr20|10444063|T|C	GRCh38|chr20|10444062|10444063|T|C	GRCh38|chr20|10444062|10444063|T|C	variant:sha256:3b4fbe0638a938d69c84e552c74e218355283d1ea5dcbab49e6b9a728d9422d6	variant:sha256:3b4fbe0638a938d69c84e552c74e218355283d1ea5dcbab49e6b9a728d9422d6	True	EXACT_NORMALIZED_ALLELE	PHASE1B_EXACT_NORMALIZED_ALLELE_V1	1.0.0	False	False
781	run-phase1a-60z59-hg002-grch38-v421	event-run-phase1a-60z59-hg002-grch38-v421-record-851	run-phase1a-ru88n-hg002-grch38-v421	event-run-phase1a-ru88n-hg002-grch38-v421-record-857	CROSS_RUN_EQUIVALENCE_UNRESOLVED	GRCh38|chr20|10444207|A|AGGGGTGTCCTCAGGATAACCCTTTCTTT	GRCh38|chr20|10444206|10444207|A|AGGGGTGTCCTCAGGATAACCCTTTCTTT	GRCh38|chr20|10444206|10444207|A|AGGGGTGTCCTCAGGATAACCCTTTCTTT	variant:sha256:c693d8439193438bfe40bb390f7c5a1ad882d4d45d811b80fa301f388de08fab	variant:sha256:c693d8439193438bfe40bb390f7c5a1ad882d4d45d811b80fa301f388de08fab	True	EXACT_NORMALIZED_ALLELE	PHASE1B_EXACT_NORMALIZED_ALLELE_V1	1.0.0	False	False
782	run-phase1a-60z59-hg002-grch38-v421	event-run-phase1a-60z59-hg002-grch38-v421-record-852	run-phase1a-ru88n-hg002-grch38-v421	event-run-phase1a-ru88n-hg002-grch38-v421-record-858	CROSS_RUN_EQUIVALENCE_UNRESOLVED	GRCh38|chr20|10444399|C|G	GRCh38|chr20|10444398|10444399|C|G	GRCh38|chr20|10444398|10444399|C|G	variant:sha256:7f09087f2a8be98d2315013a648ae831235e2812b2a42e162f873bf19c07fd3e	variant:sha256:7f09087f2a8be98d2315013a648ae831235e2812b2a42e162f873bf19c07fd3e	True	EXACT_NORMALIZED_ALLELE	PHASE1B_EXACT_NORMALIZED_ALLELE_V1	1.0.0	False	False
783	run-phase1a-60z59-hg002-grch38-v421	event-run-phase1a-60z59-hg002-grch38-v421-record-853	run-phase1a-ru88n-hg002-grch38-v421	event-run-phase1a-ru88n-hg002-grch38-v421-record-859	CROSS_RUN_EQUIVALENCE_UNRESOLVED	GRCh38|chr20|10444552|A|G	GRCh38|chr20|10444551|10444552|A|G	GRCh38|chr20|10444551|10444552|A|G	variant:sha256:6a4ac91d8efc0dd6198e5801c163fefbc8c5486bdea1f71ecf37ec43b268a5db	variant:sha256:6a4ac91d8efc0dd6198e5801c163fefbc8c5486bdea1f71ecf37ec43b268a5db	True	EXACT_NORMALIZED_ALLELE	PHASE1B_EXACT_NORMALIZED_ALLELE_V1	1.0.0	False	False
784	run-phase1a-60z59-hg002-grch38-v421	event-run-phase1a-60z59-hg002-grch38-v421-record-854	run-phase1a-ru88n-hg002-grch38-v421	event-run-phase1a-ru88n-hg002-grch38-v421-record-860	CROSS_RUN_EQUIVALENCE_UNRESOLVED	GRCh38|chr20|10444679|A|G	GRCh38|chr20|10444678|10444679|A|G	GRCh38|chr20|10444678|10444679|A|G	variant:sha256:bc5bd05516815ea0014503ddc5dd737c3570d50f821f8e16d8448ad9bdc564d2	variant:sha256:bc5bd05516815ea0014503ddc5dd737c3570d50f821f8e16d8448ad9bdc564d2	True	EXACT_NORMALIZED_ALLELE	PHASE1B_EXACT_NORMALIZED_ALLELE_V1	1.0.0	False	False
785	run-phase1a-60z59-hg002-grch38-v421	event-run-phase1a-60z59-hg002-grch38-v421-record-855	run-phase1a-ru88n-hg002-grch38-v421	event-run-phase1a-ru88n-hg002-grch38-v421-record-861	CROSS_RUN_EQUIVALENCE_UNRESOLVED	GRCh38|chr20|10445182|T|C	GRCh38|chr20|10445181|10445182|T|C	GRCh38|chr20|10445181|10445182|T|C	variant:sha256:aa2281a6fd01de04275338ce36362c50db45ab551b35c1215de11190b9b458dc	variant:sha256:aa2281a6fd01de04275338ce36362c50db45ab551b35c1215de11190b9b458dc	True	EXACT_NORMALIZED_ALLELE	PHASE1B_EXACT_NORMALIZED_ALLELE_V1	1.0.0	False	False
786	run-phase1a-60z59-hg002-grch38-v421	event-run-phase1a-60z59-hg002-grch38-v421-record-857	run-phase1a-ru88n-hg002-grch38-v421	event-run-phase1a-ru88n-hg002-grch38-v421-record-862	CROSS_RUN_EQUIVALENCE_UNRESOLVED	GRCh38|chr20|10445508|A|G	GRCh38|chr20|10445507|10445508|A|G	GRCh38|chr20|10445507|10445508|A|G	variant:sha256:49025321f12c4d8e21d33a135cafb53b638269257330d5498041bed9bfbd9ff4	variant:sha256:49025321f12c4d8e21d33a135cafb53b638269257330d5498041bed9bfbd9ff4	True	EXACT_NORMALIZED_ALLELE	PHASE1B_EXACT_NORMALIZED_ALLELE_V1	1.0.0	False	False
787	run-phase1a-60z59-hg002-grch38-v421	event-run-phase1a-60z59-hg002-grch38-v421-record-858	run-phase1a-ru88n-hg002-grch38-v421	event-run-phase1a-ru88n-hg002-grch38-v421-record-863	CROSS_RUN_EQUIVALENCE_UNRESOLVED	GRCh38|chr20|10445526|A|G	GRCh38|chr20|10445525|10445526|A|G	GRCh38|chr20|10445525|10445526|A|G	variant:sha256:781a5fe410e2d406cec8a7f1db452d1bf9ef3ab6145c1a4ac9a383616d2c46e4	variant:sha256:781a5fe410e2d406cec8a7f1db452d1bf9ef3ab6145c1a4ac9a383616d2c46e4	True	EXACT_NORMALIZED_ALLELE	PHASE1B_EXACT_NORMALIZED_ALLELE_V1	1.0.0	False	False
788	run-phase1a-60z59-hg002-grch38-v421	event-run-phase1a-60z59-hg002-grch38-v421-record-859	run-phase1a-ru88n-hg002-grch38-v421	event-run-phase1a-ru88n-hg002-grch38-v421-record-864	CROSS_RUN_EQUIVALENCE_UNRESOLVED	GRCh38|chr20|10445796|T|G	GRCh38|chr20|10445795|10445796|T|G	GRCh38|chr20|10445795|10445796|T|G	variant:sha256:0713277d37cfbbddce5e2dcf2e10f444a8901fc8e2cc3fbdfe54c60f01f45e3b	variant:sha256:0713277d37cfbbddce5e2dcf2e10f444a8901fc8e2cc3fbdfe54c60f01f45e3b	True	EXACT_NORMALIZED_ALLELE	PHASE1B_EXACT_NORMALIZED_ALLELE_V1	1.0.0	False	False
789	run-phase1a-60z59-hg002-grch38-v421	event-run-phase1a-60z59-hg002-grch38-v421-record-861	run-phase1a-ru88n-hg002-grch38-v421	event-run-phase1a-ru88n-hg002-grch38-v421-record-865	CROSS_RUN_EQUIVALENCE_UNRESOLVED	GRCh38|chr20|10446086|T|A	GRCh38|chr20|10446085|10446086|T|A	GRCh38|chr20|10446085|10446086|T|A	variant:sha256:08a004014fd4298f52ffbac21ea86f1dfa05f905cbbbb0f58b94db1d3f181fca	variant:sha256:08a004014fd4298f52ffbac21ea86f1dfa05f905cbbbb0f58b94db1d3f181fca	True	EXACT_NORMALIZED_ALLELE	PHASE1B_EXACT_NORMALIZED_ALLELE_V1	1.0.0	False	False
790	run-phase1a-60z59-hg002-grch38-v421	event-run-phase1a-60z59-hg002-grch38-v421-record-862	run-phase1a-ru88n-hg002-grch38-v421	event-run-phase1a-ru88n-hg002-grch38-v421-record-866	CROSS_RUN_EQUIVALENCE_UNRESOLVED	GRCh38|chr20|10446327|A|G	GRCh38|chr20|10446326|10446327|A|G	GRCh38|chr20|10446326|10446327|A|G	variant:sha256:b110a5788444c409ba26a1b456740b905811e082133877a458fd4be50fb5a4f4	variant:sha256:b110a5788444c409ba26a1b456740b905811e082133877a458fd4be50fb5a4f4	True	EXACT_NORMALIZED_ALLELE	PHASE1B_EXACT_NORMALIZED_ALLELE_V1	1.0.0	False	False
791	run-phase1a-60z59-hg002-grch38-v421	event-run-phase1a-60z59-hg002-grch38-v421-record-863	run-phase1a-ru88n-hg002-grch38-v421	event-run-phase1a-ru88n-hg002-grch38-v421-record-867	CROSS_RUN_EQUIVALENCE_UNRESOLVED	GRCh38|chr20|10446363|A|G	GRCh38|chr20|10446362|10446363|A|G	GRCh38|chr20|10446362|10446363|A|G	variant:sha256:2d5eab290957793d97e01860767e81800e364b84ef989f996fda778d2ae6f655	variant:sha256:2d5eab290957793d97e01860767e81800e364b84ef989f996fda778d2ae6f655	True	EXACT_NORMALIZED_ALLELE	PHASE1B_EXACT_NORMALIZED_ALLELE_V1	1.0.0	False	False
792	run-phase1a-60z59-hg002-grch38-v421	event-run-phase1a-60z59-hg002-grch38-v421-record-864	run-phase1a-ru88n-hg002-grch38-v421	event-run-phase1a-ru88n-hg002-grch38-v421-record-868	CROSS_RUN_EQUIVALENCE_UNRESOLVED	GRCh38|chr20|10446411|CAAAA|C	GRCh38|chr20|10446410|10446415|CAAAA|C	GRCh38|chr20|10446410|10446415|CAAAA|C	variant:sha256:7a529df64550eac3d89b4c2c66fb83f01272bf2f8d1d58097a13939f1c6592ca	variant:sha256:7a529df64550eac3d89b4c2c66fb83f01272bf2f8d1d58097a13939f1c6592ca	True	EXACT_NORMALIZED_ALLELE	PHASE1B_EXACT_NORMALIZED_ALLELE_V1	1.0.0	False	False
793	run-phase1a-60z59-hg002-grch38-v421	event-run-phase1a-60z59-hg002-grch38-v421-record-865	run-phase1a-ru88n-hg002-grch38-v421	event-run-phase1a-ru88n-hg002-grch38-v421-record-869	CROSS_RUN_EQUIVALENCE_UNRESOLVED	GRCh38|chr20|10446520|T|TTGTAGGTAAGTGCA	GRCh38|chr20|10446519|10446520|T|TTGTAGGTAAGTGCA	GRCh38|chr20|10446519|10446520|T|TTGTAGGTAAGTGCA	variant:sha256:6325b929a0d81e3f61c0189f367970d8af5ff051d78d39760cf8759e929f22c2	variant:sha256:6325b929a0d81e3f61c0189f367970d8af5ff051d78d39760cf8759e929f22c2	True	EXACT_NORMALIZED_ALLELE	PHASE1B_EXACT_NORMALIZED_ALLELE_V1	1.0.0	False	False
794	run-phase1a-60z59-hg002-grch38-v421	event-run-phase1a-60z59-hg002-grch38-v421-record-866	run-phase1a-ru88n-hg002-grch38-v421	event-run-phase1a-ru88n-hg002-grch38-v421-record-870	CROSS_RUN_EQUIVALENCE_UNRESOLVED	GRCh38|chr20|10446724|T|C	GRCh38|chr20|10446723|10446724|T|C	GRCh38|chr20|10446723|10446724|T|C	variant:sha256:4f28474f90df0d69eb018385cb32c96a84137778e8cf97c88e25beae826700cf	variant:sha256:4f28474f90df0d69eb018385cb32c96a84137778e8cf97c88e25beae826700cf	True	EXACT_NORMALIZED_ALLELE	PHASE1B_EXACT_NORMALIZED_ALLELE_V1	1.0.0	False	False
795	run-phase1a-60z59-hg002-grch38-v421	event-run-phase1a-60z59-hg002-grch38-v421-record-867	run-phase1a-ru88n-hg002-grch38-v421	event-run-phase1a-ru88n-hg002-grch38-v421-record-871	CROSS_RUN_EQUIVALENCE_UNRESOLVED	GRCh38|chr20|10446899|TTTC|T	GRCh38|chr20|10446898|10446902|TTTC|T	GRCh38|chr20|10446898|10446902|TTTC|T	variant:sha256:aed12ae98bfeb386dfea599cd6650a255e398d62039dfb2083f39fa8e84968b0	variant:sha256:aed12ae98bfeb386dfea599cd6650a255e398d62039dfb2083f39fa8e84968b0	True	EXACT_NORMALIZED_ALLELE	PHASE1B_EXACT_NORMALIZED_ALLELE_V1	1.0.0	False	False
796	run-phase1a-60z59-hg002-grch38-v421	event-run-phase1a-60z59-hg002-grch38-v421-record-868	run-phase1a-ru88n-hg002-grch38-v421	event-run-phase1a-ru88n-hg002-grch38-v421-record-872	CROSS_RUN_EQUIVALENCE_UNRESOLVED	GRCh38|chr20|10447290|G|GT	GRCh38|chr20|10447289|10447290|G|GT	GRCh38|chr20|10447289|10447290|G|GT	variant:sha256:3ba0c5a40eadf9bdc3aa23a9ab762da09de06dbddda0bd3f33775e3db81c1298	variant:sha256:3ba0c5a40eadf9bdc3aa23a9ab762da09de06dbddda0bd3f33775e3db81c1298	True	EXACT_NORMALIZED_ALLELE	PHASE1B_EXACT_NORMALIZED_ALLELE_V1	1.0.0	False	False
797	run-phase1a-60z59-hg002-grch38-v421	event-run-phase1a-60z59-hg002-grch38-v421-record-869	run-phase1a-ru88n-hg002-grch38-v421	event-run-phase1a-ru88n-hg002-grch38-v421-record-873	CROSS_RUN_EQUIVALENCE_UNRESOLVED	GRCh38|chr20|10447312|C|T	GRCh38|chr20|10447311|10447312|C|T	GRCh38|chr20|10447311|10447312|C|T	variant:sha256:02dc0ac6a1cae14fea486281db0a79bf0786b2e377b0f07abf60a91925ec22a0	variant:sha256:02dc0ac6a1cae14fea486281db0a79bf0786b2e377b0f07abf60a91925ec22a0	True	EXACT_NORMALIZED_ALLELE	PHASE1B_EXACT_NORMALIZED_ALLELE_V1	1.0.0	False	False
798	run-phase1a-60z59-hg002-grch38-v421	event-run-phase1a-60z59-hg002-grch38-v421-record-870	run-phase1a-ru88n-hg002-grch38-v421	event-run-phase1a-ru88n-hg002-grch38-v421-record-874	CROSS_RUN_EQUIVALENCE_UNRESOLVED	GRCh38|chr20|10447648|C|T	GRCh38|chr20|10447647|10447648|C|T	GRCh38|chr20|10447647|10447648|C|T	variant:sha256:5a73348c3a57fdfe939958e5973e8be34bb2b9dfac04b0365d2d6ddfec5ea756	variant:sha256:5a73348c3a57fdfe939958e5973e8be34bb2b9dfac04b0365d2d6ddfec5ea756	True	EXACT_NORMALIZED_ALLELE	PHASE1B_EXACT_NORMALIZED_ALLELE_V1	1.0.0	False	False
799	run-phase1a-60z59-hg002-grch38-v421	event-run-phase1a-60z59-hg002-grch38-v421-record-872	run-phase1a-ru88n-hg002-grch38-v421	event-run-phase1a-ru88n-hg002-grch38-v421-record-875	CROSS_RUN_EQUIVALENCE_UNRESOLVED	GRCh38|chr20|10447965|A|G	GRCh38|chr20|10447964|10447965|A|G	GRCh38|chr20|10447964|10447965|A|G	variant:sha256:3cb33dfe21ecc3e00e73bc3563eff989b33c68bb0a19342d1a0432c6fef6a512	variant:sha256:3cb33dfe21ecc3e00e73bc3563eff989b33c68bb0a19342d1a0432c6fef6a512	True	EXACT_NORMALIZED_ALLELE	PHASE1B_EXACT_NORMALIZED_ALLELE_V1	1.0.0	False	False
800	run-phase1a-60z59-hg002-grch38-v421	event-run-phase1a-60z59-hg002-grch38-v421-record-873	run-phase1a-ru88n-hg002-grch38-v421	event-run-phase1a-ru88n-hg002-grch38-v421-record-876	CROSS_RUN_EQUIVALENCE_UNRESOLVED	GRCh38|chr20|10448001|G|A	GRCh38|chr20|10448000|10448001|G|A	GRCh38|chr20|10448000|10448001|G|A	variant:sha256:14c1c1e6f2e20bd5758015de585d1a6797482a08e3b6a3ab0b7208c4ecc87176	variant:sha256:14c1c1e6f2e20bd5758015de585d1a6797482a08e3b6a3ab0b7208c4ecc87176	True	EXACT_NORMALIZED_ALLELE	PHASE1B_EXACT_NORMALIZED_ALLELE_V1	1.0.0	False	False
801	run-phase1a-60z59-hg002-grch38-v421	event-run-phase1a-60z59-hg002-grch38-v421-record-874	run-phase1a-ru88n-hg002-grch38-v421	event-run-phase1a-ru88n-hg002-grch38-v421-record-877	CROSS_RUN_EQUIVALENCE_UNRESOLVED	GRCh38|chr20|10448084|ATGTT|A	GRCh38|chr20|10448083|10448088|ATGTT|A	GRCh38|chr20|10448083|10448088|ATGTT|A	variant:sha256:bb8f4d6efc78fbab1614c3008432851189350d2718d6ee93866e6a5f3016f784	variant:sha256:bb8f4d6efc78fbab1614c3008432851189350d2718d6ee93866e6a5f3016f784	True	EXACT_NORMALIZED_ALLELE	PHASE1B_EXACT_NORMALIZED_ALLELE_V1	1.0.0	False	False
802	run-phase1a-60z59-hg002-grch38-v421	event-run-phase1a-60z59-hg002-grch38-v421-record-875	run-phase1a-ru88n-hg002-grch38-v421	event-run-phase1a-ru88n-hg002-grch38-v421-record-878	CROSS_RUN_EQUIVALENCE_UNRESOLVED	GRCh38|chr20|10448128|T|C	GRCh38|chr20|10448127|10448128|T|C	GRCh38|chr20|10448127|10448128|T|C	variant:sha256:a78949a57c27709a7a65166808e61b289550b66f68abaa79b60889dab59f05b7	variant:sha256:a78949a57c27709a7a65166808e61b289550b66f68abaa79b60889dab59f05b7	True	EXACT_NORMALIZED_ALLELE	PHASE1B_EXACT_NORMALIZED_ALLELE_V1	1.0.0	False	False
803	run-phase1a-60z59-hg002-grch38-v421	event-run-phase1a-60z59-hg002-grch38-v421-record-876	run-phase1a-ru88n-hg002-grch38-v421	event-run-phase1a-ru88n-hg002-grch38-v421-record-879	CROSS_RUN_EQUIVALENCE_UNRESOLVED	GRCh38|chr20|10448953|T|C	GRCh38|chr20|10448952|10448953|T|C	GRCh38|chr20|10448952|10448953|T|C	variant:sha256:0dcf71479dcb1c98f6d8f684e78506a07225123067d10e01af49f323baf21975	variant:sha256:0dcf71479dcb1c98f6d8f684e78506a07225123067d10e01af49f323baf21975	True	EXACT_NORMALIZED_ALLELE	PHASE1B_EXACT_NORMALIZED_ALLELE_V1	1.0.0	False	False
804	run-phase1a-60z59-hg002-grch38-v421	event-run-phase1a-60z59-hg002-grch38-v421-record-877	run-phase1a-ru88n-hg002-grch38-v421	event-run-phase1a-ru88n-hg002-grch38-v421-record-880	CROSS_RUN_EQUIVALENCE_UNRESOLVED	GRCh38|chr20|10449015|C|T	GRCh38|chr20|10449014|10449015|C|T	GRCh38|chr20|10449014|10449015|C|T	variant:sha256:89c4eba8b5303e5c00dc6f758769284b753b1d344f703c9f7ed8958b49b3f83b	variant:sha256:89c4eba8b5303e5c00dc6f758769284b753b1d344f703c9f7ed8958b49b3f83b	True	EXACT_NORMALIZED_ALLELE	PHASE1B_EXACT_NORMALIZED_ALLELE_V1	1.0.0	False	False
805	run-phase1a-60z59-hg002-grch38-v421	event-run-phase1a-60z59-hg002-grch38-v421-record-878	run-phase1a-ru88n-hg002-grch38-v421	event-run-phase1a-ru88n-hg002-grch38-v421-record-881	CROSS_RUN_EQUIVALENCE_UNRESOLVED	GRCh38|chr20|10449203|C|T	GRCh38|chr20|10449202|10449203|C|T	GRCh38|chr20|10449202|10449203|C|T	variant:sha256:7ba14b73e33ed601d7ff50168518c9628338d9b68833765da67c597db1e3c56c	variant:sha256:7ba14b73e33ed601d7ff50168518c9628338d9b68833765da67c597db1e3c56c	True	EXACT_NORMALIZED_ALLELE	PHASE1B_EXACT_NORMALIZED_ALLELE_V1	1.0.0	False	False
806	run-phase1a-60z59-hg002-grch38-v421	event-run-phase1a-60z59-hg002-grch38-v421-record-879	run-phase1a-ru88n-hg002-grch38-v421	event-run-phase1a-ru88n-hg002-grch38-v421-record-882	CROSS_RUN_EQUIVALENCE_UNRESOLVED	GRCh38|chr20|10449208|T|G	GRCh38|chr20|10449207|10449208|T|G	GRCh38|chr20|10449207|10449208|T|G	variant:sha256:159a58b2b7751889170fc2f4729891340993e785aef8438d430105a658e24040	variant:sha256:159a58b2b7751889170fc2f4729891340993e785aef8438d430105a658e24040	True	EXACT_NORMALIZED_ALLELE	PHASE1B_EXACT_NORMALIZED_ALLELE_V1	1.0.0	False	False
807	run-phase1a-60z59-hg002-grch38-v421	event-run-phase1a-60z59-hg002-grch38-v421-record-880	run-phase1a-ru88n-hg002-grch38-v421	event-run-phase1a-ru88n-hg002-grch38-v421-record-883	CROSS_RUN_EQUIVALENCE_UNRESOLVED	GRCh38|chr20|10449963|A|C	GRCh38|chr20|10449962|10449963|A|C	GRCh38|chr20|10449962|10449963|A|C	variant:sha256:39606fc8c2cb7f59bad473c15500f3c45e678e17af01e0025ac75df4f7682045	variant:sha256:39606fc8c2cb7f59bad473c15500f3c45e678e17af01e0025ac75df4f7682045	True	EXACT_NORMALIZED_ALLELE	PHASE1B_EXACT_NORMALIZED_ALLELE_V1	1.0.0	False	False
808	run-phase1a-60z59-hg002-grch38-v421	event-run-phase1a-60z59-hg002-grch38-v421-record-881	run-phase1a-ru88n-hg002-grch38-v421	event-run-phase1a-ru88n-hg002-grch38-v421-record-884	CROSS_RUN_EQUIVALENCE_UNRESOLVED	GRCh38|chr20|10450140|A|G	GRCh38|chr20|10450139|10450140|A|G	GRCh38|chr20|10450139|10450140|A|G	variant:sha256:37b05dcf9645e19cc5cfed013e46f3951fbc01fc62c525f5d48b0a24e6f53e8f	variant:sha256:37b05dcf9645e19cc5cfed013e46f3951fbc01fc62c525f5d48b0a24e6f53e8f	True	EXACT_NORMALIZED_ALLELE	PHASE1B_EXACT_NORMALIZED_ALLELE_V1	1.0.0	False	False
809	run-phase1a-60z59-hg002-grch38-v421	event-run-phase1a-60z59-hg002-grch38-v421-record-882	run-phase1a-ru88n-hg002-grch38-v421	event-run-phase1a-ru88n-hg002-grch38-v421-record-885	CROSS_RUN_EQUIVALENCE_UNRESOLVED	GRCh38|chr20|10450191|AT|A	GRCh38|chr20|10450190|10450192|AT|A	GRCh38|chr20|10450190|10450192|AT|A	variant:sha256:d1238f88b467e9473ec485ccb1ca1353df3f8b1c683d2911b214afd48f340fd7	variant:sha256:d1238f88b467e9473ec485ccb1ca1353df3f8b1c683d2911b214afd48f340fd7	True	EXACT_NORMALIZED_ALLELE	PHASE1B_EXACT_NORMALIZED_ALLELE_V1	1.0.0	False	False
810	run-phase1a-60z59-hg002-grch38-v421	event-run-phase1a-60z59-hg002-grch38-v421-record-883	run-phase1a-ru88n-hg002-grch38-v421	event-run-phase1a-ru88n-hg002-grch38-v421-record-886	CROSS_RUN_EQUIVALENCE_UNRESOLVED	GRCh38|chr20|10450677|C|T	GRCh38|chr20|10450676|10450677|C|T	GRCh38|chr20|10450676|10450677|C|T	variant:sha256:f7b256726defaeffb4587649a887c0cfeb4e77df08083ab14668e10e3d348a14	variant:sha256:f7b256726defaeffb4587649a887c0cfeb4e77df08083ab14668e10e3d348a14	True	EXACT_NORMALIZED_ALLELE	PHASE1B_EXACT_NORMALIZED_ALLELE_V1	1.0.0	False	False
811	run-phase1a-60z59-hg002-grch38-v421	event-run-phase1a-60z59-hg002-grch38-v421-record-884	run-phase1a-ru88n-hg002-grch38-v421	event-run-phase1a-ru88n-hg002-grch38-v421-record-887	CROSS_RUN_EQUIVALENCE_UNRESOLVED	GRCh38|chr20|10450706|T|C	GRCh38|chr20|10450705|10450706|T|C	GRCh38|chr20|10450705|10450706|T|C	variant:sha256:8b828c227e231c56c94147319f70f74df54f144344d21a9b74655e6e923b5cab	variant:sha256:8b828c227e231c56c94147319f70f74df54f144344d21a9b74655e6e923b5cab	True	EXACT_NORMALIZED_ALLELE	PHASE1B_EXACT_NORMALIZED_ALLELE_V1	1.0.0	False	False
812	run-phase1a-60z59-hg002-grch38-v421	event-run-phase1a-60z59-hg002-grch38-v421-record-885	run-phase1a-ru88n-hg002-grch38-v421	event-run-phase1a-ru88n-hg002-grch38-v421-record-888	CROSS_RUN_EQUIVALENCE_UNRESOLVED	GRCh38|chr20|10450915|G|C	GRCh38|chr20|10450914|10450915|G|C	GRCh38|chr20|10450914|10450915|G|C	variant:sha256:8d79010b6afc0901599bb2d383cd1c65dc8d37d31f462225e6a74487e0d1f772	variant:sha256:8d79010b6afc0901599bb2d383cd1c65dc8d37d31f462225e6a74487e0d1f772	True	EXACT_NORMALIZED_ALLELE	PHASE1B_EXACT_NORMALIZED_ALLELE_V1	1.0.0	False	False
813	run-phase1a-60z59-hg002-grch38-v421	event-run-phase1a-60z59-hg002-grch38-v421-record-886	run-phase1a-ru88n-hg002-grch38-v421	event-run-phase1a-ru88n-hg002-grch38-v421-record-889	CROSS_RUN_EQUIVALENCE_UNRESOLVED	GRCh38|chr20|10450980|C|T	GRCh38|chr20|10450979|10450980|C|T	GRCh38|chr20|10450979|10450980|C|T	variant:sha256:6dd340d50768e8359210d561f2f50071a7b06d95d7c64337b94e7a7a0c2c01d2	variant:sha256:6dd340d50768e8359210d561f2f50071a7b06d95d7c64337b94e7a7a0c2c01d2	True	EXACT_NORMALIZED_ALLELE	PHASE1B_EXACT_NORMALIZED_ALLELE_V1	1.0.0	False	False
814	run-phase1a-60z59-hg002-grch38-v421	event-run-phase1a-60z59-hg002-grch38-v421-record-887	run-phase1a-ru88n-hg002-grch38-v421	event-run-phase1a-ru88n-hg002-grch38-v421-record-890	CROSS_RUN_EQUIVALENCE_UNRESOLVED	GRCh38|chr20|10450998|T|C	GRCh38|chr20|10450997|10450998|T|C	GRCh38|chr20|10450997|10450998|T|C	variant:sha256:7fe5232c76116a7cf686a5fa14e1f8b085483ef6736375161350fb50e1b39d43	variant:sha256:7fe5232c76116a7cf686a5fa14e1f8b085483ef6736375161350fb50e1b39d43	True	EXACT_NORMALIZED_ALLELE	PHASE1B_EXACT_NORMALIZED_ALLELE_V1	1.0.0	False	False
815	run-phase1a-60z59-hg002-grch38-v421	event-run-phase1a-60z59-hg002-grch38-v421-record-890	run-phase1a-ru88n-hg002-grch38-v421	event-run-phase1a-ru88n-hg002-grch38-v421-record-893	CROSS_RUN_EQUIVALENCE_UNRESOLVED	GRCh38|chr20|10451079|T|A	GRCh38|chr20|10451078|10451079|T|A	GRCh38|chr20|10451078|10451079|T|A	variant:sha256:be62d193f60e9cb13b77573c0d7a91d2d8d54c31b1a8b42a78b7b18568e42371	variant:sha256:be62d193f60e9cb13b77573c0d7a91d2d8d54c31b1a8b42a78b7b18568e42371	True	EXACT_NORMALIZED_ALLELE	PHASE1B_EXACT_NORMALIZED_ALLELE_V1	1.0.0	False	False
816	run-phase1a-60z59-hg002-grch38-v421	event-run-phase1a-60z59-hg002-grch38-v421-record-891	run-phase1a-ru88n-hg002-grch38-v421	event-run-phase1a-ru88n-hg002-grch38-v421-record-894	CROSS_RUN_EQUIVALENCE_UNRESOLVED	GRCh38|chr20|10452118|G|A	GRCh38|chr20|10452117|10452118|G|A	GRCh38|chr20|10452117|10452118|G|A	variant:sha256:6be6beddf0574955ca61c01a08ec68682317b7258c163f4c443968d55125017c	variant:sha256:6be6beddf0574955ca61c01a08ec68682317b7258c163f4c443968d55125017c	True	EXACT_NORMALIZED_ALLELE	PHASE1B_EXACT_NORMALIZED_ALLELE_V1	1.0.0	False	False
817	run-phase1a-60z59-hg002-grch38-v421	event-run-phase1a-60z59-hg002-grch38-v421-record-893	run-phase1a-ru88n-hg002-grch38-v421	event-run-phase1a-ru88n-hg002-grch38-v421-record-895	CROSS_RUN_EQUIVALENCE_UNRESOLVED	GRCh38|chr20|10452676|A|T	GRCh38|chr20|10452675|10452676|A|T	GRCh38|chr20|10452675|10452676|A|T	variant:sha256:5de856f41accc5ed53ea132796fd9ba47c7cda7b8eef4ba54a07bb8fc9244a9f	variant:sha256:5de856f41accc5ed53ea132796fd9ba47c7cda7b8eef4ba54a07bb8fc9244a9f	True	EXACT_NORMALIZED_ALLELE	PHASE1B_EXACT_NORMALIZED_ALLELE_V1	1.0.0	False	False
818	run-phase1a-60z59-hg002-grch38-v421	event-run-phase1a-60z59-hg002-grch38-v421-record-894	run-phase1a-ru88n-hg002-grch38-v421	event-run-phase1a-ru88n-hg002-grch38-v421-record-896	CROSS_RUN_EQUIVALENCE_UNRESOLVED	GRCh38|chr20|10452678|A|T	GRCh38|chr20|10452677|10452678|A|T	GRCh38|chr20|10452677|10452678|A|T	variant:sha256:ae78e5139db3b3a2ec5069d64a75ea878005f86870ddc0eac8563d346101baea	variant:sha256:ae78e5139db3b3a2ec5069d64a75ea878005f86870ddc0eac8563d346101baea	True	EXACT_NORMALIZED_ALLELE	PHASE1B_EXACT_NORMALIZED_ALLELE_V1	1.0.0	False	False
819	run-phase1a-60z59-hg002-grch38-v421	event-run-phase1a-60z59-hg002-grch38-v421-record-895	run-phase1a-ru88n-hg002-grch38-v421	event-run-phase1a-ru88n-hg002-grch38-v421-record-897	CROSS_RUN_EQUIVALENCE_UNRESOLVED	GRCh38|chr20|10452680|A|T	GRCh38|chr20|10452679|10452680|A|T	GRCh38|chr20|10452679|10452680|A|T	variant:sha256:1ec6e36d3f84baed94f86bf49fb8e80a308818620ee8f0b5356048f25dd9730f	variant:sha256:1ec6e36d3f84baed94f86bf49fb8e80a308818620ee8f0b5356048f25dd9730f	True	EXACT_NORMALIZED_ALLELE	PHASE1B_EXACT_NORMALIZED_ALLELE_V1	1.0.0	False	False
820	run-phase1a-60z59-hg002-grch38-v421	event-run-phase1a-60z59-hg002-grch38-v421-record-897	run-phase1a-ru88n-hg002-grch38-v421	event-run-phase1a-ru88n-hg002-grch38-v421-record-898	CROSS_RUN_EQUIVALENCE_UNRESOLVED	GRCh38|chr20|10452734|T|C	GRCh38|chr20|10452733|10452734|T|C	GRCh38|chr20|10452733|10452734|T|C	variant:sha256:180444379bbc98ffbad7034f1fb2bc1fb4ca70554c2a2d9ced01ded697f52b4e	variant:sha256:180444379bbc98ffbad7034f1fb2bc1fb4ca70554c2a2d9ced01ded697f52b4e	True	EXACT_NORMALIZED_ALLELE	PHASE1B_EXACT_NORMALIZED_ALLELE_V1	1.0.0	False	False
821	run-phase1a-60z59-hg002-grch38-v421	event-run-phase1a-60z59-hg002-grch38-v421-record-898	run-phase1a-ru88n-hg002-grch38-v421	event-run-phase1a-ru88n-hg002-grch38-v421-record-899	CROSS_RUN_EQUIVALENCE_UNRESOLVED	GRCh38|chr20|10452743|T|C	GRCh38|chr20|10452742|10452743|T|C	GRCh38|chr20|10452742|10452743|T|C	variant:sha256:06b3005ba6118c97706db0463686911fce4db54014b8d5c047a4e18d10dfa5f7	variant:sha256:06b3005ba6118c97706db0463686911fce4db54014b8d5c047a4e18d10dfa5f7	True	EXACT_NORMALIZED_ALLELE	PHASE1B_EXACT_NORMALIZED_ALLELE_V1	1.0.0	False	False
822	run-phase1a-60z59-hg002-grch38-v421	event-run-phase1a-60z59-hg002-grch38-v421-record-899	run-phase1a-ru88n-hg002-grch38-v421	event-run-phase1a-ru88n-hg002-grch38-v421-record-900	CROSS_RUN_EQUIVALENCE_UNRESOLVED	GRCh38|chr20|10452820|T|C	GRCh38|chr20|10452819|10452820|T|C	GRCh38|chr20|10452819|10452820|T|C	variant:sha256:e2c2bd0388c1355b5c73832a1011b202a6948d5b9f8a6ba89a259d50a7c03bbd	variant:sha256:e2c2bd0388c1355b5c73832a1011b202a6948d5b9f8a6ba89a259d50a7c03bbd	True	EXACT_NORMALIZED_ALLELE	PHASE1B_EXACT_NORMALIZED_ALLELE_V1	1.0.0	False	False
823	run-phase1a-60z59-hg002-grch38-v421	event-run-phase1a-60z59-hg002-grch38-v421-record-900	run-phase1a-ru88n-hg002-grch38-v421	event-run-phase1a-ru88n-hg002-grch38-v421-record-901	CROSS_RUN_EQUIVALENCE_UNRESOLVED	GRCh38|chr20|10452912|C|A	GRCh38|chr20|10452911|10452912|C|A	GRCh38|chr20|10452911|10452912|C|A	variant:sha256:239d56086a83f4bc362ec3ce05f29f78d66c79a773cbe43d1b33d95a33a2878a	variant:sha256:239d56086a83f4bc362ec3ce05f29f78d66c79a773cbe43d1b33d95a33a2878a	True	EXACT_NORMALIZED_ALLELE	PHASE1B_EXACT_NORMALIZED_ALLELE_V1	1.0.0	False	False
824	run-phase1a-60z59-hg002-grch38-v421	event-run-phase1a-60z59-hg002-grch38-v421-record-901	run-phase1a-ru88n-hg002-grch38-v421	event-run-phase1a-ru88n-hg002-grch38-v421-record-902	CROSS_RUN_EQUIVALENCE_UNRESOLVED	GRCh38|chr20|10452927|C|T	GRCh38|chr20|10452926|10452927|C|T	GRCh38|chr20|10452926|10452927|C|T	variant:sha256:5ff6c461df55a5fe24d09c1073ee15965df160042e0aa3ad06ed1dfe9a08c52a	variant:sha256:5ff6c461df55a5fe24d09c1073ee15965df160042e0aa3ad06ed1dfe9a08c52a	True	EXACT_NORMALIZED_ALLELE	PHASE1B_EXACT_NORMALIZED_ALLELE_V1	1.0.0	False	False
825	run-phase1a-60z59-hg002-grch38-v421	event-run-phase1a-60z59-hg002-grch38-v421-record-902	run-phase1a-ru88n-hg002-grch38-v421	event-run-phase1a-ru88n-hg002-grch38-v421-record-903	CROSS_RUN_EQUIVALENCE_UNRESOLVED	GRCh38|chr20|10452946|C|T	GRCh38|chr20|10452945|10452946|C|T	GRCh38|chr20|10452945|10452946|C|T	variant:sha256:1c0934232eb42a00334caf2e5d9440bcba141acb2939732d9da6525df6b7d61c	variant:sha256:1c0934232eb42a00334caf2e5d9440bcba141acb2939732d9da6525df6b7d61c	True	EXACT_NORMALIZED_ALLELE	PHASE1B_EXACT_NORMALIZED_ALLELE_V1	1.0.0	False	False
826	run-phase1a-60z59-hg002-grch38-v421	event-run-phase1a-60z59-hg002-grch38-v421-record-903	run-phase1a-ru88n-hg002-grch38-v421	event-run-phase1a-ru88n-hg002-grch38-v421-record-904	CROSS_RUN_EQUIVALENCE_UNRESOLVED	GRCh38|chr20|10453161|A|G	GRCh38|chr20|10453160|10453161|A|G	GRCh38|chr20|10453160|10453161|A|G	variant:sha256:c484d18d6535898f4a7a9d380275753f2213886c9fbece0ced73c97bb01666f9	variant:sha256:c484d18d6535898f4a7a9d380275753f2213886c9fbece0ced73c97bb01666f9	True	EXACT_NORMALIZED_ALLELE	PHASE1B_EXACT_NORMALIZED_ALLELE_V1	1.0.0	False	False
827	run-phase1a-60z59-hg002-grch38-v421	event-run-phase1a-60z59-hg002-grch38-v421-record-904	run-phase1a-ru88n-hg002-grch38-v421	event-run-phase1a-ru88n-hg002-grch38-v421-record-905	CROSS_RUN_EQUIVALENCE_UNRESOLVED	GRCh38|chr20|10453307|C|CGTGTGTGTGTAT	GRCh38|chr20|10453306|10453307|C|CGTGTGTGTGTAT	GRCh38|chr20|10453306|10453307|C|CGTGTGTGTGTAT	variant:sha256:cdd5b60a86dffe2a0d106c783a0fa04109679096ead8f541714310ea31288ced	variant:sha256:cdd5b60a86dffe2a0d106c783a0fa04109679096ead8f541714310ea31288ced	True	EXACT_NORMALIZED_ALLELE	PHASE1B_EXACT_NORMALIZED_ALLELE_V1	1.0.0	False	False
828	run-phase1a-60z59-hg002-grch38-v421	event-run-phase1a-60z59-hg002-grch38-v421-record-905	run-phase1a-ru88n-hg002-grch38-v421	event-run-phase1a-ru88n-hg002-grch38-v421-record-906	CROSS_RUN_EQUIVALENCE_UNRESOLVED	GRCh38|chr20|10453529|A|T	GRCh38|chr20|10453528|10453529|A|T	GRCh38|chr20|10453528|10453529|A|T	variant:sha256:7b94f6fe342d6f7e454f559158b4d3bba9ae1d6934fde36df2d6e76475a91b32	variant:sha256:7b94f6fe342d6f7e454f559158b4d3bba9ae1d6934fde36df2d6e76475a91b32	True	EXACT_NORMALIZED_ALLELE	PHASE1B_EXACT_NORMALIZED_ALLELE_V1	1.0.0	False	False
829	run-phase1a-60z59-hg002-grch38-v421	event-run-phase1a-60z59-hg002-grch38-v421-record-906	run-phase1a-ru88n-hg002-grch38-v421	event-run-phase1a-ru88n-hg002-grch38-v421-record-907	CROSS_RUN_EQUIVALENCE_UNRESOLVED	GRCh38|chr20|10453610|G|A	GRCh38|chr20|10453609|10453610|G|A	GRCh38|chr20|10453609|10453610|G|A	variant:sha256:cf027db0beb67db9754e51ea592c7d11e823e650091d482bdb0f9158499b8312	variant:sha256:cf027db0beb67db9754e51ea592c7d11e823e650091d482bdb0f9158499b8312	True	EXACT_NORMALIZED_ALLELE	PHASE1B_EXACT_NORMALIZED_ALLELE_V1	1.0.0	False	False
830	run-phase1a-60z59-hg002-grch38-v421	event-run-phase1a-60z59-hg002-grch38-v421-record-907	run-phase1a-ru88n-hg002-grch38-v421	event-run-phase1a-ru88n-hg002-grch38-v421-record-908	CROSS_RUN_EQUIVALENCE_UNRESOLVED	GRCh38|chr20|10453736|TA|T	GRCh38|chr20|10453735|10453737|TA|T	GRCh38|chr20|10453735|10453737|TA|T	variant:sha256:15660bf0107c04d6555c7697dbfdfbfdf492e2d29151a93d48f95a6238190b8d	variant:sha256:15660bf0107c04d6555c7697dbfdfbfdf492e2d29151a93d48f95a6238190b8d	True	EXACT_NORMALIZED_ALLELE	PHASE1B_EXACT_NORMALIZED_ALLELE_V1	1.0.0	False	False
831	run-phase1a-60z59-hg002-grch38-v421	event-run-phase1a-60z59-hg002-grch38-v421-record-908	run-phase1a-ru88n-hg002-grch38-v421	event-run-phase1a-ru88n-hg002-grch38-v421-record-909	CROSS_RUN_EQUIVALENCE_UNRESOLVED	GRCh38|chr20|10453871|T|C	GRCh38|chr20|10453870|10453871|T|C	GRCh38|chr20|10453870|10453871|T|C	variant:sha256:c61fd2adfe82f4149cb34428d1edbdb6fa41065b3e8ea1706faaa28aa50bddac	variant:sha256:c61fd2adfe82f4149cb34428d1edbdb6fa41065b3e8ea1706faaa28aa50bddac	True	EXACT_NORMALIZED_ALLELE	PHASE1B_EXACT_NORMALIZED_ALLELE_V1	1.0.0	False	False
832	run-phase1a-60z59-hg002-grch38-v421	event-run-phase1a-60z59-hg002-grch38-v421-record-909	run-phase1a-ru88n-hg002-grch38-v421	event-run-phase1a-ru88n-hg002-grch38-v421-record-910	CROSS_RUN_EQUIVALENCE_UNRESOLVED	GRCh38|chr20|10454419|GTA|G	GRCh38|chr20|10454418|10454421|GTA|G	GRCh38|chr20|10454418|10454421|GTA|G	variant:sha256:3537f4e89b458ca4abaa03523dddaa8733f27e51922f549718b4b6032fafeab0	variant:sha256:3537f4e89b458ca4abaa03523dddaa8733f27e51922f549718b4b6032fafeab0	True	EXACT_NORMALIZED_ALLELE	PHASE1B_EXACT_NORMALIZED_ALLELE_V1	1.0.0	False	False
833	run-phase1a-60z59-hg002-grch38-v421	event-run-phase1a-60z59-hg002-grch38-v421-record-910	run-phase1a-ru88n-hg002-grch38-v421	event-run-phase1a-ru88n-hg002-grch38-v421-record-911	CROSS_RUN_EQUIVALENCE_UNRESOLVED	GRCh38|chr20|10454570|C|T	GRCh38|chr20|10454569|10454570|C|T	GRCh38|chr20|10454569|10454570|C|T	variant:sha256:4c841c2bde560930e470779fcd6b2605a7a473cdb19f4a95dc97ac05150ca096	variant:sha256:4c841c2bde560930e470779fcd6b2605a7a473cdb19f4a95dc97ac05150ca096	True	EXACT_NORMALIZED_ALLELE	PHASE1B_EXACT_NORMALIZED_ALLELE_V1	1.0.0	False	False
834	run-phase1a-60z59-hg002-grch38-v421	event-run-phase1a-60z59-hg002-grch38-v421-record-911	run-phase1a-ru88n-hg002-grch38-v421	event-run-phase1a-ru88n-hg002-grch38-v421-record-912	CROSS_RUN_EQUIVALENCE_UNRESOLVED	GRCh38|chr20|10455300|A|C	GRCh38|chr20|10455299|10455300|A|C	GRCh38|chr20|10455299|10455300|A|C	variant:sha256:e321cee386de14cdb3a4351be392c939799229230e3c9caf4a1e193f94ac566c	variant:sha256:e321cee386de14cdb3a4351be392c939799229230e3c9caf4a1e193f94ac566c	True	EXACT_NORMALIZED_ALLELE	PHASE1B_EXACT_NORMALIZED_ALLELE_V1	1.0.0	False	False
835	run-phase1a-60z59-hg002-grch38-v421	event-run-phase1a-60z59-hg002-grch38-v421-record-913	run-phase1a-ru88n-hg002-grch38-v421	event-run-phase1a-ru88n-hg002-grch38-v421-record-914	CROSS_RUN_EQUIVALENCE_UNRESOLVED	GRCh38|chr20|10455599|A|ATTTA	GRCh38|chr20|10455598|10455599|A|ATTTA	GRCh38|chr20|10455598|10455599|A|ATTTA	variant:sha256:6df0a8511c0082d4c87bed20dcc0447ceed1b628b2201a0e7c27cddd077bbc4d	variant:sha256:6df0a8511c0082d4c87bed20dcc0447ceed1b628b2201a0e7c27cddd077bbc4d	True	EXACT_NORMALIZED_ALLELE	PHASE1B_EXACT_NORMALIZED_ALLELE_V1	1.0.0	False	False
836	run-phase1a-60z59-hg002-grch38-v421	event-run-phase1a-60z59-hg002-grch38-v421-record-914	run-phase1a-ru88n-hg002-grch38-v421	event-run-phase1a-ru88n-hg002-grch38-v421-record-915	CROSS_RUN_EQUIVALENCE_UNRESOLVED	GRCh38|chr20|10455767|A|G	GRCh38|chr20|10455766|10455767|A|G	GRCh38|chr20|10455766|10455767|A|G	variant:sha256:1364911b3406a829b1dd1d5c9579bb4d3c5d547ec47b32dff9f17d6e4f0590ca	variant:sha256:1364911b3406a829b1dd1d5c9579bb4d3c5d547ec47b32dff9f17d6e4f0590ca	True	EXACT_NORMALIZED_ALLELE	PHASE1B_EXACT_NORMALIZED_ALLELE_V1	1.0.0	False	False
837	run-phase1a-60z59-hg002-grch38-v421	event-run-phase1a-60z59-hg002-grch38-v421-record-915	run-phase1a-ru88n-hg002-grch38-v421	event-run-phase1a-ru88n-hg002-grch38-v421-record-916	CROSS_RUN_EQUIVALENCE_UNRESOLVED	GRCh38|chr20|10455934|A|G	GRCh38|chr20|10455933|10455934|A|G	GRCh38|chr20|10455933|10455934|A|G	variant:sha256:db25cc858969a0b1d18f194ea414d304ced0b2d2acefb1365fffa0ac01671100	variant:sha256:db25cc858969a0b1d18f194ea414d304ced0b2d2acefb1365fffa0ac01671100	True	EXACT_NORMALIZED_ALLELE	PHASE1B_EXACT_NORMALIZED_ALLELE_V1	1.0.0	False	False
838	run-phase1a-60z59-hg002-grch38-v421	event-run-phase1a-60z59-hg002-grch38-v421-record-916	run-phase1a-ru88n-hg002-grch38-v421	event-run-phase1a-ru88n-hg002-grch38-v421-record-917	CROSS_RUN_EQUIVALENCE_UNRESOLVED	GRCh38|chr20|10456052|A|G	GRCh38|chr20|10456051|10456052|A|G	GRCh38|chr20|10456051|10456052|A|G	variant:sha256:01472f0b933206b86048ae1de63cb2aa1638a9bc9e85f6b5cad36d5cbdf8c627	variant:sha256:01472f0b933206b86048ae1de63cb2aa1638a9bc9e85f6b5cad36d5cbdf8c627	True	EXACT_NORMALIZED_ALLELE	PHASE1B_EXACT_NORMALIZED_ALLELE_V1	1.0.0	False	False
839	run-phase1a-60z59-hg002-grch38-v421	event-run-phase1a-60z59-hg002-grch38-v421-record-917	run-phase1a-ru88n-hg002-grch38-v421	event-run-phase1a-ru88n-hg002-grch38-v421-record-918	CROSS_RUN_EQUIVALENCE_UNRESOLVED	GRCh38|chr20|10456260|C|G	GRCh38|chr20|10456259|10456260|C|G	GRCh38|chr20|10456259|10456260|C|G	variant:sha256:3bec229d1b08616f5952e35db175fe315c1deebf3998d2dc83123b453563f917	variant:sha256:3bec229d1b08616f5952e35db175fe315c1deebf3998d2dc83123b453563f917	True	EXACT_NORMALIZED_ALLELE	PHASE1B_EXACT_NORMALIZED_ALLELE_V1	1.0.0	False	False
840	run-phase1a-60z59-hg002-grch38-v421	event-run-phase1a-60z59-hg002-grch38-v421-record-918	run-phase1a-ru88n-hg002-grch38-v421	event-run-phase1a-ru88n-hg002-grch38-v421-record-919	CROSS_RUN_EQUIVALENCE_UNRESOLVED	GRCh38|chr20|10456530|C|T	GRCh38|chr20|10456529|10456530|C|T	GRCh38|chr20|10456529|10456530|C|T	variant:sha256:4efaa208a8fa8c23dca0c1fcaa24256c629b43d27b75d5c9e9e166c03bb0fb5f	variant:sha256:4efaa208a8fa8c23dca0c1fcaa24256c629b43d27b75d5c9e9e166c03bb0fb5f	True	EXACT_NORMALIZED_ALLELE	PHASE1B_EXACT_NORMALIZED_ALLELE_V1	1.0.0	False	False
841	run-phase1a-60z59-hg002-grch38-v421	event-run-phase1a-60z59-hg002-grch38-v421-record-919	run-phase1a-ru88n-hg002-grch38-v421	event-run-phase1a-ru88n-hg002-grch38-v421-record-920	CROSS_RUN_EQUIVALENCE_UNRESOLVED	GRCh38|chr20|10456917|A|G	GRCh38|chr20|10456916|10456917|A|G	GRCh38|chr20|10456916|10456917|A|G	variant:sha256:18b7093fe5962ff344e21c818cc76f2e3871a13cf6cf7d0e3a94fb31662f2bab	variant:sha256:18b7093fe5962ff344e21c818cc76f2e3871a13cf6cf7d0e3a94fb31662f2bab	True	EXACT_NORMALIZED_ALLELE	PHASE1B_EXACT_NORMALIZED_ALLELE_V1	1.0.0	False	False
842	run-phase1a-60z59-hg002-grch38-v421	event-run-phase1a-60z59-hg002-grch38-v421-record-920	run-phase1a-ru88n-hg002-grch38-v421	event-run-phase1a-ru88n-hg002-grch38-v421-record-921	CROSS_RUN_EQUIVALENCE_UNRESOLVED	GRCh38|chr20|10457141|G|T	GRCh38|chr20|10457140|10457141|G|T	GRCh38|chr20|10457140|10457141|G|T	variant:sha256:772f25ee8b8b37a46c1c76e6d46b893189d6dffab994838c38882f8a5bc2e5bd	variant:sha256:772f25ee8b8b37a46c1c76e6d46b893189d6dffab994838c38882f8a5bc2e5bd	True	EXACT_NORMALIZED_ALLELE	PHASE1B_EXACT_NORMALIZED_ALLELE_V1	1.0.0	False	False
843	run-phase1a-60z59-hg002-grch38-v421	event-run-phase1a-60z59-hg002-grch38-v421-record-921	run-phase1a-ru88n-hg002-grch38-v421	event-run-phase1a-ru88n-hg002-grch38-v421-record-922	CROSS_RUN_EQUIVALENCE_UNRESOLVED	GRCh38|chr20|10457443|G|GT	GRCh38|chr20|10457442|10457443|G|GT	GRCh38|chr20|10457442|10457443|G|GT	variant:sha256:e2150edec8bdf8f22ab699c36091aa7b31a6cf9a1b0c0e365b0f93565b2ce8c1	variant:sha256:e2150edec8bdf8f22ab699c36091aa7b31a6cf9a1b0c0e365b0f93565b2ce8c1	True	EXACT_NORMALIZED_ALLELE	PHASE1B_EXACT_NORMALIZED_ALLELE_V1	1.0.0	False	False
844	run-phase1a-60z59-hg002-grch38-v421	event-run-phase1a-60z59-hg002-grch38-v421-record-922	run-phase1a-ru88n-hg002-grch38-v421	event-run-phase1a-ru88n-hg002-grch38-v421-record-923	CROSS_RUN_EQUIVALENCE_UNRESOLVED	GRCh38|chr20|10457797|A|G	GRCh38|chr20|10457796|10457797|A|G	GRCh38|chr20|10457796|10457797|A|G	variant:sha256:784589c213013feed2bc924d5219356f9fdb63996e2fd33c723099b4b1c74082	variant:sha256:784589c213013feed2bc924d5219356f9fdb63996e2fd33c723099b4b1c74082	True	EXACT_NORMALIZED_ALLELE	PHASE1B_EXACT_NORMALIZED_ALLELE_V1	1.0.0	False	False
845	run-phase1a-60z59-hg002-grch38-v421	event-run-phase1a-60z59-hg002-grch38-v421-record-923	run-phase1a-ru88n-hg002-grch38-v421	event-run-phase1a-ru88n-hg002-grch38-v421-record-924	CROSS_RUN_EQUIVALENCE_UNRESOLVED	GRCh38|chr20|10457828|G|A	GRCh38|chr20|10457827|10457828|G|A	GRCh38|chr20|10457827|10457828|G|A	variant:sha256:2c56c66c338ac65b258b24e343650e3b32fc882b62660c5fb675089bdb54cc7c	variant:sha256:2c56c66c338ac65b258b24e343650e3b32fc882b62660c5fb675089bdb54cc7c	True	EXACT_NORMALIZED_ALLELE	PHASE1B_EXACT_NORMALIZED_ALLELE_V1	1.0.0	False	False
846	run-phase1a-60z59-hg002-grch38-v421	event-run-phase1a-60z59-hg002-grch38-v421-record-924	run-phase1a-ru88n-hg002-grch38-v421	event-run-phase1a-ru88n-hg002-grch38-v421-record-925	CROSS_RUN_EQUIVALENCE_UNRESOLVED	GRCh38|chr20|10458132|A|G	GRCh38|chr20|10458131|10458132|A|G	GRCh38|chr20|10458131|10458132|A|G	variant:sha256:f693910c15c6e82b7e9463a57736647f8fc8972cd0f068acb0b283697813be2a	variant:sha256:f693910c15c6e82b7e9463a57736647f8fc8972cd0f068acb0b283697813be2a	True	EXACT_NORMALIZED_ALLELE	PHASE1B_EXACT_NORMALIZED_ALLELE_V1	1.0.0	False	False
847	run-phase1a-60z59-hg002-grch38-v421	event-run-phase1a-60z59-hg002-grch38-v421-record-925	run-phase1a-ru88n-hg002-grch38-v421	event-run-phase1a-ru88n-hg002-grch38-v421-record-926	CROSS_RUN_EQUIVALENCE_UNRESOLVED	GRCh38|chr20|10458354|T|A	GRCh38|chr20|10458353|10458354|T|A	GRCh38|chr20|10458353|10458354|T|A	variant:sha256:e55334b7c47990e7c050fa38236643fd662f295e7c3ac089d49c164fd95ac92e	variant:sha256:e55334b7c47990e7c050fa38236643fd662f295e7c3ac089d49c164fd95ac92e	True	EXACT_NORMALIZED_ALLELE	PHASE1B_EXACT_NORMALIZED_ALLELE_V1	1.0.0	False	False
848	run-phase1a-60z59-hg002-grch38-v421	event-run-phase1a-60z59-hg002-grch38-v421-record-926	run-phase1a-ru88n-hg002-grch38-v421	event-run-phase1a-ru88n-hg002-grch38-v421-record-927	CROSS_RUN_EQUIVALENCE_UNRESOLVED	GRCh38|chr20|10458389|A|G	GRCh38|chr20|10458388|10458389|A|G	GRCh38|chr20|10458388|10458389|A|G	variant:sha256:aa21e9e918bae1798f2799d4816729151621a2e50e06896e4266c5fc9b6ec736	variant:sha256:aa21e9e918bae1798f2799d4816729151621a2e50e06896e4266c5fc9b6ec736	True	EXACT_NORMALIZED_ALLELE	PHASE1B_EXACT_NORMALIZED_ALLELE_V1	1.0.0	False	False
849	run-phase1a-60z59-hg002-grch38-v421	event-run-phase1a-60z59-hg002-grch38-v421-record-927	run-phase1a-ru88n-hg002-grch38-v421	event-run-phase1a-ru88n-hg002-grch38-v421-record-928	CROSS_RUN_EQUIVALENCE_UNRESOLVED	GRCh38|chr20|10458971|T|G	GRCh38|chr20|10458970|10458971|T|G	GRCh38|chr20|10458970|10458971|T|G	variant:sha256:fc25262dca06163994e82b110d41c0dd327f6747908e62ef625df98fce8e8335	variant:sha256:fc25262dca06163994e82b110d41c0dd327f6747908e62ef625df98fce8e8335	True	EXACT_NORMALIZED_ALLELE	PHASE1B_EXACT_NORMALIZED_ALLELE_V1	1.0.0	False	False
850	run-phase1a-60z59-hg002-grch38-v421	event-run-phase1a-60z59-hg002-grch38-v421-record-928	run-phase1a-ru88n-hg002-grch38-v421	event-run-phase1a-ru88n-hg002-grch38-v421-record-929	CROSS_RUN_EQUIVALENCE_UNRESOLVED	GRCh38|chr20|10459448|G|T	GRCh38|chr20|10459447|10459448|G|T	GRCh38|chr20|10459447|10459448|G|T	variant:sha256:177ccaf52b0bf127fbbfc7031c2e439777f3534f64d3e86d13f1856e37d04add	variant:sha256:177ccaf52b0bf127fbbfc7031c2e439777f3534f64d3e86d13f1856e37d04add	True	EXACT_NORMALIZED_ALLELE	PHASE1B_EXACT_NORMALIZED_ALLELE_V1	1.0.0	False	False
851	run-phase1a-60z59-hg002-grch38-v421	event-run-phase1a-60z59-hg002-grch38-v421-record-929	run-phase1a-ru88n-hg002-grch38-v421	event-run-phase1a-ru88n-hg002-grch38-v421-record-930	CROSS_RUN_EQUIVALENCE_UNRESOLVED	GRCh38|chr20|10459900|C|G	GRCh38|chr20|10459899|10459900|C|G	GRCh38|chr20|10459899|10459900|C|G	variant:sha256:4eb95c3ecc4af4679f7ec88d580d88a6a302b91d598ab839fddbb812730b8df7	variant:sha256:4eb95c3ecc4af4679f7ec88d580d88a6a302b91d598ab839fddbb812730b8df7	True	EXACT_NORMALIZED_ALLELE	PHASE1B_EXACT_NORMALIZED_ALLELE_V1	1.0.0	False	False
852	run-phase1a-60z59-hg002-grch38-v421	event-run-phase1a-60z59-hg002-grch38-v421-record-930	run-phase1a-ru88n-hg002-grch38-v421	event-run-phase1a-ru88n-hg002-grch38-v421-record-931	CROSS_RUN_EQUIVALENCE_UNRESOLVED	GRCh38|chr20|10460250|C|T	GRCh38|chr20|10460249|10460250|C|T	GRCh38|chr20|10460249|10460250|C|T	variant:sha256:b7230b22ed6e73527853ab15e91f82354b764dd57b5a3c6105e82caf45f88b7c	variant:sha256:b7230b22ed6e73527853ab15e91f82354b764dd57b5a3c6105e82caf45f88b7c	True	EXACT_NORMALIZED_ALLELE	PHASE1B_EXACT_NORMALIZED_ALLELE_V1	1.0.0	False	False
853	run-phase1a-60z59-hg002-grch38-v421	event-run-phase1a-60z59-hg002-grch38-v421-record-931	run-phase1a-ru88n-hg002-grch38-v421	event-run-phase1a-ru88n-hg002-grch38-v421-record-932	CROSS_RUN_EQUIVALENCE_UNRESOLVED	GRCh38|chr20|10460550|A|G	GRCh38|chr20|10460549|10460550|A|G	GRCh38|chr20|10460549|10460550|A|G	variant:sha256:e318cc2c84e2f7bdc0c27dfc2a8216d208d2d28ae14817ad462be2295e62d074	variant:sha256:e318cc2c84e2f7bdc0c27dfc2a8216d208d2d28ae14817ad462be2295e62d074	True	EXACT_NORMALIZED_ALLELE	PHASE1B_EXACT_NORMALIZED_ALLELE_V1	1.0.0	False	False
854	run-phase1a-60z59-hg002-grch38-v421	event-run-phase1a-60z59-hg002-grch38-v421-record-932	run-phase1a-ru88n-hg002-grch38-v421	event-run-phase1a-ru88n-hg002-grch38-v421-record-933	CROSS_RUN_EQUIVALENCE_UNRESOLVED	GRCh38|chr20|10460790|G|A	GRCh38|chr20|10460789|10460790|G|A	GRCh38|chr20|10460789|10460790|G|A	variant:sha256:8c2261327d64880f31a700793d75936732385f4efa4d235598bb9e84db4464d0	variant:sha256:8c2261327d64880f31a700793d75936732385f4efa4d235598bb9e84db4464d0	True	EXACT_NORMALIZED_ALLELE	PHASE1B_EXACT_NORMALIZED_ALLELE_V1	1.0.0	False	False
855	run-phase1a-60z59-hg002-grch38-v421	event-run-phase1a-60z59-hg002-grch38-v421-record-933	run-phase1a-ru88n-hg002-grch38-v421	event-run-phase1a-ru88n-hg002-grch38-v421-record-934	CROSS_RUN_EQUIVALENCE_UNRESOLVED	GRCh38|chr20|10462823|G|A	GRCh38|chr20|10462822|10462823|G|A	GRCh38|chr20|10462822|10462823|G|A	variant:sha256:4bd578baf717e907d0bcf896d1905f1b98607b2254051d78edeaa646557c0e8a	variant:sha256:4bd578baf717e907d0bcf896d1905f1b98607b2254051d78edeaa646557c0e8a	True	EXACT_NORMALIZED_ALLELE	PHASE1B_EXACT_NORMALIZED_ALLELE_V1	1.0.0	False	False
856	run-phase1a-60z59-hg002-grch38-v421	event-run-phase1a-60z59-hg002-grch38-v421-record-934	run-phase1a-ru88n-hg002-grch38-v421	event-run-phase1a-ru88n-hg002-grch38-v421-record-935	CROSS_RUN_EQUIVALENCE_UNRESOLVED	GRCh38|chr20|10462992|G|A	GRCh38|chr20|10462991|10462992|G|A	GRCh38|chr20|10462991|10462992|G|A	variant:sha256:61bb68f9e10c3fe098e45f198f4edb57fe6eb3781b095a43965c4360124ee42a	variant:sha256:61bb68f9e10c3fe098e45f198f4edb57fe6eb3781b095a43965c4360124ee42a	True	EXACT_NORMALIZED_ALLELE	PHASE1B_EXACT_NORMALIZED_ALLELE_V1	1.0.0	False	False
857	run-phase1a-60z59-hg002-grch38-v421	event-run-phase1a-60z59-hg002-grch38-v421-record-935	run-phase1a-ru88n-hg002-grch38-v421	event-run-phase1a-ru88n-hg002-grch38-v421-record-936	CROSS_RUN_EQUIVALENCE_UNRESOLVED	GRCh38|chr20|10463717|T|C	GRCh38|chr20|10463716|10463717|T|C	GRCh38|chr20|10463716|10463717|T|C	variant:sha256:c872ce5a6a6cfbd0c0990d70498ae540c2d93fb38b2d7a9708a2e00ef6bf9028	variant:sha256:c872ce5a6a6cfbd0c0990d70498ae540c2d93fb38b2d7a9708a2e00ef6bf9028	True	EXACT_NORMALIZED_ALLELE	PHASE1B_EXACT_NORMALIZED_ALLELE_V1	1.0.0	False	False
858	run-phase1a-60z59-hg002-grch38-v421	event-run-phase1a-60z59-hg002-grch38-v421-record-936	run-phase1a-ru88n-hg002-grch38-v421	event-run-phase1a-ru88n-hg002-grch38-v421-record-937	CROSS_RUN_EQUIVALENCE_UNRESOLVED	GRCh38|chr20|10464268|T|C	GRCh38|chr20|10464267|10464268|T|C	GRCh38|chr20|10464267|10464268|T|C	variant:sha256:7e578d928ecf65a94b40bc8b61b7bbbb5f5a68ce284969eccd1962f15065876c	variant:sha256:7e578d928ecf65a94b40bc8b61b7bbbb5f5a68ce284969eccd1962f15065876c	True	EXACT_NORMALIZED_ALLELE	PHASE1B_EXACT_NORMALIZED_ALLELE_V1	1.0.0	False	False
859	run-phase1a-60z59-hg002-grch38-v421	event-run-phase1a-60z59-hg002-grch38-v421-record-937	run-phase1a-ru88n-hg002-grch38-v421	event-run-phase1a-ru88n-hg002-grch38-v421-record-938	CROSS_RUN_EQUIVALENCE_UNRESOLVED	GRCh38|chr20|10464344|G|A	GRCh38|chr20|10464343|10464344|G|A	GRCh38|chr20|10464343|10464344|G|A	variant:sha256:c1b065c0323d78de354f183c7a3af7a5bbf52bdbf6cff7bfa4a6c5768106fd92	variant:sha256:c1b065c0323d78de354f183c7a3af7a5bbf52bdbf6cff7bfa4a6c5768106fd92	True	EXACT_NORMALIZED_ALLELE	PHASE1B_EXACT_NORMALIZED_ALLELE_V1	1.0.0	False	False
860	run-phase1a-60z59-hg002-grch38-v421	event-run-phase1a-60z59-hg002-grch38-v421-record-938	run-phase1a-ru88n-hg002-grch38-v421	event-run-phase1a-ru88n-hg002-grch38-v421-record-939	CROSS_RUN_EQUIVALENCE_UNRESOLVED	GRCh38|chr20|10464773|CT|C	GRCh38|chr20|10464772|10464774|CT|C	GRCh38|chr20|10464772|10464774|CT|C	variant:sha256:6661f7b3cd58a03512899de78a4fdd59d844821763837515c18036905c06ee50	variant:sha256:6661f7b3cd58a03512899de78a4fdd59d844821763837515c18036905c06ee50	True	EXACT_NORMALIZED_ALLELE	PHASE1B_EXACT_NORMALIZED_ALLELE_V1	1.0.0	False	False
861	run-phase1a-60z59-hg002-grch38-v421	event-run-phase1a-60z59-hg002-grch38-v421-record-939	run-phase1a-ru88n-hg002-grch38-v421	event-run-phase1a-ru88n-hg002-grch38-v421-record-940	CROSS_RUN_EQUIVALENCE_UNRESOLVED	GRCh38|chr20|10464823|TA|T	GRCh38|chr20|10464822|10464824|TA|T	GRCh38|chr20|10464822|10464824|TA|T	variant:sha256:b009ce9ea5a74ecf2bc4962ce5bd8cb03128dcc53fde4fd9c0d503bba2433e90	variant:sha256:b009ce9ea5a74ecf2bc4962ce5bd8cb03128dcc53fde4fd9c0d503bba2433e90	True	EXACT_NORMALIZED_ALLELE	PHASE1B_EXACT_NORMALIZED_ALLELE_V1	1.0.0	False	False
862	run-phase1a-60z59-hg002-grch38-v421	event-run-phase1a-60z59-hg002-grch38-v421-record-940	run-phase1a-ru88n-hg002-grch38-v421	event-run-phase1a-ru88n-hg002-grch38-v421-record-942	CROSS_RUN_EQUIVALENCE_UNRESOLVED	GRCh38|chr20|10465075|G|C	GRCh38|chr20|10465074|10465075|G|C	GRCh38|chr20|10465074|10465075|G|C	variant:sha256:6a939e639544b07b7bfd77440b3cbb799372dfea954cb4f6e3c243546b0d165d	variant:sha256:6a939e639544b07b7bfd77440b3cbb799372dfea954cb4f6e3c243546b0d165d	True	EXACT_NORMALIZED_ALLELE	PHASE1B_EXACT_NORMALIZED_ALLELE_V1	1.0.0	False	False
863	run-phase1a-60z59-hg002-grch38-v421	event-run-phase1a-60z59-hg002-grch38-v421-record-941	run-phase1a-ru88n-hg002-grch38-v421	event-run-phase1a-ru88n-hg002-grch38-v421-record-943	CROSS_RUN_EQUIVALENCE_UNRESOLVED	GRCh38|chr20|10465163|A|T	GRCh38|chr20|10465162|10465163|A|T	GRCh38|chr20|10465162|10465163|A|T	variant:sha256:8face7fa95099f837071e98b6bba6c9e1e5465ac3d5b96306575869aa3c28df4	variant:sha256:8face7fa95099f837071e98b6bba6c9e1e5465ac3d5b96306575869aa3c28df4	True	EXACT_NORMALIZED_ALLELE	PHASE1B_EXACT_NORMALIZED_ALLELE_V1	1.0.0	False	False
864	run-phase1a-60z59-hg002-grch38-v421	event-run-phase1a-60z59-hg002-grch38-v421-record-942	run-phase1a-ru88n-hg002-grch38-v421	event-run-phase1a-ru88n-hg002-grch38-v421-record-944	CROSS_RUN_EQUIVALENCE_UNRESOLVED	GRCh38|chr20|10465893|T|C	GRCh38|chr20|10465892|10465893|T|C	GRCh38|chr20|10465892|10465893|T|C	variant:sha256:9abbdc905ece9d01654d0804f22dfcf9994cf5da65823133963e5c2e30b64461	variant:sha256:9abbdc905ece9d01654d0804f22dfcf9994cf5da65823133963e5c2e30b64461	True	EXACT_NORMALIZED_ALLELE	PHASE1B_EXACT_NORMALIZED_ALLELE_V1	1.0.0	False	False
865	run-phase1a-60z59-hg002-grch38-v421	event-run-phase1a-60z59-hg002-grch38-v421-record-943	run-phase1a-ru88n-hg002-grch38-v421	event-run-phase1a-ru88n-hg002-grch38-v421-record-945	CROSS_RUN_EQUIVALENCE_UNRESOLVED	GRCh38|chr20|10466262|C|A	GRCh38|chr20|10466261|10466262|C|A	GRCh38|chr20|10466261|10466262|C|A	variant:sha256:bdd78760f6c3a0e50f1730773f5dabbd5b189811a84c66b9745254101855633b	variant:sha256:bdd78760f6c3a0e50f1730773f5dabbd5b189811a84c66b9745254101855633b	True	EXACT_NORMALIZED_ALLELE	PHASE1B_EXACT_NORMALIZED_ALLELE_V1	1.0.0	False	False
866	run-phase1a-60z59-hg002-grch38-v421	event-run-phase1a-60z59-hg002-grch38-v421-record-944	run-phase1a-ru88n-hg002-grch38-v421	event-run-phase1a-ru88n-hg002-grch38-v421-record-946	CROSS_RUN_EQUIVALENCE_UNRESOLVED	GRCh38|chr20|10466472|G|A	GRCh38|chr20|10466471|10466472|G|A	GRCh38|chr20|10466471|10466472|G|A	variant:sha256:5f1f52f094e4859f1d5547b543551437c4871af2ec5d379eec5cc5860ed30180	variant:sha256:5f1f52f094e4859f1d5547b543551437c4871af2ec5d379eec5cc5860ed30180	True	EXACT_NORMALIZED_ALLELE	PHASE1B_EXACT_NORMALIZED_ALLELE_V1	1.0.0	False	False
867	run-phase1a-60z59-hg002-grch38-v421	event-run-phase1a-60z59-hg002-grch38-v421-record-945	run-phase1a-ru88n-hg002-grch38-v421	event-run-phase1a-ru88n-hg002-grch38-v421-record-947	CROSS_RUN_EQUIVALENCE_UNRESOLVED	GRCh38|chr20|10466645|A|T	GRCh38|chr20|10466644|10466645|A|T	GRCh38|chr20|10466644|10466645|A|T	variant:sha256:b82757c7c49fe418b89185dd1da94be95ad951721a7223cff3ed763caf889f4e	variant:sha256:b82757c7c49fe418b89185dd1da94be95ad951721a7223cff3ed763caf889f4e	True	EXACT_NORMALIZED_ALLELE	PHASE1B_EXACT_NORMALIZED_ALLELE_V1	1.0.0	False	False
868	run-phase1a-60z59-hg002-grch38-v421	event-run-phase1a-60z59-hg002-grch38-v421-record-946	run-phase1a-ru88n-hg002-grch38-v421	event-run-phase1a-ru88n-hg002-grch38-v421-record-948	CROSS_RUN_EQUIVALENCE_UNRESOLVED	GRCh38|chr20|10466856|T|TA	GRCh38|chr20|10466855|10466856|T|TA	GRCh38|chr20|10466855|10466856|T|TA	variant:sha256:7c9b079f331298e03c8f496fca864fb09f83c4d09c4160a303e1d3a8508a885d	variant:sha256:7c9b079f331298e03c8f496fca864fb09f83c4d09c4160a303e1d3a8508a885d	True	EXACT_NORMALIZED_ALLELE	PHASE1B_EXACT_NORMALIZED_ALLELE_V1	1.0.0	False	False
869	run-phase1a-60z59-hg002-grch38-v421	event-run-phase1a-60z59-hg002-grch38-v421-record-947	run-phase1a-ru88n-hg002-grch38-v421	event-run-phase1a-ru88n-hg002-grch38-v421-record-949	CROSS_RUN_EQUIVALENCE_UNRESOLVED	GRCh38|chr20|10466932|A|G	GRCh38|chr20|10466931|10466932|A|G	GRCh38|chr20|10466931|10466932|A|G	variant:sha256:9a36b90c73385430c0b20687e6131249ca13a3ecec958a968fe7460d008e655e	variant:sha256:9a36b90c73385430c0b20687e6131249ca13a3ecec958a968fe7460d008e655e	True	EXACT_NORMALIZED_ALLELE	PHASE1B_EXACT_NORMALIZED_ALLELE_V1	1.0.0	False	False
870	run-phase1a-60z59-hg002-grch38-v421	event-run-phase1a-60z59-hg002-grch38-v421-record-948	run-phase1a-ru88n-hg002-grch38-v421	event-run-phase1a-ru88n-hg002-grch38-v421-record-950	CROSS_RUN_EQUIVALENCE_UNRESOLVED	GRCh38|chr20|10468058|C|T	GRCh38|chr20|10468057|10468058|C|T	GRCh38|chr20|10468057|10468058|C|T	variant:sha256:c06f1fefc877dc40453a564ddb378fb06fa727023051d0e9af836f361eb433f2	variant:sha256:c06f1fefc877dc40453a564ddb378fb06fa727023051d0e9af836f361eb433f2	True	EXACT_NORMALIZED_ALLELE	PHASE1B_EXACT_NORMALIZED_ALLELE_V1	1.0.0	False	False
871	run-phase1a-60z59-hg002-grch38-v421	event-run-phase1a-60z59-hg002-grch38-v421-record-949	run-phase1a-ru88n-hg002-grch38-v421	event-run-phase1a-ru88n-hg002-grch38-v421-record-951	CROSS_RUN_EQUIVALENCE_UNRESOLVED	GRCh38|chr20|10468182|C|T	GRCh38|chr20|10468181|10468182|C|T	GRCh38|chr20|10468181|10468182|C|T	variant:sha256:2702329ae56a63d4107f54d3c18049b7c7a61709ae6f011ffce917ff8dc30d99	variant:sha256:2702329ae56a63d4107f54d3c18049b7c7a61709ae6f011ffce917ff8dc30d99	True	EXACT_NORMALIZED_ALLELE	PHASE1B_EXACT_NORMALIZED_ALLELE_V1	1.0.0	False	False
872	run-phase1a-60z59-hg002-grch38-v421	event-run-phase1a-60z59-hg002-grch38-v421-record-950	run-phase1a-ru88n-hg002-grch38-v421	event-run-phase1a-ru88n-hg002-grch38-v421-record-952	CROSS_RUN_EQUIVALENCE_UNRESOLVED	GRCh38|chr20|10468689|T|C	GRCh38|chr20|10468688|10468689|T|C	GRCh38|chr20|10468688|10468689|T|C	variant:sha256:41f160ca77599378026c5ad6a9acf38404eb4fcb2be3c347a70daa239e530e9a	variant:sha256:41f160ca77599378026c5ad6a9acf38404eb4fcb2be3c347a70daa239e530e9a	True	EXACT_NORMALIZED_ALLELE	PHASE1B_EXACT_NORMALIZED_ALLELE_V1	1.0.0	False	False
873	run-phase1a-60z59-hg002-grch38-v421	event-run-phase1a-60z59-hg002-grch38-v421-record-951	run-phase1a-ru88n-hg002-grch38-v421	event-run-phase1a-ru88n-hg002-grch38-v421-record-953	CROSS_RUN_EQUIVALENCE_UNRESOLVED	GRCh38|chr20|10468901|T|C	GRCh38|chr20|10468900|10468901|T|C	GRCh38|chr20|10468900|10468901|T|C	variant:sha256:0381a5048d1f6e8cde92eae14cfadf10be167fdb4f8d49fc8bd397ae2c699a2b	variant:sha256:0381a5048d1f6e8cde92eae14cfadf10be167fdb4f8d49fc8bd397ae2c699a2b	True	EXACT_NORMALIZED_ALLELE	PHASE1B_EXACT_NORMALIZED_ALLELE_V1	1.0.0	False	False
874	run-phase1a-60z59-hg002-grch38-v421	event-run-phase1a-60z59-hg002-grch38-v421-record-952	run-phase1a-ru88n-hg002-grch38-v421	event-run-phase1a-ru88n-hg002-grch38-v421-record-954	CROSS_RUN_EQUIVALENCE_UNRESOLVED	GRCh38|chr20|10469209|C|T	GRCh38|chr20|10469208|10469209|C|T	GRCh38|chr20|10469208|10469209|C|T	variant:sha256:6d25b2c3f422436f30e5f2c24a84e13f8c0e01b409bd1b3040292351cff536d1	variant:sha256:6d25b2c3f422436f30e5f2c24a84e13f8c0e01b409bd1b3040292351cff536d1	True	EXACT_NORMALIZED_ALLELE	PHASE1B_EXACT_NORMALIZED_ALLELE_V1	1.0.0	False	False
875	run-phase1a-60z59-hg002-grch38-v421	event-run-phase1a-60z59-hg002-grch38-v421-record-953	run-phase1a-ru88n-hg002-grch38-v421	event-run-phase1a-ru88n-hg002-grch38-v421-record-955	CROSS_RUN_EQUIVALENCE_UNRESOLVED	GRCh38|chr20|10469429|A|G	GRCh38|chr20|10469428|10469429|A|G	GRCh38|chr20|10469428|10469429|A|G	variant:sha256:65f514c5aa88732a94d0020c429b3309c3f0bc95f81da83acbf1170523d88154	variant:sha256:65f514c5aa88732a94d0020c429b3309c3f0bc95f81da83acbf1170523d88154	True	EXACT_NORMALIZED_ALLELE	PHASE1B_EXACT_NORMALIZED_ALLELE_V1	1.0.0	False	False
876	run-phase1a-60z59-hg002-grch38-v421	event-run-phase1a-60z59-hg002-grch38-v421-record-954	run-phase1a-ru88n-hg002-grch38-v421	event-run-phase1a-ru88n-hg002-grch38-v421-record-956	CROSS_RUN_EQUIVALENCE_UNRESOLVED	GRCh38|chr20|10469543|G|A	GRCh38|chr20|10469542|10469543|G|A	GRCh38|chr20|10469542|10469543|G|A	variant:sha256:d56223700ce36ce524c6a2499fb25e3678eddd71861ea5241f1c7e489ae4544e	variant:sha256:d56223700ce36ce524c6a2499fb25e3678eddd71861ea5241f1c7e489ae4544e	True	EXACT_NORMALIZED_ALLELE	PHASE1B_EXACT_NORMALIZED_ALLELE_V1	1.0.0	False	False
877	run-phase1a-60z59-hg002-grch38-v421	event-run-phase1a-60z59-hg002-grch38-v421-record-955	run-phase1a-ru88n-hg002-grch38-v421	event-run-phase1a-ru88n-hg002-grch38-v421-record-957	CROSS_RUN_EQUIVALENCE_UNRESOLVED	GRCh38|chr20|10469547|C|T	GRCh38|chr20|10469546|10469547|C|T	GRCh38|chr20|10469546|10469547|C|T	variant:sha256:16528b7bad6aa777b200f5ef272dbf9069eea010d51c5ca5a9898990ff1c661e	variant:sha256:16528b7bad6aa777b200f5ef272dbf9069eea010d51c5ca5a9898990ff1c661e	True	EXACT_NORMALIZED_ALLELE	PHASE1B_EXACT_NORMALIZED_ALLELE_V1	1.0.0	False	False
878	run-phase1a-60z59-hg002-grch38-v421	event-run-phase1a-60z59-hg002-grch38-v421-record-956	run-phase1a-ru88n-hg002-grch38-v421	event-run-phase1a-ru88n-hg002-grch38-v421-record-958	CROSS_RUN_EQUIVALENCE_UNRESOLVED	GRCh38|chr20|10469854|C|T	GRCh38|chr20|10469853|10469854|C|T	GRCh38|chr20|10469853|10469854|C|T	variant:sha256:0546ad755283974ec3303a458e74f26aaf19eca387065f6a0431ac0c277ac43f	variant:sha256:0546ad755283974ec3303a458e74f26aaf19eca387065f6a0431ac0c277ac43f	True	EXACT_NORMALIZED_ALLELE	PHASE1B_EXACT_NORMALIZED_ALLELE_V1	1.0.0	False	False
879	run-phase1a-60z59-hg002-grch38-v421	event-run-phase1a-60z59-hg002-grch38-v421-record-957	run-phase1a-ru88n-hg002-grch38-v421	event-run-phase1a-ru88n-hg002-grch38-v421-record-959	CROSS_RUN_EQUIVALENCE_UNRESOLVED	GRCh38|chr20|10469958|G|A	GRCh38|chr20|10469957|10469958|G|A	GRCh38|chr20|10469957|10469958|G|A	variant:sha256:924e1b480fd0e05c0e1460b129a6d54581bafa0843fd5f77f2c82977d6f760a5	variant:sha256:924e1b480fd0e05c0e1460b129a6d54581bafa0843fd5f77f2c82977d6f760a5	True	EXACT_NORMALIZED_ALLELE	PHASE1B_EXACT_NORMALIZED_ALLELE_V1	1.0.0	False	False
880	run-phase1a-60z59-hg002-grch38-v421	event-run-phase1a-60z59-hg002-grch38-v421-record-958	run-phase1a-ru88n-hg002-grch38-v421	event-run-phase1a-ru88n-hg002-grch38-v421-record-960	CROSS_RUN_EQUIVALENCE_UNRESOLVED	GRCh38|chr20|10470152|A|G	GRCh38|chr20|10470151|10470152|A|G	GRCh38|chr20|10470151|10470152|A|G	variant:sha256:1669af47bd9c07a3a91f65c7b299645dade3724d529e7e3d8f2d23c85648ab78	variant:sha256:1669af47bd9c07a3a91f65c7b299645dade3724d529e7e3d8f2d23c85648ab78	True	EXACT_NORMALIZED_ALLELE	PHASE1B_EXACT_NORMALIZED_ALLELE_V1	1.0.0	False	False
881	run-phase1a-60z59-hg002-grch38-v421	event-run-phase1a-60z59-hg002-grch38-v421-record-959	run-phase1a-ru88n-hg002-grch38-v421	event-run-phase1a-ru88n-hg002-grch38-v421-record-961	CROSS_RUN_EQUIVALENCE_UNRESOLVED	GRCh38|chr20|10470436|T|C	GRCh38|chr20|10470435|10470436|T|C	GRCh38|chr20|10470435|10470436|T|C	variant:sha256:b0f77f8a57d9f3e7af4b29f18eada88ee97e21f5633b5fcf57e2a74de1930b4f	variant:sha256:b0f77f8a57d9f3e7af4b29f18eada88ee97e21f5633b5fcf57e2a74de1930b4f	True	EXACT_NORMALIZED_ALLELE	PHASE1B_EXACT_NORMALIZED_ALLELE_V1	1.0.0	False	False
882	run-phase1a-60z59-hg002-grch38-v421	event-run-phase1a-60z59-hg002-grch38-v421-record-960	run-phase1a-ru88n-hg002-grch38-v421	event-run-phase1a-ru88n-hg002-grch38-v421-record-962	CROSS_RUN_EQUIVALENCE_UNRESOLVED	GRCh38|chr20|10470838|G|A	GRCh38|chr20|10470837|10470838|G|A	GRCh38|chr20|10470837|10470838|G|A	variant:sha256:9331e5f84a632c3a9454884fac88399be03c94dd35efbdb7e2ca1c8e10ee35a6	variant:sha256:9331e5f84a632c3a9454884fac88399be03c94dd35efbdb7e2ca1c8e10ee35a6	True	EXACT_NORMALIZED_ALLELE	PHASE1B_EXACT_NORMALIZED_ALLELE_V1	1.0.0	False	False
883	run-phase1a-60z59-hg002-grch38-v421	event-run-phase1a-60z59-hg002-grch38-v421-record-961	run-phase1a-ru88n-hg002-grch38-v421	event-run-phase1a-ru88n-hg002-grch38-v421-record-963	CROSS_RUN_EQUIVALENCE_UNRESOLVED	GRCh38|chr20|10470925|G|T	GRCh38|chr20|10470924|10470925|G|T	GRCh38|chr20|10470924|10470925|G|T	variant:sha256:6e1e83946f76e2563a002f01ec3efce801bc8973e6b37662891a169a25fb450d	variant:sha256:6e1e83946f76e2563a002f01ec3efce801bc8973e6b37662891a169a25fb450d	True	EXACT_NORMALIZED_ALLELE	PHASE1B_EXACT_NORMALIZED_ALLELE_V1	1.0.0	False	False
884	run-phase1a-60z59-hg002-grch38-v421	event-run-phase1a-60z59-hg002-grch38-v421-record-962	run-phase1a-ru88n-hg002-grch38-v421	event-run-phase1a-ru88n-hg002-grch38-v421-record-964	CROSS_RUN_EQUIVALENCE_UNRESOLVED	GRCh38|chr20|10471052|G|T	GRCh38|chr20|10471051|10471052|G|T	GRCh38|chr20|10471051|10471052|G|T	variant:sha256:94ddcea77f886425596b70d8113093e3e2bfaa853b9dfab99d4b83c68c28244e	variant:sha256:94ddcea77f886425596b70d8113093e3e2bfaa853b9dfab99d4b83c68c28244e	True	EXACT_NORMALIZED_ALLELE	PHASE1B_EXACT_NORMALIZED_ALLELE_V1	1.0.0	False	False
885	run-phase1a-60z59-hg002-grch38-v421	event-run-phase1a-60z59-hg002-grch38-v421-record-963	run-phase1a-ru88n-hg002-grch38-v421	event-run-phase1a-ru88n-hg002-grch38-v421-record-965	CROSS_RUN_EQUIVALENCE_UNRESOLVED	GRCh38|chr20|10471226|G|A	GRCh38|chr20|10471225|10471226|G|A	GRCh38|chr20|10471225|10471226|G|A	variant:sha256:485d0cd05f6ded67b50bc91cd2fa090bbe5208509cf00bbee0da0525faeffb36	variant:sha256:485d0cd05f6ded67b50bc91cd2fa090bbe5208509cf00bbee0da0525faeffb36	True	EXACT_NORMALIZED_ALLELE	PHASE1B_EXACT_NORMALIZED_ALLELE_V1	1.0.0	False	False
886	run-phase1a-60z59-hg002-grch38-v421	event-run-phase1a-60z59-hg002-grch38-v421-record-964	run-phase1a-ru88n-hg002-grch38-v421	event-run-phase1a-ru88n-hg002-grch38-v421-record-966	CROSS_RUN_EQUIVALENCE_UNRESOLVED	GRCh38|chr20|10471243|A|G	GRCh38|chr20|10471242|10471243|A|G	GRCh38|chr20|10471242|10471243|A|G	variant:sha256:69348a45aad45ec3ed52f43874fb1749a198a9230ce2d99cdb242b56af365f0c	variant:sha256:69348a45aad45ec3ed52f43874fb1749a198a9230ce2d99cdb242b56af365f0c	True	EXACT_NORMALIZED_ALLELE	PHASE1B_EXACT_NORMALIZED_ALLELE_V1	1.0.0	False	False
887	run-phase1a-60z59-hg002-grch38-v421	event-run-phase1a-60z59-hg002-grch38-v421-record-965	run-phase1a-ru88n-hg002-grch38-v421	event-run-phase1a-ru88n-hg002-grch38-v421-record-967	CROSS_RUN_EQUIVALENCE_UNRESOLVED	GRCh38|chr20|10472234|C|CT	GRCh38|chr20|10472233|10472234|C|CT	GRCh38|chr20|10472233|10472234|C|CT	variant:sha256:cfe22e939595b1ec0a145ff60e12f2d40a88c667112e203ff758c307d9a00720	variant:sha256:cfe22e939595b1ec0a145ff60e12f2d40a88c667112e203ff758c307d9a00720	True	EXACT_NORMALIZED_ALLELE	PHASE1B_EXACT_NORMALIZED_ALLELE_V1	1.0.0	False	False
888	run-phase1a-60z59-hg002-grch38-v421	event-run-phase1a-60z59-hg002-grch38-v421-record-966	run-phase1a-ru88n-hg002-grch38-v421	event-run-phase1a-ru88n-hg002-grch38-v421-record-968	CROSS_RUN_EQUIVALENCE_UNRESOLVED	GRCh38|chr20|10472312|C|G	GRCh38|chr20|10472311|10472312|C|G	GRCh38|chr20|10472311|10472312|C|G	variant:sha256:1110c7510a93ea61b25fe747dcd13e1d14942039b1787e7c050846ed9d505666	variant:sha256:1110c7510a93ea61b25fe747dcd13e1d14942039b1787e7c050846ed9d505666	True	EXACT_NORMALIZED_ALLELE	PHASE1B_EXACT_NORMALIZED_ALLELE_V1	1.0.0	False	False
889	run-phase1a-60z59-hg002-grch38-v421	event-run-phase1a-60z59-hg002-grch38-v421-record-967	run-phase1a-ru88n-hg002-grch38-v421	event-run-phase1a-ru88n-hg002-grch38-v421-record-969	CROSS_RUN_EQUIVALENCE_UNRESOLVED	GRCh38|chr20|10472484|A|C	GRCh38|chr20|10472483|10472484|A|C	GRCh38|chr20|10472483|10472484|A|C	variant:sha256:e69f7a8cf1cc1bba367e3fffe5367b03cfae2496c37a571f0b5c74ee10604f9f	variant:sha256:e69f7a8cf1cc1bba367e3fffe5367b03cfae2496c37a571f0b5c74ee10604f9f	True	EXACT_NORMALIZED_ALLELE	PHASE1B_EXACT_NORMALIZED_ALLELE_V1	1.0.0	False	False
890	run-phase1a-60z59-hg002-grch38-v421	event-run-phase1a-60z59-hg002-grch38-v421-record-968	run-phase1a-ru88n-hg002-grch38-v421	event-run-phase1a-ru88n-hg002-grch38-v421-record-970	CROSS_RUN_EQUIVALENCE_UNRESOLVED	GRCh38|chr20|10473426|T|G	GRCh38|chr20|10473425|10473426|T|G	GRCh38|chr20|10473425|10473426|T|G	variant:sha256:6ad5eca4e90c4636bda73cc192242804aa856447554e9dc0871e157c5d16f27f	variant:sha256:6ad5eca4e90c4636bda73cc192242804aa856447554e9dc0871e157c5d16f27f	True	EXACT_NORMALIZED_ALLELE	PHASE1B_EXACT_NORMALIZED_ALLELE_V1	1.0.0	False	False
891	run-phase1a-60z59-hg002-grch38-v421	event-run-phase1a-60z59-hg002-grch38-v421-record-969	run-phase1a-ru88n-hg002-grch38-v421	event-run-phase1a-ru88n-hg002-grch38-v421-record-971	CROSS_RUN_EQUIVALENCE_UNRESOLVED	GRCh38|chr20|10473606|CT|C	GRCh38|chr20|10473605|10473607|CT|C	GRCh38|chr20|10473605|10473607|CT|C	variant:sha256:0ee0fcb4fd02d9be61f8f3d49e3bc1d4acae5fa7fa3b8155ccdebdeb4ff87ba4	variant:sha256:0ee0fcb4fd02d9be61f8f3d49e3bc1d4acae5fa7fa3b8155ccdebdeb4ff87ba4	True	EXACT_NORMALIZED_ALLELE	PHASE1B_EXACT_NORMALIZED_ALLELE_V1	1.0.0	False	False
892	run-phase1a-60z59-hg002-grch38-v421	event-run-phase1a-60z59-hg002-grch38-v421-record-970	run-phase1a-ru88n-hg002-grch38-v421	event-run-phase1a-ru88n-hg002-grch38-v421-record-973	CROSS_RUN_EQUIVALENCE_UNRESOLVED	GRCh38|chr20|10474520|A|G	GRCh38|chr20|10474519|10474520|A|G	GRCh38|chr20|10474519|10474520|A|G	variant:sha256:930a467b69f6180941b56086912be8061778bacefe591896aa8e8e336307b3f1	variant:sha256:930a467b69f6180941b56086912be8061778bacefe591896aa8e8e336307b3f1	True	EXACT_NORMALIZED_ALLELE	PHASE1B_EXACT_NORMALIZED_ALLELE_V1	1.0.0	False	False
893	run-phase1a-60z59-hg002-grch38-v421	event-run-phase1a-60z59-hg002-grch38-v421-record-971	run-phase1a-ru88n-hg002-grch38-v421	event-run-phase1a-ru88n-hg002-grch38-v421-record-974	CROSS_RUN_EQUIVALENCE_UNRESOLVED	GRCh38|chr20|10474737|G|A	GRCh38|chr20|10474736|10474737|G|A	GRCh38|chr20|10474736|10474737|G|A	variant:sha256:1835b76ec6b8c766a99db129dfe5d343e8671fc33f4af46cb697de0814e9312b	variant:sha256:1835b76ec6b8c766a99db129dfe5d343e8671fc33f4af46cb697de0814e9312b	True	EXACT_NORMALIZED_ALLELE	PHASE1B_EXACT_NORMALIZED_ALLELE_V1	1.0.0	False	False
894	run-phase1a-60z59-hg002-grch38-v421	event-run-phase1a-60z59-hg002-grch38-v421-record-972	run-phase1a-ru88n-hg002-grch38-v421	event-run-phase1a-ru88n-hg002-grch38-v421-record-975	CROSS_RUN_EQUIVALENCE_UNRESOLVED	GRCh38|chr20|10475729|A|G	GRCh38|chr20|10475728|10475729|A|G	GRCh38|chr20|10475728|10475729|A|G	variant:sha256:403ec4d0af26cb8f0b82b740badb097206080029904f0d32f34673fcbd32714a	variant:sha256:403ec4d0af26cb8f0b82b740badb097206080029904f0d32f34673fcbd32714a	True	EXACT_NORMALIZED_ALLELE	PHASE1B_EXACT_NORMALIZED_ALLELE_V1	1.0.0	False	False
895	run-phase1a-60z59-hg002-grch38-v421	event-run-phase1a-60z59-hg002-grch38-v421-record-973	run-phase1a-ru88n-hg002-grch38-v421	event-run-phase1a-ru88n-hg002-grch38-v421-record-976	CROSS_RUN_EQUIVALENCE_UNRESOLVED	GRCh38|chr20|10475837|G|A	GRCh38|chr20|10475836|10475837|G|A	GRCh38|chr20|10475836|10475837|G|A	variant:sha256:cb5bd729d085057efd00c09edbe24795fdf30aff2526bc77663c817eeff11b92	variant:sha256:cb5bd729d085057efd00c09edbe24795fdf30aff2526bc77663c817eeff11b92	True	EXACT_NORMALIZED_ALLELE	PHASE1B_EXACT_NORMALIZED_ALLELE_V1	1.0.0	False	False
896	run-phase1a-60z59-hg002-grch38-v421	event-run-phase1a-60z59-hg002-grch38-v421-record-974	run-phase1a-ru88n-hg002-grch38-v421	event-run-phase1a-ru88n-hg002-grch38-v421-record-977	CROSS_RUN_EQUIVALENCE_UNRESOLVED	GRCh38|chr20|10475938|C|T	GRCh38|chr20|10475937|10475938|C|T	GRCh38|chr20|10475937|10475938|C|T	variant:sha256:bf0b166ff7d1c3fb4479dabedc0b114dde0409713bcec117ded85c274eec3f3b	variant:sha256:bf0b166ff7d1c3fb4479dabedc0b114dde0409713bcec117ded85c274eec3f3b	True	EXACT_NORMALIZED_ALLELE	PHASE1B_EXACT_NORMALIZED_ALLELE_V1	1.0.0	False	False
897	run-phase1a-60z59-hg002-grch38-v421	event-run-phase1a-60z59-hg002-grch38-v421-record-975	run-phase1a-ru88n-hg002-grch38-v421	event-run-phase1a-ru88n-hg002-grch38-v421-record-978	CROSS_RUN_EQUIVALENCE_UNRESOLVED	GRCh38|chr20|10476141|A|G	GRCh38|chr20|10476140|10476141|A|G	GRCh38|chr20|10476140|10476141|A|G	variant:sha256:2e3bd228cd98a35f4d11a401cf136b302d474c4449a7d1652e45a3e1911295cb	variant:sha256:2e3bd228cd98a35f4d11a401cf136b302d474c4449a7d1652e45a3e1911295cb	True	EXACT_NORMALIZED_ALLELE	PHASE1B_EXACT_NORMALIZED_ALLELE_V1	1.0.0	False	False
898	run-phase1a-60z59-hg002-grch38-v421	event-run-phase1a-60z59-hg002-grch38-v421-record-976	run-phase1a-ru88n-hg002-grch38-v421	event-run-phase1a-ru88n-hg002-grch38-v421-record-979	CROSS_RUN_EQUIVALENCE_UNRESOLVED	GRCh38|chr20|10476142|C|CTG	GRCh38|chr20|10476141|10476142|C|CTG	GRCh38|chr20|10476141|10476142|C|CTG	variant:sha256:36effd50b884109404c7667b9920d9080a7db19cf6d453bca1cdd297f2bdbd4e	variant:sha256:36effd50b884109404c7667b9920d9080a7db19cf6d453bca1cdd297f2bdbd4e	True	EXACT_NORMALIZED_ALLELE	PHASE1B_EXACT_NORMALIZED_ALLELE_V1	1.0.0	False	False
899	run-phase1a-60z59-hg002-grch38-v421	event-run-phase1a-60z59-hg002-grch38-v421-record-977	run-phase1a-ru88n-hg002-grch38-v421	event-run-phase1a-ru88n-hg002-grch38-v421-record-980	CROSS_RUN_EQUIVALENCE_UNRESOLVED	GRCh38|chr20|10476768|G|T	GRCh38|chr20|10476767|10476768|G|T	GRCh38|chr20|10476767|10476768|G|T	variant:sha256:d2b5d09df5f4433bd453e0fe6fe5482710d8a86f00f8bc8301554caecda8a28a	variant:sha256:d2b5d09df5f4433bd453e0fe6fe5482710d8a86f00f8bc8301554caecda8a28a	True	EXACT_NORMALIZED_ALLELE	PHASE1B_EXACT_NORMALIZED_ALLELE_V1	1.0.0	False	False
900	run-phase1a-60z59-hg002-grch38-v421	event-run-phase1a-60z59-hg002-grch38-v421-record-978	run-phase1a-ru88n-hg002-grch38-v421	event-run-phase1a-ru88n-hg002-grch38-v421-record-981	CROSS_RUN_EQUIVALENCE_UNRESOLVED	GRCh38|chr20|10476926|T|C	GRCh38|chr20|10476925|10476926|T|C	GRCh38|chr20|10476925|10476926|T|C	variant:sha256:c4e8806d71f613b9942482ed545102f72dae8692ff08216c6f1ed156b2904845	variant:sha256:c4e8806d71f613b9942482ed545102f72dae8692ff08216c6f1ed156b2904845	True	EXACT_NORMALIZED_ALLELE	PHASE1B_EXACT_NORMALIZED_ALLELE_V1	1.0.0	False	False
901	run-phase1a-60z59-hg002-grch38-v421	event-run-phase1a-60z59-hg002-grch38-v421-record-979	run-phase1a-ru88n-hg002-grch38-v421	event-run-phase1a-ru88n-hg002-grch38-v421-record-982	CROSS_RUN_EQUIVALENCE_UNRESOLVED	GRCh38|chr20|10477170|CT|C	GRCh38|chr20|10477169|10477171|CT|C	GRCh38|chr20|10477169|10477171|CT|C	variant:sha256:d999c1a6d6cf1c4eae2230287814871afa9e7759a22674cc52931ae6fd6e1928	variant:sha256:d999c1a6d6cf1c4eae2230287814871afa9e7759a22674cc52931ae6fd6e1928	True	EXACT_NORMALIZED_ALLELE	PHASE1B_EXACT_NORMALIZED_ALLELE_V1	1.0.0	False	False
902	run-phase1a-60z59-hg002-grch38-v421	event-run-phase1a-60z59-hg002-grch38-v421-record-980	run-phase1a-ru88n-hg002-grch38-v421	event-run-phase1a-ru88n-hg002-grch38-v421-record-984	CROSS_RUN_EQUIVALENCE_UNRESOLVED	GRCh38|chr20|10477898|CTT|C	GRCh38|chr20|10477897|10477900|CTT|C	GRCh38|chr20|10477897|10477900|CTT|C	variant:sha256:dc0a8bc8fd4ad818c97f77fd3a22dbcc0906fa59d7967a36af14934dcf3da0fa	variant:sha256:dc0a8bc8fd4ad818c97f77fd3a22dbcc0906fa59d7967a36af14934dcf3da0fa	True	EXACT_NORMALIZED_ALLELE	PHASE1B_EXACT_NORMALIZED_ALLELE_V1	1.0.0	False	False
903	run-phase1a-60z59-hg002-grch38-v421	event-run-phase1a-60z59-hg002-grch38-v421-record-981	run-phase1a-ru88n-hg002-grch38-v421	event-run-phase1a-ru88n-hg002-grch38-v421-record-985	CROSS_RUN_EQUIVALENCE_UNRESOLVED	GRCh38|chr20|10477968|G|A	GRCh38|chr20|10477967|10477968|G|A	GRCh38|chr20|10477967|10477968|G|A	variant:sha256:8e3c61289122f8c5d7df85cf9501c3b6e5bae3e10b244d01301abe3b574d83e1	variant:sha256:8e3c61289122f8c5d7df85cf9501c3b6e5bae3e10b244d01301abe3b574d83e1	True	EXACT_NORMALIZED_ALLELE	PHASE1B_EXACT_NORMALIZED_ALLELE_V1	1.0.0	False	False
904	run-phase1a-60z59-hg002-grch38-v421	event-run-phase1a-60z59-hg002-grch38-v421-record-982	run-phase1a-ru88n-hg002-grch38-v421	event-run-phase1a-ru88n-hg002-grch38-v421-record-986	CROSS_RUN_EQUIVALENCE_UNRESOLVED	GRCh38|chr20|10478023|A|C	GRCh38|chr20|10478022|10478023|A|C	GRCh38|chr20|10478022|10478023|A|C	variant:sha256:6e19238b91625315eb7651c8e8aee8cd468d81f166e26c208092676f2c8010d6	variant:sha256:6e19238b91625315eb7651c8e8aee8cd468d81f166e26c208092676f2c8010d6	True	EXACT_NORMALIZED_ALLELE	PHASE1B_EXACT_NORMALIZED_ALLELE_V1	1.0.0	False	False
905	run-phase1a-60z59-hg002-grch38-v421	event-run-phase1a-60z59-hg002-grch38-v421-record-983	run-phase1a-ru88n-hg002-grch38-v421	event-run-phase1a-ru88n-hg002-grch38-v421-record-987	CROSS_RUN_EQUIVALENCE_UNRESOLVED	GRCh38|chr20|10478040|A|G	GRCh38|chr20|10478039|10478040|A|G	GRCh38|chr20|10478039|10478040|A|G	variant:sha256:27e092f40cdb16d53d44c751c5077b962c931156ad5d33aa2f03a7c738283d0f	variant:sha256:27e092f40cdb16d53d44c751c5077b962c931156ad5d33aa2f03a7c738283d0f	True	EXACT_NORMALIZED_ALLELE	PHASE1B_EXACT_NORMALIZED_ALLELE_V1	1.0.0	False	False
906	run-phase1a-60z59-hg002-grch38-v421	event-run-phase1a-60z59-hg002-grch38-v421-record-984	run-phase1a-ru88n-hg002-grch38-v421	event-run-phase1a-ru88n-hg002-grch38-v421-record-988	CROSS_RUN_EQUIVALENCE_UNRESOLVED	GRCh38|chr20|10478118|T|C	GRCh38|chr20|10478117|10478118|T|C	GRCh38|chr20|10478117|10478118|T|C	variant:sha256:a9eb6df1ff721d80b32ca98ee57284f737131ad31cc2b6a2f66731e162efe7cd	variant:sha256:a9eb6df1ff721d80b32ca98ee57284f737131ad31cc2b6a2f66731e162efe7cd	True	EXACT_NORMALIZED_ALLELE	PHASE1B_EXACT_NORMALIZED_ALLELE_V1	1.0.0	False	False
907	run-phase1a-60z59-hg002-grch38-v421	event-run-phase1a-60z59-hg002-grch38-v421-record-985	run-phase1a-ru88n-hg002-grch38-v421	event-run-phase1a-ru88n-hg002-grch38-v421-record-989	CROSS_RUN_EQUIVALENCE_UNRESOLVED	GRCh38|chr20|10478119|G|A	GRCh38|chr20|10478118|10478119|G|A	GRCh38|chr20|10478118|10478119|G|A	variant:sha256:d5e4ed389daadfe062330bb45ade906f0060c71f0e03a4ace657c15efe25a280	variant:sha256:d5e4ed389daadfe062330bb45ade906f0060c71f0e03a4ace657c15efe25a280	True	EXACT_NORMALIZED_ALLELE	PHASE1B_EXACT_NORMALIZED_ALLELE_V1	1.0.0	False	False
908	run-phase1a-60z59-hg002-grch38-v421	event-run-phase1a-60z59-hg002-grch38-v421-record-986	run-phase1a-ru88n-hg002-grch38-v421	event-run-phase1a-ru88n-hg002-grch38-v421-record-990	CROSS_RUN_EQUIVALENCE_UNRESOLVED	GRCh38|chr20|10479346|A|G	GRCh38|chr20|10479345|10479346|A|G	GRCh38|chr20|10479345|10479346|A|G	variant:sha256:5f14867cd29c9b258cdb4567ceb8b306535a3c5db62ff5a0349cd99bb615172c	variant:sha256:5f14867cd29c9b258cdb4567ceb8b306535a3c5db62ff5a0349cd99bb615172c	True	EXACT_NORMALIZED_ALLELE	PHASE1B_EXACT_NORMALIZED_ALLELE_V1	1.0.0	False	False
909	run-phase1a-60z59-hg002-grch38-v421	event-run-phase1a-60z59-hg002-grch38-v421-record-987	run-phase1a-ru88n-hg002-grch38-v421	event-run-phase1a-ru88n-hg002-grch38-v421-record-991	CROSS_RUN_EQUIVALENCE_UNRESOLVED	GRCh38|chr20|10479353|T|TTTTTTC	GRCh38|chr20|10479352|10479353|T|TTTTTTC	GRCh38|chr20|10479352|10479353|T|TTTTTTC	variant:sha256:93a8d0ddea111a64405abd39ec8de929cd684f0d964b21d814fe5220aa29130f	variant:sha256:93a8d0ddea111a64405abd39ec8de929cd684f0d964b21d814fe5220aa29130f	True	EXACT_NORMALIZED_ALLELE	PHASE1B_EXACT_NORMALIZED_ALLELE_V1	1.0.0	False	False
910	run-phase1a-60z59-hg002-grch38-v421	event-run-phase1a-60z59-hg002-grch38-v421-record-989	run-phase1a-ru88n-hg002-grch38-v421	event-run-phase1a-ru88n-hg002-grch38-v421-record-992	CROSS_RUN_EQUIVALENCE_UNRESOLVED	GRCh38|chr20|10479408|A|G	GRCh38|chr20|10479407|10479408|A|G	GRCh38|chr20|10479407|10479408|A|G	variant:sha256:5d2ed1a6821999333816e84c7bdc6fdd9308409db074792f99a890661ac481d3	variant:sha256:5d2ed1a6821999333816e84c7bdc6fdd9308409db074792f99a890661ac481d3	True	EXACT_NORMALIZED_ALLELE	PHASE1B_EXACT_NORMALIZED_ALLELE_V1	1.0.0	False	False
911	run-phase1a-60z59-hg002-grch38-v421	event-run-phase1a-60z59-hg002-grch38-v421-record-990	run-phase1a-ru88n-hg002-grch38-v421	event-run-phase1a-ru88n-hg002-grch38-v421-record-993	CROSS_RUN_EQUIVALENCE_UNRESOLVED	GRCh38|chr20|10479603|G|GC	GRCh38|chr20|10479602|10479603|G|GC	GRCh38|chr20|10479602|10479603|G|GC	variant:sha256:26af4f7e36c96dd28fa6e882b64081481745c7801c875c182f24bd90ab136c8b	variant:sha256:26af4f7e36c96dd28fa6e882b64081481745c7801c875c182f24bd90ab136c8b	True	EXACT_NORMALIZED_ALLELE	PHASE1B_EXACT_NORMALIZED_ALLELE_V1	1.0.0	False	False
912	run-phase1a-60z59-hg002-grch38-v421	event-run-phase1a-60z59-hg002-grch38-v421-record-991	run-phase1a-ru88n-hg002-grch38-v421	event-run-phase1a-ru88n-hg002-grch38-v421-record-994	CROSS_RUN_EQUIVALENCE_UNRESOLVED	GRCh38|chr20|10479636|A|AC	GRCh38|chr20|10479635|10479636|A|AC	GRCh38|chr20|10479635|10479636|A|AC	variant:sha256:a07e9e30adc58b331b68f2a77285f1c30c74f342c08428b5fa991c5e59b002eb	variant:sha256:a07e9e30adc58b331b68f2a77285f1c30c74f342c08428b5fa991c5e59b002eb	True	EXACT_NORMALIZED_ALLELE	PHASE1B_EXACT_NORMALIZED_ALLELE_V1	1.0.0	False	False
913	run-phase1a-60z59-hg002-grch38-v421	event-run-phase1a-60z59-hg002-grch38-v421-record-993	run-phase1a-ru88n-hg002-grch38-v421	event-run-phase1a-ru88n-hg002-grch38-v421-record-996	CROSS_RUN_EQUIVALENCE_UNRESOLVED	GRCh38|chr20|10479728|G|A	GRCh38|chr20|10479727|10479728|G|A	GRCh38|chr20|10479727|10479728|G|A	variant:sha256:1123ea513a3c2ad676dc0921190fc28f1ee8b548a07e3dfff86d235092296c54	variant:sha256:1123ea513a3c2ad676dc0921190fc28f1ee8b548a07e3dfff86d235092296c54	True	EXACT_NORMALIZED_ALLELE	PHASE1B_EXACT_NORMALIZED_ALLELE_V1	1.0.0	False	False
914	run-phase1a-60z59-hg002-grch38-v421	event-run-phase1a-60z59-hg002-grch38-v421-record-994	run-phase1a-ru88n-hg002-grch38-v421	event-run-phase1a-ru88n-hg002-grch38-v421-record-997	CROSS_RUN_EQUIVALENCE_UNRESOLVED	GRCh38|chr20|10479834|C|T	GRCh38|chr20|10479833|10479834|C|T	GRCh38|chr20|10479833|10479834|C|T	variant:sha256:54dff96d363ba8945103054c2f40857d380290caf55a44e466c042b35de9bdd9	variant:sha256:54dff96d363ba8945103054c2f40857d380290caf55a44e466c042b35de9bdd9	True	EXACT_NORMALIZED_ALLELE	PHASE1B_EXACT_NORMALIZED_ALLELE_V1	1.0.0	False	False
915	run-phase1a-60z59-hg002-grch38-v421	event-run-phase1a-60z59-hg002-grch38-v421-record-995	run-phase1a-ru88n-hg002-grch38-v421	event-run-phase1a-ru88n-hg002-grch38-v421-record-998	CROSS_RUN_EQUIVALENCE_UNRESOLVED	GRCh38|chr20|10480210|C|T	GRCh38|chr20|10480209|10480210|C|T	GRCh38|chr20|10480209|10480210|C|T	variant:sha256:1e4e5f738a4a8c3d899d55103a3364a2f4b11e2b74f13becc0bc7d7a90ee87f2	variant:sha256:1e4e5f738a4a8c3d899d55103a3364a2f4b11e2b74f13becc0bc7d7a90ee87f2	True	EXACT_NORMALIZED_ALLELE	PHASE1B_EXACT_NORMALIZED_ALLELE_V1	1.0.0	False	False
916	run-phase1a-60z59-hg002-grch38-v421	event-run-phase1a-60z59-hg002-grch38-v421-record-996	run-phase1a-ru88n-hg002-grch38-v421	event-run-phase1a-ru88n-hg002-grch38-v421-record-999	CROSS_RUN_EQUIVALENCE_UNRESOLVED	GRCh38|chr20|10480471|G|A	GRCh38|chr20|10480470|10480471|G|A	GRCh38|chr20|10480470|10480471|G|A	variant:sha256:b97924d03ec0ee99330741b9c1719b7502bf8c44235b1f0f612df1b0a0ffd799	variant:sha256:b97924d03ec0ee99330741b9c1719b7502bf8c44235b1f0f612df1b0a0ffd799	True	EXACT_NORMALIZED_ALLELE	PHASE1B_EXACT_NORMALIZED_ALLELE_V1	1.0.0	False	False
917	run-phase1a-60z59-hg002-grch38-v421	event-run-phase1a-60z59-hg002-grch38-v421-record-997	run-phase1a-ru88n-hg002-grch38-v421	event-run-phase1a-ru88n-hg002-grch38-v421-record-1000	CROSS_RUN_EQUIVALENCE_UNRESOLVED	GRCh38|chr20|10480573|T|C	GRCh38|chr20|10480572|10480573|T|C	GRCh38|chr20|10480572|10480573|T|C	variant:sha256:d37c6166548a0eae67d36167f15bb4fa0c28e9fa331ff949c49fbe069ab3e389	variant:sha256:d37c6166548a0eae67d36167f15bb4fa0c28e9fa331ff949c49fbe069ab3e389	True	EXACT_NORMALIZED_ALLELE	PHASE1B_EXACT_NORMALIZED_ALLELE_V1	1.0.0	False	False
918	run-phase1a-60z59-hg002-grch38-v421	event-run-phase1a-60z59-hg002-grch38-v421-record-998	run-phase1a-ru88n-hg002-grch38-v421	event-run-phase1a-ru88n-hg002-grch38-v421-record-1001	CROSS_RUN_EQUIVALENCE_UNRESOLVED	GRCh38|chr20|10480927|T|C	GRCh38|chr20|10480926|10480927|T|C	GRCh38|chr20|10480926|10480927|T|C	variant:sha256:83331ba7f9109c58cdfc6dcbb532201802255da1ceefaa6d5026d4868f3deada	variant:sha256:83331ba7f9109c58cdfc6dcbb532201802255da1ceefaa6d5026d4868f3deada	True	EXACT_NORMALIZED_ALLELE	PHASE1B_EXACT_NORMALIZED_ALLELE_V1	1.0.0	False	False
919	run-phase1a-60z59-hg002-grch38-v421	event-run-phase1a-60z59-hg002-grch38-v421-record-999	run-phase1a-ru88n-hg002-grch38-v421	event-run-phase1a-ru88n-hg002-grch38-v421-record-1002	CROSS_RUN_EQUIVALENCE_UNRESOLVED	GRCh38|chr20|10481082|CT|C	GRCh38|chr20|10481081|10481083|CT|C	GRCh38|chr20|10481081|10481083|CT|C	variant:sha256:043eda87c4dd75eebaba050fb8fbff824f93a4f9e977ee7f42bcb88e04e5f7de	variant:sha256:043eda87c4dd75eebaba050fb8fbff824f93a4f9e977ee7f42bcb88e04e5f7de	True	EXACT_NORMALIZED_ALLELE	PHASE1B_EXACT_NORMALIZED_ALLELE_V1	1.0.0	False	False
920	run-phase1a-60z59-hg002-grch38-v421	event-run-phase1a-60z59-hg002-grch38-v421-record-1000	run-phase1a-ru88n-hg002-grch38-v421	event-run-phase1a-ru88n-hg002-grch38-v421-record-1003	CROSS_RUN_EQUIVALENCE_UNRESOLVED	GRCh38|chr20|10481538|C|T	GRCh38|chr20|10481537|10481538|C|T	GRCh38|chr20|10481537|10481538|C|T	variant:sha256:524c83b7f5c628d9d2a61f1b53211580bd1308519b9aadfe1af890d16d7ad1f6	variant:sha256:524c83b7f5c628d9d2a61f1b53211580bd1308519b9aadfe1af890d16d7ad1f6	True	EXACT_NORMALIZED_ALLELE	PHASE1B_EXACT_NORMALIZED_ALLELE_V1	1.0.0	False	False
921	run-phase1a-60z59-hg002-grch38-v421	event-run-phase1a-60z59-hg002-grch38-v421-record-1001	run-phase1a-ru88n-hg002-grch38-v421	event-run-phase1a-ru88n-hg002-grch38-v421-record-1004	CROSS_RUN_EQUIVALENCE_UNRESOLVED	GRCh38|chr20|10481599|T|C	GRCh38|chr20|10481598|10481599|T|C	GRCh38|chr20|10481598|10481599|T|C	variant:sha256:b7fae342968f0b6d55e365e7b271045b970462fab313eca199f3bf1f355b64f8	variant:sha256:b7fae342968f0b6d55e365e7b271045b970462fab313eca199f3bf1f355b64f8	True	EXACT_NORMALIZED_ALLELE	PHASE1B_EXACT_NORMALIZED_ALLELE_V1	1.0.0	False	False
922	run-phase1a-60z59-hg002-grch38-v421	event-run-phase1a-60z59-hg002-grch38-v421-record-1002	run-phase1a-ru88n-hg002-grch38-v421	event-run-phase1a-ru88n-hg002-grch38-v421-record-1005	CROSS_RUN_EQUIVALENCE_UNRESOLVED	GRCh38|chr20|10481796|G|A	GRCh38|chr20|10481795|10481796|G|A	GRCh38|chr20|10481795|10481796|G|A	variant:sha256:b213396bf1bcbb1554a5c0554e00bcc396cf9bb75d17a6d8d5a647b4ddbd8267	variant:sha256:b213396bf1bcbb1554a5c0554e00bcc396cf9bb75d17a6d8d5a647b4ddbd8267	True	EXACT_NORMALIZED_ALLELE	PHASE1B_EXACT_NORMALIZED_ALLELE_V1	1.0.0	False	False
923	run-phase1a-60z59-hg002-grch38-v421	event-run-phase1a-60z59-hg002-grch38-v421-record-1003	run-phase1a-ru88n-hg002-grch38-v421	event-run-phase1a-ru88n-hg002-grch38-v421-record-1006	CROSS_RUN_EQUIVALENCE_UNRESOLVED	GRCh38|chr20|10482639|T|G	GRCh38|chr20|10482638|10482639|T|G	GRCh38|chr20|10482638|10482639|T|G	variant:sha256:2a6e86e986341eb97f5cb4b611c738addd920e9f86acc6b6ca92a492deb84c0f	variant:sha256:2a6e86e986341eb97f5cb4b611c738addd920e9f86acc6b6ca92a492deb84c0f	True	EXACT_NORMALIZED_ALLELE	PHASE1B_EXACT_NORMALIZED_ALLELE_V1	1.0.0	False	False
924	run-phase1a-60z59-hg002-grch38-v421	event-run-phase1a-60z59-hg002-grch38-v421-record-1004	run-phase1a-ru88n-hg002-grch38-v421	event-run-phase1a-ru88n-hg002-grch38-v421-record-1007	CROSS_RUN_EQUIVALENCE_UNRESOLVED	GRCh38|chr20|10483157|TTGCCCAGGCTAGAGTAAAG|T	GRCh38|chr20|10483156|10483176|TTGCCCAGGCTAGAGTAAAG|T	GRCh38|chr20|10483156|10483176|TTGCCCAGGCTAGAGTAAAG|T	variant:sha256:355f408a6970ae805a867279961b8c9a52376a22b3172506ca906198337db23f	variant:sha256:355f408a6970ae805a867279961b8c9a52376a22b3172506ca906198337db23f	True	EXACT_NORMALIZED_ALLELE	PHASE1B_EXACT_NORMALIZED_ALLELE_V1	1.0.0	False	False
925	run-phase1a-60z59-hg002-grch38-v421	event-run-phase1a-60z59-hg002-grch38-v421-record-1005	run-phase1a-ru88n-hg002-grch38-v421	event-run-phase1a-ru88n-hg002-grch38-v421-record-1008	CROSS_RUN_EQUIVALENCE_UNRESOLVED	GRCh38|chr20|10483644|TA|T	GRCh38|chr20|10483643|10483645|TA|T	GRCh38|chr20|10483643|10483645|TA|T	variant:sha256:265c1e4f0cb8257baa8369dadcea39a0b557676d17a556dc1880e19129416067	variant:sha256:265c1e4f0cb8257baa8369dadcea39a0b557676d17a556dc1880e19129416067	True	EXACT_NORMALIZED_ALLELE	PHASE1B_EXACT_NORMALIZED_ALLELE_V1	1.0.0	False	False
926	run-phase1a-60z59-hg002-grch38-v421	event-run-phase1a-60z59-hg002-grch38-v421-record-1006	run-phase1a-ru88n-hg002-grch38-v421	event-run-phase1a-ru88n-hg002-grch38-v421-record-1009	CROSS_RUN_EQUIVALENCE_UNRESOLVED	GRCh38|chr20|10485618|CA|C	GRCh38|chr20|10485617|10485619|CA|C	GRCh38|chr20|10485617|10485619|CA|C	variant:sha256:e2a7b962c46c390eef9cfd36f40a9e545cafe88d4269bc3ce3a0ae3d560cbd08	variant:sha256:e2a7b962c46c390eef9cfd36f40a9e545cafe88d4269bc3ce3a0ae3d560cbd08	True	EXACT_NORMALIZED_ALLELE	PHASE1B_EXACT_NORMALIZED_ALLELE_V1	1.0.0	False	False
927	run-phase1a-60z59-hg002-grch38-v421	event-run-phase1a-60z59-hg002-grch38-v421-record-1007	run-phase1a-ru88n-hg002-grch38-v421	event-run-phase1a-ru88n-hg002-grch38-v421-record-1010	CROSS_RUN_EQUIVALENCE_UNRESOLVED	GRCh38|chr20|10485692|G|A	GRCh38|chr20|10485691|10485692|G|A	GRCh38|chr20|10485691|10485692|G|A	variant:sha256:9ab9c782809eed4c980070b12f9f70e2bfc13e9a09b54fad075b1d28be62da90	variant:sha256:9ab9c782809eed4c980070b12f9f70e2bfc13e9a09b54fad075b1d28be62da90	True	EXACT_NORMALIZED_ALLELE	PHASE1B_EXACT_NORMALIZED_ALLELE_V1	1.0.0	False	False
928	run-phase1a-60z59-hg002-grch38-v421	event-run-phase1a-60z59-hg002-grch38-v421-record-1008	run-phase1a-ru88n-hg002-grch38-v421	event-run-phase1a-ru88n-hg002-grch38-v421-record-1011	CROSS_RUN_EQUIVALENCE_UNRESOLVED	GRCh38|chr20|10486184|ATT|A	GRCh38|chr20|10486183|10486186|ATT|A	GRCh38|chr20|10486183|10486186|ATT|A	variant:sha256:669e21e5211a939c57aa68a9c1fe2e2183277faf5a247bbec49815147adde67f	variant:sha256:669e21e5211a939c57aa68a9c1fe2e2183277faf5a247bbec49815147adde67f	True	EXACT_NORMALIZED_ALLELE	PHASE1B_EXACT_NORMALIZED_ALLELE_V1	1.0.0	False	False
929	run-phase1a-60z59-hg002-grch38-v421	event-run-phase1a-60z59-hg002-grch38-v421-record-1009	run-phase1a-ru88n-hg002-grch38-v421	event-run-phase1a-ru88n-hg002-grch38-v421-record-1012	CROSS_RUN_EQUIVALENCE_UNRESOLVED	GRCh38|chr20|10486334|A|G	GRCh38|chr20|10486333|10486334|A|G	GRCh38|chr20|10486333|10486334|A|G	variant:sha256:cf7ef2810d7749b4b8c3ea94df99f9faecdb05d79dfb24c09f4e3ae7ffa32451	variant:sha256:cf7ef2810d7749b4b8c3ea94df99f9faecdb05d79dfb24c09f4e3ae7ffa32451	True	EXACT_NORMALIZED_ALLELE	PHASE1B_EXACT_NORMALIZED_ALLELE_V1	1.0.0	False	False
930	run-phase1a-60z59-hg002-grch38-v421	event-run-phase1a-60z59-hg002-grch38-v421-record-1010	run-phase1a-ru88n-hg002-grch38-v421	event-run-phase1a-ru88n-hg002-grch38-v421-record-1013	CROSS_RUN_EQUIVALENCE_UNRESOLVED	GRCh38|chr20|10486345|C|CAG	GRCh38|chr20|10486344|10486345|C|CAG	GRCh38|chr20|10486344|10486345|C|CAG	variant:sha256:76493b6690f88115fedc01c49b0130c0e575d233d985e8b6cd7ba86c0206b05c	variant:sha256:76493b6690f88115fedc01c49b0130c0e575d233d985e8b6cd7ba86c0206b05c	True	EXACT_NORMALIZED_ALLELE	PHASE1B_EXACT_NORMALIZED_ALLELE_V1	1.0.0	False	False
931	run-phase1a-60z59-hg002-grch38-v421	event-run-phase1a-60z59-hg002-grch38-v421-record-1011	run-phase1a-ru88n-hg002-grch38-v421	event-run-phase1a-ru88n-hg002-grch38-v421-record-1014	CROSS_RUN_EQUIVALENCE_UNRESOLVED	GRCh38|chr20|10486417|G|C	GRCh38|chr20|10486416|10486417|G|C	GRCh38|chr20|10486416|10486417|G|C	variant:sha256:81259521d180f17aa5c16ee4e21352be590ddcd6928e762e9055c6c20bfd2306	variant:sha256:81259521d180f17aa5c16ee4e21352be590ddcd6928e762e9055c6c20bfd2306	True	EXACT_NORMALIZED_ALLELE	PHASE1B_EXACT_NORMALIZED_ALLELE_V1	1.0.0	False	False
932	run-phase1a-60z59-hg002-grch38-v421	event-run-phase1a-60z59-hg002-grch38-v421-record-1012	run-phase1a-ru88n-hg002-grch38-v421	event-run-phase1a-ru88n-hg002-grch38-v421-record-1015	CROSS_RUN_EQUIVALENCE_UNRESOLVED	GRCh38|chr20|10486779|A|G	GRCh38|chr20|10486778|10486779|A|G	GRCh38|chr20|10486778|10486779|A|G	variant:sha256:87f1072fff19a2169ea1a48bfa09b90a262f79a2f49c6649609bd873d024140a	variant:sha256:87f1072fff19a2169ea1a48bfa09b90a262f79a2f49c6649609bd873d024140a	True	EXACT_NORMALIZED_ALLELE	PHASE1B_EXACT_NORMALIZED_ALLELE_V1	1.0.0	False	False
933	run-phase1a-60z59-hg002-grch38-v421	event-run-phase1a-60z59-hg002-grch38-v421-record-1013	run-phase1a-ru88n-hg002-grch38-v421	event-run-phase1a-ru88n-hg002-grch38-v421-record-1016	CROSS_RUN_EQUIVALENCE_UNRESOLVED	GRCh38|chr20|10486803|G|A	GRCh38|chr20|10486802|10486803|G|A	GRCh38|chr20|10486802|10486803|G|A	variant:sha256:7ed05a82e632f41cda61d78937139093d952b2ce0385da6423e82a1f69393796	variant:sha256:7ed05a82e632f41cda61d78937139093d952b2ce0385da6423e82a1f69393796	True	EXACT_NORMALIZED_ALLELE	PHASE1B_EXACT_NORMALIZED_ALLELE_V1	1.0.0	False	False
934	run-phase1a-60z59-hg002-grch38-v421	event-run-phase1a-60z59-hg002-grch38-v421-record-1014	run-phase1a-ru88n-hg002-grch38-v421	event-run-phase1a-ru88n-hg002-grch38-v421-record-1017	CROSS_RUN_EQUIVALENCE_UNRESOLVED	GRCh38|chr20|10486925|G|GT	GRCh38|chr20|10486924|10486925|G|GT	GRCh38|chr20|10486924|10486925|G|GT	variant:sha256:c646af676fac0a80f23972575e2dabda55db90f4d32941728f4d2136d41af537	variant:sha256:c646af676fac0a80f23972575e2dabda55db90f4d32941728f4d2136d41af537	True	EXACT_NORMALIZED_ALLELE	PHASE1B_EXACT_NORMALIZED_ALLELE_V1	1.0.0	False	False
935	run-phase1a-60z59-hg002-grch38-v421	event-run-phase1a-60z59-hg002-grch38-v421-record-1015	run-phase1a-ru88n-hg002-grch38-v421	event-run-phase1a-ru88n-hg002-grch38-v421-record-1018	CROSS_RUN_EQUIVALENCE_UNRESOLVED	GRCh38|chr20|10486945|T|A	GRCh38|chr20|10486944|10486945|T|A	GRCh38|chr20|10486944|10486945|T|A	variant:sha256:4a8d07e230234756fb72101823ac16c4cded4c3208c9bf949ad18b11b18bf13e	variant:sha256:4a8d07e230234756fb72101823ac16c4cded4c3208c9bf949ad18b11b18bf13e	True	EXACT_NORMALIZED_ALLELE	PHASE1B_EXACT_NORMALIZED_ALLELE_V1	1.0.0	False	False
936	run-phase1a-60z59-hg002-grch38-v421	event-run-phase1a-60z59-hg002-grch38-v421-record-1016	run-phase1a-ru88n-hg002-grch38-v421	event-run-phase1a-ru88n-hg002-grch38-v421-record-1019	CROSS_RUN_EQUIVALENCE_UNRESOLVED	GRCh38|chr20|10487056|C|A	GRCh38|chr20|10487055|10487056|C|A	GRCh38|chr20|10487055|10487056|C|A	variant:sha256:745e239a18e6294200d1b19a2687e3c2dd942f9b08052a9d15e9e9b5df14e0be	variant:sha256:745e239a18e6294200d1b19a2687e3c2dd942f9b08052a9d15e9e9b5df14e0be	True	EXACT_NORMALIZED_ALLELE	PHASE1B_EXACT_NORMALIZED_ALLELE_V1	1.0.0	False	False
937	run-phase1a-60z59-hg002-grch38-v421	event-run-phase1a-60z59-hg002-grch38-v421-record-1017	run-phase1a-ru88n-hg002-grch38-v421	event-run-phase1a-ru88n-hg002-grch38-v421-record-1020	CROSS_RUN_EQUIVALENCE_UNRESOLVED	GRCh38|chr20|10487548|C|T	GRCh38|chr20|10487547|10487548|C|T	GRCh38|chr20|10487547|10487548|C|T	variant:sha256:9959b6f5dc9cd56caa57557f5d59cfcd7506f62067f90080a3b2f52142d04e02	variant:sha256:9959b6f5dc9cd56caa57557f5d59cfcd7506f62067f90080a3b2f52142d04e02	True	EXACT_NORMALIZED_ALLELE	PHASE1B_EXACT_NORMALIZED_ALLELE_V1	1.0.0	False	False
938	run-phase1a-60z59-hg002-grch38-v421	event-run-phase1a-60z59-hg002-grch38-v421-record-1018	run-phase1a-ru88n-hg002-grch38-v421	event-run-phase1a-ru88n-hg002-grch38-v421-record-1021	CROSS_RUN_EQUIVALENCE_UNRESOLVED	GRCh38|chr20|10487614|A|G	GRCh38|chr20|10487613|10487614|A|G	GRCh38|chr20|10487613|10487614|A|G	variant:sha256:e45edbc5280ca2b5304d8d055ceb16076b5d06404175fae45bf9abc42ccc5acd	variant:sha256:e45edbc5280ca2b5304d8d055ceb16076b5d06404175fae45bf9abc42ccc5acd	True	EXACT_NORMALIZED_ALLELE	PHASE1B_EXACT_NORMALIZED_ALLELE_V1	1.0.0	False	False
939	run-phase1a-60z59-hg002-grch38-v421	event-run-phase1a-60z59-hg002-grch38-v421-record-1019	run-phase1a-ru88n-hg002-grch38-v421	event-run-phase1a-ru88n-hg002-grch38-v421-record-1022	CROSS_RUN_EQUIVALENCE_UNRESOLVED	GRCh38|chr20|10487668|G|T	GRCh38|chr20|10487667|10487668|G|T	GRCh38|chr20|10487667|10487668|G|T	variant:sha256:a8f1024754aab4319f70dadee1772ad4bdc07f5b80edaaebee0d47010a68f2e7	variant:sha256:a8f1024754aab4319f70dadee1772ad4bdc07f5b80edaaebee0d47010a68f2e7	True	EXACT_NORMALIZED_ALLELE	PHASE1B_EXACT_NORMALIZED_ALLELE_V1	1.0.0	False	False
940	run-phase1a-60z59-hg002-grch38-v421	event-run-phase1a-60z59-hg002-grch38-v421-record-1020	run-phase1a-ru88n-hg002-grch38-v421	event-run-phase1a-ru88n-hg002-grch38-v421-record-1023	CROSS_RUN_EQUIVALENCE_UNRESOLVED	GRCh38|chr20|10487954|A|G	GRCh38|chr20|10487953|10487954|A|G	GRCh38|chr20|10487953|10487954|A|G	variant:sha256:4c5d7fdff003c548288f4332fdcaae4d070e688ffba9f8cdf75215a7c7f52ba6	variant:sha256:4c5d7fdff003c548288f4332fdcaae4d070e688ffba9f8cdf75215a7c7f52ba6	True	EXACT_NORMALIZED_ALLELE	PHASE1B_EXACT_NORMALIZED_ALLELE_V1	1.0.0	False	False
941	run-phase1a-60z59-hg002-grch38-v421	event-run-phase1a-60z59-hg002-grch38-v421-record-1021	run-phase1a-ru88n-hg002-grch38-v421	event-run-phase1a-ru88n-hg002-grch38-v421-record-1024	CROSS_RUN_EQUIVALENCE_UNRESOLVED	GRCh38|chr20|10488072|TTC|T	GRCh38|chr20|10488071|10488074|TTC|T	GRCh38|chr20|10488071|10488074|TTC|T	variant:sha256:2752ebd6c05237cc8619006bd6ca9ef245e5852850fcb58de7b940ecaa27f405	variant:sha256:2752ebd6c05237cc8619006bd6ca9ef245e5852850fcb58de7b940ecaa27f405	True	EXACT_NORMALIZED_ALLELE	PHASE1B_EXACT_NORMALIZED_ALLELE_V1	1.0.0	False	False
942	run-phase1a-60z59-hg002-grch38-v421	event-run-phase1a-60z59-hg002-grch38-v421-record-1022	run-phase1a-ru88n-hg002-grch38-v421	event-run-phase1a-ru88n-hg002-grch38-v421-record-1025	CROSS_RUN_EQUIVALENCE_UNRESOLVED	GRCh38|chr20|10488131|C|T	GRCh38|chr20|10488130|10488131|C|T	GRCh38|chr20|10488130|10488131|C|T	variant:sha256:f1c03ef8844735debbbae3e482a8ee2229c0572b042f64f5ab85c9896996068b	variant:sha256:f1c03ef8844735debbbae3e482a8ee2229c0572b042f64f5ab85c9896996068b	True	EXACT_NORMALIZED_ALLELE	PHASE1B_EXACT_NORMALIZED_ALLELE_V1	1.0.0	False	False
943	run-phase1a-60z59-hg002-grch38-v421	event-run-phase1a-60z59-hg002-grch38-v421-record-1023	run-phase1a-ru88n-hg002-grch38-v421	event-run-phase1a-ru88n-hg002-grch38-v421-record-1026	CROSS_RUN_EQUIVALENCE_UNRESOLVED	GRCh38|chr20|10488255|A|G	GRCh38|chr20|10488254|10488255|A|G	GRCh38|chr20|10488254|10488255|A|G	variant:sha256:66bd719b8c99b176b54c9dbc83a0da8ab6315f7772a07cef57c34261e2e73e51	variant:sha256:66bd719b8c99b176b54c9dbc83a0da8ab6315f7772a07cef57c34261e2e73e51	True	EXACT_NORMALIZED_ALLELE	PHASE1B_EXACT_NORMALIZED_ALLELE_V1	1.0.0	False	False
944	run-phase1a-60z59-hg002-grch38-v421	event-run-phase1a-60z59-hg002-grch38-v421-record-1024	run-phase1a-ru88n-hg002-grch38-v421	event-run-phase1a-ru88n-hg002-grch38-v421-record-1027	CROSS_RUN_EQUIVALENCE_UNRESOLVED	GRCh38|chr20|10488399|T|C	GRCh38|chr20|10488398|10488399|T|C	GRCh38|chr20|10488398|10488399|T|C	variant:sha256:499f45772d135e1b8834f7ce7ac408d54655b152705de8a5d8d8b4891e677456	variant:sha256:499f45772d135e1b8834f7ce7ac408d54655b152705de8a5d8d8b4891e677456	True	EXACT_NORMALIZED_ALLELE	PHASE1B_EXACT_NORMALIZED_ALLELE_V1	1.0.0	False	False
945	run-phase1a-60z59-hg002-grch38-v421	event-run-phase1a-60z59-hg002-grch38-v421-record-1025	run-phase1a-ru88n-hg002-grch38-v421	event-run-phase1a-ru88n-hg002-grch38-v421-record-1028	CROSS_RUN_EQUIVALENCE_UNRESOLVED	GRCh38|chr20|10488582|C|T	GRCh38|chr20|10488581|10488582|C|T	GRCh38|chr20|10488581|10488582|C|T	variant:sha256:0514a518e9774378ddaa03f30fdd0cccb843067d24391c9e66b99057b0bbc83c	variant:sha256:0514a518e9774378ddaa03f30fdd0cccb843067d24391c9e66b99057b0bbc83c	True	EXACT_NORMALIZED_ALLELE	PHASE1B_EXACT_NORMALIZED_ALLELE_V1	1.0.0	False	False
946	run-phase1a-60z59-hg002-grch38-v421	event-run-phase1a-60z59-hg002-grch38-v421-record-1026	run-phase1a-ru88n-hg002-grch38-v421	event-run-phase1a-ru88n-hg002-grch38-v421-record-1029	CROSS_RUN_EQUIVALENCE_UNRESOLVED	GRCh38|chr20|10489153|C|T	GRCh38|chr20|10489152|10489153|C|T	GRCh38|chr20|10489152|10489153|C|T	variant:sha256:9e777c881b2e26f620fe1119bb14d4bb0850d63878e31507e672ada5eb19df89	variant:sha256:9e777c881b2e26f620fe1119bb14d4bb0850d63878e31507e672ada5eb19df89	True	EXACT_NORMALIZED_ALLELE	PHASE1B_EXACT_NORMALIZED_ALLELE_V1	1.0.0	False	False
947	run-phase1a-60z59-hg002-grch38-v421	event-run-phase1a-60z59-hg002-grch38-v421-record-1027	run-phase1a-ru88n-hg002-grch38-v421	event-run-phase1a-ru88n-hg002-grch38-v421-record-1030	CROSS_RUN_EQUIVALENCE_UNRESOLVED	GRCh38|chr20|10489177|G|T	GRCh38|chr20|10489176|10489177|G|T	GRCh38|chr20|10489176|10489177|G|T	variant:sha256:372d69b06a99ce92d4edb62cca8f9e3fc5d51e29631eb552ea66cd70629d82ec	variant:sha256:372d69b06a99ce92d4edb62cca8f9e3fc5d51e29631eb552ea66cd70629d82ec	True	EXACT_NORMALIZED_ALLELE	PHASE1B_EXACT_NORMALIZED_ALLELE_V1	1.0.0	False	False
948	run-phase1a-60z59-hg002-grch38-v421	event-run-phase1a-60z59-hg002-grch38-v421-record-1028	run-phase1a-ru88n-hg002-grch38-v421	event-run-phase1a-ru88n-hg002-grch38-v421-record-1031	CROSS_RUN_EQUIVALENCE_UNRESOLVED	GRCh38|chr20|10489183|A|G	GRCh38|chr20|10489182|10489183|A|G	GRCh38|chr20|10489182|10489183|A|G	variant:sha256:0aa251c873a09915bbe0a6438ca5f076680c1ee70a01ba1abfe4bf0c0ae59e94	variant:sha256:0aa251c873a09915bbe0a6438ca5f076680c1ee70a01ba1abfe4bf0c0ae59e94	True	EXACT_NORMALIZED_ALLELE	PHASE1B_EXACT_NORMALIZED_ALLELE_V1	1.0.0	False	False
949	run-phase1a-60z59-hg002-grch38-v421	event-run-phase1a-60z59-hg002-grch38-v421-record-1029	run-phase1a-ru88n-hg002-grch38-v421	event-run-phase1a-ru88n-hg002-grch38-v421-record-1032	CROSS_RUN_EQUIVALENCE_UNRESOLVED	GRCh38|chr20|10489273|A|G	GRCh38|chr20|10489272|10489273|A|G	GRCh38|chr20|10489272|10489273|A|G	variant:sha256:d61b4de147112e324c4b6ff44abd3d329bb39d1e65165c670785a552ceb81be8	variant:sha256:d61b4de147112e324c4b6ff44abd3d329bb39d1e65165c670785a552ceb81be8	True	EXACT_NORMALIZED_ALLELE	PHASE1B_EXACT_NORMALIZED_ALLELE_V1	1.0.0	False	False
950	run-phase1a-60z59-hg002-grch38-v421	event-run-phase1a-60z59-hg002-grch38-v421-record-1030	run-phase1a-ru88n-hg002-grch38-v421	event-run-phase1a-ru88n-hg002-grch38-v421-record-1033	CROSS_RUN_EQUIVALENCE_UNRESOLVED	GRCh38|chr20|10489881|A|T	GRCh38|chr20|10489880|10489881|A|T	GRCh38|chr20|10489880|10489881|A|T	variant:sha256:470db5327a7a891e2e15bc1b43cdcad320d0e1ae2201fd02c1c5f08025e97322	variant:sha256:470db5327a7a891e2e15bc1b43cdcad320d0e1ae2201fd02c1c5f08025e97322	True	EXACT_NORMALIZED_ALLELE	PHASE1B_EXACT_NORMALIZED_ALLELE_V1	1.0.0	False	False
951	run-phase1a-60z59-hg002-grch38-v421	event-run-phase1a-60z59-hg002-grch38-v421-record-1032	run-phase1a-ru88n-hg002-grch38-v421	event-run-phase1a-ru88n-hg002-grch38-v421-record-1035	CROSS_RUN_EQUIVALENCE_UNRESOLVED	GRCh38|chr20|10490274|A|C	GRCh38|chr20|10490273|10490274|A|C	GRCh38|chr20|10490273|10490274|A|C	variant:sha256:aa71bf0a799ca33f3b091b6160fcfe69c4a4202ad1a7cca67a1f39c7058a4548	variant:sha256:aa71bf0a799ca33f3b091b6160fcfe69c4a4202ad1a7cca67a1f39c7058a4548	True	EXACT_NORMALIZED_ALLELE	PHASE1B_EXACT_NORMALIZED_ALLELE_V1	1.0.0	False	False
952	run-phase1a-60z59-hg002-grch38-v421	event-run-phase1a-60z59-hg002-grch38-v421-record-1033	run-phase1a-ru88n-hg002-grch38-v421	event-run-phase1a-ru88n-hg002-grch38-v421-record-1036	CROSS_RUN_EQUIVALENCE_UNRESOLVED	GRCh38|chr20|10490381|G|A	GRCh38|chr20|10490380|10490381|G|A	GRCh38|chr20|10490380|10490381|G|A	variant:sha256:a80efe381d36d32bd89609c093c211ac03f34c79a5f5798c9128474602e985e5	variant:sha256:a80efe381d36d32bd89609c093c211ac03f34c79a5f5798c9128474602e985e5	True	EXACT_NORMALIZED_ALLELE	PHASE1B_EXACT_NORMALIZED_ALLELE_V1	1.0.0	False	False
953	run-phase1a-60z59-hg002-grch38-v421	event-run-phase1a-60z59-hg002-grch38-v421-record-1034	run-phase1a-ru88n-hg002-grch38-v421	event-run-phase1a-ru88n-hg002-grch38-v421-record-1037	CROSS_RUN_EQUIVALENCE_UNRESOLVED	GRCh38|chr20|10490504|C|T	GRCh38|chr20|10490503|10490504|C|T	GRCh38|chr20|10490503|10490504|C|T	variant:sha256:ab2467f3780ada35d8e129e8d3308e5850b3cc8d6cf3849672bd109ce5600077	variant:sha256:ab2467f3780ada35d8e129e8d3308e5850b3cc8d6cf3849672bd109ce5600077	True	EXACT_NORMALIZED_ALLELE	PHASE1B_EXACT_NORMALIZED_ALLELE_V1	1.0.0	False	False
954	run-phase1a-60z59-hg002-grch38-v421	event-run-phase1a-60z59-hg002-grch38-v421-record-1035	run-phase1a-ru88n-hg002-grch38-v421	event-run-phase1a-ru88n-hg002-grch38-v421-record-1038	CROSS_RUN_EQUIVALENCE_UNRESOLVED	GRCh38|chr20|10490899|A|C	GRCh38|chr20|10490898|10490899|A|C	GRCh38|chr20|10490898|10490899|A|C	variant:sha256:6e863b341a482ad44b25c93965e49f6b4d386b23d4bd614d685eb11366ca91b4	variant:sha256:6e863b341a482ad44b25c93965e49f6b4d386b23d4bd614d685eb11366ca91b4	True	EXACT_NORMALIZED_ALLELE	PHASE1B_EXACT_NORMALIZED_ALLELE_V1	1.0.0	False	False
955	run-phase1a-60z59-hg002-grch38-v421	event-run-phase1a-60z59-hg002-grch38-v421-record-1036	run-phase1a-ru88n-hg002-grch38-v421	event-run-phase1a-ru88n-hg002-grch38-v421-record-1039	CROSS_RUN_EQUIVALENCE_UNRESOLVED	GRCh38|chr20|10490971|G|C	GRCh38|chr20|10490970|10490971|G|C	GRCh38|chr20|10490970|10490971|G|C	variant:sha256:7ce037ed1f79345402ab22ed8578d16165ebb7dd5171b853e1ade4d4fa9bf8a8	variant:sha256:7ce037ed1f79345402ab22ed8578d16165ebb7dd5171b853e1ade4d4fa9bf8a8	True	EXACT_NORMALIZED_ALLELE	PHASE1B_EXACT_NORMALIZED_ALLELE_V1	1.0.0	False	False
956	run-phase1a-60z59-hg002-grch38-v421	event-run-phase1a-60z59-hg002-grch38-v421-record-1038	run-phase1a-ru88n-hg002-grch38-v421	event-run-phase1a-ru88n-hg002-grch38-v421-record-1041	CROSS_RUN_EQUIVALENCE_UNRESOLVED	GRCh38|chr20|10491081|C|A	GRCh38|chr20|10491080|10491081|C|A	GRCh38|chr20|10491080|10491081|C|A	variant:sha256:200ac12aadb748dc6988a7303ca58d193bf695e483faa0e98240eed787527c6f	variant:sha256:200ac12aadb748dc6988a7303ca58d193bf695e483faa0e98240eed787527c6f	True	EXACT_NORMALIZED_ALLELE	PHASE1B_EXACT_NORMALIZED_ALLELE_V1	1.0.0	False	False
957	run-phase1a-60z59-hg002-grch38-v421	event-run-phase1a-60z59-hg002-grch38-v421-record-1039	run-phase1a-ru88n-hg002-grch38-v421	event-run-phase1a-ru88n-hg002-grch38-v421-record-1042	CROSS_RUN_EQUIVALENCE_UNRESOLVED	GRCh38|chr20|10491104|A|T	GRCh38|chr20|10491103|10491104|A|T	GRCh38|chr20|10491103|10491104|A|T	variant:sha256:e4c030e932ee675c6bee4b8a3119977066e2ab16494831ce13e3a4f1bc319595	variant:sha256:e4c030e932ee675c6bee4b8a3119977066e2ab16494831ce13e3a4f1bc319595	True	EXACT_NORMALIZED_ALLELE	PHASE1B_EXACT_NORMALIZED_ALLELE_V1	1.0.0	False	False
958	run-phase1a-60z59-hg002-grch38-v421	event-run-phase1a-60z59-hg002-grch38-v421-record-1040	run-phase1a-ru88n-hg002-grch38-v421	event-run-phase1a-ru88n-hg002-grch38-v421-record-1043	CROSS_RUN_EQUIVALENCE_UNRESOLVED	GRCh38|chr20|10491311|A|G	GRCh38|chr20|10491310|10491311|A|G	GRCh38|chr20|10491310|10491311|A|G	variant:sha256:fbabf09a63efde820ec12a6b7284630cab81f17a20ce19d71f31f95134c04032	variant:sha256:fbabf09a63efde820ec12a6b7284630cab81f17a20ce19d71f31f95134c04032	True	EXACT_NORMALIZED_ALLELE	PHASE1B_EXACT_NORMALIZED_ALLELE_V1	1.0.0	False	False
959	run-phase1a-60z59-hg002-grch38-v421	event-run-phase1a-60z59-hg002-grch38-v421-record-1041	run-phase1a-ru88n-hg002-grch38-v421	event-run-phase1a-ru88n-hg002-grch38-v421-record-1044	CROSS_RUN_EQUIVALENCE_UNRESOLVED	GRCh38|chr20|10491369|T|A	GRCh38|chr20|10491368|10491369|T|A	GRCh38|chr20|10491368|10491369|T|A	variant:sha256:3869777f826cb54e337404ac14ef393fd5dc87af907e2c08015b1d73b195d3bf	variant:sha256:3869777f826cb54e337404ac14ef393fd5dc87af907e2c08015b1d73b195d3bf	True	EXACT_NORMALIZED_ALLELE	PHASE1B_EXACT_NORMALIZED_ALLELE_V1	1.0.0	False	False
960	run-phase1a-60z59-hg002-grch38-v421	event-run-phase1a-60z59-hg002-grch38-v421-record-1042	run-phase1a-ru88n-hg002-grch38-v421	event-run-phase1a-ru88n-hg002-grch38-v421-record-1045	CROSS_RUN_EQUIVALENCE_UNRESOLVED	GRCh38|chr20|10491385|C|T	GRCh38|chr20|10491384|10491385|C|T	GRCh38|chr20|10491384|10491385|C|T	variant:sha256:bb2058e0904371971848b8fa6f82152161ef8fb560af37b2210e7b117a1725db	variant:sha256:bb2058e0904371971848b8fa6f82152161ef8fb560af37b2210e7b117a1725db	True	EXACT_NORMALIZED_ALLELE	PHASE1B_EXACT_NORMALIZED_ALLELE_V1	1.0.0	False	False
961	run-phase1a-60z59-hg002-grch38-v421	event-run-phase1a-60z59-hg002-grch38-v421-record-1043	run-phase1a-ru88n-hg002-grch38-v421	event-run-phase1a-ru88n-hg002-grch38-v421-record-1046	CROSS_RUN_EQUIVALENCE_UNRESOLVED	GRCh38|chr20|10491394|C|T	GRCh38|chr20|10491393|10491394|C|T	GRCh38|chr20|10491393|10491394|C|T	variant:sha256:2e7a5d42ce43eaf0f5595db09f347ea7913da171402c026fc10c750c7eb76b7e	variant:sha256:2e7a5d42ce43eaf0f5595db09f347ea7913da171402c026fc10c750c7eb76b7e	True	EXACT_NORMALIZED_ALLELE	PHASE1B_EXACT_NORMALIZED_ALLELE_V1	1.0.0	False	False
962	run-phase1a-60z59-hg002-grch38-v421	event-run-phase1a-60z59-hg002-grch38-v421-record-1044	run-phase1a-ru88n-hg002-grch38-v421	event-run-phase1a-ru88n-hg002-grch38-v421-record-1047	CROSS_RUN_EQUIVALENCE_UNRESOLVED	GRCh38|chr20|10491634|C|T	GRCh38|chr20|10491633|10491634|C|T	GRCh38|chr20|10491633|10491634|C|T	variant:sha256:94980f21f850f130addd42f9cec33eb6b3eceb2c55dcdfe5bdd55149d4f3b188	variant:sha256:94980f21f850f130addd42f9cec33eb6b3eceb2c55dcdfe5bdd55149d4f3b188	True	EXACT_NORMALIZED_ALLELE	PHASE1B_EXACT_NORMALIZED_ALLELE_V1	1.0.0	False	False
963	run-phase1a-60z59-hg002-grch38-v421	event-run-phase1a-60z59-hg002-grch38-v421-record-1045	run-phase1a-ru88n-hg002-grch38-v421	event-run-phase1a-ru88n-hg002-grch38-v421-record-1048	CROSS_RUN_EQUIVALENCE_UNRESOLVED	GRCh38|chr20|10491844|C|T	GRCh38|chr20|10491843|10491844|C|T	GRCh38|chr20|10491843|10491844|C|T	variant:sha256:8fb982cc45737a17ad1337b15c9462f6178dd3ca495cdd90fb6ef1c32dcd7a2b	variant:sha256:8fb982cc45737a17ad1337b15c9462f6178dd3ca495cdd90fb6ef1c32dcd7a2b	True	EXACT_NORMALIZED_ALLELE	PHASE1B_EXACT_NORMALIZED_ALLELE_V1	1.0.0	False	False
964	run-phase1a-60z59-hg002-grch38-v421	event-run-phase1a-60z59-hg002-grch38-v421-record-1046	run-phase1a-ru88n-hg002-grch38-v421	event-run-phase1a-ru88n-hg002-grch38-v421-record-1049	CROSS_RUN_EQUIVALENCE_UNRESOLVED	GRCh38|chr20|10491945|T|G	GRCh38|chr20|10491944|10491945|T|G	GRCh38|chr20|10491944|10491945|T|G	variant:sha256:bc2c47304108e2694d57b4d547a5aa07096b45e6ed693fa5855af3d1dce10c58	variant:sha256:bc2c47304108e2694d57b4d547a5aa07096b45e6ed693fa5855af3d1dce10c58	True	EXACT_NORMALIZED_ALLELE	PHASE1B_EXACT_NORMALIZED_ALLELE_V1	1.0.0	False	False
965	run-phase1a-60z59-hg002-grch38-v421	event-run-phase1a-60z59-hg002-grch38-v421-record-1047	run-phase1a-ru88n-hg002-grch38-v421	event-run-phase1a-ru88n-hg002-grch38-v421-record-1050	CROSS_RUN_EQUIVALENCE_UNRESOLVED	GRCh38|chr20|10492142|C|T	GRCh38|chr20|10492141|10492142|C|T	GRCh38|chr20|10492141|10492142|C|T	variant:sha256:2e81d0543c30b0d922543e1ae720109e3bfe777b939fb4e553148a6ba3cbcc06	variant:sha256:2e81d0543c30b0d922543e1ae720109e3bfe777b939fb4e553148a6ba3cbcc06	True	EXACT_NORMALIZED_ALLELE	PHASE1B_EXACT_NORMALIZED_ALLELE_V1	1.0.0	False	False
966	run-phase1a-60z59-hg002-grch38-v421	event-run-phase1a-60z59-hg002-grch38-v421-record-1048	run-phase1a-ru88n-hg002-grch38-v421	event-run-phase1a-ru88n-hg002-grch38-v421-record-1051	CROSS_RUN_EQUIVALENCE_UNRESOLVED	GRCh38|chr20|10492275|C|G	GRCh38|chr20|10492274|10492275|C|G	GRCh38|chr20|10492274|10492275|C|G	variant:sha256:63707697b65a91118a89d208e3ea97ba78c6c2def2a8facfb3a293cf1a539fad	variant:sha256:63707697b65a91118a89d208e3ea97ba78c6c2def2a8facfb3a293cf1a539fad	True	EXACT_NORMALIZED_ALLELE	PHASE1B_EXACT_NORMALIZED_ALLELE_V1	1.0.0	False	False
967	run-phase1a-60z59-hg002-grch38-v421	event-run-phase1a-60z59-hg002-grch38-v421-record-1049	run-phase1a-ru88n-hg002-grch38-v421	event-run-phase1a-ru88n-hg002-grch38-v421-record-1052	CROSS_RUN_EQUIVALENCE_UNRESOLVED	GRCh38|chr20|10492392|T|G	GRCh38|chr20|10492391|10492392|T|G	GRCh38|chr20|10492391|10492392|T|G	variant:sha256:585f16695903b307205356c5d584b94d153f4e4109a2ed5fdd024df8be0a0d01	variant:sha256:585f16695903b307205356c5d584b94d153f4e4109a2ed5fdd024df8be0a0d01	True	EXACT_NORMALIZED_ALLELE	PHASE1B_EXACT_NORMALIZED_ALLELE_V1	1.0.0	False	False
968	run-phase1a-60z59-hg002-grch38-v421	event-run-phase1a-60z59-hg002-grch38-v421-record-1050	run-phase1a-ru88n-hg002-grch38-v421	event-run-phase1a-ru88n-hg002-grch38-v421-record-1053	CROSS_RUN_EQUIVALENCE_UNRESOLVED	GRCh38|chr20|10492461|A|G	GRCh38|chr20|10492460|10492461|A|G	GRCh38|chr20|10492460|10492461|A|G	variant:sha256:7616af97c695e3ec0f3d119da94707d2af69aae3d1075a6f5d0c28a99d88b8dd	variant:sha256:7616af97c695e3ec0f3d119da94707d2af69aae3d1075a6f5d0c28a99d88b8dd	True	EXACT_NORMALIZED_ALLELE	PHASE1B_EXACT_NORMALIZED_ALLELE_V1	1.0.0	False	False
969	run-phase1a-60z59-hg002-grch38-v421	event-run-phase1a-60z59-hg002-grch38-v421-record-1051	run-phase1a-ru88n-hg002-grch38-v421	event-run-phase1a-ru88n-hg002-grch38-v421-record-1054	CROSS_RUN_EQUIVALENCE_UNRESOLVED	GRCh38|chr20|10492520|T|C	GRCh38|chr20|10492519|10492520|T|C	GRCh38|chr20|10492519|10492520|T|C	variant:sha256:eeaf6dad5e02ba79eb2b118c10a251416d48d33adfcb0f3585d29fd15ca43a45	variant:sha256:eeaf6dad5e02ba79eb2b118c10a251416d48d33adfcb0f3585d29fd15ca43a45	True	EXACT_NORMALIZED_ALLELE	PHASE1B_EXACT_NORMALIZED_ALLELE_V1	1.0.0	False	False
970	run-phase1a-60z59-hg002-grch38-v421	event-run-phase1a-60z59-hg002-grch38-v421-record-1052	run-phase1a-ru88n-hg002-grch38-v421	event-run-phase1a-ru88n-hg002-grch38-v421-record-1055	CROSS_RUN_EQUIVALENCE_UNRESOLVED	GRCh38|chr20|10492618|A|G	GRCh38|chr20|10492617|10492618|A|G	GRCh38|chr20|10492617|10492618|A|G	variant:sha256:adbf1a4f5bc3b721984fec85c4a988a897c8c9be0bc5511b9b450e2eb7e0dc0b	variant:sha256:adbf1a4f5bc3b721984fec85c4a988a897c8c9be0bc5511b9b450e2eb7e0dc0b	True	EXACT_NORMALIZED_ALLELE	PHASE1B_EXACT_NORMALIZED_ALLELE_V1	1.0.0	False	False
971	run-phase1a-60z59-hg002-grch38-v421	event-run-phase1a-60z59-hg002-grch38-v421-record-1053	run-phase1a-ru88n-hg002-grch38-v421	event-run-phase1a-ru88n-hg002-grch38-v421-record-1056	CROSS_RUN_EQUIVALENCE_UNRESOLVED	GRCh38|chr20|10492970|C|T	GRCh38|chr20|10492969|10492970|C|T	GRCh38|chr20|10492969|10492970|C|T	variant:sha256:f686d1589401a3021d291bffd2415a4758f46a37eb5039421dbfdf8fc19e08f4	variant:sha256:f686d1589401a3021d291bffd2415a4758f46a37eb5039421dbfdf8fc19e08f4	True	EXACT_NORMALIZED_ALLELE	PHASE1B_EXACT_NORMALIZED_ALLELE_V1	1.0.0	False	False
972	run-phase1a-60z59-hg002-grch38-v421	event-run-phase1a-60z59-hg002-grch38-v421-record-1054	run-phase1a-ru88n-hg002-grch38-v421	event-run-phase1a-ru88n-hg002-grch38-v421-record-1057	CROSS_RUN_EQUIVALENCE_UNRESOLVED	GRCh38|chr20|10492975|C|CT	GRCh38|chr20|10492974|10492975|C|CT	GRCh38|chr20|10492974|10492975|C|CT	variant:sha256:ce46e25a316ed48752f23f3e07055fb3f3a5fc301c3985c2053a0098a8445ba4	variant:sha256:ce46e25a316ed48752f23f3e07055fb3f3a5fc301c3985c2053a0098a8445ba4	True	EXACT_NORMALIZED_ALLELE	PHASE1B_EXACT_NORMALIZED_ALLELE_V1	1.0.0	False	False
973	run-phase1a-60z59-hg002-grch38-v421	event-run-phase1a-60z59-hg002-grch38-v421-record-1055	run-phase1a-ru88n-hg002-grch38-v421	event-run-phase1a-ru88n-hg002-grch38-v421-record-1058	CROSS_RUN_EQUIVALENCE_UNRESOLVED	GRCh38|chr20|10493283|T|A	GRCh38|chr20|10493282|10493283|T|A	GRCh38|chr20|10493282|10493283|T|A	variant:sha256:ad6c70b5f93793af182ca58bef289c5e4248e530bdae8608d1c46c21be4c24b3	variant:sha256:ad6c70b5f93793af182ca58bef289c5e4248e530bdae8608d1c46c21be4c24b3	True	EXACT_NORMALIZED_ALLELE	PHASE1B_EXACT_NORMALIZED_ALLELE_V1	1.0.0	False	False
974	run-phase1a-60z59-hg002-grch38-v421	event-run-phase1a-60z59-hg002-grch38-v421-record-1056	run-phase1a-ru88n-hg002-grch38-v421	event-run-phase1a-ru88n-hg002-grch38-v421-record-1059	CROSS_RUN_EQUIVALENCE_UNRESOLVED	GRCh38|chr20|10493409|G|A	GRCh38|chr20|10493408|10493409|G|A	GRCh38|chr20|10493408|10493409|G|A	variant:sha256:e9d2b2c159e6aff4f2c7f0fb2dcef52f52fcfbc1095ee76afc6aa0d7c9ea9624	variant:sha256:e9d2b2c159e6aff4f2c7f0fb2dcef52f52fcfbc1095ee76afc6aa0d7c9ea9624	True	EXACT_NORMALIZED_ALLELE	PHASE1B_EXACT_NORMALIZED_ALLELE_V1	1.0.0	False	False
975	run-phase1a-60z59-hg002-grch38-v421	event-run-phase1a-60z59-hg002-grch38-v421-record-1057	run-phase1a-ru88n-hg002-grch38-v421	event-run-phase1a-ru88n-hg002-grch38-v421-record-1060	CROSS_RUN_EQUIVALENCE_UNRESOLVED	GRCh38|chr20|10493456|C|T	GRCh38|chr20|10493455|10493456|C|T	GRCh38|chr20|10493455|10493456|C|T	variant:sha256:a7e95afd17232907006ba4e2c95211b416229c2cf518ed0ea31b5c53f99c1d0a	variant:sha256:a7e95afd17232907006ba4e2c95211b416229c2cf518ed0ea31b5c53f99c1d0a	True	EXACT_NORMALIZED_ALLELE	PHASE1B_EXACT_NORMALIZED_ALLELE_V1	1.0.0	False	False
976	run-phase1a-60z59-hg002-grch38-v421	event-run-phase1a-60z59-hg002-grch38-v421-record-1058	run-phase1a-ru88n-hg002-grch38-v421	event-run-phase1a-ru88n-hg002-grch38-v421-record-1061	CROSS_RUN_EQUIVALENCE_UNRESOLVED	GRCh38|chr20|10493553|G|GTTC	GRCh38|chr20|10493552|10493553|G|GTTC	GRCh38|chr20|10493552|10493553|G|GTTC	variant:sha256:2090ba1a626e7491a7d1dbe8ef57ce1d2365fb07fe699c651f157ac23ff71f16	variant:sha256:2090ba1a626e7491a7d1dbe8ef57ce1d2365fb07fe699c651f157ac23ff71f16	True	EXACT_NORMALIZED_ALLELE	PHASE1B_EXACT_NORMALIZED_ALLELE_V1	1.0.0	False	False
977	run-phase1a-60z59-hg002-grch38-v421	event-run-phase1a-60z59-hg002-grch38-v421-record-1059	run-phase1a-ru88n-hg002-grch38-v421	event-run-phase1a-ru88n-hg002-grch38-v421-record-1063	CROSS_RUN_EQUIVALENCE_UNRESOLVED	GRCh38|chr20|10493675|T|A	GRCh38|chr20|10493674|10493675|T|A	GRCh38|chr20|10493674|10493675|T|A	variant:sha256:db0ff0dc29f0a0156a93c97ea5eb360cad6e055cccc4bb8795481a121992ebcf	variant:sha256:db0ff0dc29f0a0156a93c97ea5eb360cad6e055cccc4bb8795481a121992ebcf	True	EXACT_NORMALIZED_ALLELE	PHASE1B_EXACT_NORMALIZED_ALLELE_V1	1.0.0	False	False
978	run-phase1a-60z59-hg002-grch38-v421	event-run-phase1a-60z59-hg002-grch38-v421-record-1061	run-phase1a-ru88n-hg002-grch38-v421	event-run-phase1a-ru88n-hg002-grch38-v421-record-1065	CROSS_RUN_EQUIVALENCE_UNRESOLVED	GRCh38|chr20|10494270|A|G	GRCh38|chr20|10494269|10494270|A|G	GRCh38|chr20|10494269|10494270|A|G	variant:sha256:7a18d031ada67a2e781d83a01729bcafcb3864e6d21c6d445a128c69dbc95cf7	variant:sha256:7a18d031ada67a2e781d83a01729bcafcb3864e6d21c6d445a128c69dbc95cf7	True	EXACT_NORMALIZED_ALLELE	PHASE1B_EXACT_NORMALIZED_ALLELE_V1	1.0.0	False	False
979	run-phase1a-60z59-hg002-grch38-v421	event-run-phase1a-60z59-hg002-grch38-v421-record-1062	run-phase1a-ru88n-hg002-grch38-v421	event-run-phase1a-ru88n-hg002-grch38-v421-record-1066	CROSS_RUN_EQUIVALENCE_UNRESOLVED	GRCh38|chr20|10495423|G|A	GRCh38|chr20|10495422|10495423|G|A	GRCh38|chr20|10495422|10495423|G|A	variant:sha256:ff4528aa0fd04ced8b58e2c11ee0fcc567f1391abf4260f40b5cd61fdab545d0	variant:sha256:ff4528aa0fd04ced8b58e2c11ee0fcc567f1391abf4260f40b5cd61fdab545d0	True	EXACT_NORMALIZED_ALLELE	PHASE1B_EXACT_NORMALIZED_ALLELE_V1	1.0.0	False	False
980	run-phase1a-60z59-hg002-grch38-v421	event-run-phase1a-60z59-hg002-grch38-v421-record-1063	run-phase1a-ru88n-hg002-grch38-v421	event-run-phase1a-ru88n-hg002-grch38-v421-record-1067	CROSS_RUN_EQUIVALENCE_UNRESOLVED	GRCh38|chr20|10495523|CTATT|C	GRCh38|chr20|10495522|10495527|CTATT|C	GRCh38|chr20|10495522|10495527|CTATT|C	variant:sha256:ac04adb8712d0f17b247f2d2eced3be6a6307a4428f439c2c5b6da0ce3edf773	variant:sha256:ac04adb8712d0f17b247f2d2eced3be6a6307a4428f439c2c5b6da0ce3edf773	True	EXACT_NORMALIZED_ALLELE	PHASE1B_EXACT_NORMALIZED_ALLELE_V1	1.0.0	False	False
981	run-phase1a-60z59-hg002-grch38-v421	event-run-phase1a-60z59-hg002-grch38-v421-record-1064	run-phase1a-ru88n-hg002-grch38-v421	event-run-phase1a-ru88n-hg002-grch38-v421-record-1068	CROSS_RUN_EQUIVALENCE_UNRESOLVED	GRCh38|chr20|10495884|T|G	GRCh38|chr20|10495883|10495884|T|G	GRCh38|chr20|10495883|10495884|T|G	variant:sha256:428ce9ed5e308c3b6f06a9cbd206bf25aee6ee1ff51a49aa8aa1bed0120fe272	variant:sha256:428ce9ed5e308c3b6f06a9cbd206bf25aee6ee1ff51a49aa8aa1bed0120fe272	True	EXACT_NORMALIZED_ALLELE	PHASE1B_EXACT_NORMALIZED_ALLELE_V1	1.0.0	False	False
982	run-phase1a-60z59-hg002-grch38-v421	event-run-phase1a-60z59-hg002-grch38-v421-record-1065	run-phase1a-ru88n-hg002-grch38-v421	event-run-phase1a-ru88n-hg002-grch38-v421-record-1069	CROSS_RUN_EQUIVALENCE_UNRESOLVED	GRCh38|chr20|10496035|A|AT	GRCh38|chr20|10496034|10496035|A|AT	GRCh38|chr20|10496034|10496035|A|AT	variant:sha256:df50973ab2841069c61618ea7d7d58b40cd93676eb21095115828e991cf9bf0f	variant:sha256:df50973ab2841069c61618ea7d7d58b40cd93676eb21095115828e991cf9bf0f	True	EXACT_NORMALIZED_ALLELE	PHASE1B_EXACT_NORMALIZED_ALLELE_V1	1.0.0	False	False
983	run-phase1a-60z59-hg002-grch38-v421	event-run-phase1a-60z59-hg002-grch38-v421-record-1066	run-phase1a-ru88n-hg002-grch38-v421	event-run-phase1a-ru88n-hg002-grch38-v421-record-1070	CROSS_RUN_EQUIVALENCE_UNRESOLVED	GRCh38|chr20|10496667|C|CA	GRCh38|chr20|10496666|10496667|C|CA	GRCh38|chr20|10496666|10496667|C|CA	variant:sha256:1332d23f37e8cff49586adc8755517e165e93d4b85f2ff9a27e4f4df48f31aa3	variant:sha256:1332d23f37e8cff49586adc8755517e165e93d4b85f2ff9a27e4f4df48f31aa3	True	EXACT_NORMALIZED_ALLELE	PHASE1B_EXACT_NORMALIZED_ALLELE_V1	1.0.0	False	False
984	run-phase1a-60z59-hg002-grch38-v421	event-run-phase1a-60z59-hg002-grch38-v421-record-1067	run-phase1a-ru88n-hg002-grch38-v421	event-run-phase1a-ru88n-hg002-grch38-v421-record-1071	CROSS_RUN_EQUIVALENCE_UNRESOLVED	GRCh38|chr20|10496707|T|A	GRCh38|chr20|10496706|10496707|T|A	GRCh38|chr20|10496706|10496707|T|A	variant:sha256:3472eb632bb7e6a5097e4ba299a7af1b7fc6ee4274444ff509b46b3b132477b0	variant:sha256:3472eb632bb7e6a5097e4ba299a7af1b7fc6ee4274444ff509b46b3b132477b0	True	EXACT_NORMALIZED_ALLELE	PHASE1B_EXACT_NORMALIZED_ALLELE_V1	1.0.0	False	False
985	run-phase1a-60z59-hg002-grch38-v421	event-run-phase1a-60z59-hg002-grch38-v421-record-1068	run-phase1a-ru88n-hg002-grch38-v421	event-run-phase1a-ru88n-hg002-grch38-v421-record-1072	CROSS_RUN_EQUIVALENCE_UNRESOLVED	GRCh38|chr20|10497102|C|T	GRCh38|chr20|10497101|10497102|C|T	GRCh38|chr20|10497101|10497102|C|T	variant:sha256:48587981d68ac243b692ad95b6a21d7348baf0e15504fa461599e3877660f772	variant:sha256:48587981d68ac243b692ad95b6a21d7348baf0e15504fa461599e3877660f772	True	EXACT_NORMALIZED_ALLELE	PHASE1B_EXACT_NORMALIZED_ALLELE_V1	1.0.0	False	False
986	run-phase1a-60z59-hg002-grch38-v421	event-run-phase1a-60z59-hg002-grch38-v421-record-1069	run-phase1a-ru88n-hg002-grch38-v421	event-run-phase1a-ru88n-hg002-grch38-v421-record-1073	CROSS_RUN_EQUIVALENCE_UNRESOLVED	GRCh38|chr20|10497199|A|G	GRCh38|chr20|10497198|10497199|A|G	GRCh38|chr20|10497198|10497199|A|G	variant:sha256:a659b1bd58bd3e66144e380691cd222bf6c4e837e7c573263c45c5e88bb0f2ae	variant:sha256:a659b1bd58bd3e66144e380691cd222bf6c4e837e7c573263c45c5e88bb0f2ae	True	EXACT_NORMALIZED_ALLELE	PHASE1B_EXACT_NORMALIZED_ALLELE_V1	1.0.0	False	False
987	run-phase1a-60z59-hg002-grch38-v421	event-run-phase1a-60z59-hg002-grch38-v421-record-1070	run-phase1a-ru88n-hg002-grch38-v421	event-run-phase1a-ru88n-hg002-grch38-v421-record-1074	CROSS_RUN_EQUIVALENCE_UNRESOLVED	GRCh38|chr20|10497729|T|G	GRCh38|chr20|10497728|10497729|T|G	GRCh38|chr20|10497728|10497729|T|G	variant:sha256:3e750ee16710c8f0fbe3324a44b0ceb7d4550a811c3a5d7a749df491b1bf5246	variant:sha256:3e750ee16710c8f0fbe3324a44b0ceb7d4550a811c3a5d7a749df491b1bf5246	True	EXACT_NORMALIZED_ALLELE	PHASE1B_EXACT_NORMALIZED_ALLELE_V1	1.0.0	False	False
988	run-phase1a-60z59-hg002-grch38-v421	event-run-phase1a-60z59-hg002-grch38-v421-record-1071	run-phase1a-ru88n-hg002-grch38-v421	event-run-phase1a-ru88n-hg002-grch38-v421-record-1075	CROSS_RUN_EQUIVALENCE_UNRESOLVED	GRCh38|chr20|10497958|T|C	GRCh38|chr20|10497957|10497958|T|C	GRCh38|chr20|10497957|10497958|T|C	variant:sha256:7ae7caaa4e3b28d75d74ca3bbad87ab36690255863a1c206ef39321035d5626c	variant:sha256:7ae7caaa4e3b28d75d74ca3bbad87ab36690255863a1c206ef39321035d5626c	True	EXACT_NORMALIZED_ALLELE	PHASE1B_EXACT_NORMALIZED_ALLELE_V1	1.0.0	False	False
989	run-phase1a-60z59-hg002-grch38-v421	event-run-phase1a-60z59-hg002-grch38-v421-record-1072	run-phase1a-ru88n-hg002-grch38-v421	event-run-phase1a-ru88n-hg002-grch38-v421-record-1076	CROSS_RUN_EQUIVALENCE_UNRESOLVED	GRCh38|chr20|10498221|A|G	GRCh38|chr20|10498220|10498221|A|G	GRCh38|chr20|10498220|10498221|A|G	variant:sha256:e6e69881e828e7864d6b822509efe021a6838a49f9fcef0574a573b6bdf31b37	variant:sha256:e6e69881e828e7864d6b822509efe021a6838a49f9fcef0574a573b6bdf31b37	True	EXACT_NORMALIZED_ALLELE	PHASE1B_EXACT_NORMALIZED_ALLELE_V1	1.0.0	False	False
990	run-phase1a-60z59-hg002-grch38-v421	event-run-phase1a-60z59-hg002-grch38-v421-record-1073	run-phase1a-ru88n-hg002-grch38-v421	event-run-phase1a-ru88n-hg002-grch38-v421-record-1077	CROSS_RUN_EQUIVALENCE_UNRESOLVED	GRCh38|chr20|10498684|CT|C	GRCh38|chr20|10498683|10498685|CT|C	GRCh38|chr20|10498683|10498685|CT|C	variant:sha256:34a0fd37ec8da2d9dbf29d368195e61fdd27ba0fdeb334db5372fe81c12095a5	variant:sha256:34a0fd37ec8da2d9dbf29d368195e61fdd27ba0fdeb334db5372fe81c12095a5	True	EXACT_NORMALIZED_ALLELE	PHASE1B_EXACT_NORMALIZED_ALLELE_V1	1.0.0	False	False
991	run-phase1a-60z59-hg002-grch38-v421	event-run-phase1a-60z59-hg002-grch38-v421-record-1074	run-phase1a-ru88n-hg002-grch38-v421	event-run-phase1a-ru88n-hg002-grch38-v421-record-1078	CROSS_RUN_EQUIVALENCE_UNRESOLVED	GRCh38|chr20|10498897|T|C	GRCh38|chr20|10498896|10498897|T|C	GRCh38|chr20|10498896|10498897|T|C	variant:sha256:7b5fb7bbf1f56d219814a56ec99ccc6c3d465281180cc489fe5df6441aea819b	variant:sha256:7b5fb7bbf1f56d219814a56ec99ccc6c3d465281180cc489fe5df6441aea819b	True	EXACT_NORMALIZED_ALLELE	PHASE1B_EXACT_NORMALIZED_ALLELE_V1	1.0.0	False	False
992	run-phase1a-60z59-hg002-grch38-v421	event-run-phase1a-60z59-hg002-grch38-v421-record-1075	run-phase1a-ru88n-hg002-grch38-v421	event-run-phase1a-ru88n-hg002-grch38-v421-record-1079	CROSS_RUN_EQUIVALENCE_UNRESOLVED	GRCh38|chr20|10499137|T|A	GRCh38|chr20|10499136|10499137|T|A	GRCh38|chr20|10499136|10499137|T|A	variant:sha256:a250776e021c189d9319722aaf6a20d63635c13edd702f7e0f43aa92cc9ba07e	variant:sha256:a250776e021c189d9319722aaf6a20d63635c13edd702f7e0f43aa92cc9ba07e	True	EXACT_NORMALIZED_ALLELE	PHASE1B_EXACT_NORMALIZED_ALLELE_V1	1.0.0	False	False
993	run-phase1a-60z59-hg002-grch38-v421	event-run-phase1a-60z59-hg002-grch38-v421-record-1077	run-phase1a-ru88n-hg002-grch38-v421	event-run-phase1a-ru88n-hg002-grch38-v421-record-1080	CROSS_RUN_EQUIVALENCE_UNRESOLVED	GRCh38|chr20|10500241|T|C	GRCh38|chr20|10500240|10500241|T|C	GRCh38|chr20|10500240|10500241|T|C	variant:sha256:49f185515f12ffa225a2902bf0486881d35d25bbc4bc647aead93d3680d77797	variant:sha256:49f185515f12ffa225a2902bf0486881d35d25bbc4bc647aead93d3680d77797	True	EXACT_NORMALIZED_ALLELE	PHASE1B_EXACT_NORMALIZED_ALLELE_V1	1.0.0	False	False
994	run-phase1a-60z59-hg002-grch38-v421	event-run-phase1a-60z59-hg002-grch38-v421-record-1078	run-phase1a-ru88n-hg002-grch38-v421	event-run-phase1a-ru88n-hg002-grch38-v421-record-1081	CROSS_RUN_EQUIVALENCE_UNRESOLVED	GRCh38|chr20|10501124|A|T	GRCh38|chr20|10501123|10501124|A|T	GRCh38|chr20|10501123|10501124|A|T	variant:sha256:40b805c4e16d0aeb059ce7053d87d10ee8ffc52689d207290949e58562979a4c	variant:sha256:40b805c4e16d0aeb059ce7053d87d10ee8ffc52689d207290949e58562979a4c	True	EXACT_NORMALIZED_ALLELE	PHASE1B_EXACT_NORMALIZED_ALLELE_V1	1.0.0	False	False
995	run-phase1a-60z59-hg002-grch38-v421	event-run-phase1a-60z59-hg002-grch38-v421-record-1079	run-phase1a-ru88n-hg002-grch38-v421	event-run-phase1a-ru88n-hg002-grch38-v421-record-1082	CROSS_RUN_EQUIVALENCE_UNRESOLVED	GRCh38|chr20|10501318|A|T	GRCh38|chr20|10501317|10501318|A|T	GRCh38|chr20|10501317|10501318|A|T	variant:sha256:350558adddf48962520164720dccd03839ec000d6736dc70b2db1656e0533a03	variant:sha256:350558adddf48962520164720dccd03839ec000d6736dc70b2db1656e0533a03	True	EXACT_NORMALIZED_ALLELE	PHASE1B_EXACT_NORMALIZED_ALLELE_V1	1.0.0	False	False
996	run-phase1a-60z59-hg002-grch38-v421	event-run-phase1a-60z59-hg002-grch38-v421-record-1080	run-phase1a-ru88n-hg002-grch38-v421	event-run-phase1a-ru88n-hg002-grch38-v421-record-1083	CROSS_RUN_EQUIVALENCE_UNRESOLVED	GRCh38|chr20|10501738|CT|C	GRCh38|chr20|10501737|10501739|CT|C	GRCh38|chr20|10501737|10501739|CT|C	variant:sha256:95246fafc6d9c8fdda94405f71c3f8582d7e9669baf6456654be4dfd979408e0	variant:sha256:95246fafc6d9c8fdda94405f71c3f8582d7e9669baf6456654be4dfd979408e0	True	EXACT_NORMALIZED_ALLELE	PHASE1B_EXACT_NORMALIZED_ALLELE_V1	1.0.0	False	False
997	run-phase1a-60z59-hg002-grch38-v421	event-run-phase1a-60z59-hg002-grch38-v421-record-1081	run-phase1a-ru88n-hg002-grch38-v421	event-run-phase1a-ru88n-hg002-grch38-v421-record-1084	CROSS_RUN_EQUIVALENCE_UNRESOLVED	GRCh38|chr20|10502055|C|T	GRCh38|chr20|10502054|10502055|C|T	GRCh38|chr20|10502054|10502055|C|T	variant:sha256:f3eda3c8d1b630c27ba1a770f1e42971ab3568087edc6e694ff7dbef3493ccdf	variant:sha256:f3eda3c8d1b630c27ba1a770f1e42971ab3568087edc6e694ff7dbef3493ccdf	True	EXACT_NORMALIZED_ALLELE	PHASE1B_EXACT_NORMALIZED_ALLELE_V1	1.0.0	False	False
998	run-phase1a-60z59-hg002-grch38-v421	event-run-phase1a-60z59-hg002-grch38-v421-record-1082	run-phase1a-ru88n-hg002-grch38-v421	event-run-phase1a-ru88n-hg002-grch38-v421-record-1085	CROSS_RUN_EQUIVALENCE_UNRESOLVED	GRCh38|chr20|10502221|G|A	GRCh38|chr20|10502220|10502221|G|A	GRCh38|chr20|10502220|10502221|G|A	variant:sha256:ecae718bc591724b7cbd131cc77488fbd207a6dd029a19b78213bcb1603e5ea9	variant:sha256:ecae718bc591724b7cbd131cc77488fbd207a6dd029a19b78213bcb1603e5ea9	True	EXACT_NORMALIZED_ALLELE	PHASE1B_EXACT_NORMALIZED_ALLELE_V1	1.0.0	False	False
999	run-phase1a-60z59-hg002-grch38-v421	event-run-phase1a-60z59-hg002-grch38-v421-record-1083	run-phase1a-ru88n-hg002-grch38-v421	event-run-phase1a-ru88n-hg002-grch38-v421-record-1086	CROSS_RUN_EQUIVALENCE_UNRESOLVED	GRCh38|chr20|10503694|C|T	GRCh38|chr20|10503693|10503694|C|T	GRCh38|chr20|10503693|10503694|C|T	variant:sha256:af2ccb614d24f1da16c4fcacecd3ea605aa76895454377f2f256a0fc5a072d81	variant:sha256:af2ccb614d24f1da16c4fcacecd3ea605aa76895454377f2f256a0fc5a072d81	True	EXACT_NORMALIZED_ALLELE	PHASE1B_EXACT_NORMALIZED_ALLELE_V1	1.0.0	False	False
1000	run-phase1a-60z59-hg002-grch38-v421	event-run-phase1a-60z59-hg002-grch38-v421-record-1084	run-phase1a-ru88n-hg002-grch38-v421	event-run-phase1a-ru88n-hg002-grch38-v421-record-1087	CROSS_RUN_EQUIVALENCE_UNRESOLVED	GRCh38|chr20|10504303|A|C	GRCh38|chr20|10504302|10504303|A|C	GRCh38|chr20|10504302|10504303|A|C	variant:sha256:2b3d8cc38fca47a7a305117646480d2a23ab4cd6ee5c52491cd264b69664adeb	variant:sha256:2b3d8cc38fca47a7a305117646480d2a23ab4cd6ee5c52491cd264b69664adeb	True	EXACT_NORMALIZED_ALLELE	PHASE1B_EXACT_NORMALIZED_ALLELE_V1	1.0.0	False	False
1001	run-phase1a-60z59-hg002-grch38-v421	event-run-phase1a-60z59-hg002-grch38-v421-record-1085	run-phase1a-ru88n-hg002-grch38-v421	event-run-phase1a-ru88n-hg002-grch38-v421-record-1088	CROSS_RUN_EQUIVALENCE_UNRESOLVED	GRCh38|chr20|10504443|T|C	GRCh38|chr20|10504442|10504443|T|C	GRCh38|chr20|10504442|10504443|T|C	variant:sha256:0d6a51339b9ac971462971b159c1bec1d3b73b9adaa5ef4827fc45be2f6cac90	variant:sha256:0d6a51339b9ac971462971b159c1bec1d3b73b9adaa5ef4827fc45be2f6cac90	True	EXACT_NORMALIZED_ALLELE	PHASE1B_EXACT_NORMALIZED_ALLELE_V1	1.0.0	False	False
1002	run-phase1a-60z59-hg002-grch38-v421	event-run-phase1a-60z59-hg002-grch38-v421-record-1086	run-phase1a-ru88n-hg002-grch38-v421	event-run-phase1a-ru88n-hg002-grch38-v421-record-1089	CROSS_RUN_EQUIVALENCE_UNRESOLVED	GRCh38|chr20|10504445|G|T	GRCh38|chr20|10504444|10504445|G|T	GRCh38|chr20|10504444|10504445|G|T	variant:sha256:4d5b148d2205d58e6f18da41909970dbcc24f5d92427f9ec49412f30b0846692	variant:sha256:4d5b148d2205d58e6f18da41909970dbcc24f5d92427f9ec49412f30b0846692	True	EXACT_NORMALIZED_ALLELE	PHASE1B_EXACT_NORMALIZED_ALLELE_V1	1.0.0	False	False
1003	run-phase1a-60z59-hg002-grch38-v421	event-run-phase1a-60z59-hg002-grch38-v421-record-1087	run-phase1a-ru88n-hg002-grch38-v421	event-run-phase1a-ru88n-hg002-grch38-v421-record-1090	CROSS_RUN_EQUIVALENCE_UNRESOLVED	GRCh38|chr20|10505595|G|A	GRCh38|chr20|10505594|10505595|G|A	GRCh38|chr20|10505594|10505595|G|A	variant:sha256:f2183ea824ff5f125ef1304ee3d6c01dd9bd1b107792f00c3583ce0e26fca631	variant:sha256:f2183ea824ff5f125ef1304ee3d6c01dd9bd1b107792f00c3583ce0e26fca631	True	EXACT_NORMALIZED_ALLELE	PHASE1B_EXACT_NORMALIZED_ALLELE_V1	1.0.0	False	False
1004	run-phase1a-60z59-hg002-grch38-v421	event-run-phase1a-60z59-hg002-grch38-v421-record-1088	run-phase1a-ru88n-hg002-grch38-v421	event-run-phase1a-ru88n-hg002-grch38-v421-record-1091	CROSS_RUN_EQUIVALENCE_UNRESOLVED	GRCh38|chr20|10507000|A|G	GRCh38|chr20|10506999|10507000|A|G	GRCh38|chr20|10506999|10507000|A|G	variant:sha256:4f80a72955d859c953cf0f83dc95b296d684995a6bbcd1fe9d29c945861e62f7	variant:sha256:4f80a72955d859c953cf0f83dc95b296d684995a6bbcd1fe9d29c945861e62f7	True	EXACT_NORMALIZED_ALLELE	PHASE1B_EXACT_NORMALIZED_ALLELE_V1	1.0.0	False	False
1005	run-phase1a-60z59-hg002-grch38-v421	event-run-phase1a-60z59-hg002-grch38-v421-record-1089	run-phase1a-ru88n-hg002-grch38-v421	event-run-phase1a-ru88n-hg002-grch38-v421-record-1092	CROSS_RUN_EQUIVALENCE_UNRESOLVED	GRCh38|chr20|10507511|C|T	GRCh38|chr20|10507510|10507511|C|T	GRCh38|chr20|10507510|10507511|C|T	variant:sha256:b36fb2e0aae31fe139e08ae04bcdaca932816064143d00f90e506b35140dfbc1	variant:sha256:b36fb2e0aae31fe139e08ae04bcdaca932816064143d00f90e506b35140dfbc1	True	EXACT_NORMALIZED_ALLELE	PHASE1B_EXACT_NORMALIZED_ALLELE_V1	1.0.0	False	False
1006	run-phase1a-60z59-hg002-grch38-v421	event-run-phase1a-60z59-hg002-grch38-v421-record-1090	run-phase1a-ru88n-hg002-grch38-v421	event-run-phase1a-ru88n-hg002-grch38-v421-record-1093	CROSS_RUN_EQUIVALENCE_UNRESOLVED	GRCh38|chr20|10507904|T|TTA	GRCh38|chr20|10507903|10507904|T|TTA	GRCh38|chr20|10507903|10507904|T|TTA	variant:sha256:4f7123f86abf694247ce13c2cf6a0a310bd492bd6be9b5bce0ed0478cac50ca4	variant:sha256:4f7123f86abf694247ce13c2cf6a0a310bd492bd6be9b5bce0ed0478cac50ca4	True	EXACT_NORMALIZED_ALLELE	PHASE1B_EXACT_NORMALIZED_ALLELE_V1	1.0.0	False	False
1007	run-phase1a-60z59-hg002-grch38-v421	event-run-phase1a-60z59-hg002-grch38-v421-record-1091	run-phase1a-ru88n-hg002-grch38-v421	event-run-phase1a-ru88n-hg002-grch38-v421-record-1094	CROSS_RUN_EQUIVALENCE_UNRESOLVED	GRCh38|chr20|10508204|G|A	GRCh38|chr20|10508203|10508204|G|A	GRCh38|chr20|10508203|10508204|G|A	variant:sha256:041c619f49e86b9db22f1b212e9eff86667bc49673c5484178ed5e6daa7b4c20	variant:sha256:041c619f49e86b9db22f1b212e9eff86667bc49673c5484178ed5e6daa7b4c20	True	EXACT_NORMALIZED_ALLELE	PHASE1B_EXACT_NORMALIZED_ALLELE_V1	1.0.0	False	False
1008	run-phase1a-60z59-hg002-grch38-v421	event-run-phase1a-60z59-hg002-grch38-v421-record-1092	run-phase1a-ru88n-hg002-grch38-v421	event-run-phase1a-ru88n-hg002-grch38-v421-record-1095	CROSS_RUN_EQUIVALENCE_UNRESOLVED	GRCh38|chr20|10509255|T|C	GRCh38|chr20|10509254|10509255|T|C	GRCh38|chr20|10509254|10509255|T|C	variant:sha256:11e1068b3c950ade10534787175c3710589750ccbe37d30578e52a0aff10af17	variant:sha256:11e1068b3c950ade10534787175c3710589750ccbe37d30578e52a0aff10af17	True	EXACT_NORMALIZED_ALLELE	PHASE1B_EXACT_NORMALIZED_ALLELE_V1	1.0.0	False	False
1009	run-phase1a-60z59-hg002-grch38-v421	event-run-phase1a-60z59-hg002-grch38-v421-record-1093	run-phase1a-ru88n-hg002-grch38-v421	event-run-phase1a-ru88n-hg002-grch38-v421-record-1096	CROSS_RUN_EQUIVALENCE_UNRESOLVED	GRCh38|chr20|10509677|G|A	GRCh38|chr20|10509676|10509677|G|A	GRCh38|chr20|10509676|10509677|G|A	variant:sha256:abed58f9df84c7ead97ef558f8084519737c1638e2ee320657b6a63481aa3426	variant:sha256:abed58f9df84c7ead97ef558f8084519737c1638e2ee320657b6a63481aa3426	True	EXACT_NORMALIZED_ALLELE	PHASE1B_EXACT_NORMALIZED_ALLELE_V1	1.0.0	False	False
1010	run-phase1a-60z59-hg002-grch38-v421	event-run-phase1a-60z59-hg002-grch38-v421-record-1094	run-phase1a-ru88n-hg002-grch38-v421	event-run-phase1a-ru88n-hg002-grch38-v421-record-1097	CROSS_RUN_EQUIVALENCE_UNRESOLVED	GRCh38|chr20|10509955|G|A	GRCh38|chr20|10509954|10509955|G|A	GRCh38|chr20|10509954|10509955|G|A	variant:sha256:8e12d504a39f212e939bd13657e4cb052aca10e77c3e533d9e29b0ec8f981c5e	variant:sha256:8e12d504a39f212e939bd13657e4cb052aca10e77c3e533d9e29b0ec8f981c5e	True	EXACT_NORMALIZED_ALLELE	PHASE1B_EXACT_NORMALIZED_ALLELE_V1	1.0.0	False	False
1011	run-phase1a-60z59-hg002-grch38-v421	event-run-phase1a-60z59-hg002-grch38-v421-record-1097	run-phase1a-ru88n-hg002-grch38-v421	event-run-phase1a-ru88n-hg002-grch38-v421-record-1100	CROSS_RUN_EQUIVALENCE_UNRESOLVED	GRCh38|chr20|10511022|G|A	GRCh38|chr20|10511021|10511022|G|A	GRCh38|chr20|10511021|10511022|G|A	variant:sha256:17a41f1a03a470994efc12bab1f2d57fecef78f81a671d2855573b74a38e3ad2	variant:sha256:17a41f1a03a470994efc12bab1f2d57fecef78f81a671d2855573b74a38e3ad2	True	EXACT_NORMALIZED_ALLELE	PHASE1B_EXACT_NORMALIZED_ALLELE_V1	1.0.0	False	False
1012	run-phase1a-60z59-hg002-grch38-v421	event-run-phase1a-60z59-hg002-grch38-v421-record-1098	run-phase1a-ru88n-hg002-grch38-v421	event-run-phase1a-ru88n-hg002-grch38-v421-record-1101	CROSS_RUN_EQUIVALENCE_UNRESOLVED	GRCh38|chr20|10512776|CTCTATATATATATATATATATATATATATATATA|C	GRCh38|chr20|10512775|10512810|CTCTATATATATATATATATATATATATATATATA|C	GRCh38|chr20|10512775|10512810|CTCTATATATATATATATATATATATATATATATA|C	variant:sha256:1f9ac44109389ad8ef79c4dfaba0d5e9f53cd43d38687e4b082889920806d284	variant:sha256:1f9ac44109389ad8ef79c4dfaba0d5e9f53cd43d38687e4b082889920806d284	True	EXACT_NORMALIZED_ALLELE	PHASE1B_EXACT_NORMALIZED_ALLELE_V1	1.0.0	False	False
1013	run-phase1a-60z59-hg002-grch38-v421	event-run-phase1a-60z59-hg002-grch38-v421-record-1099	run-phase1a-ru88n-hg002-grch38-v421	event-run-phase1a-ru88n-hg002-grch38-v421-record-1104	CROSS_RUN_EQUIVALENCE_UNRESOLVED	GRCh38|chr20|10514417|T|C	GRCh38|chr20|10514416|10514417|T|C	GRCh38|chr20|10514416|10514417|T|C	variant:sha256:041f7848ec46711fa3dd8bfc713dc05869e32d8dc70e732af1b90e35d825c072	variant:sha256:041f7848ec46711fa3dd8bfc713dc05869e32d8dc70e732af1b90e35d825c072	True	EXACT_NORMALIZED_ALLELE	PHASE1B_EXACT_NORMALIZED_ALLELE_V1	1.0.0	False	False
1014	run-phase1a-60z59-hg002-grch38-v421	event-run-phase1a-60z59-hg002-grch38-v421-record-1101	run-phase1a-ru88n-hg002-grch38-v421	event-run-phase1a-ru88n-hg002-grch38-v421-record-1105	CROSS_RUN_EQUIVALENCE_UNRESOLVED	GRCh38|chr20|10515447|T|C	GRCh38|chr20|10515446|10515447|T|C	GRCh38|chr20|10515446|10515447|T|C	variant:sha256:57a0e6f3dddbf03f62decb8d4e97340a70b8360d3813f16e45b7e43bb09bfb27	variant:sha256:57a0e6f3dddbf03f62decb8d4e97340a70b8360d3813f16e45b7e43bb09bfb27	True	EXACT_NORMALIZED_ALLELE	PHASE1B_EXACT_NORMALIZED_ALLELE_V1	1.0.0	False	False
1015	run-phase1a-60z59-hg002-grch38-v421	event-run-phase1a-60z59-hg002-grch38-v421-record-1102	run-phase1a-ru88n-hg002-grch38-v421	event-run-phase1a-ru88n-hg002-grch38-v421-record-1106	CROSS_RUN_EQUIVALENCE_UNRESOLVED	GRCh38|chr20|10516067|T|C	GRCh38|chr20|10516066|10516067|T|C	GRCh38|chr20|10516066|10516067|T|C	variant:sha256:fd7f92e8ff6857a8fe258e0e70667973a6a8fd0ef86ab28d611e2e70081c02af	variant:sha256:fd7f92e8ff6857a8fe258e0e70667973a6a8fd0ef86ab28d611e2e70081c02af	True	EXACT_NORMALIZED_ALLELE	PHASE1B_EXACT_NORMALIZED_ALLELE_V1	1.0.0	False	False
1016	run-phase1a-60z59-hg002-grch38-v421	event-run-phase1a-60z59-hg002-grch38-v421-record-1103	run-phase1a-ru88n-hg002-grch38-v421	event-run-phase1a-ru88n-hg002-grch38-v421-record-1107	CROSS_RUN_EQUIVALENCE_UNRESOLVED	GRCh38|chr20|10516384|T|TCAATGTTGAC	GRCh38|chr20|10516383|10516384|T|TCAATGTTGAC	GRCh38|chr20|10516383|10516384|T|TCAATGTTGAC	variant:sha256:26a34479335e5a1f53cc320653cb20141ea81a150f3608175ff774900371f7f2	variant:sha256:26a34479335e5a1f53cc320653cb20141ea81a150f3608175ff774900371f7f2	True	EXACT_NORMALIZED_ALLELE	PHASE1B_EXACT_NORMALIZED_ALLELE_V1	1.0.0	False	False
1017	run-phase1a-60z59-hg002-grch38-v421	event-run-phase1a-60z59-hg002-grch38-v421-record-1104	run-phase1a-ru88n-hg002-grch38-v421	event-run-phase1a-ru88n-hg002-grch38-v421-record-1108	CROSS_RUN_EQUIVALENCE_UNRESOLVED	GRCh38|chr20|10516386|A|G	GRCh38|chr20|10516385|10516386|A|G	GRCh38|chr20|10516385|10516386|A|G	variant:sha256:7fe3c2d9d06d87f99b0612dd903065226808291fcd1c4d4edce9220d9ba5f920	variant:sha256:7fe3c2d9d06d87f99b0612dd903065226808291fcd1c4d4edce9220d9ba5f920	True	EXACT_NORMALIZED_ALLELE	PHASE1B_EXACT_NORMALIZED_ALLELE_V1	1.0.0	False	False
1018	run-phase1a-60z59-hg002-grch38-v421	event-run-phase1a-60z59-hg002-grch38-v421-record-1105	run-phase1a-ru88n-hg002-grch38-v421	event-run-phase1a-ru88n-hg002-grch38-v421-record-1109	CROSS_RUN_EQUIVALENCE_UNRESOLVED	GRCh38|chr20|10516431|G|A	GRCh38|chr20|10516430|10516431|G|A	GRCh38|chr20|10516430|10516431|G|A	variant:sha256:30cff12211447d8fa981322de32457ff94ae8ce942bdb259e7e9f79afbf87464	variant:sha256:30cff12211447d8fa981322de32457ff94ae8ce942bdb259e7e9f79afbf87464	True	EXACT_NORMALIZED_ALLELE	PHASE1B_EXACT_NORMALIZED_ALLELE_V1	1.0.0	False	False
1019	run-phase1a-60z59-hg002-grch38-v421	event-run-phase1a-60z59-hg002-grch38-v421-record-1106	run-phase1a-ru88n-hg002-grch38-v421	event-run-phase1a-ru88n-hg002-grch38-v421-record-1110	CROSS_RUN_EQUIVALENCE_UNRESOLVED	GRCh38|chr20|10516470|T|C	GRCh38|chr20|10516469|10516470|T|C	GRCh38|chr20|10516469|10516470|T|C	variant:sha256:d2836706475efed1a9b0fe3fe735eafd88a50a1f51a54d3f718a5e6a7e920dfe	variant:sha256:d2836706475efed1a9b0fe3fe735eafd88a50a1f51a54d3f718a5e6a7e920dfe	True	EXACT_NORMALIZED_ALLELE	PHASE1B_EXACT_NORMALIZED_ALLELE_V1	1.0.0	False	False
1020	run-phase1a-60z59-hg002-grch38-v421	event-run-phase1a-60z59-hg002-grch38-v421-record-1107	run-phase1a-ru88n-hg002-grch38-v421	event-run-phase1a-ru88n-hg002-grch38-v421-record-1111	CROSS_RUN_EQUIVALENCE_UNRESOLVED	GRCh38|chr20|10516522|G|A	GRCh38|chr20|10516521|10516522|G|A	GRCh38|chr20|10516521|10516522|G|A	variant:sha256:16ba3b056e4d32833807e081466dcf900e4e70f7a09faaf2052334216d542691	variant:sha256:16ba3b056e4d32833807e081466dcf900e4e70f7a09faaf2052334216d542691	True	EXACT_NORMALIZED_ALLELE	PHASE1B_EXACT_NORMALIZED_ALLELE_V1	1.0.0	False	False
1021	run-phase1a-60z59-hg002-grch38-v421	event-run-phase1a-60z59-hg002-grch38-v421-record-1108	run-phase1a-ru88n-hg002-grch38-v421	event-run-phase1a-ru88n-hg002-grch38-v421-record-1112	CROSS_RUN_EQUIVALENCE_UNRESOLVED	GRCh38|chr20|10516542|C|T	GRCh38|chr20|10516541|10516542|C|T	GRCh38|chr20|10516541|10516542|C|T	variant:sha256:42fc55dcf931e76682661ed3116a2904c84905457f456e9d7d00352b780fc2ab	variant:sha256:42fc55dcf931e76682661ed3116a2904c84905457f456e9d7d00352b780fc2ab	True	EXACT_NORMALIZED_ALLELE	PHASE1B_EXACT_NORMALIZED_ALLELE_V1	1.0.0	False	False
1022	run-phase1a-60z59-hg002-grch38-v421	event-run-phase1a-60z59-hg002-grch38-v421-record-1109	run-phase1a-ru88n-hg002-grch38-v421	event-run-phase1a-ru88n-hg002-grch38-v421-record-1113	CROSS_RUN_EQUIVALENCE_UNRESOLVED	GRCh38|chr20|10517053|G|A	GRCh38|chr20|10517052|10517053|G|A	GRCh38|chr20|10517052|10517053|G|A	variant:sha256:b2b91c35b98046d72da499eb40e74aac8e3567f3b266a3f3b821aa65facbe82a	variant:sha256:b2b91c35b98046d72da499eb40e74aac8e3567f3b266a3f3b821aa65facbe82a	True	EXACT_NORMALIZED_ALLELE	PHASE1B_EXACT_NORMALIZED_ALLELE_V1	1.0.0	False	False
1023	run-phase1a-60z59-hg002-grch38-v421	event-run-phase1a-60z59-hg002-grch38-v421-record-1110	run-phase1a-ru88n-hg002-grch38-v421	event-run-phase1a-ru88n-hg002-grch38-v421-record-1114	CROSS_RUN_EQUIVALENCE_UNRESOLVED	GRCh38|chr20|10517055|A|G	GRCh38|chr20|10517054|10517055|A|G	GRCh38|chr20|10517054|10517055|A|G	variant:sha256:55674b77e5e8955c1c4338b675a3b4f1bf491d6ff25f6c219a05dd696ea416c3	variant:sha256:55674b77e5e8955c1c4338b675a3b4f1bf491d6ff25f6c219a05dd696ea416c3	True	EXACT_NORMALIZED_ALLELE	PHASE1B_EXACT_NORMALIZED_ALLELE_V1	1.0.0	False	False
1024	run-phase1a-60z59-hg002-grch38-v421	event-run-phase1a-60z59-hg002-grch38-v421-record-1111	run-phase1a-ru88n-hg002-grch38-v421	event-run-phase1a-ru88n-hg002-grch38-v421-record-1115	CROSS_RUN_EQUIVALENCE_UNRESOLVED	GRCh38|chr20|10517088|C|T	GRCh38|chr20|10517087|10517088|C|T	GRCh38|chr20|10517087|10517088|C|T	variant:sha256:4b5936d73da83aba27a3640e3a7af6b6df3eaa094f0d68143690e4ac06768c25	variant:sha256:4b5936d73da83aba27a3640e3a7af6b6df3eaa094f0d68143690e4ac06768c25	True	EXACT_NORMALIZED_ALLELE	PHASE1B_EXACT_NORMALIZED_ALLELE_V1	1.0.0	False	False
1025	run-phase1a-60z59-hg002-grch38-v421	event-run-phase1a-60z59-hg002-grch38-v421-record-1112	run-phase1a-ru88n-hg002-grch38-v421	event-run-phase1a-ru88n-hg002-grch38-v421-record-1116	CROSS_RUN_EQUIVALENCE_UNRESOLVED	GRCh38|chr20|10517184|G|T	GRCh38|chr20|10517183|10517184|G|T	GRCh38|chr20|10517183|10517184|G|T	variant:sha256:1fd942d85375f1985eb719216f81d006de024b69cdbfd92045e7cdd179159342	variant:sha256:1fd942d85375f1985eb719216f81d006de024b69cdbfd92045e7cdd179159342	True	EXACT_NORMALIZED_ALLELE	PHASE1B_EXACT_NORMALIZED_ALLELE_V1	1.0.0	False	False
1026	run-phase1a-60z59-hg002-grch38-v421	event-run-phase1a-60z59-hg002-grch38-v421-record-1113	run-phase1a-ru88n-hg002-grch38-v421	event-run-phase1a-ru88n-hg002-grch38-v421-record-1117	CROSS_RUN_EQUIVALENCE_UNRESOLVED	GRCh38|chr20|10517209|A|G	GRCh38|chr20|10517208|10517209|A|G	GRCh38|chr20|10517208|10517209|A|G	variant:sha256:74d7c5a7088193e47be6362cf46ff53d014b0290d1970230fae62812b050cc44	variant:sha256:74d7c5a7088193e47be6362cf46ff53d014b0290d1970230fae62812b050cc44	True	EXACT_NORMALIZED_ALLELE	PHASE1B_EXACT_NORMALIZED_ALLELE_V1	1.0.0	False	False
1027	run-phase1a-60z59-hg002-grch38-v421	event-run-phase1a-60z59-hg002-grch38-v421-record-1114	run-phase1a-ru88n-hg002-grch38-v421	event-run-phase1a-ru88n-hg002-grch38-v421-record-1118	CROSS_RUN_EQUIVALENCE_UNRESOLVED	GRCh38|chr20|10517369|C|G	GRCh38|chr20|10517368|10517369|C|G	GRCh38|chr20|10517368|10517369|C|G	variant:sha256:67ac37327da711dea64490c39fc2ceb49228a2906c9ebbe4b0f95341deec7443	variant:sha256:67ac37327da711dea64490c39fc2ceb49228a2906c9ebbe4b0f95341deec7443	True	EXACT_NORMALIZED_ALLELE	PHASE1B_EXACT_NORMALIZED_ALLELE_V1	1.0.0	False	False
1028	run-phase1a-60z59-hg002-grch38-v421	event-run-phase1a-60z59-hg002-grch38-v421-record-1115	run-phase1a-ru88n-hg002-grch38-v421	event-run-phase1a-ru88n-hg002-grch38-v421-record-1119	CROSS_RUN_EQUIVALENCE_UNRESOLVED	GRCh38|chr20|10517501|C|T	GRCh38|chr20|10517500|10517501|C|T	GRCh38|chr20|10517500|10517501|C|T	variant:sha256:6ef0834160e9619de1d1f1f3270e2658251780fc197ad5171713400315f04681	variant:sha256:6ef0834160e9619de1d1f1f3270e2658251780fc197ad5171713400315f04681	True	EXACT_NORMALIZED_ALLELE	PHASE1B_EXACT_NORMALIZED_ALLELE_V1	1.0.0	False	False
1029	run-phase1a-60z59-hg002-grch38-v421	event-run-phase1a-60z59-hg002-grch38-v421-record-1116	run-phase1a-ru88n-hg002-grch38-v421	event-run-phase1a-ru88n-hg002-grch38-v421-record-1120	CROSS_RUN_EQUIVALENCE_UNRESOLVED	GRCh38|chr20|10517687|A|G	GRCh38|chr20|10517686|10517687|A|G	GRCh38|chr20|10517686|10517687|A|G	variant:sha256:53a122a0b1744a30fcfd57b72d0605fa9a379d815ed7748a7df9cd6189e149f4	variant:sha256:53a122a0b1744a30fcfd57b72d0605fa9a379d815ed7748a7df9cd6189e149f4	True	EXACT_NORMALIZED_ALLELE	PHASE1B_EXACT_NORMALIZED_ALLELE_V1	1.0.0	False	False
1030	run-phase1a-60z59-hg002-grch38-v421	event-run-phase1a-60z59-hg002-grch38-v421-record-1117	run-phase1a-ru88n-hg002-grch38-v421	event-run-phase1a-ru88n-hg002-grch38-v421-record-1121	CROSS_RUN_EQUIVALENCE_UNRESOLVED	GRCh38|chr20|10518357|T|C	GRCh38|chr20|10518356|10518357|T|C	GRCh38|chr20|10518356|10518357|T|C	variant:sha256:69a8bdf057a27e32fe5dacaf9b2c12038787032fe78953ba2aa36810c2094fc3	variant:sha256:69a8bdf057a27e32fe5dacaf9b2c12038787032fe78953ba2aa36810c2094fc3	True	EXACT_NORMALIZED_ALLELE	PHASE1B_EXACT_NORMALIZED_ALLELE_V1	1.0.0	False	False
1031	run-phase1a-60z59-hg002-grch38-v421	event-run-phase1a-60z59-hg002-grch38-v421-record-1120	run-phase1a-ru88n-hg002-grch38-v421	event-run-phase1a-ru88n-hg002-grch38-v421-record-1122	CROSS_RUN_EQUIVALENCE_UNRESOLVED	GRCh38|chr20|10518404|T|C	GRCh38|chr20|10518403|10518404|T|C	GRCh38|chr20|10518403|10518404|T|C	variant:sha256:f4d37060b8f059278b1490e436848eee24132335e0d35d6f6964e6b9dd7b1811	variant:sha256:f4d37060b8f059278b1490e436848eee24132335e0d35d6f6964e6b9dd7b1811	True	EXACT_NORMALIZED_ALLELE	PHASE1B_EXACT_NORMALIZED_ALLELE_V1	1.0.0	False	False
1032	run-phase1a-60z59-hg002-grch38-v421	event-run-phase1a-60z59-hg002-grch38-v421-record-1123	run-phase1a-ru88n-hg002-grch38-v421	event-run-phase1a-ru88n-hg002-grch38-v421-record-1125	CROSS_RUN_EQUIVALENCE_UNRESOLVED	GRCh38|chr20|10518931|C|T	GRCh38|chr20|10518930|10518931|C|T	GRCh38|chr20|10518930|10518931|C|T	variant:sha256:12f1d530736d6bfcf0b44f7a20be198753c3028e8e75d15f114b4f2157a44211	variant:sha256:12f1d530736d6bfcf0b44f7a20be198753c3028e8e75d15f114b4f2157a44211	True	EXACT_NORMALIZED_ALLELE	PHASE1B_EXACT_NORMALIZED_ALLELE_V1	1.0.0	False	False
1033	run-phase1a-60z59-hg002-grch38-v421	event-run-phase1a-60z59-hg002-grch38-v421-record-1124	run-phase1a-ru88n-hg002-grch38-v421	event-run-phase1a-ru88n-hg002-grch38-v421-record-1126	CROSS_RUN_EQUIVALENCE_UNRESOLVED	GRCh38|chr20|10519075|A|G	GRCh38|chr20|10519074|10519075|A|G	GRCh38|chr20|10519074|10519075|A|G	variant:sha256:2a6d725009f7bd70ff6510bde480e8c171cbe058c847b88d655ec773df495690	variant:sha256:2a6d725009f7bd70ff6510bde480e8c171cbe058c847b88d655ec773df495690	True	EXACT_NORMALIZED_ALLELE	PHASE1B_EXACT_NORMALIZED_ALLELE_V1	1.0.0	False	False
1034	run-phase1a-60z59-hg002-grch38-v421	event-run-phase1a-60z59-hg002-grch38-v421-record-1125	run-phase1a-ru88n-hg002-grch38-v421	event-run-phase1a-ru88n-hg002-grch38-v421-record-1127	CROSS_RUN_EQUIVALENCE_UNRESOLVED	GRCh38|chr20|10519076|C|T	GRCh38|chr20|10519075|10519076|C|T	GRCh38|chr20|10519075|10519076|C|T	variant:sha256:9780cede1bd5dfdf22d8e65346a31837f3c4aacbb84a0b7cc44fac79c66e33ad	variant:sha256:9780cede1bd5dfdf22d8e65346a31837f3c4aacbb84a0b7cc44fac79c66e33ad	True	EXACT_NORMALIZED_ALLELE	PHASE1B_EXACT_NORMALIZED_ALLELE_V1	1.0.0	False	False
1035	run-phase1a-60z59-hg002-grch38-v421	event-run-phase1a-60z59-hg002-grch38-v421-record-1126	run-phase1a-ru88n-hg002-grch38-v421	event-run-phase1a-ru88n-hg002-grch38-v421-record-1128	CROSS_RUN_EQUIVALENCE_UNRESOLVED	GRCh38|chr20|10519205|G|T	GRCh38|chr20|10519204|10519205|G|T	GRCh38|chr20|10519204|10519205|G|T	variant:sha256:406b290c96acfbb5bfd9a77e8ceebf16698dfdf498a937b2614e079ef7eae406	variant:sha256:406b290c96acfbb5bfd9a77e8ceebf16698dfdf498a937b2614e079ef7eae406	True	EXACT_NORMALIZED_ALLELE	PHASE1B_EXACT_NORMALIZED_ALLELE_V1	1.0.0	False	False
1036	run-phase1a-60z59-hg002-grch38-v421	event-run-phase1a-60z59-hg002-grch38-v421-record-1127	run-phase1a-ru88n-hg002-grch38-v421	event-run-phase1a-ru88n-hg002-grch38-v421-record-1129	CROSS_RUN_EQUIVALENCE_UNRESOLVED	GRCh38|chr20|10519242|T|A	GRCh38|chr20|10519241|10519242|T|A	GRCh38|chr20|10519241|10519242|T|A	variant:sha256:31d79a007b689418d983b944653b5433490c58b6cd06569b02888da9a0f7cc97	variant:sha256:31d79a007b689418d983b944653b5433490c58b6cd06569b02888da9a0f7cc97	True	EXACT_NORMALIZED_ALLELE	PHASE1B_EXACT_NORMALIZED_ALLELE_V1	1.0.0	False	False
1037	run-phase1a-60z59-hg002-grch38-v421	event-run-phase1a-60z59-hg002-grch38-v421-record-1128	run-phase1a-ru88n-hg002-grch38-v421	event-run-phase1a-ru88n-hg002-grch38-v421-record-1130	CROSS_RUN_EQUIVALENCE_UNRESOLVED	GRCh38|chr20|10520535|GT|G	GRCh38|chr20|10520534|10520536|GT|G	GRCh38|chr20|10520534|10520536|GT|G	variant:sha256:deedbd922ebdac13a2d9e062dff870e724d36a28377b24f06a586d542d84eed7	variant:sha256:deedbd922ebdac13a2d9e062dff870e724d36a28377b24f06a586d542d84eed7	True	EXACT_NORMALIZED_ALLELE	PHASE1B_EXACT_NORMALIZED_ALLELE_V1	1.0.0	False	False
1038	run-phase1a-60z59-hg002-grch38-v421	event-run-phase1a-60z59-hg002-grch38-v421-record-1129	run-phase1a-ru88n-hg002-grch38-v421	event-run-phase1a-ru88n-hg002-grch38-v421-record-1131	CROSS_RUN_EQUIVALENCE_UNRESOLVED	GRCh38|chr20|10520625|T|G	GRCh38|chr20|10520624|10520625|T|G	GRCh38|chr20|10520624|10520625|T|G	variant:sha256:7fea44278feaf8e8e4e2be8f8a9808815dd773c8bbb7b0c8bf8c5475544a6237	variant:sha256:7fea44278feaf8e8e4e2be8f8a9808815dd773c8bbb7b0c8bf8c5475544a6237	True	EXACT_NORMALIZED_ALLELE	PHASE1B_EXACT_NORMALIZED_ALLELE_V1	1.0.0	False	False
1039	run-phase1a-60z59-hg002-grch38-v421	event-run-phase1a-60z59-hg002-grch38-v421-record-1130	run-phase1a-ru88n-hg002-grch38-v421	event-run-phase1a-ru88n-hg002-grch38-v421-record-1132	CROSS_RUN_EQUIVALENCE_UNRESOLVED	GRCh38|chr20|10520699|A|G	GRCh38|chr20|10520698|10520699|A|G	GRCh38|chr20|10520698|10520699|A|G	variant:sha256:87d3082b4f908cffb865b4cd6f27b9ba6db4b32587c0899c2db9b49b1d6d8100	variant:sha256:87d3082b4f908cffb865b4cd6f27b9ba6db4b32587c0899c2db9b49b1d6d8100	True	EXACT_NORMALIZED_ALLELE	PHASE1B_EXACT_NORMALIZED_ALLELE_V1	1.0.0	False	False
1040	run-phase1a-60z59-hg002-grch38-v421	event-run-phase1a-60z59-hg002-grch38-v421-record-1131	run-phase1a-ru88n-hg002-grch38-v421	event-run-phase1a-ru88n-hg002-grch38-v421-record-1133	CROSS_RUN_EQUIVALENCE_UNRESOLVED	GRCh38|chr20|10520896|G|T	GRCh38|chr20|10520895|10520896|G|T	GRCh38|chr20|10520895|10520896|G|T	variant:sha256:bf8752df32fdf23bb69bd08df97d1ce0d40a92aba932be3e2841cb85f7b60d73	variant:sha256:bf8752df32fdf23bb69bd08df97d1ce0d40a92aba932be3e2841cb85f7b60d73	True	EXACT_NORMALIZED_ALLELE	PHASE1B_EXACT_NORMALIZED_ALLELE_V1	1.0.0	False	False
1041	run-phase1a-60z59-hg002-grch38-v421	event-run-phase1a-60z59-hg002-grch38-v421-record-1132	run-phase1a-ru88n-hg002-grch38-v421	event-run-phase1a-ru88n-hg002-grch38-v421-record-1134	CROSS_RUN_EQUIVALENCE_UNRESOLVED	GRCh38|chr20|10521805|T|A	GRCh38|chr20|10521804|10521805|T|A	GRCh38|chr20|10521804|10521805|T|A	variant:sha256:72dfed464de34d9b42561727e40f993d682e89f818ed9671cee1953075a067c0	variant:sha256:72dfed464de34d9b42561727e40f993d682e89f818ed9671cee1953075a067c0	True	EXACT_NORMALIZED_ALLELE	PHASE1B_EXACT_NORMALIZED_ALLELE_V1	1.0.0	False	False
1042	run-phase1a-60z59-hg002-grch38-v421	event-run-phase1a-60z59-hg002-grch38-v421-record-1133	run-phase1a-ru88n-hg002-grch38-v421	event-run-phase1a-ru88n-hg002-grch38-v421-record-1135	CROSS_RUN_EQUIVALENCE_UNRESOLVED	GRCh38|chr20|10521863|G|A	GRCh38|chr20|10521862|10521863|G|A	GRCh38|chr20|10521862|10521863|G|A	variant:sha256:7408f1a6e2d67f9f5cc1aeda092db5bf3bc2c59c08d001d0e575238d5361a0ed	variant:sha256:7408f1a6e2d67f9f5cc1aeda092db5bf3bc2c59c08d001d0e575238d5361a0ed	True	EXACT_NORMALIZED_ALLELE	PHASE1B_EXACT_NORMALIZED_ALLELE_V1	1.0.0	False	False
1043	run-phase1a-60z59-hg002-grch38-v421	event-run-phase1a-60z59-hg002-grch38-v421-record-1134	run-phase1a-ru88n-hg002-grch38-v421	event-run-phase1a-ru88n-hg002-grch38-v421-record-1136	CROSS_RUN_EQUIVALENCE_UNRESOLVED	GRCh38|chr20|10522074|A|C	GRCh38|chr20|10522073|10522074|A|C	GRCh38|chr20|10522073|10522074|A|C	variant:sha256:cadc288e182cb370949e0bd6a33342352dc99bfc184e4b74b0dfd2e2cbb1c4c1	variant:sha256:cadc288e182cb370949e0bd6a33342352dc99bfc184e4b74b0dfd2e2cbb1c4c1	True	EXACT_NORMALIZED_ALLELE	PHASE1B_EXACT_NORMALIZED_ALLELE_V1	1.0.0	False	False
1044	run-phase1a-60z59-hg002-grch38-v421	event-run-phase1a-60z59-hg002-grch38-v421-record-1135	run-phase1a-ru88n-hg002-grch38-v421	event-run-phase1a-ru88n-hg002-grch38-v421-record-1137	CROSS_RUN_EQUIVALENCE_UNRESOLVED	GRCh38|chr20|10523434|A|G	GRCh38|chr20|10523433|10523434|A|G	GRCh38|chr20|10523433|10523434|A|G	variant:sha256:6f2c8d29d7939397d13d7227c13bc2e45406076090bfe344349c983c4f0838f5	variant:sha256:6f2c8d29d7939397d13d7227c13bc2e45406076090bfe344349c983c4f0838f5	True	EXACT_NORMALIZED_ALLELE	PHASE1B_EXACT_NORMALIZED_ALLELE_V1	1.0.0	False	False
1045	run-phase1a-60z59-hg002-grch38-v421	event-run-phase1a-60z59-hg002-grch38-v421-record-1136	run-phase1a-ru88n-hg002-grch38-v421	event-run-phase1a-ru88n-hg002-grch38-v421-record-1138	CROSS_RUN_EQUIVALENCE_UNRESOLVED	GRCh38|chr20|10523664|A|G	GRCh38|chr20|10523663|10523664|A|G	GRCh38|chr20|10523663|10523664|A|G	variant:sha256:e0ef479cbb36c2f287c3c631818c360debb1fb59ca435ece4fe2b08f3aa66385	variant:sha256:e0ef479cbb36c2f287c3c631818c360debb1fb59ca435ece4fe2b08f3aa66385	True	EXACT_NORMALIZED_ALLELE	PHASE1B_EXACT_NORMALIZED_ALLELE_V1	1.0.0	False	False
1046	run-phase1a-60z59-hg002-grch38-v421	event-run-phase1a-60z59-hg002-grch38-v421-record-1137	run-phase1a-ru88n-hg002-grch38-v421	event-run-phase1a-ru88n-hg002-grch38-v421-record-1139	CROSS_RUN_EQUIVALENCE_UNRESOLVED	GRCh38|chr20|10523937|G|C	GRCh38|chr20|10523936|10523937|G|C	GRCh38|chr20|10523936|10523937|G|C	variant:sha256:29fc367a404b30301aec33fea8578d61cd3a24d7cb23ba65c6547af0851ad938	variant:sha256:29fc367a404b30301aec33fea8578d61cd3a24d7cb23ba65c6547af0851ad938	True	EXACT_NORMALIZED_ALLELE	PHASE1B_EXACT_NORMALIZED_ALLELE_V1	1.0.0	False	False
1047	run-phase1a-60z59-hg002-grch38-v421	event-run-phase1a-60z59-hg002-grch38-v421-record-1138	run-phase1a-ru88n-hg002-grch38-v421	event-run-phase1a-ru88n-hg002-grch38-v421-record-1140	CROSS_RUN_EQUIVALENCE_UNRESOLVED	GRCh38|chr20|10524055|G|A	GRCh38|chr20|10524054|10524055|G|A	GRCh38|chr20|10524054|10524055|G|A	variant:sha256:a1f64313763423a6699b71bc31fdf49eb4039a69a3282fc6b9f38baccffc9c3e	variant:sha256:a1f64313763423a6699b71bc31fdf49eb4039a69a3282fc6b9f38baccffc9c3e	True	EXACT_NORMALIZED_ALLELE	PHASE1B_EXACT_NORMALIZED_ALLELE_V1	1.0.0	False	False
1048	run-phase1a-60z59-hg002-grch38-v421	event-run-phase1a-60z59-hg002-grch38-v421-record-1139	run-phase1a-ru88n-hg002-grch38-v421	event-run-phase1a-ru88n-hg002-grch38-v421-record-1141	CROSS_RUN_EQUIVALENCE_UNRESOLVED	GRCh38|chr20|10524169|C|G	GRCh38|chr20|10524168|10524169|C|G	GRCh38|chr20|10524168|10524169|C|G	variant:sha256:baa416e9f74a97306a6736127ae68edb29f69f820a6ad4cbd18f99988ee4d50a	variant:sha256:baa416e9f74a97306a6736127ae68edb29f69f820a6ad4cbd18f99988ee4d50a	True	EXACT_NORMALIZED_ALLELE	PHASE1B_EXACT_NORMALIZED_ALLELE_V1	1.0.0	False	False
1049	run-phase1a-60z59-hg002-grch38-v421	event-run-phase1a-60z59-hg002-grch38-v421-record-1140	run-phase1a-ru88n-hg002-grch38-v421	event-run-phase1a-ru88n-hg002-grch38-v421-record-1142	CROSS_RUN_EQUIVALENCE_UNRESOLVED	GRCh38|chr20|10524345|G|A	GRCh38|chr20|10524344|10524345|G|A	GRCh38|chr20|10524344|10524345|G|A	variant:sha256:780d4636ccba3efabb21c4411b9a8d3ac4b60bda0e762a03f18a28cd8250f7c5	variant:sha256:780d4636ccba3efabb21c4411b9a8d3ac4b60bda0e762a03f18a28cd8250f7c5	True	EXACT_NORMALIZED_ALLELE	PHASE1B_EXACT_NORMALIZED_ALLELE_V1	1.0.0	False	False
1050	run-phase1a-60z59-hg002-grch38-v421	event-run-phase1a-60z59-hg002-grch38-v421-record-1141	run-phase1a-ru88n-hg002-grch38-v421	event-run-phase1a-ru88n-hg002-grch38-v421-record-1143	CROSS_RUN_EQUIVALENCE_UNRESOLVED	GRCh38|chr20|10524948|A|G	GRCh38|chr20|10524947|10524948|A|G	GRCh38|chr20|10524947|10524948|A|G	variant:sha256:c14843e6da76fa655b044324ec07441c6191375b11ebb1f58c87e6ca98d1c95a	variant:sha256:c14843e6da76fa655b044324ec07441c6191375b11ebb1f58c87e6ca98d1c95a	True	EXACT_NORMALIZED_ALLELE	PHASE1B_EXACT_NORMALIZED_ALLELE_V1	1.0.0	False	False
1051	run-phase1a-60z59-hg002-grch38-v421	event-run-phase1a-60z59-hg002-grch38-v421-record-1142	run-phase1a-ru88n-hg002-grch38-v421	event-run-phase1a-ru88n-hg002-grch38-v421-record-1144	CROSS_RUN_EQUIVALENCE_UNRESOLVED	GRCh38|chr20|10525108|C|T	GRCh38|chr20|10525107|10525108|C|T	GRCh38|chr20|10525107|10525108|C|T	variant:sha256:2497ba410f3f0bf7ffccb63af148ad502b008c4f65c181c79ed7b43cca505612	variant:sha256:2497ba410f3f0bf7ffccb63af148ad502b008c4f65c181c79ed7b43cca505612	True	EXACT_NORMALIZED_ALLELE	PHASE1B_EXACT_NORMALIZED_ALLELE_V1	1.0.0	False	False
1052	run-phase1a-60z59-hg002-grch38-v421	event-run-phase1a-60z59-hg002-grch38-v421-record-1143	run-phase1a-ru88n-hg002-grch38-v421	event-run-phase1a-ru88n-hg002-grch38-v421-record-1145	CROSS_RUN_EQUIVALENCE_UNRESOLVED	GRCh38|chr20|10525968|C|T	GRCh38|chr20|10525967|10525968|C|T	GRCh38|chr20|10525967|10525968|C|T	variant:sha256:7ae066574900e2f8c12816a6b493a597338896754c2d3ac0e049ce95c0d01733	variant:sha256:7ae066574900e2f8c12816a6b493a597338896754c2d3ac0e049ce95c0d01733	True	EXACT_NORMALIZED_ALLELE	PHASE1B_EXACT_NORMALIZED_ALLELE_V1	1.0.0	False	False
1053	run-phase1a-60z59-hg002-grch38-v421	event-run-phase1a-60z59-hg002-grch38-v421-record-1144	run-phase1a-ru88n-hg002-grch38-v421	event-run-phase1a-ru88n-hg002-grch38-v421-record-1146	CROSS_RUN_EQUIVALENCE_UNRESOLVED	GRCh38|chr20|10525995|G|A	GRCh38|chr20|10525994|10525995|G|A	GRCh38|chr20|10525994|10525995|G|A	variant:sha256:64f59ac2c6e798439eedb94e72326039a701634d303a3ef0dc5be4f19c634436	variant:sha256:64f59ac2c6e798439eedb94e72326039a701634d303a3ef0dc5be4f19c634436	True	EXACT_NORMALIZED_ALLELE	PHASE1B_EXACT_NORMALIZED_ALLELE_V1	1.0.0	False	False
1054	run-phase1a-60z59-hg002-grch38-v421	event-run-phase1a-60z59-hg002-grch38-v421-record-1145	run-phase1a-ru88n-hg002-grch38-v421	event-run-phase1a-ru88n-hg002-grch38-v421-record-1147	CROSS_RUN_EQUIVALENCE_UNRESOLVED	GRCh38|chr20|10526813|T|G	GRCh38|chr20|10526812|10526813|T|G	GRCh38|chr20|10526812|10526813|T|G	variant:sha256:9e0eff2281c81e76c41e55cf7158d17f205f33993535a1894e0eee709c4f41dc	variant:sha256:9e0eff2281c81e76c41e55cf7158d17f205f33993535a1894e0eee709c4f41dc	True	EXACT_NORMALIZED_ALLELE	PHASE1B_EXACT_NORMALIZED_ALLELE_V1	1.0.0	False	False
1055	run-phase1a-60z59-hg002-grch38-v421	event-run-phase1a-60z59-hg002-grch38-v421-record-1146	run-phase1a-ru88n-hg002-grch38-v421	event-run-phase1a-ru88n-hg002-grch38-v421-record-1148	CROSS_RUN_EQUIVALENCE_UNRESOLVED	GRCh38|chr20|10527179|A|G	GRCh38|chr20|10527178|10527179|A|G	GRCh38|chr20|10527178|10527179|A|G	variant:sha256:bd4fdd46148526737c05abba4a98490560a2de3607b7798afb5e0a1eed0c6b24	variant:sha256:bd4fdd46148526737c05abba4a98490560a2de3607b7798afb5e0a1eed0c6b24	True	EXACT_NORMALIZED_ALLELE	PHASE1B_EXACT_NORMALIZED_ALLELE_V1	1.0.0	False	False
1056	run-phase1a-60z59-hg002-grch38-v421	event-run-phase1a-60z59-hg002-grch38-v421-record-1147	run-phase1a-ru88n-hg002-grch38-v421	event-run-phase1a-ru88n-hg002-grch38-v421-record-1149	CROSS_RUN_EQUIVALENCE_UNRESOLVED	GRCh38|chr20|10527737|T|TC	GRCh38|chr20|10527736|10527737|T|TC	GRCh38|chr20|10527736|10527737|T|TC	variant:sha256:96ed9a637401b6a418e1f5cf8a85260480aca740e308c4dae09e647e7ff65aa6	variant:sha256:96ed9a637401b6a418e1f5cf8a85260480aca740e308c4dae09e647e7ff65aa6	True	EXACT_NORMALIZED_ALLELE	PHASE1B_EXACT_NORMALIZED_ALLELE_V1	1.0.0	False	False
1057	run-phase1a-60z59-hg002-grch38-v421	event-run-phase1a-60z59-hg002-grch38-v421-record-1148	run-phase1a-ru88n-hg002-grch38-v421	event-run-phase1a-ru88n-hg002-grch38-v421-record-1150	CROSS_RUN_EQUIVALENCE_UNRESOLVED	GRCh38|chr20|10528207|C|T	GRCh38|chr20|10528206|10528207|C|T	GRCh38|chr20|10528206|10528207|C|T	variant:sha256:583825609037df205db6870f12075888b9f9e4f36c06030b2bdfb7b07006bd84	variant:sha256:583825609037df205db6870f12075888b9f9e4f36c06030b2bdfb7b07006bd84	True	EXACT_NORMALIZED_ALLELE	PHASE1B_EXACT_NORMALIZED_ALLELE_V1	1.0.0	False	False
1058	run-phase1a-60z59-hg002-grch38-v421	event-run-phase1a-60z59-hg002-grch38-v421-record-1149	run-phase1a-ru88n-hg002-grch38-v421	event-run-phase1a-ru88n-hg002-grch38-v421-record-1151	CROSS_RUN_EQUIVALENCE_UNRESOLVED	GRCh38|chr20|10529069|T|G	GRCh38|chr20|10529068|10529069|T|G	GRCh38|chr20|10529068|10529069|T|G	variant:sha256:c58a0de687750990af28fa452620df47cf42425c336493e4b7195ceca5db104e	variant:sha256:c58a0de687750990af28fa452620df47cf42425c336493e4b7195ceca5db104e	True	EXACT_NORMALIZED_ALLELE	PHASE1B_EXACT_NORMALIZED_ALLELE_V1	1.0.0	False	False
1059	run-phase1a-60z59-hg002-grch38-v421	event-run-phase1a-60z59-hg002-grch38-v421-record-1150	run-phase1a-ru88n-hg002-grch38-v421	event-run-phase1a-ru88n-hg002-grch38-v421-record-1152	CROSS_RUN_EQUIVALENCE_UNRESOLVED	GRCh38|chr20|10529386|T|C	GRCh38|chr20|10529385|10529386|T|C	GRCh38|chr20|10529385|10529386|T|C	variant:sha256:b88c849346f00bff59231645ac19e69ba2f1fae5384aa7e33eba3b862186c093	variant:sha256:b88c849346f00bff59231645ac19e69ba2f1fae5384aa7e33eba3b862186c093	True	EXACT_NORMALIZED_ALLELE	PHASE1B_EXACT_NORMALIZED_ALLELE_V1	1.0.0	False	False
1060	run-phase1a-60z59-hg002-grch38-v421	event-run-phase1a-60z59-hg002-grch38-v421-record-1151	run-phase1a-ru88n-hg002-grch38-v421	event-run-phase1a-ru88n-hg002-grch38-v421-record-1153	CROSS_RUN_EQUIVALENCE_UNRESOLVED	GRCh38|chr20|10529520|G|T	GRCh38|chr20|10529519|10529520|G|T	GRCh38|chr20|10529519|10529520|G|T	variant:sha256:d3b8a05466f4850e4ee6112703d287c5c7e25d1621b35775261018237887defd	variant:sha256:d3b8a05466f4850e4ee6112703d287c5c7e25d1621b35775261018237887defd	True	EXACT_NORMALIZED_ALLELE	PHASE1B_EXACT_NORMALIZED_ALLELE_V1	1.0.0	False	False
1061	run-phase1a-60z59-hg002-grch38-v421	event-run-phase1a-60z59-hg002-grch38-v421-record-1152	run-phase1a-ru88n-hg002-grch38-v421	event-run-phase1a-ru88n-hg002-grch38-v421-record-1154	CROSS_RUN_EQUIVALENCE_UNRESOLVED	GRCh38|chr20|10529542|T|G	GRCh38|chr20|10529541|10529542|T|G	GRCh38|chr20|10529541|10529542|T|G	variant:sha256:ea7646e6566873dd46e5c6a305d1bc25ed270e98ba132193dd4b98944278f4dd	variant:sha256:ea7646e6566873dd46e5c6a305d1bc25ed270e98ba132193dd4b98944278f4dd	True	EXACT_NORMALIZED_ALLELE	PHASE1B_EXACT_NORMALIZED_ALLELE_V1	1.0.0	False	False
1062	run-phase1a-60z59-hg002-grch38-v421	event-run-phase1a-60z59-hg002-grch38-v421-record-1153	run-phase1a-ru88n-hg002-grch38-v421	event-run-phase1a-ru88n-hg002-grch38-v421-record-1155	CROSS_RUN_EQUIVALENCE_UNRESOLVED	GRCh38|chr20|10529574|G|A	GRCh38|chr20|10529573|10529574|G|A	GRCh38|chr20|10529573|10529574|G|A	variant:sha256:24f902b41bd7db60936d3da4799e929c1d7201b9c91fa56fcef5412724c2bf38	variant:sha256:24f902b41bd7db60936d3da4799e929c1d7201b9c91fa56fcef5412724c2bf38	True	EXACT_NORMALIZED_ALLELE	PHASE1B_EXACT_NORMALIZED_ALLELE_V1	1.0.0	False	False
1063	run-phase1a-60z59-hg002-grch38-v421	event-run-phase1a-60z59-hg002-grch38-v421-record-1155	run-phase1a-ru88n-hg002-grch38-v421	event-run-phase1a-ru88n-hg002-grch38-v421-record-1156	CROSS_RUN_EQUIVALENCE_UNRESOLVED	GRCh38|chr20|10530843|C|T	GRCh38|chr20|10530842|10530843|C|T	GRCh38|chr20|10530842|10530843|C|T	variant:sha256:aa522dcee192d0991c1d30d6cd16ab0ab7cfec952438520b39450139855d3332	variant:sha256:aa522dcee192d0991c1d30d6cd16ab0ab7cfec952438520b39450139855d3332	True	EXACT_NORMALIZED_ALLELE	PHASE1B_EXACT_NORMALIZED_ALLELE_V1	1.0.0	False	False
1064	run-phase1a-60z59-hg002-grch38-v421	event-run-phase1a-60z59-hg002-grch38-v421-record-1156	run-phase1a-ru88n-hg002-grch38-v421	event-run-phase1a-ru88n-hg002-grch38-v421-record-1157	CROSS_RUN_EQUIVALENCE_UNRESOLVED	GRCh38|chr20|10530938|A|T	GRCh38|chr20|10530937|10530938|A|T	GRCh38|chr20|10530937|10530938|A|T	variant:sha256:7dad22905f7513c13333217476ecfbdc83f88d592ac352275088c82f29e56ccb	variant:sha256:7dad22905f7513c13333217476ecfbdc83f88d592ac352275088c82f29e56ccb	True	EXACT_NORMALIZED_ALLELE	PHASE1B_EXACT_NORMALIZED_ALLELE_V1	1.0.0	False	False
1065	run-phase1a-60z59-hg002-grch38-v421	event-run-phase1a-60z59-hg002-grch38-v421-record-1157	run-phase1a-ru88n-hg002-grch38-v421	event-run-phase1a-ru88n-hg002-grch38-v421-record-1158	CROSS_RUN_EQUIVALENCE_UNRESOLVED	GRCh38|chr20|10531467|G|A	GRCh38|chr20|10531466|10531467|G|A	GRCh38|chr20|10531466|10531467|G|A	variant:sha256:8aec32c00f363c445496aa29841450c64ab3a3160976d646cd5272850a2285fd	variant:sha256:8aec32c00f363c445496aa29841450c64ab3a3160976d646cd5272850a2285fd	True	EXACT_NORMALIZED_ALLELE	PHASE1B_EXACT_NORMALIZED_ALLELE_V1	1.0.0	False	False
1066	run-phase1a-60z59-hg002-grch38-v421	event-run-phase1a-60z59-hg002-grch38-v421-record-1158	run-phase1a-ru88n-hg002-grch38-v421	event-run-phase1a-ru88n-hg002-grch38-v421-record-1159	CROSS_RUN_EQUIVALENCE_UNRESOLVED	GRCh38|chr20|10532150|A|G	GRCh38|chr20|10532149|10532150|A|G	GRCh38|chr20|10532149|10532150|A|G	variant:sha256:2581d5b5d31e8953f72202901195be39d6c4c0afee9a9271e89011b30449a8d9	variant:sha256:2581d5b5d31e8953f72202901195be39d6c4c0afee9a9271e89011b30449a8d9	True	EXACT_NORMALIZED_ALLELE	PHASE1B_EXACT_NORMALIZED_ALLELE_V1	1.0.0	False	False
1067	run-phase1a-60z59-hg002-grch38-v421	event-run-phase1a-60z59-hg002-grch38-v421-record-1159	run-phase1a-ru88n-hg002-grch38-v421	event-run-phase1a-ru88n-hg002-grch38-v421-record-1160	CROSS_RUN_EQUIVALENCE_UNRESOLVED	GRCh38|chr20|10532198|G|A	GRCh38|chr20|10532197|10532198|G|A	GRCh38|chr20|10532197|10532198|G|A	variant:sha256:be3e6b31a1ba5835b6cc103b02086a53c4e052929a19c6bc68b1eae3714ab702	variant:sha256:be3e6b31a1ba5835b6cc103b02086a53c4e052929a19c6bc68b1eae3714ab702	True	EXACT_NORMALIZED_ALLELE	PHASE1B_EXACT_NORMALIZED_ALLELE_V1	1.0.0	False	False
1068	run-phase1a-60z59-hg002-grch38-v421	event-run-phase1a-60z59-hg002-grch38-v421-record-1160	run-phase1a-ru88n-hg002-grch38-v421	event-run-phase1a-ru88n-hg002-grch38-v421-record-1161	CROSS_RUN_EQUIVALENCE_UNRESOLVED	GRCh38|chr20|10532583|C|T	GRCh38|chr20|10532582|10532583|C|T	GRCh38|chr20|10532582|10532583|C|T	variant:sha256:d8c8a1048e639306c8fc29d3454356990dcd98d9f202c69a7e42c4290de38c48	variant:sha256:d8c8a1048e639306c8fc29d3454356990dcd98d9f202c69a7e42c4290de38c48	True	EXACT_NORMALIZED_ALLELE	PHASE1B_EXACT_NORMALIZED_ALLELE_V1	1.0.0	False	False
1069	run-phase1a-60z59-hg002-grch38-v421	event-run-phase1a-60z59-hg002-grch38-v421-record-1161	run-phase1a-ru88n-hg002-grch38-v421	event-run-phase1a-ru88n-hg002-grch38-v421-record-1162	CROSS_RUN_EQUIVALENCE_UNRESOLVED	GRCh38|chr20|10532735|A|G	GRCh38|chr20|10532734|10532735|A|G	GRCh38|chr20|10532734|10532735|A|G	variant:sha256:a471f0cd705140d27d24111553c353790c9fa3c20ed5fb63f1c5bf927edacf82	variant:sha256:a471f0cd705140d27d24111553c353790c9fa3c20ed5fb63f1c5bf927edacf82	True	EXACT_NORMALIZED_ALLELE	PHASE1B_EXACT_NORMALIZED_ALLELE_V1	1.0.0	False	False
1070	run-phase1a-60z59-hg002-grch38-v421	event-run-phase1a-60z59-hg002-grch38-v421-record-1162	run-phase1a-ru88n-hg002-grch38-v421	event-run-phase1a-ru88n-hg002-grch38-v421-record-1163	CROSS_RUN_EQUIVALENCE_UNRESOLVED	GRCh38|chr20|10532778|AT|A	GRCh38|chr20|10532777|10532779|AT|A	GRCh38|chr20|10532777|10532779|AT|A	variant:sha256:d2257ed8b4a3537a2f7aca5b749c25025d432704e858fa6955424280ae941b79	variant:sha256:d2257ed8b4a3537a2f7aca5b749c25025d432704e858fa6955424280ae941b79	True	EXACT_NORMALIZED_ALLELE	PHASE1B_EXACT_NORMALIZED_ALLELE_V1	1.0.0	False	False
1071	run-phase1a-60z59-hg002-grch38-v421	event-run-phase1a-60z59-hg002-grch38-v421-record-1165	run-phase1a-ru88n-hg002-grch38-v421	event-run-phase1a-ru88n-hg002-grch38-v421-record-1165	CROSS_RUN_EQUIVALENCE_UNRESOLVED	GRCh38|chr20|10533764|C|T	GRCh38|chr20|10533763|10533764|C|T	GRCh38|chr20|10533763|10533764|C|T	variant:sha256:cbf7b17a7792be407888c6a912b4f34bd82bc9c4ca398737cf4c2faededfad84	variant:sha256:cbf7b17a7792be407888c6a912b4f34bd82bc9c4ca398737cf4c2faededfad84	True	EXACT_NORMALIZED_ALLELE	PHASE1B_EXACT_NORMALIZED_ALLELE_V1	1.0.0	False	False
1072	run-phase1a-60z59-hg002-grch38-v421	event-run-phase1a-60z59-hg002-grch38-v421-record-1166	run-phase1a-ru88n-hg002-grch38-v421	event-run-phase1a-ru88n-hg002-grch38-v421-record-1166	CROSS_RUN_EQUIVALENCE_UNRESOLVED	GRCh38|chr20|10533920|A|G	GRCh38|chr20|10533919|10533920|A|G	GRCh38|chr20|10533919|10533920|A|G	variant:sha256:a43f0baba1474053edc1aa921df4f452b42b557c0a690858ae95fc1eaafd9250	variant:sha256:a43f0baba1474053edc1aa921df4f452b42b557c0a690858ae95fc1eaafd9250	True	EXACT_NORMALIZED_ALLELE	PHASE1B_EXACT_NORMALIZED_ALLELE_V1	1.0.0	False	False
1073	run-phase1a-60z59-hg002-grch38-v421	event-run-phase1a-60z59-hg002-grch38-v421-record-1167	run-phase1a-ru88n-hg002-grch38-v421	event-run-phase1a-ru88n-hg002-grch38-v421-record-1167	CROSS_RUN_EQUIVALENCE_UNRESOLVED	GRCh38|chr20|10533932|T|TA	GRCh38|chr20|10533931|10533932|T|TA	GRCh38|chr20|10533931|10533932|T|TA	variant:sha256:d180707201d5385a641080ee16e893aba29b4e192005b47a3c3b302d958a5eab	variant:sha256:d180707201d5385a641080ee16e893aba29b4e192005b47a3c3b302d958a5eab	True	EXACT_NORMALIZED_ALLELE	PHASE1B_EXACT_NORMALIZED_ALLELE_V1	1.0.0	False	False
1074	run-phase1a-60z59-hg002-grch38-v421	event-run-phase1a-60z59-hg002-grch38-v421-record-1168	run-phase1a-ru88n-hg002-grch38-v421	event-run-phase1a-ru88n-hg002-grch38-v421-record-1168	CROSS_RUN_EQUIVALENCE_UNRESOLVED	GRCh38|chr20|10535243|G|T	GRCh38|chr20|10535242|10535243|G|T	GRCh38|chr20|10535242|10535243|G|T	variant:sha256:b4a58252fb0d17fbebeb8bc549ed5afef4088d2df113ea783d57c78b6d07e8ca	variant:sha256:b4a58252fb0d17fbebeb8bc549ed5afef4088d2df113ea783d57c78b6d07e8ca	True	EXACT_NORMALIZED_ALLELE	PHASE1B_EXACT_NORMALIZED_ALLELE_V1	1.0.0	False	False
1075	run-phase1a-60z59-hg002-grch38-v421	event-run-phase1a-60z59-hg002-grch38-v421-record-1169	run-phase1a-ru88n-hg002-grch38-v421	event-run-phase1a-ru88n-hg002-grch38-v421-record-1169	CROSS_RUN_EQUIVALENCE_UNRESOLVED	GRCh38|chr20|10535522|G|A	GRCh38|chr20|10535521|10535522|G|A	GRCh38|chr20|10535521|10535522|G|A	variant:sha256:962d79d9d6ac907325c4809e431442b1c16d62d595c4359974c94bfc97968ebb	variant:sha256:962d79d9d6ac907325c4809e431442b1c16d62d595c4359974c94bfc97968ebb	True	EXACT_NORMALIZED_ALLELE	PHASE1B_EXACT_NORMALIZED_ALLELE_V1	1.0.0	False	False
1076	run-phase1a-60z59-hg002-grch38-v421	event-run-phase1a-60z59-hg002-grch38-v421-record-1170	run-phase1a-ru88n-hg002-grch38-v421	event-run-phase1a-ru88n-hg002-grch38-v421-record-1170	CROSS_RUN_EQUIVALENCE_UNRESOLVED	GRCh38|chr20|10535718|G|T	GRCh38|chr20|10535717|10535718|G|T	GRCh38|chr20|10535717|10535718|G|T	variant:sha256:0b043ee47c521b05579ab2472fdb1d45f13a4bdaf4b7634217178a850449c84d	variant:sha256:0b043ee47c521b05579ab2472fdb1d45f13a4bdaf4b7634217178a850449c84d	True	EXACT_NORMALIZED_ALLELE	PHASE1B_EXACT_NORMALIZED_ALLELE_V1	1.0.0	False	False
1077	run-phase1a-60z59-hg002-grch38-v421	event-run-phase1a-60z59-hg002-grch38-v421-record-1171	run-phase1a-ru88n-hg002-grch38-v421	event-run-phase1a-ru88n-hg002-grch38-v421-record-1171	CROSS_RUN_EQUIVALENCE_UNRESOLVED	GRCh38|chr20|10536000|A|AAAGT	GRCh38|chr20|10535999|10536000|A|AAAGT	GRCh38|chr20|10535999|10536000|A|AAAGT	variant:sha256:f2b39664ddfcbdfffad1f27f9b39193c4cbd7a5620490b1d3505ea4fa3e05ace	variant:sha256:f2b39664ddfcbdfffad1f27f9b39193c4cbd7a5620490b1d3505ea4fa3e05ace	True	EXACT_NORMALIZED_ALLELE	PHASE1B_EXACT_NORMALIZED_ALLELE_V1	1.0.0	False	False
1078	run-phase1a-60z59-hg002-grch38-v421	event-run-phase1a-60z59-hg002-grch38-v421-record-1172	run-phase1a-ru88n-hg002-grch38-v421	event-run-phase1a-ru88n-hg002-grch38-v421-record-1172	CROSS_RUN_EQUIVALENCE_UNRESOLVED	GRCh38|chr20|10536039|C|T	GRCh38|chr20|10536038|10536039|C|T	GRCh38|chr20|10536038|10536039|C|T	variant:sha256:053dc45cb0424920b66d6485e251e240ffd8c60153d01952edfbf866908ac6e7	variant:sha256:053dc45cb0424920b66d6485e251e240ffd8c60153d01952edfbf866908ac6e7	True	EXACT_NORMALIZED_ALLELE	PHASE1B_EXACT_NORMALIZED_ALLELE_V1	1.0.0	False	False
1079	run-phase1a-60z59-hg002-grch38-v421	event-run-phase1a-60z59-hg002-grch38-v421-record-1173	run-phase1a-ru88n-hg002-grch38-v421	event-run-phase1a-ru88n-hg002-grch38-v421-record-1173	CROSS_RUN_EQUIVALENCE_UNRESOLVED	GRCh38|chr20|10538291|A|AC	GRCh38|chr20|10538290|10538291|A|AC	GRCh38|chr20|10538290|10538291|A|AC	variant:sha256:ccda68729bf628a2a50e93fda91930f870bce4e8f1e331c753b42a87e72bc222	variant:sha256:ccda68729bf628a2a50e93fda91930f870bce4e8f1e331c753b42a87e72bc222	True	EXACT_NORMALIZED_ALLELE	PHASE1B_EXACT_NORMALIZED_ALLELE_V1	1.0.0	False	False
1080	run-phase1a-60z59-hg002-grch38-v421	event-run-phase1a-60z59-hg002-grch38-v421-record-1174	run-phase1a-ru88n-hg002-grch38-v421	event-run-phase1a-ru88n-hg002-grch38-v421-record-1174	CROSS_RUN_EQUIVALENCE_UNRESOLVED	GRCh38|chr20|10538816|C|T	GRCh38|chr20|10538815|10538816|C|T	GRCh38|chr20|10538815|10538816|C|T	variant:sha256:77b21b84129b96cec3aaf674fec9293bbc0b2d0f8d586c86fda35eb361567a42	variant:sha256:77b21b84129b96cec3aaf674fec9293bbc0b2d0f8d586c86fda35eb361567a42	True	EXACT_NORMALIZED_ALLELE	PHASE1B_EXACT_NORMALIZED_ALLELE_V1	1.0.0	False	False
1081	run-phase1a-60z59-hg002-grch38-v421	event-run-phase1a-60z59-hg002-grch38-v421-record-1175	run-phase1a-ru88n-hg002-grch38-v421	event-run-phase1a-ru88n-hg002-grch38-v421-record-1175	CROSS_RUN_EQUIVALENCE_UNRESOLVED	GRCh38|chr20|10538939|A|T	GRCh38|chr20|10538938|10538939|A|T	GRCh38|chr20|10538938|10538939|A|T	variant:sha256:c1ce425ddd0f519e4e270acac26f2f1f32c4603237fe54d42dea8e7bd96f97b8	variant:sha256:c1ce425ddd0f519e4e270acac26f2f1f32c4603237fe54d42dea8e7bd96f97b8	True	EXACT_NORMALIZED_ALLELE	PHASE1B_EXACT_NORMALIZED_ALLELE_V1	1.0.0	False	False
1082	run-phase1a-60z59-hg002-grch38-v421	event-run-phase1a-60z59-hg002-grch38-v421-record-1176	run-phase1a-ru88n-hg002-grch38-v421	event-run-phase1a-ru88n-hg002-grch38-v421-record-1177	CROSS_RUN_EQUIVALENCE_UNRESOLVED	GRCh38|chr20|10539810|C|A	GRCh38|chr20|10539809|10539810|C|A	GRCh38|chr20|10539809|10539810|C|A	variant:sha256:31d07188f2ed543795b094a5aa29ba531c1d2fe5d5e676a10bf4a695a2ceb4d7	variant:sha256:31d07188f2ed543795b094a5aa29ba531c1d2fe5d5e676a10bf4a695a2ceb4d7	True	EXACT_NORMALIZED_ALLELE	PHASE1B_EXACT_NORMALIZED_ALLELE_V1	1.0.0	False	False
1083	run-phase1a-60z59-hg002-grch38-v421	event-run-phase1a-60z59-hg002-grch38-v421-record-1178	run-phase1a-ru88n-hg002-grch38-v421	event-run-phase1a-ru88n-hg002-grch38-v421-record-1179	CROSS_RUN_EQUIVALENCE_UNRESOLVED	GRCh38|chr20|10542899|A|C	GRCh38|chr20|10542898|10542899|A|C	GRCh38|chr20|10542898|10542899|A|C	variant:sha256:414d92c26cfdfb2086166e7969ec839ddd0b2b6edc23d833ffe12597053ec98f	variant:sha256:414d92c26cfdfb2086166e7969ec839ddd0b2b6edc23d833ffe12597053ec98f	True	EXACT_NORMALIZED_ALLELE	PHASE1B_EXACT_NORMALIZED_ALLELE_V1	1.0.0	False	False
1084	run-phase1a-60z59-hg002-grch38-v421	event-run-phase1a-60z59-hg002-grch38-v421-record-1179	run-phase1a-ru88n-hg002-grch38-v421	event-run-phase1a-ru88n-hg002-grch38-v421-record-1180	CROSS_RUN_EQUIVALENCE_UNRESOLVED	GRCh38|chr20|10543597|T|G	GRCh38|chr20|10543596|10543597|T|G	GRCh38|chr20|10543596|10543597|T|G	variant:sha256:f9f6234c074f6ec9c7be259d812608cba50c9868fe4824e9ac0f7982ac97b598	variant:sha256:f9f6234c074f6ec9c7be259d812608cba50c9868fe4824e9ac0f7982ac97b598	True	EXACT_NORMALIZED_ALLELE	PHASE1B_EXACT_NORMALIZED_ALLELE_V1	1.0.0	False	False
1085	run-phase1a-60z59-hg002-grch38-v421	event-run-phase1a-60z59-hg002-grch38-v421-record-1180	run-phase1a-ru88n-hg002-grch38-v421	event-run-phase1a-ru88n-hg002-grch38-v421-record-1181	CROSS_RUN_EQUIVALENCE_UNRESOLVED	GRCh38|chr20|10544145|C|A	GRCh38|chr20|10544144|10544145|C|A	GRCh38|chr20|10544144|10544145|C|A	variant:sha256:4c655da25c6629bd21abaca8639c54f727edb689400160980dfa7a406153b65c	variant:sha256:4c655da25c6629bd21abaca8639c54f727edb689400160980dfa7a406153b65c	True	EXACT_NORMALIZED_ALLELE	PHASE1B_EXACT_NORMALIZED_ALLELE_V1	1.0.0	False	False
1086	run-phase1a-60z59-hg002-grch38-v421	event-run-phase1a-60z59-hg002-grch38-v421-record-1181	run-phase1a-ru88n-hg002-grch38-v421	event-run-phase1a-ru88n-hg002-grch38-v421-record-1182	CROSS_RUN_EQUIVALENCE_UNRESOLVED	GRCh38|chr20|10544328|C|G	GRCh38|chr20|10544327|10544328|C|G	GRCh38|chr20|10544327|10544328|C|G	variant:sha256:2de47406ecd53608e075cc5e866c4f173b85b4b999b096a1553025616af3c6be	variant:sha256:2de47406ecd53608e075cc5e866c4f173b85b4b999b096a1553025616af3c6be	True	EXACT_NORMALIZED_ALLELE	PHASE1B_EXACT_NORMALIZED_ALLELE_V1	1.0.0	False	False
1087	run-phase1a-60z59-hg002-grch38-v421	event-run-phase1a-60z59-hg002-grch38-v421-record-1182	run-phase1a-ru88n-hg002-grch38-v421	event-run-phase1a-ru88n-hg002-grch38-v421-record-1183	CROSS_RUN_EQUIVALENCE_UNRESOLVED	GRCh38|chr20|10544530|C|T	GRCh38|chr20|10544529|10544530|C|T	GRCh38|chr20|10544529|10544530|C|T	variant:sha256:1123fe0483d519508ff5282818248649e2e3c06beb8e96c64bb73fce8f2bbbbe	variant:sha256:1123fe0483d519508ff5282818248649e2e3c06beb8e96c64bb73fce8f2bbbbe	True	EXACT_NORMALIZED_ALLELE	PHASE1B_EXACT_NORMALIZED_ALLELE_V1	1.0.0	False	False
1088	run-phase1a-60z59-hg002-grch38-v421	event-run-phase1a-60z59-hg002-grch38-v421-record-1183	run-phase1a-ru88n-hg002-grch38-v421	event-run-phase1a-ru88n-hg002-grch38-v421-record-1184	CROSS_RUN_EQUIVALENCE_UNRESOLVED	GRCh38|chr20|10544965|A|G	GRCh38|chr20|10544964|10544965|A|G	GRCh38|chr20|10544964|10544965|A|G	variant:sha256:93c250e8d175bfa9052aa3405a4c4945310473f2c5f3395d8eeca3cc56f3077e	variant:sha256:93c250e8d175bfa9052aa3405a4c4945310473f2c5f3395d8eeca3cc56f3077e	True	EXACT_NORMALIZED_ALLELE	PHASE1B_EXACT_NORMALIZED_ALLELE_V1	1.0.0	False	False
1089	run-phase1a-60z59-hg002-grch38-v421	event-run-phase1a-60z59-hg002-grch38-v421-record-1184	run-phase1a-ru88n-hg002-grch38-v421	event-run-phase1a-ru88n-hg002-grch38-v421-record-1185	CROSS_RUN_EQUIVALENCE_UNRESOLVED	GRCh38|chr20|10545028|G|A	GRCh38|chr20|10545027|10545028|G|A	GRCh38|chr20|10545027|10545028|G|A	variant:sha256:8584ebe972edf5a95d8ed1c9e08b24a252b802a74ee6297ca08ea3e821dee210	variant:sha256:8584ebe972edf5a95d8ed1c9e08b24a252b802a74ee6297ca08ea3e821dee210	True	EXACT_NORMALIZED_ALLELE	PHASE1B_EXACT_NORMALIZED_ALLELE_V1	1.0.0	False	False
1090	run-phase1a-60z59-hg002-grch38-v421	event-run-phase1a-60z59-hg002-grch38-v421-record-1185	run-phase1a-ru88n-hg002-grch38-v421	event-run-phase1a-ru88n-hg002-grch38-v421-record-1186	CROSS_RUN_EQUIVALENCE_UNRESOLVED	GRCh38|chr20|10545093|C|T	GRCh38|chr20|10545092|10545093|C|T	GRCh38|chr20|10545092|10545093|C|T	variant:sha256:0edc2f6b80c037ac145008dbc770a94a3d2877f0afa08048592e12e0ba3eb207	variant:sha256:0edc2f6b80c037ac145008dbc770a94a3d2877f0afa08048592e12e0ba3eb207	True	EXACT_NORMALIZED_ALLELE	PHASE1B_EXACT_NORMALIZED_ALLELE_V1	1.0.0	False	False
1091	run-phase1a-60z59-hg002-grch38-v421	event-run-phase1a-60z59-hg002-grch38-v421-record-1186	run-phase1a-ru88n-hg002-grch38-v421	event-run-phase1a-ru88n-hg002-grch38-v421-record-1187	CROSS_RUN_EQUIVALENCE_UNRESOLVED	GRCh38|chr20|10545694|T|C	GRCh38|chr20|10545693|10545694|T|C	GRCh38|chr20|10545693|10545694|T|C	variant:sha256:8f032d729a1bfa55163dad8cb83d8e508f6edde7c8f833a68ed04d1eb97d3f6f	variant:sha256:8f032d729a1bfa55163dad8cb83d8e508f6edde7c8f833a68ed04d1eb97d3f6f	True	EXACT_NORMALIZED_ALLELE	PHASE1B_EXACT_NORMALIZED_ALLELE_V1	1.0.0	False	False
1092	run-phase1a-60z59-hg002-grch38-v421	event-run-phase1a-60z59-hg002-grch38-v421-record-1187	run-phase1a-ru88n-hg002-grch38-v421	event-run-phase1a-ru88n-hg002-grch38-v421-record-1188	CROSS_RUN_EQUIVALENCE_UNRESOLVED	GRCh38|chr20|10545887|G|A	GRCh38|chr20|10545886|10545887|G|A	GRCh38|chr20|10545886|10545887|G|A	variant:sha256:8b599f07b74b3289ffa306cfe58d91a9f70394637ce0016d0d557acbdde53860	variant:sha256:8b599f07b74b3289ffa306cfe58d91a9f70394637ce0016d0d557acbdde53860	True	EXACT_NORMALIZED_ALLELE	PHASE1B_EXACT_NORMALIZED_ALLELE_V1	1.0.0	False	False
1093	run-phase1a-60z59-hg002-grch38-v421	event-run-phase1a-60z59-hg002-grch38-v421-record-1188	run-phase1a-ru88n-hg002-grch38-v421	event-run-phase1a-ru88n-hg002-grch38-v421-record-1189	CROSS_RUN_EQUIVALENCE_UNRESOLVED	GRCh38|chr20|10546485|A|T	GRCh38|chr20|10546484|10546485|A|T	GRCh38|chr20|10546484|10546485|A|T	variant:sha256:2b61e2e0dd171c00a8a9579385a6b18a7291e5dc0b86b9d47eec402a1d1db191	variant:sha256:2b61e2e0dd171c00a8a9579385a6b18a7291e5dc0b86b9d47eec402a1d1db191	True	EXACT_NORMALIZED_ALLELE	PHASE1B_EXACT_NORMALIZED_ALLELE_V1	1.0.0	False	False
1094	run-phase1a-60z59-hg002-grch38-v421	event-run-phase1a-60z59-hg002-grch38-v421-record-1189	run-phase1a-ru88n-hg002-grch38-v421	event-run-phase1a-ru88n-hg002-grch38-v421-record-1190	CROSS_RUN_EQUIVALENCE_UNRESOLVED	GRCh38|chr20|10547144|T|A	GRCh38|chr20|10547143|10547144|T|A	GRCh38|chr20|10547143|10547144|T|A	variant:sha256:f645e7ba1cbf3451450855b904057939af61c68d997521bef55c1d35dd81a14f	variant:sha256:f645e7ba1cbf3451450855b904057939af61c68d997521bef55c1d35dd81a14f	True	EXACT_NORMALIZED_ALLELE	PHASE1B_EXACT_NORMALIZED_ALLELE_V1	1.0.0	False	False
1095	run-phase1a-60z59-hg002-grch38-v421	event-run-phase1a-60z59-hg002-grch38-v421-record-1190	run-phase1a-ru88n-hg002-grch38-v421	event-run-phase1a-ru88n-hg002-grch38-v421-record-1191	CROSS_RUN_EQUIVALENCE_UNRESOLVED	GRCh38|chr20|10547289|T|TTTACTC	GRCh38|chr20|10547288|10547289|T|TTTACTC	GRCh38|chr20|10547288|10547289|T|TTTACTC	variant:sha256:0794653e2cf2872d2d31faa87ef871387a5fbe8f044d53e0125c7829ff8b5603	variant:sha256:0794653e2cf2872d2d31faa87ef871387a5fbe8f044d53e0125c7829ff8b5603	True	EXACT_NORMALIZED_ALLELE	PHASE1B_EXACT_NORMALIZED_ALLELE_V1	1.0.0	False	False
1096	run-phase1a-60z59-hg002-grch38-v421	event-run-phase1a-60z59-hg002-grch38-v421-record-1191	run-phase1a-ru88n-hg002-grch38-v421	event-run-phase1a-ru88n-hg002-grch38-v421-record-1192	CROSS_RUN_EQUIVALENCE_UNRESOLVED	GRCh38|chr20|10547961|A|T	GRCh38|chr20|10547960|10547961|A|T	GRCh38|chr20|10547960|10547961|A|T	variant:sha256:d0b5ae89d748d99d55127c3cd33bad4828cb46de01ee0260cc31fcb8a3659720	variant:sha256:d0b5ae89d748d99d55127c3cd33bad4828cb46de01ee0260cc31fcb8a3659720	True	EXACT_NORMALIZED_ALLELE	PHASE1B_EXACT_NORMALIZED_ALLELE_V1	1.0.0	False	False
1097	run-phase1a-60z59-hg002-grch38-v421	event-run-phase1a-60z59-hg002-grch38-v421-record-1192	run-phase1a-ru88n-hg002-grch38-v421	event-run-phase1a-ru88n-hg002-grch38-v421-record-1193	CROSS_RUN_EQUIVALENCE_UNRESOLVED	GRCh38|chr20|10548143|G|C	GRCh38|chr20|10548142|10548143|G|C	GRCh38|chr20|10548142|10548143|G|C	variant:sha256:3ac88b212f49140799774683c43078f4facb291fddfdc9d0f1d7996503992b19	variant:sha256:3ac88b212f49140799774683c43078f4facb291fddfdc9d0f1d7996503992b19	True	EXACT_NORMALIZED_ALLELE	PHASE1B_EXACT_NORMALIZED_ALLELE_V1	1.0.0	False	False
1098	run-phase1a-60z59-hg002-grch38-v421	event-run-phase1a-60z59-hg002-grch38-v421-record-1193	run-phase1a-ru88n-hg002-grch38-v421	event-run-phase1a-ru88n-hg002-grch38-v421-record-1194	CROSS_RUN_EQUIVALENCE_UNRESOLVED	GRCh38|chr20|10548162|T|C	GRCh38|chr20|10548161|10548162|T|C	GRCh38|chr20|10548161|10548162|T|C	variant:sha256:141f9309b97cf25213a363055275100dd7912b9b993edb37e8fd83fdd6cc22e5	variant:sha256:141f9309b97cf25213a363055275100dd7912b9b993edb37e8fd83fdd6cc22e5	True	EXACT_NORMALIZED_ALLELE	PHASE1B_EXACT_NORMALIZED_ALLELE_V1	1.0.0	False	False
1099	run-phase1a-60z59-hg002-grch38-v421	event-run-phase1a-60z59-hg002-grch38-v421-record-1194	run-phase1a-ru88n-hg002-grch38-v421	event-run-phase1a-ru88n-hg002-grch38-v421-record-1195	CROSS_RUN_EQUIVALENCE_UNRESOLVED	GRCh38|chr20|10550564|G|T	GRCh38|chr20|10550563|10550564|G|T	GRCh38|chr20|10550563|10550564|G|T	variant:sha256:2aadaacf519217373783ac2803aa3f7508bd409adc6daede1e31398d1405144d	variant:sha256:2aadaacf519217373783ac2803aa3f7508bd409adc6daede1e31398d1405144d	True	EXACT_NORMALIZED_ALLELE	PHASE1B_EXACT_NORMALIZED_ALLELE_V1	1.0.0	False	False
1100	run-phase1a-60z59-hg002-grch38-v421	event-run-phase1a-60z59-hg002-grch38-v421-record-1195	run-phase1a-ru88n-hg002-grch38-v421	event-run-phase1a-ru88n-hg002-grch38-v421-record-1196	CROSS_RUN_EQUIVALENCE_UNRESOLVED	GRCh38|chr20|10551684|G|C	GRCh38|chr20|10551683|10551684|G|C	GRCh38|chr20|10551683|10551684|G|C	variant:sha256:65658f0016924995a6776207afcf43950aa64b6856761cb05ff0cf755d662cbc	variant:sha256:65658f0016924995a6776207afcf43950aa64b6856761cb05ff0cf755d662cbc	True	EXACT_NORMALIZED_ALLELE	PHASE1B_EXACT_NORMALIZED_ALLELE_V1	1.0.0	False	False
1101	run-phase1a-60z59-hg002-grch38-v421	event-run-phase1a-60z59-hg002-grch38-v421-record-1196	run-phase1a-ru88n-hg002-grch38-v421	event-run-phase1a-ru88n-hg002-grch38-v421-record-1197	CROSS_RUN_EQUIVALENCE_UNRESOLVED	GRCh38|chr20|10551807|G|A	GRCh38|chr20|10551806|10551807|G|A	GRCh38|chr20|10551806|10551807|G|A	variant:sha256:326e6e070cb332f3518d8081983117f8cafe400a721f0605d6d58cd7fd26dd9d	variant:sha256:326e6e070cb332f3518d8081983117f8cafe400a721f0605d6d58cd7fd26dd9d	True	EXACT_NORMALIZED_ALLELE	PHASE1B_EXACT_NORMALIZED_ALLELE_V1	1.0.0	False	False
1102	run-phase1a-60z59-hg002-grch38-v421	event-run-phase1a-60z59-hg002-grch38-v421-record-1197	run-phase1a-ru88n-hg002-grch38-v421	event-run-phase1a-ru88n-hg002-grch38-v421-record-1199	CROSS_RUN_EQUIVALENCE_UNRESOLVED	GRCh38|chr20|10554578|T|C	GRCh38|chr20|10554577|10554578|T|C	GRCh38|chr20|10554577|10554578|T|C	variant:sha256:49337ad1b09912a03245899b42c2224728747c4749a72d93ceb73239137a9ccc	variant:sha256:49337ad1b09912a03245899b42c2224728747c4749a72d93ceb73239137a9ccc	True	EXACT_NORMALIZED_ALLELE	PHASE1B_EXACT_NORMALIZED_ALLELE_V1	1.0.0	False	False
1103	run-phase1a-60z59-hg002-grch38-v421	event-run-phase1a-60z59-hg002-grch38-v421-record-1198	run-phase1a-ru88n-hg002-grch38-v421	event-run-phase1a-ru88n-hg002-grch38-v421-record-1200	CROSS_RUN_EQUIVALENCE_UNRESOLVED	GRCh38|chr20|10557777|G|A	GRCh38|chr20|10557776|10557777|G|A	GRCh38|chr20|10557776|10557777|G|A	variant:sha256:fbe654aa37e58843a14944675c4dac600237e7b3f90c774fe0438e1a78774cfe	variant:sha256:fbe654aa37e58843a14944675c4dac600237e7b3f90c774fe0438e1a78774cfe	True	EXACT_NORMALIZED_ALLELE	PHASE1B_EXACT_NORMALIZED_ALLELE_V1	1.0.0	False	False
1104	run-phase1a-60z59-hg002-grch38-v421	event-run-phase1a-60z59-hg002-grch38-v421-record-1200	run-phase1a-ru88n-hg002-grch38-v421	event-run-phase1a-ru88n-hg002-grch38-v421-record-1201	CROSS_RUN_EQUIVALENCE_UNRESOLVED	GRCh38|chr20|10558891|G|C	GRCh38|chr20|10558890|10558891|G|C	GRCh38|chr20|10558890|10558891|G|C	variant:sha256:eb13f62fdfd611c882fdd20c6391614efb4131d81b18b328b58f36e30d432a62	variant:sha256:eb13f62fdfd611c882fdd20c6391614efb4131d81b18b328b58f36e30d432a62	True	EXACT_NORMALIZED_ALLELE	PHASE1B_EXACT_NORMALIZED_ALLELE_V1	1.0.0	False	False
1105	run-phase1a-60z59-hg002-grch38-v421	event-run-phase1a-60z59-hg002-grch38-v421-record-1201	run-phase1a-ru88n-hg002-grch38-v421	event-run-phase1a-ru88n-hg002-grch38-v421-record-1203	CROSS_RUN_EQUIVALENCE_UNRESOLVED	GRCh38|chr20|10559283|C|T	GRCh38|chr20|10559282|10559283|C|T	GRCh38|chr20|10559282|10559283|C|T	variant:sha256:56cc956995d4b7a0d6025548e849f685c9ee0ea5eaa65465bfaf4df887f8e227	variant:sha256:56cc956995d4b7a0d6025548e849f685c9ee0ea5eaa65465bfaf4df887f8e227	True	EXACT_NORMALIZED_ALLELE	PHASE1B_EXACT_NORMALIZED_ALLELE_V1	1.0.0	False	False
1106	run-phase1a-60z59-hg002-grch38-v421	event-run-phase1a-60z59-hg002-grch38-v421-record-1202	run-phase1a-ru88n-hg002-grch38-v421	event-run-phase1a-ru88n-hg002-grch38-v421-record-1204	CROSS_RUN_EQUIVALENCE_UNRESOLVED	GRCh38|chr20|10559341|A|G	GRCh38|chr20|10559340|10559341|A|G	GRCh38|chr20|10559340|10559341|A|G	variant:sha256:96fb2bf5f70acf50939f40ada1e274d614b4984c93aac84119d41caba977226d	variant:sha256:96fb2bf5f70acf50939f40ada1e274d614b4984c93aac84119d41caba977226d	True	EXACT_NORMALIZED_ALLELE	PHASE1B_EXACT_NORMALIZED_ALLELE_V1	1.0.0	False	False
1107	run-phase1a-60z59-hg002-grch38-v421	event-run-phase1a-60z59-hg002-grch38-v421-record-1203	run-phase1a-ru88n-hg002-grch38-v421	event-run-phase1a-ru88n-hg002-grch38-v421-record-1205	CROSS_RUN_EQUIVALENCE_UNRESOLVED	GRCh38|chr20|10561340|G|A	GRCh38|chr20|10561339|10561340|G|A	GRCh38|chr20|10561339|10561340|G|A	variant:sha256:d88faa53a46db4ad08db64e1659259691f58231e6c1328a1bb35593c2c58065f	variant:sha256:d88faa53a46db4ad08db64e1659259691f58231e6c1328a1bb35593c2c58065f	True	EXACT_NORMALIZED_ALLELE	PHASE1B_EXACT_NORMALIZED_ALLELE_V1	1.0.0	False	False
1108	run-phase1a-60z59-hg002-grch38-v421	event-run-phase1a-60z59-hg002-grch38-v421-record-1204	run-phase1a-ru88n-hg002-grch38-v421	event-run-phase1a-ru88n-hg002-grch38-v421-record-1206	CROSS_RUN_EQUIVALENCE_UNRESOLVED	GRCh38|chr20|10561439|A|T	GRCh38|chr20|10561438|10561439|A|T	GRCh38|chr20|10561438|10561439|A|T	variant:sha256:bd7e8127ceb9cf7177b56b9081655b926e1a43f10723e73c28da16677c60bd38	variant:sha256:bd7e8127ceb9cf7177b56b9081655b926e1a43f10723e73c28da16677c60bd38	True	EXACT_NORMALIZED_ALLELE	PHASE1B_EXACT_NORMALIZED_ALLELE_V1	1.0.0	False	False
1109	run-phase1a-60z59-hg002-grch38-v421	event-run-phase1a-60z59-hg002-grch38-v421-record-1205	run-phase1a-ru88n-hg002-grch38-v421	event-run-phase1a-ru88n-hg002-grch38-v421-record-1207	CROSS_RUN_EQUIVALENCE_UNRESOLVED	GRCh38|chr20|10565390|G|A	GRCh38|chr20|10565389|10565390|G|A	GRCh38|chr20|10565389|10565390|G|A	variant:sha256:f77f9fd1dfd23316a163aefa8134c91906bbf94248c8bd93e8ec839bb0310bde	variant:sha256:f77f9fd1dfd23316a163aefa8134c91906bbf94248c8bd93e8ec839bb0310bde	True	EXACT_NORMALIZED_ALLELE	PHASE1B_EXACT_NORMALIZED_ALLELE_V1	1.0.0	False	False
1110	run-phase1a-60z59-hg002-grch38-v421	event-run-phase1a-60z59-hg002-grch38-v421-record-1206	run-phase1a-ru88n-hg002-grch38-v421	event-run-phase1a-ru88n-hg002-grch38-v421-record-1208	CROSS_RUN_EQUIVALENCE_UNRESOLVED	GRCh38|chr20|10566231|GTTTTAGTTAAC|G	GRCh38|chr20|10566230|10566242|GTTTTAGTTAAC|G	GRCh38|chr20|10566230|10566242|GTTTTAGTTAAC|G	variant:sha256:f96e057b6a4129edd5162d617f6fc095e2569a1a3c38fc5a1e1be494e7ccd418	variant:sha256:f96e057b6a4129edd5162d617f6fc095e2569a1a3c38fc5a1e1be494e7ccd418	True	EXACT_NORMALIZED_ALLELE	PHASE1B_EXACT_NORMALIZED_ALLELE_V1	1.0.0	False	False
1111	run-phase1a-60z59-hg002-grch38-v421	event-run-phase1a-60z59-hg002-grch38-v421-record-1207	run-phase1a-ru88n-hg002-grch38-v421	event-run-phase1a-ru88n-hg002-grch38-v421-record-1209	CROSS_RUN_EQUIVALENCE_UNRESOLVED	GRCh38|chr20|10566283|ATTTTTTTTTTTTT|A	GRCh38|chr20|10566282|10566296|ATTTTTTTTTTTTT|A	GRCh38|chr20|10566282|10566296|ATTTTTTTTTTTTT|A	variant:sha256:4a726ac88e0145770df6983e85c771e9a1e254c0151e0d7f52286d7c374e72a6	variant:sha256:4a726ac88e0145770df6983e85c771e9a1e254c0151e0d7f52286d7c374e72a6	True	EXACT_NORMALIZED_ALLELE	PHASE1B_EXACT_NORMALIZED_ALLELE_V1	1.0.0	False	False
1112	run-phase1a-60z59-hg002-grch38-v421	event-run-phase1a-60z59-hg002-grch38-v421-record-1209	run-phase1a-ru88n-hg002-grch38-v421	event-run-phase1a-ru88n-hg002-grch38-v421-record-1211	CROSS_RUN_EQUIVALENCE_UNRESOLVED	GRCh38|chr20|10566533|G|C	GRCh38|chr20|10566532|10566533|G|C	GRCh38|chr20|10566532|10566533|G|C	variant:sha256:965d0170219df08e04e83b23855a8ed2c0cf6bbe0061ae502a337fbc8c6f6664	variant:sha256:965d0170219df08e04e83b23855a8ed2c0cf6bbe0061ae502a337fbc8c6f6664	True	EXACT_NORMALIZED_ALLELE	PHASE1B_EXACT_NORMALIZED_ALLELE_V1	1.0.0	False	False
1113	run-phase1a-60z59-hg002-grch38-v421	event-run-phase1a-60z59-hg002-grch38-v421-record-1210	run-phase1a-ru88n-hg002-grch38-v421	event-run-phase1a-ru88n-hg002-grch38-v421-record-1212	CROSS_RUN_EQUIVALENCE_UNRESOLVED	GRCh38|chr20|10567157|G|A	GRCh38|chr20|10567156|10567157|G|A	GRCh38|chr20|10567156|10567157|G|A	variant:sha256:a43b7c10af280841425d8a436d706f20147ac484f64b363b72a33ca03efc752e	variant:sha256:a43b7c10af280841425d8a436d706f20147ac484f64b363b72a33ca03efc752e	True	EXACT_NORMALIZED_ALLELE	PHASE1B_EXACT_NORMALIZED_ALLELE_V1	1.0.0	False	False
1114	run-phase1a-60z59-hg002-grch38-v421	event-run-phase1a-60z59-hg002-grch38-v421-record-1211	run-phase1a-ru88n-hg002-grch38-v421	event-run-phase1a-ru88n-hg002-grch38-v421-record-1213	CROSS_RUN_EQUIVALENCE_UNRESOLVED	GRCh38|chr20|10567497|G|A	GRCh38|chr20|10567496|10567497|G|A	GRCh38|chr20|10567496|10567497|G|A	variant:sha256:3ba85d0ab16da456c1e4a593543b361a1255cd8f44ff0a956c51b0f87f9bbf14	variant:sha256:3ba85d0ab16da456c1e4a593543b361a1255cd8f44ff0a956c51b0f87f9bbf14	True	EXACT_NORMALIZED_ALLELE	PHASE1B_EXACT_NORMALIZED_ALLELE_V1	1.0.0	False	False
1115	run-phase1a-60z59-hg002-grch38-v421	event-run-phase1a-60z59-hg002-grch38-v421-record-1212	run-phase1a-ru88n-hg002-grch38-v421	event-run-phase1a-ru88n-hg002-grch38-v421-record-1214	CROSS_RUN_EQUIVALENCE_UNRESOLVED	GRCh38|chr20|10567537|T|C	GRCh38|chr20|10567536|10567537|T|C	GRCh38|chr20|10567536|10567537|T|C	variant:sha256:7eea39606dfeba86b82175ab1ab57a3e9a2c1c4e4dddad97ca4beb853c5c5d29	variant:sha256:7eea39606dfeba86b82175ab1ab57a3e9a2c1c4e4dddad97ca4beb853c5c5d29	True	EXACT_NORMALIZED_ALLELE	PHASE1B_EXACT_NORMALIZED_ALLELE_V1	1.0.0	False	False
1116	run-phase1a-60z59-hg002-grch38-v421	event-run-phase1a-60z59-hg002-grch38-v421-record-1213	run-phase1a-ru88n-hg002-grch38-v421	event-run-phase1a-ru88n-hg002-grch38-v421-record-1215	CROSS_RUN_EQUIVALENCE_UNRESOLVED	GRCh38|chr20|10567570|A|G	GRCh38|chr20|10567569|10567570|A|G	GRCh38|chr20|10567569|10567570|A|G	variant:sha256:d124d30701d0291acc767a095ff03b6b99e528565e93429bcb8c05c0960830d3	variant:sha256:d124d30701d0291acc767a095ff03b6b99e528565e93429bcb8c05c0960830d3	True	EXACT_NORMALIZED_ALLELE	PHASE1B_EXACT_NORMALIZED_ALLELE_V1	1.0.0	False	False
1117	run-phase1a-60z59-hg002-grch38-v421	event-run-phase1a-60z59-hg002-grch38-v421-record-1214	run-phase1a-ru88n-hg002-grch38-v421	event-run-phase1a-ru88n-hg002-grch38-v421-record-1216	CROSS_RUN_EQUIVALENCE_UNRESOLVED	GRCh38|chr20|10567754|A|G	GRCh38|chr20|10567753|10567754|A|G	GRCh38|chr20|10567753|10567754|A|G	variant:sha256:1b9c8cab9442bb6f29bb05bd12a865d6b2bbca008e3b2a5b7e57efc5739e965b	variant:sha256:1b9c8cab9442bb6f29bb05bd12a865d6b2bbca008e3b2a5b7e57efc5739e965b	True	EXACT_NORMALIZED_ALLELE	PHASE1B_EXACT_NORMALIZED_ALLELE_V1	1.0.0	False	False
1118	run-phase1a-60z59-hg002-grch38-v421	event-run-phase1a-60z59-hg002-grch38-v421-record-1215	run-phase1a-ru88n-hg002-grch38-v421	event-run-phase1a-ru88n-hg002-grch38-v421-record-1217	CROSS_RUN_EQUIVALENCE_UNRESOLVED	GRCh38|chr20|10567856|G|A	GRCh38|chr20|10567855|10567856|G|A	GRCh38|chr20|10567855|10567856|G|A	variant:sha256:98811e2c13c39acbe5158710ee599bb9f4041abc5272a402488dae3393332b46	variant:sha256:98811e2c13c39acbe5158710ee599bb9f4041abc5272a402488dae3393332b46	True	EXACT_NORMALIZED_ALLELE	PHASE1B_EXACT_NORMALIZED_ALLELE_V1	1.0.0	False	False
1119	run-phase1a-60z59-hg002-grch38-v421	event-run-phase1a-60z59-hg002-grch38-v421-record-1216	run-phase1a-ru88n-hg002-grch38-v421	event-run-phase1a-ru88n-hg002-grch38-v421-record-1218	CROSS_RUN_EQUIVALENCE_UNRESOLVED	GRCh38|chr20|10568855|G|A	GRCh38|chr20|10568854|10568855|G|A	GRCh38|chr20|10568854|10568855|G|A	variant:sha256:bc1292dc49bdcaa938449140ff717b8e98a2988a6cdb5c5b847b8fe297042b9b	variant:sha256:bc1292dc49bdcaa938449140ff717b8e98a2988a6cdb5c5b847b8fe297042b9b	True	EXACT_NORMALIZED_ALLELE	PHASE1B_EXACT_NORMALIZED_ALLELE_V1	1.0.0	False	False
1120	run-phase1a-60z59-hg002-grch38-v421	event-run-phase1a-60z59-hg002-grch38-v421-record-1217	run-phase1a-ru88n-hg002-grch38-v421	event-run-phase1a-ru88n-hg002-grch38-v421-record-1219	CROSS_RUN_EQUIVALENCE_UNRESOLVED	GRCh38|chr20|10569175|A|AT	GRCh38|chr20|10569174|10569175|A|AT	GRCh38|chr20|10569174|10569175|A|AT	variant:sha256:626b6e0e382207f0c6c93a9a1da9e84e6afaa8ec33596fe86e9e72e84190d002	variant:sha256:626b6e0e382207f0c6c93a9a1da9e84e6afaa8ec33596fe86e9e72e84190d002	True	EXACT_NORMALIZED_ALLELE	PHASE1B_EXACT_NORMALIZED_ALLELE_V1	1.0.0	False	False
1121	run-phase1a-60z59-hg002-grch38-v421	event-run-phase1a-60z59-hg002-grch38-v421-record-1218	run-phase1a-ru88n-hg002-grch38-v421	event-run-phase1a-ru88n-hg002-grch38-v421-record-1220	CROSS_RUN_EQUIVALENCE_UNRESOLVED	GRCh38|chr20|10569896|C|T	GRCh38|chr20|10569895|10569896|C|T	GRCh38|chr20|10569895|10569896|C|T	variant:sha256:fbe7b145b127c1a7c6ef15313a64518133f408c36fa5b392d979596469c18457	variant:sha256:fbe7b145b127c1a7c6ef15313a64518133f408c36fa5b392d979596469c18457	True	EXACT_NORMALIZED_ALLELE	PHASE1B_EXACT_NORMALIZED_ALLELE_V1	1.0.0	False	False
1122	run-phase1a-60z59-hg002-grch38-v421	event-run-phase1a-60z59-hg002-grch38-v421-record-1219	run-phase1a-ru88n-hg002-grch38-v421	event-run-phase1a-ru88n-hg002-grch38-v421-record-1221	CROSS_RUN_EQUIVALENCE_UNRESOLVED	GRCh38|chr20|10570725|C|T	GRCh38|chr20|10570724|10570725|C|T	GRCh38|chr20|10570724|10570725|C|T	variant:sha256:1e1194db3064fb6aef2ab9be0ca832b35298a11676b713619fde11041cb21f3c	variant:sha256:1e1194db3064fb6aef2ab9be0ca832b35298a11676b713619fde11041cb21f3c	True	EXACT_NORMALIZED_ALLELE	PHASE1B_EXACT_NORMALIZED_ALLELE_V1	1.0.0	False	False
1123	run-phase1a-60z59-hg002-grch38-v421	event-run-phase1a-60z59-hg002-grch38-v421-record-1220	run-phase1a-ru88n-hg002-grch38-v421	event-run-phase1a-ru88n-hg002-grch38-v421-record-1222	CROSS_RUN_EQUIVALENCE_UNRESOLVED	GRCh38|chr20|10570894|G|A	GRCh38|chr20|10570893|10570894|G|A	GRCh38|chr20|10570893|10570894|G|A	variant:sha256:a93dce01576e22c6fb6542a4f924dba5582cdbd5d843924775ccd5bd402b8032	variant:sha256:a93dce01576e22c6fb6542a4f924dba5582cdbd5d843924775ccd5bd402b8032	True	EXACT_NORMALIZED_ALLELE	PHASE1B_EXACT_NORMALIZED_ALLELE_V1	1.0.0	False	False
1124	run-phase1a-60z59-hg002-grch38-v421	event-run-phase1a-60z59-hg002-grch38-v421-record-1221	run-phase1a-ru88n-hg002-grch38-v421	event-run-phase1a-ru88n-hg002-grch38-v421-record-1223	CROSS_RUN_EQUIVALENCE_UNRESOLVED	GRCh38|chr20|10570905|T|C	GRCh38|chr20|10570904|10570905|T|C	GRCh38|chr20|10570904|10570905|T|C	variant:sha256:c95117257769d157b85992a04c07f97233b11768c2e1231531df0f195cdfbb57	variant:sha256:c95117257769d157b85992a04c07f97233b11768c2e1231531df0f195cdfbb57	True	EXACT_NORMALIZED_ALLELE	PHASE1B_EXACT_NORMALIZED_ALLELE_V1	1.0.0	False	False
1125	run-phase1a-60z59-hg002-grch38-v421	event-run-phase1a-60z59-hg002-grch38-v421-record-1222	run-phase1a-ru88n-hg002-grch38-v421	event-run-phase1a-ru88n-hg002-grch38-v421-record-1224	CROSS_RUN_EQUIVALENCE_UNRESOLVED	GRCh38|chr20|10571251|A|C	GRCh38|chr20|10571250|10571251|A|C	GRCh38|chr20|10571250|10571251|A|C	variant:sha256:775746b6897f38651eff44cf3b3aff5d2dca3cb8df95138b956e0e42aefe6b35	variant:sha256:775746b6897f38651eff44cf3b3aff5d2dca3cb8df95138b956e0e42aefe6b35	True	EXACT_NORMALIZED_ALLELE	PHASE1B_EXACT_NORMALIZED_ALLELE_V1	1.0.0	False	False
1126	run-phase1a-60z59-hg002-grch38-v421	event-run-phase1a-60z59-hg002-grch38-v421-record-1223	run-phase1a-ru88n-hg002-grch38-v421	event-run-phase1a-ru88n-hg002-grch38-v421-record-1225	CROSS_RUN_EQUIVALENCE_UNRESOLVED	GRCh38|chr20|10571535|T|G	GRCh38|chr20|10571534|10571535|T|G	GRCh38|chr20|10571534|10571535|T|G	variant:sha256:e0eecea51b316def89d8459c215b8a1b36a59a8ee18bcac167846ab6b0e45a7a	variant:sha256:e0eecea51b316def89d8459c215b8a1b36a59a8ee18bcac167846ab6b0e45a7a	True	EXACT_NORMALIZED_ALLELE	PHASE1B_EXACT_NORMALIZED_ALLELE_V1	1.0.0	False	False
1127	run-phase1a-60z59-hg002-grch38-v421	event-run-phase1a-60z59-hg002-grch38-v421-record-1224	run-phase1a-ru88n-hg002-grch38-v421	event-run-phase1a-ru88n-hg002-grch38-v421-record-1226	CROSS_RUN_EQUIVALENCE_UNRESOLVED	GRCh38|chr20|10572002|T|C	GRCh38|chr20|10572001|10572002|T|C	GRCh38|chr20|10572001|10572002|T|C	variant:sha256:2ad3f2d70d5db1927930488c0646c32b5080f08aac07824393f4edd9cbbf3e04	variant:sha256:2ad3f2d70d5db1927930488c0646c32b5080f08aac07824393f4edd9cbbf3e04	True	EXACT_NORMALIZED_ALLELE	PHASE1B_EXACT_NORMALIZED_ALLELE_V1	1.0.0	False	False
1128	run-phase1a-60z59-hg002-grch38-v421	event-run-phase1a-60z59-hg002-grch38-v421-record-1225	run-phase1a-ru88n-hg002-grch38-v421	event-run-phase1a-ru88n-hg002-grch38-v421-record-1227	CROSS_RUN_EQUIVALENCE_UNRESOLVED	GRCh38|chr20|10574758|C|G	GRCh38|chr20|10574757|10574758|C|G	GRCh38|chr20|10574757|10574758|C|G	variant:sha256:6db07556715315527db7b3a5e334a81b9f1c565d545eb9f9099f75aeaa64633b	variant:sha256:6db07556715315527db7b3a5e334a81b9f1c565d545eb9f9099f75aeaa64633b	True	EXACT_NORMALIZED_ALLELE	PHASE1B_EXACT_NORMALIZED_ALLELE_V1	1.0.0	False	False
1129	run-phase1a-60z59-hg002-grch38-v421	event-run-phase1a-60z59-hg002-grch38-v421-record-1226	run-phase1a-ru88n-hg002-grch38-v421	event-run-phase1a-ru88n-hg002-grch38-v421-record-1228	CROSS_RUN_EQUIVALENCE_UNRESOLVED	GRCh38|chr20|10574888|G|A	GRCh38|chr20|10574887|10574888|G|A	GRCh38|chr20|10574887|10574888|G|A	variant:sha256:b22421e59ed72238db22c71a3cd4a8cea2f40a66a8e1b2ca8dce4dfc6f7d105f	variant:sha256:b22421e59ed72238db22c71a3cd4a8cea2f40a66a8e1b2ca8dce4dfc6f7d105f	True	EXACT_NORMALIZED_ALLELE	PHASE1B_EXACT_NORMALIZED_ALLELE_V1	1.0.0	False	False
1130	run-phase1a-60z59-hg002-grch38-v421	event-run-phase1a-60z59-hg002-grch38-v421-record-1227	run-phase1a-ru88n-hg002-grch38-v421	event-run-phase1a-ru88n-hg002-grch38-v421-record-1229	CROSS_RUN_EQUIVALENCE_UNRESOLVED	GRCh38|chr20|10576604|C|T	GRCh38|chr20|10576603|10576604|C|T	GRCh38|chr20|10576603|10576604|C|T	variant:sha256:a419f7e6c38ad48d0b964fd0b6c2143ea05fe6e4c724504e6476c1a2124461a0	variant:sha256:a419f7e6c38ad48d0b964fd0b6c2143ea05fe6e4c724504e6476c1a2124461a0	True	EXACT_NORMALIZED_ALLELE	PHASE1B_EXACT_NORMALIZED_ALLELE_V1	1.0.0	False	False
1131	run-phase1a-60z59-hg002-grch38-v421	event-run-phase1a-60z59-hg002-grch38-v421-record-1228	run-phase1a-ru88n-hg002-grch38-v421	event-run-phase1a-ru88n-hg002-grch38-v421-record-1230	CROSS_RUN_EQUIVALENCE_UNRESOLVED	GRCh38|chr20|10578826|A|G	GRCh38|chr20|10578825|10578826|A|G	GRCh38|chr20|10578825|10578826|A|G	variant:sha256:7ff478f4ca153c790cf07541b2f5514278d3bb56ab5433bcca74613dbd4ae7b3	variant:sha256:7ff478f4ca153c790cf07541b2f5514278d3bb56ab5433bcca74613dbd4ae7b3	True	EXACT_NORMALIZED_ALLELE	PHASE1B_EXACT_NORMALIZED_ALLELE_V1	1.0.0	False	False
1132	run-phase1a-60z59-hg002-grch38-v421	event-run-phase1a-60z59-hg002-grch38-v421-record-1229	run-phase1a-ru88n-hg002-grch38-v421	event-run-phase1a-ru88n-hg002-grch38-v421-record-1231	CROSS_RUN_EQUIVALENCE_UNRESOLVED	GRCh38|chr20|10579677|T|C	GRCh38|chr20|10579676|10579677|T|C	GRCh38|chr20|10579676|10579677|T|C	variant:sha256:3087834685e36195e590571bf62a31aa095b3f68ac5b477390659ddeee4e32a2	variant:sha256:3087834685e36195e590571bf62a31aa095b3f68ac5b477390659ddeee4e32a2	True	EXACT_NORMALIZED_ALLELE	PHASE1B_EXACT_NORMALIZED_ALLELE_V1	1.0.0	False	False
1133	run-phase1a-60z59-hg002-grch38-v421	event-run-phase1a-60z59-hg002-grch38-v421-record-1230	run-phase1a-ru88n-hg002-grch38-v421	event-run-phase1a-ru88n-hg002-grch38-v421-record-1232	CROSS_RUN_EQUIVALENCE_UNRESOLVED	GRCh38|chr20|10580499|C|CT	GRCh38|chr20|10580498|10580499|C|CT	GRCh38|chr20|10580498|10580499|C|CT	variant:sha256:33f6e6c6b27cac2d853d7ce9bd1900447209459d85551d49d831c5a9cd514011	variant:sha256:33f6e6c6b27cac2d853d7ce9bd1900447209459d85551d49d831c5a9cd514011	True	EXACT_NORMALIZED_ALLELE	PHASE1B_EXACT_NORMALIZED_ALLELE_V1	1.0.0	False	False
1134	run-phase1a-60z59-hg002-grch38-v421	event-run-phase1a-60z59-hg002-grch38-v421-record-1231	run-phase1a-ru88n-hg002-grch38-v421	event-run-phase1a-ru88n-hg002-grch38-v421-record-1233	CROSS_RUN_EQUIVALENCE_UNRESOLVED	GRCh38|chr20|10580721|T|C	GRCh38|chr20|10580720|10580721|T|C	GRCh38|chr20|10580720|10580721|T|C	variant:sha256:aae074313bdd7fbc978958fef516d296decb0e82cdfca585e893daef64bdee8d	variant:sha256:aae074313bdd7fbc978958fef516d296decb0e82cdfca585e893daef64bdee8d	True	EXACT_NORMALIZED_ALLELE	PHASE1B_EXACT_NORMALIZED_ALLELE_V1	1.0.0	False	False
1135	run-phase1a-60z59-hg002-grch38-v421	event-run-phase1a-60z59-hg002-grch38-v421-record-1232	run-phase1a-ru88n-hg002-grch38-v421	event-run-phase1a-ru88n-hg002-grch38-v421-record-1234	CROSS_RUN_EQUIVALENCE_UNRESOLVED	GRCh38|chr20|10582010|C|T	GRCh38|chr20|10582009|10582010|C|T	GRCh38|chr20|10582009|10582010|C|T	variant:sha256:47380be7ccffb91bf0ed5c36f67488c21e084817b53ea069b666ae74583b659d	variant:sha256:47380be7ccffb91bf0ed5c36f67488c21e084817b53ea069b666ae74583b659d	True	EXACT_NORMALIZED_ALLELE	PHASE1B_EXACT_NORMALIZED_ALLELE_V1	1.0.0	False	False
1136	run-phase1a-60z59-hg002-grch38-v421	event-run-phase1a-60z59-hg002-grch38-v421-record-1233	run-phase1a-ru88n-hg002-grch38-v421	event-run-phase1a-ru88n-hg002-grch38-v421-record-1235	CROSS_RUN_EQUIVALENCE_UNRESOLVED	GRCh38|chr20|10583260|A|G	GRCh38|chr20|10583259|10583260|A|G	GRCh38|chr20|10583259|10583260|A|G	variant:sha256:1b07e9a3e5046033d39950a59858ae5dcbab17eb91aeb10dc368cc1e1e258fb1	variant:sha256:1b07e9a3e5046033d39950a59858ae5dcbab17eb91aeb10dc368cc1e1e258fb1	True	EXACT_NORMALIZED_ALLELE	PHASE1B_EXACT_NORMALIZED_ALLELE_V1	1.0.0	False	False
1137	run-phase1a-60z59-hg002-grch38-v421	event-run-phase1a-60z59-hg002-grch38-v421-record-1234	run-phase1a-ru88n-hg002-grch38-v421	event-run-phase1a-ru88n-hg002-grch38-v421-record-1236	CROSS_RUN_EQUIVALENCE_UNRESOLVED	GRCh38|chr20|10583861|C|T	GRCh38|chr20|10583860|10583861|C|T	GRCh38|chr20|10583860|10583861|C|T	variant:sha256:3e8fb3ab1666ee5aec063b7f030973d8ad09cef9aed03036ad1d370e64b46517	variant:sha256:3e8fb3ab1666ee5aec063b7f030973d8ad09cef9aed03036ad1d370e64b46517	True	EXACT_NORMALIZED_ALLELE	PHASE1B_EXACT_NORMALIZED_ALLELE_V1	1.0.0	False	False
1138	run-phase1a-60z59-hg002-grch38-v421	event-run-phase1a-60z59-hg002-grch38-v421-record-1235	run-phase1a-ru88n-hg002-grch38-v421	event-run-phase1a-ru88n-hg002-grch38-v421-record-1237	CROSS_RUN_EQUIVALENCE_UNRESOLVED	GRCh38|chr20|10587577|A|G	GRCh38|chr20|10587576|10587577|A|G	GRCh38|chr20|10587576|10587577|A|G	variant:sha256:5c1627527d878efac5fbd3d4888f91d6fd72171019fcce0a7ae6d2d573df81fc	variant:sha256:5c1627527d878efac5fbd3d4888f91d6fd72171019fcce0a7ae6d2d573df81fc	True	EXACT_NORMALIZED_ALLELE	PHASE1B_EXACT_NORMALIZED_ALLELE_V1	1.0.0	False	False
1139	run-phase1a-60z59-hg002-grch38-v421	event-run-phase1a-60z59-hg002-grch38-v421-record-1236	run-phase1a-ru88n-hg002-grch38-v421	event-run-phase1a-ru88n-hg002-grch38-v421-record-1238	CROSS_RUN_EQUIVALENCE_UNRESOLVED	GRCh38|chr20|10589820|GA|G	GRCh38|chr20|10589819|10589821|GA|G	GRCh38|chr20|10589819|10589821|GA|G	variant:sha256:b36729b25a116b9f1883e8278e06205c9b3fbbdcafb6e900680aabf857450351	variant:sha256:b36729b25a116b9f1883e8278e06205c9b3fbbdcafb6e900680aabf857450351	True	EXACT_NORMALIZED_ALLELE	PHASE1B_EXACT_NORMALIZED_ALLELE_V1	1.0.0	False	False
1140	run-phase1a-60z59-hg002-grch38-v421	event-run-phase1a-60z59-hg002-grch38-v421-record-1237	run-phase1a-ru88n-hg002-grch38-v421	event-run-phase1a-ru88n-hg002-grch38-v421-record-1239	CROSS_RUN_EQUIVALENCE_UNRESOLVED	GRCh38|chr20|10590527|A|AT	GRCh38|chr20|10590526|10590527|A|AT	GRCh38|chr20|10590526|10590527|A|AT	variant:sha256:b38e39a786ab5c4f5752ed66c3f5f861a33b09229a63d60459fc6de2f3def6ee	variant:sha256:b38e39a786ab5c4f5752ed66c3f5f861a33b09229a63d60459fc6de2f3def6ee	True	EXACT_NORMALIZED_ALLELE	PHASE1B_EXACT_NORMALIZED_ALLELE_V1	1.0.0	False	False
1141	run-phase1a-60z59-hg002-grch38-v421	event-run-phase1a-60z59-hg002-grch38-v421-record-1238	run-phase1a-ru88n-hg002-grch38-v421	event-run-phase1a-ru88n-hg002-grch38-v421-record-1240	CROSS_RUN_EQUIVALENCE_UNRESOLVED	GRCh38|chr20|10592346|AC|A	GRCh38|chr20|10592345|10592347|AC|A	GRCh38|chr20|10592345|10592347|AC|A	variant:sha256:57ec4eb0f9346e5ec9abdfe2f3cc4653192928235c4fbd9263894450f06c0b58	variant:sha256:57ec4eb0f9346e5ec9abdfe2f3cc4653192928235c4fbd9263894450f06c0b58	True	EXACT_NORMALIZED_ALLELE	PHASE1B_EXACT_NORMALIZED_ALLELE_V1	1.0.0	False	False
1142	run-phase1a-60z59-hg002-grch38-v421	event-run-phase1a-60z59-hg002-grch38-v421-record-1241	run-phase1a-ru88n-hg002-grch38-v421	event-run-phase1a-ru88n-hg002-grch38-v421-record-1243	CROSS_RUN_EQUIVALENCE_UNRESOLVED	GRCh38|chr20|10592838|G|T	GRCh38|chr20|10592837|10592838|G|T	GRCh38|chr20|10592837|10592838|G|T	variant:sha256:76608f54da8420f9531d9087ebfeb1997acc7149c0c8bc9daaaf30876188eb79	variant:sha256:76608f54da8420f9531d9087ebfeb1997acc7149c0c8bc9daaaf30876188eb79	True	EXACT_NORMALIZED_ALLELE	PHASE1B_EXACT_NORMALIZED_ALLELE_V1	1.0.0	False	False
1143	run-phase1a-60z59-hg002-grch38-v421	event-run-phase1a-60z59-hg002-grch38-v421-record-1242	run-phase1a-ru88n-hg002-grch38-v421	event-run-phase1a-ru88n-hg002-grch38-v421-record-1244	CROSS_RUN_EQUIVALENCE_UNRESOLVED	GRCh38|chr20|10595225|A|G	GRCh38|chr20|10595224|10595225|A|G	GRCh38|chr20|10595224|10595225|A|G	variant:sha256:e79b33a81b74cbc245567675b1120b703bcf93483d9b3ce7a738cfc27ba73d5d	variant:sha256:e79b33a81b74cbc245567675b1120b703bcf93483d9b3ce7a738cfc27ba73d5d	True	EXACT_NORMALIZED_ALLELE	PHASE1B_EXACT_NORMALIZED_ALLELE_V1	1.0.0	False	False
1144	run-phase1a-60z59-hg002-grch38-v421	event-run-phase1a-60z59-hg002-grch38-v421-record-1243	run-phase1a-ru88n-hg002-grch38-v421	event-run-phase1a-ru88n-hg002-grch38-v421-record-1245	CROSS_RUN_EQUIVALENCE_UNRESOLVED	GRCh38|chr20|10595822|A|G	GRCh38|chr20|10595821|10595822|A|G	GRCh38|chr20|10595821|10595822|A|G	variant:sha256:c35878c98981b03a43678449cd7b063e98a63dc4010cdeb9fb69915ee09862f3	variant:sha256:c35878c98981b03a43678449cd7b063e98a63dc4010cdeb9fb69915ee09862f3	True	EXACT_NORMALIZED_ALLELE	PHASE1B_EXACT_NORMALIZED_ALLELE_V1	1.0.0	False	False
1145	run-phase1a-60z59-hg002-grch38-v421	event-run-phase1a-60z59-hg002-grch38-v421-record-1244	run-phase1a-ru88n-hg002-grch38-v421	event-run-phase1a-ru88n-hg002-grch38-v421-record-1246	CROSS_RUN_EQUIVALENCE_UNRESOLVED	GRCh38|chr20|10597357|G|A	GRCh38|chr20|10597356|10597357|G|A	GRCh38|chr20|10597356|10597357|G|A	variant:sha256:fc5167bbf473f332d17fd0f8858abbebe88150ca1fefe3349d1a4ae328faef08	variant:sha256:fc5167bbf473f332d17fd0f8858abbebe88150ca1fefe3349d1a4ae328faef08	True	EXACT_NORMALIZED_ALLELE	PHASE1B_EXACT_NORMALIZED_ALLELE_V1	1.0.0	False	False
1146	run-phase1a-60z59-hg002-grch38-v421	event-run-phase1a-60z59-hg002-grch38-v421-record-1245	run-phase1a-ru88n-hg002-grch38-v421	event-run-phase1a-ru88n-hg002-grch38-v421-record-1247	CROSS_RUN_EQUIVALENCE_UNRESOLVED	GRCh38|chr20|10597894|G|C	GRCh38|chr20|10597893|10597894|G|C	GRCh38|chr20|10597893|10597894|G|C	variant:sha256:5291ddd2e69971c1cecdd4d2f033132ff67a09388e9ee7b26b1c5455199717b2	variant:sha256:5291ddd2e69971c1cecdd4d2f033132ff67a09388e9ee7b26b1c5455199717b2	True	EXACT_NORMALIZED_ALLELE	PHASE1B_EXACT_NORMALIZED_ALLELE_V1	1.0.0	False	False
1147	run-phase1a-60z59-hg002-grch38-v421	event-run-phase1a-60z59-hg002-grch38-v421-record-1246	run-phase1a-ru88n-hg002-grch38-v421	event-run-phase1a-ru88n-hg002-grch38-v421-record-1248	CROSS_RUN_EQUIVALENCE_UNRESOLVED	GRCh38|chr20|10599348|A|G	GRCh38|chr20|10599347|10599348|A|G	GRCh38|chr20|10599347|10599348|A|G	variant:sha256:cfa3eaeaba0342c4a438aef429db20c28db9039cea7dc2494c2ed6e63bc4bffb	variant:sha256:cfa3eaeaba0342c4a438aef429db20c28db9039cea7dc2494c2ed6e63bc4bffb	True	EXACT_NORMALIZED_ALLELE	PHASE1B_EXACT_NORMALIZED_ALLELE_V1	1.0.0	False	False
1148	run-phase1a-60z59-hg002-grch38-v421	event-run-phase1a-60z59-hg002-grch38-v421-record-1247	run-phase1a-ru88n-hg002-grch38-v421	event-run-phase1a-ru88n-hg002-grch38-v421-record-1249	CROSS_RUN_EQUIVALENCE_UNRESOLVED	GRCh38|chr20|10600052|A|G	GRCh38|chr20|10600051|10600052|A|G	GRCh38|chr20|10600051|10600052|A|G	variant:sha256:6d63c9802e45538f6c8148e7fa9f1323f2cfaf3cb451b0343340a2fcec2e1a42	variant:sha256:6d63c9802e45538f6c8148e7fa9f1323f2cfaf3cb451b0343340a2fcec2e1a42	True	EXACT_NORMALIZED_ALLELE	PHASE1B_EXACT_NORMALIZED_ALLELE_V1	1.0.0	False	False
1149	run-phase1a-60z59-hg002-grch38-v421	event-run-phase1a-60z59-hg002-grch38-v421-record-1248	run-phase1a-ru88n-hg002-grch38-v421	event-run-phase1a-ru88n-hg002-grch38-v421-record-1250	CROSS_RUN_EQUIVALENCE_UNRESOLVED	GRCh38|chr20|10601490|T|C	GRCh38|chr20|10601489|10601490|T|C	GRCh38|chr20|10601489|10601490|T|C	variant:sha256:99d952bbf58cae403bc9697d63f7f14f56913566410fa854b8a5fe4538ec41e0	variant:sha256:99d952bbf58cae403bc9697d63f7f14f56913566410fa854b8a5fe4538ec41e0	True	EXACT_NORMALIZED_ALLELE	PHASE1B_EXACT_NORMALIZED_ALLELE_V1	1.0.0	False	False
1150	run-phase1a-60z59-hg002-grch38-v421	event-run-phase1a-60z59-hg002-grch38-v421-record-1249	run-phase1a-ru88n-hg002-grch38-v421	event-run-phase1a-ru88n-hg002-grch38-v421-record-1251	CROSS_RUN_EQUIVALENCE_UNRESOLVED	GRCh38|chr20|10603861|A|G	GRCh38|chr20|10603860|10603861|A|G	GRCh38|chr20|10603860|10603861|A|G	variant:sha256:a02de0602888c2f69c10e4850754872abb23f33e7fc0c58b68a9758e493ae937	variant:sha256:a02de0602888c2f69c10e4850754872abb23f33e7fc0c58b68a9758e493ae937	True	EXACT_NORMALIZED_ALLELE	PHASE1B_EXACT_NORMALIZED_ALLELE_V1	1.0.0	False	False
1151	run-phase1a-60z59-hg002-grch38-v421	event-run-phase1a-60z59-hg002-grch38-v421-record-1250	run-phase1a-ru88n-hg002-grch38-v421	event-run-phase1a-ru88n-hg002-grch38-v421-record-1252	CROSS_RUN_EQUIVALENCE_UNRESOLVED	GRCh38|chr20|10604091|G|C	GRCh38|chr20|10604090|10604091|G|C	GRCh38|chr20|10604090|10604091|G|C	variant:sha256:941ea74d4a50290da5a45275dfe4ccafd7f61c0aa6ceba2ecfe917bcee601ca0	variant:sha256:941ea74d4a50290da5a45275dfe4ccafd7f61c0aa6ceba2ecfe917bcee601ca0	True	EXACT_NORMALIZED_ALLELE	PHASE1B_EXACT_NORMALIZED_ALLELE_V1	1.0.0	False	False
1152	run-phase1a-60z59-hg002-grch38-v421	event-run-phase1a-60z59-hg002-grch38-v421-record-1251	run-phase1a-ru88n-hg002-grch38-v421	event-run-phase1a-ru88n-hg002-grch38-v421-record-1253	CROSS_RUN_EQUIVALENCE_UNRESOLVED	GRCh38|chr20|10608125|A|C	GRCh38|chr20|10608124|10608125|A|C	GRCh38|chr20|10608124|10608125|A|C	variant:sha256:2ff93d1e3f674f48f39d115cf835a7e26824c898281267b074673fe79775a981	variant:sha256:2ff93d1e3f674f48f39d115cf835a7e26824c898281267b074673fe79775a981	True	EXACT_NORMALIZED_ALLELE	PHASE1B_EXACT_NORMALIZED_ALLELE_V1	1.0.0	False	False
1153	run-phase1a-60z59-hg002-grch38-v421	event-run-phase1a-60z59-hg002-grch38-v421-record-1252	run-phase1a-ru88n-hg002-grch38-v421	event-run-phase1a-ru88n-hg002-grch38-v421-record-1254	CROSS_RUN_EQUIVALENCE_UNRESOLVED	GRCh38|chr20|10608698|A|G	GRCh38|chr20|10608697|10608698|A|G	GRCh38|chr20|10608697|10608698|A|G	variant:sha256:980bb13dce7dbb8dc906daf837d3534c68bed2b709e68bf3c4bb527193fc1dbb	variant:sha256:980bb13dce7dbb8dc906daf837d3534c68bed2b709e68bf3c4bb527193fc1dbb	True	EXACT_NORMALIZED_ALLELE	PHASE1B_EXACT_NORMALIZED_ALLELE_V1	1.0.0	False	False
1154	run-phase1a-60z59-hg002-grch38-v421	event-run-phase1a-60z59-hg002-grch38-v421-record-1253	run-phase1a-ru88n-hg002-grch38-v421	event-run-phase1a-ru88n-hg002-grch38-v421-record-1255	CROSS_RUN_EQUIVALENCE_UNRESOLVED	GRCh38|chr20|10608955|AAGTACCAAAG|A	GRCh38|chr20|10608954|10608965|AAGTACCAAAG|A	GRCh38|chr20|10608954|10608965|AAGTACCAAAG|A	variant:sha256:7c7d9ba702a0c4fb523b0fecc8b8da907c0ce55b26acd49207a03db7103b7703	variant:sha256:7c7d9ba702a0c4fb523b0fecc8b8da907c0ce55b26acd49207a03db7103b7703	True	EXACT_NORMALIZED_ALLELE	PHASE1B_EXACT_NORMALIZED_ALLELE_V1	1.0.0	False	False
1155	run-phase1a-60z59-hg002-grch38-v421	event-run-phase1a-60z59-hg002-grch38-v421-record-1254	run-phase1a-ru88n-hg002-grch38-v421	event-run-phase1a-ru88n-hg002-grch38-v421-record-1256	CROSS_RUN_EQUIVALENCE_UNRESOLVED	GRCh38|chr20|10609933|TA|T	GRCh38|chr20|10609932|10609934|TA|T	GRCh38|chr20|10609932|10609934|TA|T	variant:sha256:bc444010fa87177dfd86443eeffd94a46c7ff91325b662dadeac7c4d31b875f1	variant:sha256:bc444010fa87177dfd86443eeffd94a46c7ff91325b662dadeac7c4d31b875f1	True	EXACT_NORMALIZED_ALLELE	PHASE1B_EXACT_NORMALIZED_ALLELE_V1	1.0.0	False	False
1156	run-phase1a-60z59-hg002-grch38-v421	event-run-phase1a-60z59-hg002-grch38-v421-record-1255	run-phase1a-ru88n-hg002-grch38-v421	event-run-phase1a-ru88n-hg002-grch38-v421-record-1257	CROSS_RUN_EQUIVALENCE_UNRESOLVED	GRCh38|chr20|10610803|C|A	GRCh38|chr20|10610802|10610803|C|A	GRCh38|chr20|10610802|10610803|C|A	variant:sha256:b58c45341be249537f49f8fc823f48c9c632a7f1f3a047bb199e3bb2adf08019	variant:sha256:b58c45341be249537f49f8fc823f48c9c632a7f1f3a047bb199e3bb2adf08019	True	EXACT_NORMALIZED_ALLELE	PHASE1B_EXACT_NORMALIZED_ALLELE_V1	1.0.0	False	False
1157	run-phase1a-60z59-hg002-grch38-v421	event-run-phase1a-60z59-hg002-grch38-v421-record-1256	run-phase1a-ru88n-hg002-grch38-v421	event-run-phase1a-ru88n-hg002-grch38-v421-record-1258	CROSS_RUN_EQUIVALENCE_UNRESOLVED	GRCh38|chr20|10610905|T|TCTC	GRCh38|chr20|10610904|10610905|T|TCTC	GRCh38|chr20|10610904|10610905|T|TCTC	variant:sha256:f24599671bba4cf29dadaead4cc606b58bb20e2f35f0f17d42c42c19ca352b40	variant:sha256:f24599671bba4cf29dadaead4cc606b58bb20e2f35f0f17d42c42c19ca352b40	True	EXACT_NORMALIZED_ALLELE	PHASE1B_EXACT_NORMALIZED_ALLELE_V1	1.0.0	False	False
1158	run-phase1a-60z59-hg002-grch38-v421	event-run-phase1a-60z59-hg002-grch38-v421-record-1257	run-phase1a-ru88n-hg002-grch38-v421	event-run-phase1a-ru88n-hg002-grch38-v421-record-1259	CROSS_RUN_EQUIVALENCE_UNRESOLVED	GRCh38|chr20|10616378|CA|C	GRCh38|chr20|10616377|10616379|CA|C	GRCh38|chr20|10616377|10616379|CA|C	variant:sha256:2fd94a2112417745afd7655cf5a8e83f0b810385d03d67e0d60dc8c68754f575	variant:sha256:2fd94a2112417745afd7655cf5a8e83f0b810385d03d67e0d60dc8c68754f575	True	EXACT_NORMALIZED_ALLELE	PHASE1B_EXACT_NORMALIZED_ALLELE_V1	1.0.0	False	False
1159	run-phase1a-60z59-hg002-grch38-v421	event-run-phase1a-60z59-hg002-grch38-v421-record-1260	run-phase1a-ru88n-hg002-grch38-v421	event-run-phase1a-ru88n-hg002-grch38-v421-record-1261	CROSS_RUN_EQUIVALENCE_UNRESOLVED	GRCh38|chr20|10616574|T|C	GRCh38|chr20|10616573|10616574|T|C	GRCh38|chr20|10616573|10616574|T|C	variant:sha256:c3759a90a2d30214736e26ba129902b5eaa04274799df9083bc6575e4f620f66	variant:sha256:c3759a90a2d30214736e26ba129902b5eaa04274799df9083bc6575e4f620f66	True	EXACT_NORMALIZED_ALLELE	PHASE1B_EXACT_NORMALIZED_ALLELE_V1	1.0.0	False	False
1160	run-phase1a-60z59-hg002-grch38-v421	event-run-phase1a-60z59-hg002-grch38-v421-record-1261	run-phase1a-ru88n-hg002-grch38-v421	event-run-phase1a-ru88n-hg002-grch38-v421-record-1262	CROSS_RUN_EQUIVALENCE_UNRESOLVED	GRCh38|chr20|10617361|C|A	GRCh38|chr20|10617360|10617361|C|A	GRCh38|chr20|10617360|10617361|C|A	variant:sha256:89fa17a4b1989dc574f47fb882d6aaf63b0bffba2d3bab42853d17cc960377f3	variant:sha256:89fa17a4b1989dc574f47fb882d6aaf63b0bffba2d3bab42853d17cc960377f3	True	EXACT_NORMALIZED_ALLELE	PHASE1B_EXACT_NORMALIZED_ALLELE_V1	1.0.0	False	False
1161	run-phase1a-60z59-hg002-grch38-v421	event-run-phase1a-60z59-hg002-grch38-v421-record-1262	run-phase1a-ru88n-hg002-grch38-v421	event-run-phase1a-ru88n-hg002-grch38-v421-record-1263	CROSS_RUN_EQUIVALENCE_UNRESOLVED	GRCh38|chr20|10617388|C|T	GRCh38|chr20|10617387|10617388|C|T	GRCh38|chr20|10617387|10617388|C|T	variant:sha256:128c70f7b1ccf2b56fda46ae7ac4b699791b03157717ccff211870bb65a36d68	variant:sha256:128c70f7b1ccf2b56fda46ae7ac4b699791b03157717ccff211870bb65a36d68	True	EXACT_NORMALIZED_ALLELE	PHASE1B_EXACT_NORMALIZED_ALLELE_V1	1.0.0	False	False
1162	run-phase1a-60z59-hg002-grch38-v421	event-run-phase1a-60z59-hg002-grch38-v421-record-1263	run-phase1a-ru88n-hg002-grch38-v421	event-run-phase1a-ru88n-hg002-grch38-v421-record-1264	CROSS_RUN_EQUIVALENCE_UNRESOLVED	GRCh38|chr20|10617428|G|A	GRCh38|chr20|10617427|10617428|G|A	GRCh38|chr20|10617427|10617428|G|A	variant:sha256:27382e37c23ef5d22970237e4f60f4c2e175184acda9c21b21d41708b4c31f86	variant:sha256:27382e37c23ef5d22970237e4f60f4c2e175184acda9c21b21d41708b4c31f86	True	EXACT_NORMALIZED_ALLELE	PHASE1B_EXACT_NORMALIZED_ALLELE_V1	1.0.0	False	False
1163	run-phase1a-60z59-hg002-grch38-v421	event-run-phase1a-60z59-hg002-grch38-v421-record-1265	run-phase1a-ru88n-hg002-grch38-v421	event-run-phase1a-ru88n-hg002-grch38-v421-record-1265	CROSS_RUN_EQUIVALENCE_UNRESOLVED	GRCh38|chr20|10618931|C|A	GRCh38|chr20|10618930|10618931|C|A	GRCh38|chr20|10618930|10618931|C|A	variant:sha256:08ae8b3675ddc4ad8228289f32d59d58aaa5aa35120c1481b700dcfa42063aed	variant:sha256:08ae8b3675ddc4ad8228289f32d59d58aaa5aa35120c1481b700dcfa42063aed	True	EXACT_NORMALIZED_ALLELE	PHASE1B_EXACT_NORMALIZED_ALLELE_V1	1.0.0	False	False
1164	run-phase1a-60z59-hg002-grch38-v421	event-run-phase1a-60z59-hg002-grch38-v421-record-1266	run-phase1a-ru88n-hg002-grch38-v421	event-run-phase1a-ru88n-hg002-grch38-v421-record-1266	CROSS_RUN_EQUIVALENCE_UNRESOLVED	GRCh38|chr20|10618948|C|T	GRCh38|chr20|10618947|10618948|C|T	GRCh38|chr20|10618947|10618948|C|T	variant:sha256:451504142fe4d0a5107b3b56c1c007fb79587223fe1108c140c10fbef8e882cd	variant:sha256:451504142fe4d0a5107b3b56c1c007fb79587223fe1108c140c10fbef8e882cd	True	EXACT_NORMALIZED_ALLELE	PHASE1B_EXACT_NORMALIZED_ALLELE_V1	1.0.0	False	False
1165	run-phase1a-60z59-hg002-grch38-v421	event-run-phase1a-60z59-hg002-grch38-v421-record-1267	run-phase1a-ru88n-hg002-grch38-v421	event-run-phase1a-ru88n-hg002-grch38-v421-record-1267	CROSS_RUN_EQUIVALENCE_UNRESOLVED	GRCh38|chr20|10619788|A|C	GRCh38|chr20|10619787|10619788|A|C	GRCh38|chr20|10619787|10619788|A|C	variant:sha256:9e120ef7efdd77f5d1634be9a3033bcedd7dcdd573bc254b000dbff5c9a1eacd	variant:sha256:9e120ef7efdd77f5d1634be9a3033bcedd7dcdd573bc254b000dbff5c9a1eacd	True	EXACT_NORMALIZED_ALLELE	PHASE1B_EXACT_NORMALIZED_ALLELE_V1	1.0.0	False	False
1166	run-phase1a-60z59-hg002-grch38-v421	event-run-phase1a-60z59-hg002-grch38-v421-record-1268	run-phase1a-ru88n-hg002-grch38-v421	event-run-phase1a-ru88n-hg002-grch38-v421-record-1268	CROSS_RUN_EQUIVALENCE_UNRESOLVED	GRCh38|chr20|10622320|GA|G	GRCh38|chr20|10622319|10622321|GA|G	GRCh38|chr20|10622319|10622321|GA|G	variant:sha256:c84d3cff105d0a0912af300e10523f360d0c1c3bbd491ed457fe170b74691a61	variant:sha256:c84d3cff105d0a0912af300e10523f360d0c1c3bbd491ed457fe170b74691a61	True	EXACT_NORMALIZED_ALLELE	PHASE1B_EXACT_NORMALIZED_ALLELE_V1	1.0.0	False	False
1167	run-phase1a-60z59-hg002-grch38-v421	event-run-phase1a-60z59-hg002-grch38-v421-record-1269	run-phase1a-ru88n-hg002-grch38-v421	event-run-phase1a-ru88n-hg002-grch38-v421-record-1269	CROSS_RUN_EQUIVALENCE_UNRESOLVED	GRCh38|chr20|10623102|G|A	GRCh38|chr20|10623101|10623102|G|A	GRCh38|chr20|10623101|10623102|G|A	variant:sha256:7037ac0ce87411f2bdc20ce7620cd40353a662b8ec716456c42eec6663517ab6	variant:sha256:7037ac0ce87411f2bdc20ce7620cd40353a662b8ec716456c42eec6663517ab6	True	EXACT_NORMALIZED_ALLELE	PHASE1B_EXACT_NORMALIZED_ALLELE_V1	1.0.0	False	False
1168	run-phase1a-60z59-hg002-grch38-v421	event-run-phase1a-60z59-hg002-grch38-v421-record-1270	run-phase1a-ru88n-hg002-grch38-v421	event-run-phase1a-ru88n-hg002-grch38-v421-record-1270	CROSS_RUN_EQUIVALENCE_UNRESOLVED	GRCh38|chr20|10623818|G|A	GRCh38|chr20|10623817|10623818|G|A	GRCh38|chr20|10623817|10623818|G|A	variant:sha256:89db519c34dcd662f4fd3a142a7839707ea662d9140d22f83005621c35e30170	variant:sha256:89db519c34dcd662f4fd3a142a7839707ea662d9140d22f83005621c35e30170	True	EXACT_NORMALIZED_ALLELE	PHASE1B_EXACT_NORMALIZED_ALLELE_V1	1.0.0	False	False
1169	run-phase1a-60z59-hg002-grch38-v421	event-run-phase1a-60z59-hg002-grch38-v421-record-1271	run-phase1a-ru88n-hg002-grch38-v421	event-run-phase1a-ru88n-hg002-grch38-v421-record-1271	CROSS_RUN_EQUIVALENCE_UNRESOLVED	GRCh38|chr20|10624193|G|A	GRCh38|chr20|10624192|10624193|G|A	GRCh38|chr20|10624192|10624193|G|A	variant:sha256:123a77655716a8e7a8a53bf6e3a19bf093383d9021060e3f9ffc826a17a4b06a	variant:sha256:123a77655716a8e7a8a53bf6e3a19bf093383d9021060e3f9ffc826a17a4b06a	True	EXACT_NORMALIZED_ALLELE	PHASE1B_EXACT_NORMALIZED_ALLELE_V1	1.0.0	False	False
1170	run-phase1a-60z59-hg002-grch38-v421	event-run-phase1a-60z59-hg002-grch38-v421-record-1272	run-phase1a-ru88n-hg002-grch38-v421	event-run-phase1a-ru88n-hg002-grch38-v421-record-1272	CROSS_RUN_EQUIVALENCE_UNRESOLVED	GRCh38|chr20|10624983|T|G	GRCh38|chr20|10624982|10624983|T|G	GRCh38|chr20|10624982|10624983|T|G	variant:sha256:e48db91aae1559ab5b91618be6211c16f99bc67e5b0d1e534a4b663904eec749	variant:sha256:e48db91aae1559ab5b91618be6211c16f99bc67e5b0d1e534a4b663904eec749	True	EXACT_NORMALIZED_ALLELE	PHASE1B_EXACT_NORMALIZED_ALLELE_V1	1.0.0	False	False
1171	run-phase1a-60z59-hg002-grch38-v421	event-run-phase1a-60z59-hg002-grch38-v421-record-1275	run-phase1a-ru88n-hg002-grch38-v421	event-run-phase1a-ru88n-hg002-grch38-v421-record-1273	CROSS_RUN_EQUIVALENCE_UNRESOLVED	GRCh38|chr20|10628414|CCCAAGTGGATTCATTTCCATTTT|C	GRCh38|chr20|10628413|10628437|CCCAAGTGGATTCATTTCCATTTT|C	GRCh38|chr20|10628413|10628437|CCCAAGTGGATTCATTTCCATTTT|C	variant:sha256:af4ab1e4e177add66ef38000d8f47e2b989f803822d2c2ee159c92aa974b28f8	variant:sha256:af4ab1e4e177add66ef38000d8f47e2b989f803822d2c2ee159c92aa974b28f8	True	EXACT_NORMALIZED_ALLELE	PHASE1B_EXACT_NORMALIZED_ALLELE_V1	1.0.0	False	False
1172	run-phase1a-60z59-hg002-grch38-v421	event-run-phase1a-60z59-hg002-grch38-v421-record-1276	run-phase1a-ru88n-hg002-grch38-v421	event-run-phase1a-ru88n-hg002-grch38-v421-record-1274	CROSS_RUN_EQUIVALENCE_UNRESOLVED	GRCh38|chr20|10628946|C|T	GRCh38|chr20|10628945|10628946|C|T	GRCh38|chr20|10628945|10628946|C|T	variant:sha256:056437fe2a3fafccf9399686da5b7db193eb24b8c733f610fa2cec83ecc5fd10	variant:sha256:056437fe2a3fafccf9399686da5b7db193eb24b8c733f610fa2cec83ecc5fd10	True	EXACT_NORMALIZED_ALLELE	PHASE1B_EXACT_NORMALIZED_ALLELE_V1	1.0.0	False	False
1173	run-phase1a-60z59-hg002-grch38-v421	event-run-phase1a-60z59-hg002-grch38-v421-record-1277	run-phase1a-ru88n-hg002-grch38-v421	event-run-phase1a-ru88n-hg002-grch38-v421-record-1275	CROSS_RUN_EQUIVALENCE_UNRESOLVED	GRCh38|chr20|10629122|A|G	GRCh38|chr20|10629121|10629122|A|G	GRCh38|chr20|10629121|10629122|A|G	variant:sha256:b8f2084e785dd04d87eb647341bf0f82f538d87f694a0a91cf6e3d1b6fa4b049	variant:sha256:b8f2084e785dd04d87eb647341bf0f82f538d87f694a0a91cf6e3d1b6fa4b049	True	EXACT_NORMALIZED_ALLELE	PHASE1B_EXACT_NORMALIZED_ALLELE_V1	1.0.0	False	False
1174	run-phase1a-60z59-hg002-grch38-v421	event-run-phase1a-60z59-hg002-grch38-v421-record-1278	run-phase1a-ru88n-hg002-grch38-v421	event-run-phase1a-ru88n-hg002-grch38-v421-record-1276	CROSS_RUN_EQUIVALENCE_UNRESOLVED	GRCh38|chr20|10630415|A|G	GRCh38|chr20|10630414|10630415|A|G	GRCh38|chr20|10630414|10630415|A|G	variant:sha256:8ad98575581d80d962dcb97a2715641ee449017e71e824955da9fa864cda9507	variant:sha256:8ad98575581d80d962dcb97a2715641ee449017e71e824955da9fa864cda9507	True	EXACT_NORMALIZED_ALLELE	PHASE1B_EXACT_NORMALIZED_ALLELE_V1	1.0.0	False	False
1175	run-phase1a-60z59-hg002-grch38-v421	event-run-phase1a-60z59-hg002-grch38-v421-record-1279	run-phase1a-ru88n-hg002-grch38-v421	event-run-phase1a-ru88n-hg002-grch38-v421-record-1277	CROSS_RUN_EQUIVALENCE_UNRESOLVED	GRCh38|chr20|10630675|A|G	GRCh38|chr20|10630674|10630675|A|G	GRCh38|chr20|10630674|10630675|A|G	variant:sha256:9b6d87e327c4329f2bbae20ce1d6835e85716d55debb000498644da72a0fafd6	variant:sha256:9b6d87e327c4329f2bbae20ce1d6835e85716d55debb000498644da72a0fafd6	True	EXACT_NORMALIZED_ALLELE	PHASE1B_EXACT_NORMALIZED_ALLELE_V1	1.0.0	False	False
1176	run-phase1a-60z59-hg002-grch38-v421	event-run-phase1a-60z59-hg002-grch38-v421-record-1280	run-phase1a-ru88n-hg002-grch38-v421	event-run-phase1a-ru88n-hg002-grch38-v421-record-1278	CROSS_RUN_EQUIVALENCE_UNRESOLVED	GRCh38|chr20|10632315|C|T	GRCh38|chr20|10632314|10632315|C|T	GRCh38|chr20|10632314|10632315|C|T	variant:sha256:60668b4c16e62a67956e84a6f9187aba1ff2ed6a91b7da76c468d599e06836e4	variant:sha256:60668b4c16e62a67956e84a6f9187aba1ff2ed6a91b7da76c468d599e06836e4	True	EXACT_NORMALIZED_ALLELE	PHASE1B_EXACT_NORMALIZED_ALLELE_V1	1.0.0	False	False
1177	run-phase1a-60z59-hg002-grch38-v421	event-run-phase1a-60z59-hg002-grch38-v421-record-1281	run-phase1a-ru88n-hg002-grch38-v421	event-run-phase1a-ru88n-hg002-grch38-v421-record-1279	CROSS_RUN_EQUIVALENCE_UNRESOLVED	GRCh38|chr20|10633647|A|G	GRCh38|chr20|10633646|10633647|A|G	GRCh38|chr20|10633646|10633647|A|G	variant:sha256:6dc8ea4ee8a22ac9bdf696aa3111ff9bc757f860dab0447051c183eea326191c	variant:sha256:6dc8ea4ee8a22ac9bdf696aa3111ff9bc757f860dab0447051c183eea326191c	True	EXACT_NORMALIZED_ALLELE	PHASE1B_EXACT_NORMALIZED_ALLELE_V1	1.0.0	False	False
1178	run-phase1a-60z59-hg002-grch38-v421	event-run-phase1a-60z59-hg002-grch38-v421-record-1282	run-phase1a-ru88n-hg002-grch38-v421	event-run-phase1a-ru88n-hg002-grch38-v421-record-1280	CROSS_RUN_EQUIVALENCE_UNRESOLVED	GRCh38|chr20|10633691|C|G	GRCh38|chr20|10633690|10633691|C|G	GRCh38|chr20|10633690|10633691|C|G	variant:sha256:b5bd0f735f6c62fe11c3d37165442ab5a561d61f7630182ae00ee53584fc4f98	variant:sha256:b5bd0f735f6c62fe11c3d37165442ab5a561d61f7630182ae00ee53584fc4f98	True	EXACT_NORMALIZED_ALLELE	PHASE1B_EXACT_NORMALIZED_ALLELE_V1	1.0.0	False	False
1179	run-phase1a-60z59-hg002-grch38-v421	event-run-phase1a-60z59-hg002-grch38-v421-record-1283	run-phase1a-ru88n-hg002-grch38-v421	event-run-phase1a-ru88n-hg002-grch38-v421-record-1281	CROSS_RUN_EQUIVALENCE_UNRESOLVED	GRCh38|chr20|10633787|A|G	GRCh38|chr20|10633786|10633787|A|G	GRCh38|chr20|10633786|10633787|A|G	variant:sha256:259ff65766e5ca93894002e2e6d5b44a919c3cab87902023ecd3e917ea816547	variant:sha256:259ff65766e5ca93894002e2e6d5b44a919c3cab87902023ecd3e917ea816547	True	EXACT_NORMALIZED_ALLELE	PHASE1B_EXACT_NORMALIZED_ALLELE_V1	1.0.0	False	False
1180	run-phase1a-60z59-hg002-grch38-v421	event-run-phase1a-60z59-hg002-grch38-v421-record-1284	run-phase1a-ru88n-hg002-grch38-v421	event-run-phase1a-ru88n-hg002-grch38-v421-record-1282	CROSS_RUN_EQUIVALENCE_UNRESOLVED	GRCh38|chr20|10636508|T|G	GRCh38|chr20|10636507|10636508|T|G	GRCh38|chr20|10636507|10636508|T|G	variant:sha256:f0ab16867e71b43873293dbb6c13511b7d147371eb46f3688fd8dbe20600e6a6	variant:sha256:f0ab16867e71b43873293dbb6c13511b7d147371eb46f3688fd8dbe20600e6a6	True	EXACT_NORMALIZED_ALLELE	PHASE1B_EXACT_NORMALIZED_ALLELE_V1	1.0.0	False	False
1181	run-phase1a-60z59-hg002-grch38-v421	event-run-phase1a-60z59-hg002-grch38-v421-record-1285	run-phase1a-ru88n-hg002-grch38-v421	event-run-phase1a-ru88n-hg002-grch38-v421-record-1283	CROSS_RUN_EQUIVALENCE_UNRESOLVED	GRCh38|chr20|10636512|A|C	GRCh38|chr20|10636511|10636512|A|C	GRCh38|chr20|10636511|10636512|A|C	variant:sha256:b3996839d80231eefa1e2d6fc287cea31a925158e00c70985599791c943fa7df	variant:sha256:b3996839d80231eefa1e2d6fc287cea31a925158e00c70985599791c943fa7df	True	EXACT_NORMALIZED_ALLELE	PHASE1B_EXACT_NORMALIZED_ALLELE_V1	1.0.0	False	False
1182	run-phase1a-60z59-hg002-grch38-v421	event-run-phase1a-60z59-hg002-grch38-v421-record-1286	run-phase1a-ru88n-hg002-grch38-v421	event-run-phase1a-ru88n-hg002-grch38-v421-record-1285	CROSS_RUN_EQUIVALENCE_UNRESOLVED	GRCh38|chr20|10637926|T|C	GRCh38|chr20|10637925|10637926|T|C	GRCh38|chr20|10637925|10637926|T|C	variant:sha256:99cba663ab65dc7949477e09f1ffb926951d0d41cb1e3ab499d5c75dd657fe9a	variant:sha256:99cba663ab65dc7949477e09f1ffb926951d0d41cb1e3ab499d5c75dd657fe9a	True	EXACT_NORMALIZED_ALLELE	PHASE1B_EXACT_NORMALIZED_ALLELE_V1	1.0.0	False	False
1183	run-phase1a-60z59-hg002-grch38-v421	event-run-phase1a-60z59-hg002-grch38-v421-record-1287	run-phase1a-ru88n-hg002-grch38-v421	event-run-phase1a-ru88n-hg002-grch38-v421-record-1286	CROSS_RUN_EQUIVALENCE_UNRESOLVED	GRCh38|chr20|10638291|TA|T	GRCh38|chr20|10638290|10638292|TA|T	GRCh38|chr20|10638290|10638292|TA|T	variant:sha256:816ce4abf84a43dc4447084c12bfa259ddcc2c1b913dafdf50d4844a23ea49bd	variant:sha256:816ce4abf84a43dc4447084c12bfa259ddcc2c1b913dafdf50d4844a23ea49bd	True	EXACT_NORMALIZED_ALLELE	PHASE1B_EXACT_NORMALIZED_ALLELE_V1	1.0.0	False	False
1184	run-phase1a-60z59-hg002-grch38-v421	event-run-phase1a-60z59-hg002-grch38-v421-record-1288	run-phase1a-ru88n-hg002-grch38-v421	event-run-phase1a-ru88n-hg002-grch38-v421-record-1287	CROSS_RUN_EQUIVALENCE_UNRESOLVED	GRCh38|chr20|10638366|A|C	GRCh38|chr20|10638365|10638366|A|C	GRCh38|chr20|10638365|10638366|A|C	variant:sha256:5ba3da7874197484c8456afe1a20adb1d5752a074e609d9f050b6971ba62dfc8	variant:sha256:5ba3da7874197484c8456afe1a20adb1d5752a074e609d9f050b6971ba62dfc8	True	EXACT_NORMALIZED_ALLELE	PHASE1B_EXACT_NORMALIZED_ALLELE_V1	1.0.0	False	False
1185	run-phase1a-60z59-hg002-grch38-v421	event-run-phase1a-60z59-hg002-grch38-v421-record-1289	run-phase1a-ru88n-hg002-grch38-v421	event-run-phase1a-ru88n-hg002-grch38-v421-record-1288	CROSS_RUN_EQUIVALENCE_UNRESOLVED	GRCh38|chr20|10638641|C|CA	GRCh38|chr20|10638640|10638641|C|CA	GRCh38|chr20|10638640|10638641|C|CA	variant:sha256:f63702ba45759895b1f689dd8ec3581f60efa5b78cee8cb434a40b2d85693254	variant:sha256:f63702ba45759895b1f689dd8ec3581f60efa5b78cee8cb434a40b2d85693254	True	EXACT_NORMALIZED_ALLELE	PHASE1B_EXACT_NORMALIZED_ALLELE_V1	1.0.0	False	False
1186	run-phase1a-60z59-hg002-grch38-v421	event-run-phase1a-60z59-hg002-grch38-v421-record-1290	run-phase1a-ru88n-hg002-grch38-v421	event-run-phase1a-ru88n-hg002-grch38-v421-record-1289	CROSS_RUN_EQUIVALENCE_UNRESOLVED	GRCh38|chr20|10639011|TA|T	GRCh38|chr20|10639010|10639012|TA|T	GRCh38|chr20|10639010|10639012|TA|T	variant:sha256:b972e3172b74d7810ca76c483023a044d6b7a5b82396fe74cde5e39ac859c60a	variant:sha256:b972e3172b74d7810ca76c483023a044d6b7a5b82396fe74cde5e39ac859c60a	True	EXACT_NORMALIZED_ALLELE	PHASE1B_EXACT_NORMALIZED_ALLELE_V1	1.0.0	False	False
1187	run-phase1a-60z59-hg002-grch38-v421	event-run-phase1a-60z59-hg002-grch38-v421-record-1291	run-phase1a-ru88n-hg002-grch38-v421	event-run-phase1a-ru88n-hg002-grch38-v421-record-1290	CROSS_RUN_EQUIVALENCE_UNRESOLVED	GRCh38|chr20|10639627|G|A	GRCh38|chr20|10639626|10639627|G|A	GRCh38|chr20|10639626|10639627|G|A	variant:sha256:4b9e7932158cdf6d5622f97a54ed953a4d4bfc34fe4281d81928638ae36fbd7f	variant:sha256:4b9e7932158cdf6d5622f97a54ed953a4d4bfc34fe4281d81928638ae36fbd7f	True	EXACT_NORMALIZED_ALLELE	PHASE1B_EXACT_NORMALIZED_ALLELE_V1	1.0.0	False	False
1188	run-phase1a-60z59-hg002-grch38-v421	event-run-phase1a-60z59-hg002-grch38-v421-record-1292	run-phase1a-ru88n-hg002-grch38-v421	event-run-phase1a-ru88n-hg002-grch38-v421-record-1291	CROSS_RUN_EQUIVALENCE_UNRESOLVED	GRCh38|chr20|10639738|A|G	GRCh38|chr20|10639737|10639738|A|G	GRCh38|chr20|10639737|10639738|A|G	variant:sha256:9a1c5e0ec98e630f80d989fce7e5843c55f056b14f725589c1aabe39b0c0ab64	variant:sha256:9a1c5e0ec98e630f80d989fce7e5843c55f056b14f725589c1aabe39b0c0ab64	True	EXACT_NORMALIZED_ALLELE	PHASE1B_EXACT_NORMALIZED_ALLELE_V1	1.0.0	False	False
1189	run-phase1a-60z59-hg002-grch38-v421	event-run-phase1a-60z59-hg002-grch38-v421-record-1293	run-phase1a-ru88n-hg002-grch38-v421	event-run-phase1a-ru88n-hg002-grch38-v421-record-1292	CROSS_RUN_EQUIVALENCE_UNRESOLVED	GRCh38|chr20|10640399|AC|A	GRCh38|chr20|10640398|10640400|AC|A	GRCh38|chr20|10640398|10640400|AC|A	variant:sha256:9277bf9dfa7fa0a738011819aef1f99c9108cd024b6194d7d6dccbbd9ba1258d	variant:sha256:9277bf9dfa7fa0a738011819aef1f99c9108cd024b6194d7d6dccbbd9ba1258d	True	EXACT_NORMALIZED_ALLELE	PHASE1B_EXACT_NORMALIZED_ALLELE_V1	1.0.0	False	False
1190	run-phase1a-60z59-hg002-grch38-v421	event-run-phase1a-60z59-hg002-grch38-v421-record-1294	run-phase1a-ru88n-hg002-grch38-v421	event-run-phase1a-ru88n-hg002-grch38-v421-record-1293	CROSS_RUN_EQUIVALENCE_UNRESOLVED	GRCh38|chr20|10640565|C|T	GRCh38|chr20|10640564|10640565|C|T	GRCh38|chr20|10640564|10640565|C|T	variant:sha256:6dd8d18cb70696c7280add05a5fa5aebe392b755ea18a64f4cc1056ede09c966	variant:sha256:6dd8d18cb70696c7280add05a5fa5aebe392b755ea18a64f4cc1056ede09c966	True	EXACT_NORMALIZED_ALLELE	PHASE1B_EXACT_NORMALIZED_ALLELE_V1	1.0.0	False	False
1191	run-phase1a-60z59-hg002-grch38-v421	event-run-phase1a-60z59-hg002-grch38-v421-record-1295	run-phase1a-ru88n-hg002-grch38-v421	event-run-phase1a-ru88n-hg002-grch38-v421-record-1294	CROSS_RUN_EQUIVALENCE_UNRESOLVED	GRCh38|chr20|10641432|CA|C	GRCh38|chr20|10641431|10641433|CA|C	GRCh38|chr20|10641431|10641433|CA|C	variant:sha256:70e1ad9f2ab1098e093938e4e2c8f3240340f2c7f93ac2af1f1cd194aca1e24f	variant:sha256:70e1ad9f2ab1098e093938e4e2c8f3240340f2c7f93ac2af1f1cd194aca1e24f	True	EXACT_NORMALIZED_ALLELE	PHASE1B_EXACT_NORMALIZED_ALLELE_V1	1.0.0	False	False
1192	run-phase1a-60z59-hg002-grch38-v421	event-run-phase1a-60z59-hg002-grch38-v421-record-1296	run-phase1a-ru88n-hg002-grch38-v421	event-run-phase1a-ru88n-hg002-grch38-v421-record-1295	CROSS_RUN_EQUIVALENCE_UNRESOLVED	GRCh38|chr20|10642387|CT|C	GRCh38|chr20|10642386|10642388|CT|C	GRCh38|chr20|10642386|10642388|CT|C	variant:sha256:b705adf9198f36ad95c4bfcc8f34aceedc678f59347bfa56f817d652ea6093b7	variant:sha256:b705adf9198f36ad95c4bfcc8f34aceedc678f59347bfa56f817d652ea6093b7	True	EXACT_NORMALIZED_ALLELE	PHASE1B_EXACT_NORMALIZED_ALLELE_V1	1.0.0	False	False
1193	run-phase1a-60z59-hg002-grch38-v421	event-run-phase1a-60z59-hg002-grch38-v421-record-1297	run-phase1a-ru88n-hg002-grch38-v421	event-run-phase1a-ru88n-hg002-grch38-v421-record-1296	CROSS_RUN_EQUIVALENCE_UNRESOLVED	GRCh38|chr20|10643398|G|A	GRCh38|chr20|10643397|10643398|G|A	GRCh38|chr20|10643397|10643398|G|A	variant:sha256:0a8fd11ba4f4368ee69f85a0c3c19343a5abcda897529dced0867de01f505188	variant:sha256:0a8fd11ba4f4368ee69f85a0c3c19343a5abcda897529dced0867de01f505188	True	EXACT_NORMALIZED_ALLELE	PHASE1B_EXACT_NORMALIZED_ALLELE_V1	1.0.0	False	False
1194	run-phase1a-60z59-hg002-grch38-v421	event-run-phase1a-60z59-hg002-grch38-v421-record-1298	run-phase1a-ru88n-hg002-grch38-v421	event-run-phase1a-ru88n-hg002-grch38-v421-record-1297	CROSS_RUN_EQUIVALENCE_UNRESOLVED	GRCh38|chr20|10643542|A|G	GRCh38|chr20|10643541|10643542|A|G	GRCh38|chr20|10643541|10643542|A|G	variant:sha256:23ea764a2c668ab01bfc4c5aec8de1d0ad50c228e2e0ebef88281c437fc0db34	variant:sha256:23ea764a2c668ab01bfc4c5aec8de1d0ad50c228e2e0ebef88281c437fc0db34	True	EXACT_NORMALIZED_ALLELE	PHASE1B_EXACT_NORMALIZED_ALLELE_V1	1.0.0	False	False
1195	run-phase1a-60z59-hg002-grch38-v421	event-run-phase1a-60z59-hg002-grch38-v421-record-1301	run-phase1a-ru88n-hg002-grch38-v421	event-run-phase1a-ru88n-hg002-grch38-v421-record-1300	CROSS_RUN_EQUIVALENCE_UNRESOLVED	GRCh38|chr20|10647320|CCA|C	GRCh38|chr20|10647319|10647322|CCA|C	GRCh38|chr20|10647319|10647322|CCA|C	variant:sha256:6efe555fbf926657a31496185ae3fc59f4a7e812eb549ef0c99a9507be581986	variant:sha256:6efe555fbf926657a31496185ae3fc59f4a7e812eb549ef0c99a9507be581986	True	EXACT_NORMALIZED_ALLELE	PHASE1B_EXACT_NORMALIZED_ALLELE_V1	1.0.0	False	False
1196	run-phase1a-60z59-hg002-grch38-v421	event-run-phase1a-60z59-hg002-grch38-v421-record-1302	run-phase1a-ru88n-hg002-grch38-v421	event-run-phase1a-ru88n-hg002-grch38-v421-record-1302	CROSS_RUN_EQUIVALENCE_UNRESOLVED	GRCh38|chr20|10652589|G|A	GRCh38|chr20|10652588|10652589|G|A	GRCh38|chr20|10652588|10652589|G|A	variant:sha256:ca33de3c32e70f60068694e559817e16f21d0f0f264a341d9d244a071370ab6c	variant:sha256:ca33de3c32e70f60068694e559817e16f21d0f0f264a341d9d244a071370ab6c	True	EXACT_NORMALIZED_ALLELE	PHASE1B_EXACT_NORMALIZED_ALLELE_V1	1.0.0	False	False
1197	run-phase1a-60z59-hg002-grch38-v421	event-run-phase1a-60z59-hg002-grch38-v421-record-1303	run-phase1a-ru88n-hg002-grch38-v421	event-run-phase1a-ru88n-hg002-grch38-v421-record-1303	CROSS_RUN_EQUIVALENCE_UNRESOLVED	GRCh38|chr20|10652665|T|C	GRCh38|chr20|10652664|10652665|T|C	GRCh38|chr20|10652664|10652665|T|C	variant:sha256:43bb09a7ffb07a9c5aec113f865d50d98d6cadb3ec786fc65cce9cf358baeb65	variant:sha256:43bb09a7ffb07a9c5aec113f865d50d98d6cadb3ec786fc65cce9cf358baeb65	True	EXACT_NORMALIZED_ALLELE	PHASE1B_EXACT_NORMALIZED_ALLELE_V1	1.0.0	False	False
1198	run-phase1a-60z59-hg002-grch38-v421	event-run-phase1a-60z59-hg002-grch38-v421-record-1304	run-phase1a-ru88n-hg002-grch38-v421	event-run-phase1a-ru88n-hg002-grch38-v421-record-1304	CROSS_RUN_EQUIVALENCE_UNRESOLVED	GRCh38|chr20|10655435|T|C	GRCh38|chr20|10655434|10655435|T|C	GRCh38|chr20|10655434|10655435|T|C	variant:sha256:dbf6ed08d049702ca9600c6ca6fe7f45ce6387082bb9013db2a273944de5d4d5	variant:sha256:dbf6ed08d049702ca9600c6ca6fe7f45ce6387082bb9013db2a273944de5d4d5	True	EXACT_NORMALIZED_ALLELE	PHASE1B_EXACT_NORMALIZED_ALLELE_V1	1.0.0	False	False
1199	run-phase1a-60z59-hg002-grch38-v421	event-run-phase1a-60z59-hg002-grch38-v421-record-1305	run-phase1a-ru88n-hg002-grch38-v421	event-run-phase1a-ru88n-hg002-grch38-v421-record-1305	CROSS_RUN_EQUIVALENCE_UNRESOLVED	GRCh38|chr20|10657350|T|TAAA	GRCh38|chr20|10657349|10657350|T|TAAA	GRCh38|chr20|10657349|10657350|T|TAAA	variant:sha256:b15ccdb06aec54cddb9741d7b436c8f5538c97908e5e83fc66742c4d6ab8f284	variant:sha256:b15ccdb06aec54cddb9741d7b436c8f5538c97908e5e83fc66742c4d6ab8f284	True	EXACT_NORMALIZED_ALLELE	PHASE1B_EXACT_NORMALIZED_ALLELE_V1	1.0.0	False	False
1200	run-phase1a-60z59-hg002-grch38-v421	event-run-phase1a-60z59-hg002-grch38-v421-record-1306	run-phase1a-ru88n-hg002-grch38-v421	event-run-phase1a-ru88n-hg002-grch38-v421-record-1306	CROSS_RUN_EQUIVALENCE_UNRESOLVED	GRCh38|chr20|10657738|A|T	GRCh38|chr20|10657737|10657738|A|T	GRCh38|chr20|10657737|10657738|A|T	variant:sha256:bed60fb8a4ca6c2177dfdb55330eec3050a328885d30540800402fcbda7b86ed	variant:sha256:bed60fb8a4ca6c2177dfdb55330eec3050a328885d30540800402fcbda7b86ed	True	EXACT_NORMALIZED_ALLELE	PHASE1B_EXACT_NORMALIZED_ALLELE_V1	1.0.0	False	False
1201	run-phase1a-60z59-hg002-grch38-v421	event-run-phase1a-60z59-hg002-grch38-v421-record-1307	run-phase1a-ru88n-hg002-grch38-v421	event-run-phase1a-ru88n-hg002-grch38-v421-record-1307	CROSS_RUN_EQUIVALENCE_UNRESOLVED	GRCh38|chr20|10657920|G|A	GRCh38|chr20|10657919|10657920|G|A	GRCh38|chr20|10657919|10657920|G|A	variant:sha256:eb21571581ee3fbb164ed5a224022554018da1a01aeda5e487cbddac6f20009c	variant:sha256:eb21571581ee3fbb164ed5a224022554018da1a01aeda5e487cbddac6f20009c	True	EXACT_NORMALIZED_ALLELE	PHASE1B_EXACT_NORMALIZED_ALLELE_V1	1.0.0	False	False
1202	run-phase1a-60z59-hg002-grch38-v421	event-run-phase1a-60z59-hg002-grch38-v421-record-1308	run-phase1a-ru88n-hg002-grch38-v421	event-run-phase1a-ru88n-hg002-grch38-v421-record-1308	CROSS_RUN_EQUIVALENCE_UNRESOLVED	GRCh38|chr20|10658198|G|T	GRCh38|chr20|10658197|10658198|G|T	GRCh38|chr20|10658197|10658198|G|T	variant:sha256:f02188e3261ae48ff73c6302db9dde2b618df6aa7b20020aa785f67e739de72c	variant:sha256:f02188e3261ae48ff73c6302db9dde2b618df6aa7b20020aa785f67e739de72c	True	EXACT_NORMALIZED_ALLELE	PHASE1B_EXACT_NORMALIZED_ALLELE_V1	1.0.0	False	False
1203	run-phase1a-60z59-hg002-grch38-v421	event-run-phase1a-60z59-hg002-grch38-v421-record-1309	run-phase1a-ru88n-hg002-grch38-v421	event-run-phase1a-ru88n-hg002-grch38-v421-record-1309	CROSS_RUN_EQUIVALENCE_UNRESOLVED	GRCh38|chr20|10658737|A|G	GRCh38|chr20|10658736|10658737|A|G	GRCh38|chr20|10658736|10658737|A|G	variant:sha256:500554633ad2f7ff0c903e1cdba539be8a8dea7fed8e66082a8f908c79a91e30	variant:sha256:500554633ad2f7ff0c903e1cdba539be8a8dea7fed8e66082a8f908c79a91e30	True	EXACT_NORMALIZED_ALLELE	PHASE1B_EXACT_NORMALIZED_ALLELE_V1	1.0.0	False	False
1204	run-phase1a-60z59-hg002-grch38-v421	event-run-phase1a-60z59-hg002-grch38-v421-record-1310	run-phase1a-ru88n-hg002-grch38-v421	event-run-phase1a-ru88n-hg002-grch38-v421-record-1310	CROSS_RUN_EQUIVALENCE_UNRESOLVED	GRCh38|chr20|10658895|G|A	GRCh38|chr20|10658894|10658895|G|A	GRCh38|chr20|10658894|10658895|G|A	variant:sha256:e50c5d1751f3bad9326a79e3a507640cf2bf37ebb243b2ff2958aa83e68cdd3b	variant:sha256:e50c5d1751f3bad9326a79e3a507640cf2bf37ebb243b2ff2958aa83e68cdd3b	True	EXACT_NORMALIZED_ALLELE	PHASE1B_EXACT_NORMALIZED_ALLELE_V1	1.0.0	False	False
1205	run-phase1a-60z59-hg002-grch38-v421	event-run-phase1a-60z59-hg002-grch38-v421-record-1311	run-phase1a-ru88n-hg002-grch38-v421	event-run-phase1a-ru88n-hg002-grch38-v421-record-1311	CROSS_RUN_EQUIVALENCE_UNRESOLVED	GRCh38|chr20|10659275|A|G	GRCh38|chr20|10659274|10659275|A|G	GRCh38|chr20|10659274|10659275|A|G	variant:sha256:709eec718228950c4e1f70fe726b6bca4b4f5989b8d2bbba90a32c837dd55e2b	variant:sha256:709eec718228950c4e1f70fe726b6bca4b4f5989b8d2bbba90a32c837dd55e2b	True	EXACT_NORMALIZED_ALLELE	PHASE1B_EXACT_NORMALIZED_ALLELE_V1	1.0.0	False	False
1206	run-phase1a-60z59-hg002-grch38-v421	event-run-phase1a-60z59-hg002-grch38-v421-record-1312	run-phase1a-ru88n-hg002-grch38-v421	event-run-phase1a-ru88n-hg002-grch38-v421-record-1312	CROSS_RUN_EQUIVALENCE_UNRESOLVED	GRCh38|chr20|10659340|T|C	GRCh38|chr20|10659339|10659340|T|C	GRCh38|chr20|10659339|10659340|T|C	variant:sha256:68909089b6be92343d5f92697f55aa2d9f3b5ca60d63454e76438bc3a24746de	variant:sha256:68909089b6be92343d5f92697f55aa2d9f3b5ca60d63454e76438bc3a24746de	True	EXACT_NORMALIZED_ALLELE	PHASE1B_EXACT_NORMALIZED_ALLELE_V1	1.0.0	False	False
1207	run-phase1a-60z59-hg002-grch38-v421	event-run-phase1a-60z59-hg002-grch38-v421-record-1313	run-phase1a-ru88n-hg002-grch38-v421	event-run-phase1a-ru88n-hg002-grch38-v421-record-1313	CROSS_RUN_EQUIVALENCE_UNRESOLVED	GRCh38|chr20|10659442|A|T	GRCh38|chr20|10659441|10659442|A|T	GRCh38|chr20|10659441|10659442|A|T	variant:sha256:3299cd708613ff985dd8fa7c12699eee3f355dc8d1d27e8a12befd55bcf3c1e4	variant:sha256:3299cd708613ff985dd8fa7c12699eee3f355dc8d1d27e8a12befd55bcf3c1e4	True	EXACT_NORMALIZED_ALLELE	PHASE1B_EXACT_NORMALIZED_ALLELE_V1	1.0.0	False	False
1208	run-phase1a-60z59-hg002-grch38-v421	event-run-phase1a-60z59-hg002-grch38-v421-record-1314	run-phase1a-ru88n-hg002-grch38-v421	event-run-phase1a-ru88n-hg002-grch38-v421-record-1314	CROSS_RUN_EQUIVALENCE_UNRESOLVED	GRCh38|chr20|10659553|A|G	GRCh38|chr20|10659552|10659553|A|G	GRCh38|chr20|10659552|10659553|A|G	variant:sha256:b211a9e6578dc7353aa0795f9e2c3bf499c27dc9497792e21ea1e7cb26f7980b	variant:sha256:b211a9e6578dc7353aa0795f9e2c3bf499c27dc9497792e21ea1e7cb26f7980b	True	EXACT_NORMALIZED_ALLELE	PHASE1B_EXACT_NORMALIZED_ALLELE_V1	1.0.0	False	False
1209	run-phase1a-60z59-hg002-grch38-v421	event-run-phase1a-60z59-hg002-grch38-v421-record-1316	run-phase1a-ru88n-hg002-grch38-v421	event-run-phase1a-ru88n-hg002-grch38-v421-record-1315	CROSS_RUN_EQUIVALENCE_UNRESOLVED	GRCh38|chr20|10659658|C|A	GRCh38|chr20|10659657|10659658|C|A	GRCh38|chr20|10659657|10659658|C|A	variant:sha256:21a86a3d0e111c0b1658752265a1fd929ebb609218b7e97635aa43279b1d681a	variant:sha256:21a86a3d0e111c0b1658752265a1fd929ebb609218b7e97635aa43279b1d681a	True	EXACT_NORMALIZED_ALLELE	PHASE1B_EXACT_NORMALIZED_ALLELE_V1	1.0.0	False	False
1210	run-phase1a-60z59-hg002-grch38-v421	event-run-phase1a-60z59-hg002-grch38-v421-record-1317	run-phase1a-ru88n-hg002-grch38-v421	event-run-phase1a-ru88n-hg002-grch38-v421-record-1316	CROSS_RUN_EQUIVALENCE_UNRESOLVED	GRCh38|chr20|10659796|T|A	GRCh38|chr20|10659795|10659796|T|A	GRCh38|chr20|10659795|10659796|T|A	variant:sha256:37e0fdb3686ccbb516867625ed806f0d092e0291d044859080576fbbb20f3bea	variant:sha256:37e0fdb3686ccbb516867625ed806f0d092e0291d044859080576fbbb20f3bea	True	EXACT_NORMALIZED_ALLELE	PHASE1B_EXACT_NORMALIZED_ALLELE_V1	1.0.0	False	False
1211	run-phase1a-60z59-hg002-grch38-v421	event-run-phase1a-60z59-hg002-grch38-v421-record-1318	run-phase1a-ru88n-hg002-grch38-v421	event-run-phase1a-ru88n-hg002-grch38-v421-record-1317	CROSS_RUN_EQUIVALENCE_UNRESOLVED	GRCh38|chr20|10660152|A|G	GRCh38|chr20|10660151|10660152|A|G	GRCh38|chr20|10660151|10660152|A|G	variant:sha256:1d430f4e3a9bb2d5ee8fd05e52f251d8e8017629468c88e569da67b273625499	variant:sha256:1d430f4e3a9bb2d5ee8fd05e52f251d8e8017629468c88e569da67b273625499	True	EXACT_NORMALIZED_ALLELE	PHASE1B_EXACT_NORMALIZED_ALLELE_V1	1.0.0	False	False
1212	run-phase1a-60z59-hg002-grch38-v421	event-run-phase1a-60z59-hg002-grch38-v421-record-1319	run-phase1a-ru88n-hg002-grch38-v421	event-run-phase1a-ru88n-hg002-grch38-v421-record-1318	CROSS_RUN_EQUIVALENCE_UNRESOLVED	GRCh38|chr20|10660229|A|G	GRCh38|chr20|10660228|10660229|A|G	GRCh38|chr20|10660228|10660229|A|G	variant:sha256:c2b396386c65f15efd7e642139c7fc69070eb18b2601ba0f3db211d847ef836f	variant:sha256:c2b396386c65f15efd7e642139c7fc69070eb18b2601ba0f3db211d847ef836f	True	EXACT_NORMALIZED_ALLELE	PHASE1B_EXACT_NORMALIZED_ALLELE_V1	1.0.0	False	False
1213	run-phase1a-60z59-hg002-grch38-v421	event-run-phase1a-60z59-hg002-grch38-v421-record-1320	run-phase1a-ru88n-hg002-grch38-v421	event-run-phase1a-ru88n-hg002-grch38-v421-record-1319	CROSS_RUN_EQUIVALENCE_UNRESOLVED	GRCh38|chr20|10660317|TGCAG|T	GRCh38|chr20|10660316|10660321|TGCAG|T	GRCh38|chr20|10660316|10660321|TGCAG|T	variant:sha256:d26ca2da2bc731592708005ef88f73f3748eecdbe71ca9658ad0998a8c72a125	variant:sha256:d26ca2da2bc731592708005ef88f73f3748eecdbe71ca9658ad0998a8c72a125	True	EXACT_NORMALIZED_ALLELE	PHASE1B_EXACT_NORMALIZED_ALLELE_V1	1.0.0	False	False
1214	run-phase1a-60z59-hg002-grch38-v421	event-run-phase1a-60z59-hg002-grch38-v421-record-1321	run-phase1a-ru88n-hg002-grch38-v421	event-run-phase1a-ru88n-hg002-grch38-v421-record-1320	CROSS_RUN_EQUIVALENCE_UNRESOLVED	GRCh38|chr20|10660580|T|C	GRCh38|chr20|10660579|10660580|T|C	GRCh38|chr20|10660579|10660580|T|C	variant:sha256:728c0e11edf1e025a2e192c677967bd6f256b1e4ac33ff214b60d8b919491190	variant:sha256:728c0e11edf1e025a2e192c677967bd6f256b1e4ac33ff214b60d8b919491190	True	EXACT_NORMALIZED_ALLELE	PHASE1B_EXACT_NORMALIZED_ALLELE_V1	1.0.0	False	False
1215	run-phase1a-60z59-hg002-grch38-v421	event-run-phase1a-60z59-hg002-grch38-v421-record-1322	run-phase1a-ru88n-hg002-grch38-v421	event-run-phase1a-ru88n-hg002-grch38-v421-record-1321	CROSS_RUN_EQUIVALENCE_UNRESOLVED	GRCh38|chr20|10660985|C|A	GRCh38|chr20|10660984|10660985|C|A	GRCh38|chr20|10660984|10660985|C|A	variant:sha256:876726720194387bfefc0127ddf54506e788bafef390a2a2a111b0e963360423	variant:sha256:876726720194387bfefc0127ddf54506e788bafef390a2a2a111b0e963360423	True	EXACT_NORMALIZED_ALLELE	PHASE1B_EXACT_NORMALIZED_ALLELE_V1	1.0.0	False	False
1216	run-phase1a-60z59-hg002-grch38-v421	event-run-phase1a-60z59-hg002-grch38-v421-record-1323	run-phase1a-ru88n-hg002-grch38-v421	event-run-phase1a-ru88n-hg002-grch38-v421-record-1322	CROSS_RUN_EQUIVALENCE_UNRESOLVED	GRCh38|chr20|10661481|A|G	GRCh38|chr20|10661480|10661481|A|G	GRCh38|chr20|10661480|10661481|A|G	variant:sha256:28c4b7478d63a4a1c031569c246df33a4d461999a93acdacca841287ccad227a	variant:sha256:28c4b7478d63a4a1c031569c246df33a4d461999a93acdacca841287ccad227a	True	EXACT_NORMALIZED_ALLELE	PHASE1B_EXACT_NORMALIZED_ALLELE_V1	1.0.0	False	False
1217	run-phase1a-60z59-hg002-grch38-v421	event-run-phase1a-60z59-hg002-grch38-v421-record-1324	run-phase1a-ru88n-hg002-grch38-v421	event-run-phase1a-ru88n-hg002-grch38-v421-record-1323	CROSS_RUN_EQUIVALENCE_UNRESOLVED	GRCh38|chr20|10663033|CA|C	GRCh38|chr20|10663032|10663034|CA|C	GRCh38|chr20|10663032|10663034|CA|C	variant:sha256:a9d93dce09a8e7ee8a90820c4170cdb146d29fd0f7a54dac7e1be85438142c0f	variant:sha256:a9d93dce09a8e7ee8a90820c4170cdb146d29fd0f7a54dac7e1be85438142c0f	True	EXACT_NORMALIZED_ALLELE	PHASE1B_EXACT_NORMALIZED_ALLELE_V1	1.0.0	False	False
1218	run-phase1a-60z59-hg002-grch38-v421	event-run-phase1a-60z59-hg002-grch38-v421-record-1325	run-phase1a-ru88n-hg002-grch38-v421	event-run-phase1a-ru88n-hg002-grch38-v421-record-1324	CROSS_RUN_EQUIVALENCE_UNRESOLVED	GRCh38|chr20|10663088|C|CA	GRCh38|chr20|10663087|10663088|C|CA	GRCh38|chr20|10663087|10663088|C|CA	variant:sha256:6e8bce82a210ad503f8fca62e43617dc46b0e0215ee6a642cd5448b47b25a1ff	variant:sha256:6e8bce82a210ad503f8fca62e43617dc46b0e0215ee6a642cd5448b47b25a1ff	True	EXACT_NORMALIZED_ALLELE	PHASE1B_EXACT_NORMALIZED_ALLELE_V1	1.0.0	False	False
1219	run-phase1a-60z59-hg002-grch38-v421	event-run-phase1a-60z59-hg002-grch38-v421-record-1326	run-phase1a-ru88n-hg002-grch38-v421	event-run-phase1a-ru88n-hg002-grch38-v421-record-1325	CROSS_RUN_EQUIVALENCE_UNRESOLVED	GRCh38|chr20|10663202|A|C	GRCh38|chr20|10663201|10663202|A|C	GRCh38|chr20|10663201|10663202|A|C	variant:sha256:13c854a5d6e93ea6a9f638e256e23830cb878495b5729d2258585d7ad57d193e	variant:sha256:13c854a5d6e93ea6a9f638e256e23830cb878495b5729d2258585d7ad57d193e	True	EXACT_NORMALIZED_ALLELE	PHASE1B_EXACT_NORMALIZED_ALLELE_V1	1.0.0	False	False
1220	run-phase1a-60z59-hg002-grch38-v421	event-run-phase1a-60z59-hg002-grch38-v421-record-1327	run-phase1a-ru88n-hg002-grch38-v421	event-run-phase1a-ru88n-hg002-grch38-v421-record-1326	CROSS_RUN_EQUIVALENCE_UNRESOLVED	GRCh38|chr20|10663304|G|T	GRCh38|chr20|10663303|10663304|G|T	GRCh38|chr20|10663303|10663304|G|T	variant:sha256:6a670d0a3d6374c47a4c05ca2df0c157aac49273131057c41032dc5a04997f40	variant:sha256:6a670d0a3d6374c47a4c05ca2df0c157aac49273131057c41032dc5a04997f40	True	EXACT_NORMALIZED_ALLELE	PHASE1B_EXACT_NORMALIZED_ALLELE_V1	1.0.0	False	False
1221	run-phase1a-60z59-hg002-grch38-v421	event-run-phase1a-60z59-hg002-grch38-v421-record-1328	run-phase1a-ru88n-hg002-grch38-v421	event-run-phase1a-ru88n-hg002-grch38-v421-record-1327	CROSS_RUN_EQUIVALENCE_UNRESOLVED	GRCh38|chr20|10663510|A|G	GRCh38|chr20|10663509|10663510|A|G	GRCh38|chr20|10663509|10663510|A|G	variant:sha256:2686d9f71784beb4a393a3797617d7ddd61041cdda022da400ffd0b22d10ab13	variant:sha256:2686d9f71784beb4a393a3797617d7ddd61041cdda022da400ffd0b22d10ab13	True	EXACT_NORMALIZED_ALLELE	PHASE1B_EXACT_NORMALIZED_ALLELE_V1	1.0.0	False	False
1222	run-phase1a-60z59-hg002-grch38-v421	event-run-phase1a-60z59-hg002-grch38-v421-record-1329	run-phase1a-ru88n-hg002-grch38-v421	event-run-phase1a-ru88n-hg002-grch38-v421-record-1328	CROSS_RUN_EQUIVALENCE_UNRESOLVED	GRCh38|chr20|10664373|A|AAC	GRCh38|chr20|10664372|10664373|A|AAC	GRCh38|chr20|10664372|10664373|A|AAC	variant:sha256:77de161ffef4d7dab0ed4611f7522cd8c09b77a925e0513681bb86d99633bee6	variant:sha256:77de161ffef4d7dab0ed4611f7522cd8c09b77a925e0513681bb86d99633bee6	True	EXACT_NORMALIZED_ALLELE	PHASE1B_EXACT_NORMALIZED_ALLELE_V1	1.0.0	False	False
1223	run-phase1a-60z59-hg002-grch38-v421	event-run-phase1a-60z59-hg002-grch38-v421-record-1330	run-phase1a-ru88n-hg002-grch38-v421	event-run-phase1a-ru88n-hg002-grch38-v421-record-1329	CROSS_RUN_EQUIVALENCE_UNRESOLVED	GRCh38|chr20|10664549|A|G	GRCh38|chr20|10664548|10664549|A|G	GRCh38|chr20|10664548|10664549|A|G	variant:sha256:d3b91dc25e454ab98baf97691e0cafcc9c72d37c0da5cc9af6b154212ecc042e	variant:sha256:d3b91dc25e454ab98baf97691e0cafcc9c72d37c0da5cc9af6b154212ecc042e	True	EXACT_NORMALIZED_ALLELE	PHASE1B_EXACT_NORMALIZED_ALLELE_V1	1.0.0	False	False
1224	run-phase1a-60z59-hg002-grch38-v421	event-run-phase1a-60z59-hg002-grch38-v421-record-1331	run-phase1a-ru88n-hg002-grch38-v421	event-run-phase1a-ru88n-hg002-grch38-v421-record-1330	CROSS_RUN_EQUIVALENCE_UNRESOLVED	GRCh38|chr20|10666023|T|G	GRCh38|chr20|10666022|10666023|T|G	GRCh38|chr20|10666022|10666023|T|G	variant:sha256:b0aa4ac3fcd187436a44c782c3bf61fec924455c492ee6a916037d1fafef17fa	variant:sha256:b0aa4ac3fcd187436a44c782c3bf61fec924455c492ee6a916037d1fafef17fa	True	EXACT_NORMALIZED_ALLELE	PHASE1B_EXACT_NORMALIZED_ALLELE_V1	1.0.0	False	False
1225	run-phase1a-60z59-hg002-grch38-v421	event-run-phase1a-60z59-hg002-grch38-v421-record-1332	run-phase1a-ru88n-hg002-grch38-v421	event-run-phase1a-ru88n-hg002-grch38-v421-record-1331	CROSS_RUN_EQUIVALENCE_UNRESOLVED	GRCh38|chr20|10667303|A|G	GRCh38|chr20|10667302|10667303|A|G	GRCh38|chr20|10667302|10667303|A|G	variant:sha256:a2aab66c9ffaa83624050ca922bcaa3de71507ac1be31312c22f7ded1a3f4603	variant:sha256:a2aab66c9ffaa83624050ca922bcaa3de71507ac1be31312c22f7ded1a3f4603	True	EXACT_NORMALIZED_ALLELE	PHASE1B_EXACT_NORMALIZED_ALLELE_V1	1.0.0	False	False
1226	run-phase1a-60z59-hg002-grch38-v421	event-run-phase1a-60z59-hg002-grch38-v421-record-1334	run-phase1a-ru88n-hg002-grch38-v421	event-run-phase1a-ru88n-hg002-grch38-v421-record-1334	CROSS_RUN_EQUIVALENCE_UNRESOLVED	GRCh38|chr20|10669037|A|AAAT	GRCh38|chr20|10669036|10669037|A|AAAT	GRCh38|chr20|10669036|10669037|A|AAAT	variant:sha256:11e802be86647fc7b62ac182e7006a8d735f613a97336954df81a6d85ffd0a92	variant:sha256:11e802be86647fc7b62ac182e7006a8d735f613a97336954df81a6d85ffd0a92	True	EXACT_NORMALIZED_ALLELE	PHASE1B_EXACT_NORMALIZED_ALLELE_V1	1.0.0	False	False
1227	run-phase1a-60z59-hg002-grch38-v421	event-run-phase1a-60z59-hg002-grch38-v421-record-1335	run-phase1a-ru88n-hg002-grch38-v421	event-run-phase1a-ru88n-hg002-grch38-v421-record-1336	CROSS_RUN_EQUIVALENCE_UNRESOLVED	GRCh38|chr20|10673091|G|A	GRCh38|chr20|10673090|10673091|G|A	GRCh38|chr20|10673090|10673091|G|A	variant:sha256:1548ea1d88364b4afc5e360c5b25ab126e22e334d2c6aabf2b6286deb11b70aa	variant:sha256:1548ea1d88364b4afc5e360c5b25ab126e22e334d2c6aabf2b6286deb11b70aa	True	EXACT_NORMALIZED_ALLELE	PHASE1B_EXACT_NORMALIZED_ALLELE_V1	1.0.0	False	False
1228	run-phase1a-60z59-hg002-grch38-v421	event-run-phase1a-60z59-hg002-grch38-v421-record-1336	run-phase1a-ru88n-hg002-grch38-v421	event-run-phase1a-ru88n-hg002-grch38-v421-record-1337	CROSS_RUN_EQUIVALENCE_UNRESOLVED	GRCh38|chr20|10673166|C|CA	GRCh38|chr20|10673165|10673166|C|CA	GRCh38|chr20|10673165|10673166|C|CA	variant:sha256:0c166857aab11747ab216d9cb7a269939241f2ad45ca210f9405553acb173845	variant:sha256:0c166857aab11747ab216d9cb7a269939241f2ad45ca210f9405553acb173845	True	EXACT_NORMALIZED_ALLELE	PHASE1B_EXACT_NORMALIZED_ALLELE_V1	1.0.0	False	False
1229	run-phase1a-60z59-hg002-grch38-v421	event-run-phase1a-60z59-hg002-grch38-v421-record-1337	run-phase1a-ru88n-hg002-grch38-v421	event-run-phase1a-ru88n-hg002-grch38-v421-record-1338	CROSS_RUN_EQUIVALENCE_UNRESOLVED	GRCh38|chr20|10677154|CTG|C	GRCh38|chr20|10677153|10677156|CTG|C	GRCh38|chr20|10677153|10677156|CTG|C	variant:sha256:fce35a52c3f002f62487268f70acaf10e37ceeab3668c97186f10ec73c373f99	variant:sha256:fce35a52c3f002f62487268f70acaf10e37ceeab3668c97186f10ec73c373f99	True	EXACT_NORMALIZED_ALLELE	PHASE1B_EXACT_NORMALIZED_ALLELE_V1	1.0.0	False	False
1230	run-phase1a-60z59-hg002-grch38-v421	event-run-phase1a-60z59-hg002-grch38-v421-record-1338	run-phase1a-ru88n-hg002-grch38-v421	event-run-phase1a-ru88n-hg002-grch38-v421-record-1339	CROSS_RUN_EQUIVALENCE_UNRESOLVED	GRCh38|chr20|10684675|T|C	GRCh38|chr20|10684674|10684675|T|C	GRCh38|chr20|10684674|10684675|T|C	variant:sha256:43e3a6132132c993aa5c165504b48f9c4265f95f0fdceb01ffa7d151c9d269aa	variant:sha256:43e3a6132132c993aa5c165504b48f9c4265f95f0fdceb01ffa7d151c9d269aa	True	EXACT_NORMALIZED_ALLELE	PHASE1B_EXACT_NORMALIZED_ALLELE_V1	1.0.0	False	False
1231	run-phase1a-60z59-hg002-grch38-v421	event-run-phase1a-60z59-hg002-grch38-v421-record-1339	run-phase1a-ru88n-hg002-grch38-v421	event-run-phase1a-ru88n-hg002-grch38-v421-record-1340	CROSS_RUN_EQUIVALENCE_UNRESOLVED	GRCh38|chr20|10694849|A|G	GRCh38|chr20|10694848|10694849|A|G	GRCh38|chr20|10694848|10694849|A|G	variant:sha256:1a0db7313274c7766663bdcc785392dc09c4eb09860a05ae0e9a09c403137e5a	variant:sha256:1a0db7313274c7766663bdcc785392dc09c4eb09860a05ae0e9a09c403137e5a	True	EXACT_NORMALIZED_ALLELE	PHASE1B_EXACT_NORMALIZED_ALLELE_V1	1.0.0	False	False
1232	run-phase1a-60z59-hg002-grch38-v421	event-run-phase1a-60z59-hg002-grch38-v421-record-1340	run-phase1a-ru88n-hg002-grch38-v421	event-run-phase1a-ru88n-hg002-grch38-v421-record-1342	CROSS_RUN_EQUIVALENCE_UNRESOLVED	GRCh38|chr20|10703018|A|T	GRCh38|chr20|10703017|10703018|A|T	GRCh38|chr20|10703017|10703018|A|T	variant:sha256:e81e6af83d7a5d29dbe9768c1cbdfe226310fa2bce44191f56cbd477ff106a3b	variant:sha256:e81e6af83d7a5d29dbe9768c1cbdfe226310fa2bce44191f56cbd477ff106a3b	True	EXACT_NORMALIZED_ALLELE	PHASE1B_EXACT_NORMALIZED_ALLELE_V1	1.0.0	False	False
1233	run-phase1a-60z59-hg002-grch38-v421	event-run-phase1a-60z59-hg002-grch38-v421-record-1344	run-phase1a-ru88n-hg002-grch38-v421	event-run-phase1a-ru88n-hg002-grch38-v421-record-1344	CROSS_RUN_EQUIVALENCE_UNRESOLVED	GRCh38|chr20|10710418|C|T	GRCh38|chr20|10710417|10710418|C|T	GRCh38|chr20|10710417|10710418|C|T	variant:sha256:c4ec68833e7cf4f4d8bdeceb59a077ff8a9a80f13d00ff0d7431d50f8367d86b	variant:sha256:c4ec68833e7cf4f4d8bdeceb59a077ff8a9a80f13d00ff0d7431d50f8367d86b	True	EXACT_NORMALIZED_ALLELE	PHASE1B_EXACT_NORMALIZED_ALLELE_V1	1.0.0	False	False
1234	run-phase1a-60z59-hg002-grch38-v421	event-run-phase1a-60z59-hg002-grch38-v421-record-1345	run-phase1a-ru88n-hg002-grch38-v421	event-run-phase1a-ru88n-hg002-grch38-v421-record-1345	CROSS_RUN_EQUIVALENCE_UNRESOLVED	GRCh38|chr20|10717399|G|A	GRCh38|chr20|10717398|10717399|G|A	GRCh38|chr20|10717398|10717399|G|A	variant:sha256:2d12ee689eac53411bb5a19978447735b37375852ced26f79612c7f8fdce3681	variant:sha256:2d12ee689eac53411bb5a19978447735b37375852ced26f79612c7f8fdce3681	True	EXACT_NORMALIZED_ALLELE	PHASE1B_EXACT_NORMALIZED_ALLELE_V1	1.0.0	False	False
1235	run-phase1a-60z59-hg002-grch38-v421	event-run-phase1a-60z59-hg002-grch38-v421-record-1347	run-phase1a-ru88n-hg002-grch38-v421	event-run-phase1a-ru88n-hg002-grch38-v421-record-1346	CROSS_RUN_EQUIVALENCE_UNRESOLVED	GRCh38|chr20|10718916|G|A	GRCh38|chr20|10718915|10718916|G|A	GRCh38|chr20|10718915|10718916|G|A	variant:sha256:5a3c6eefdaa6b7a86dd911d7b68ca0c23dcbe71fa6e5f0888603e5e00278cd36	variant:sha256:5a3c6eefdaa6b7a86dd911d7b68ca0c23dcbe71fa6e5f0888603e5e00278cd36	True	EXACT_NORMALIZED_ALLELE	PHASE1B_EXACT_NORMALIZED_ALLELE_V1	1.0.0	False	False
1236	run-phase1a-60z59-hg002-grch38-v421	event-run-phase1a-60z59-hg002-grch38-v421-record-1348	run-phase1a-ru88n-hg002-grch38-v421	event-run-phase1a-ru88n-hg002-grch38-v421-record-1347	CROSS_RUN_EQUIVALENCE_UNRESOLVED	GRCh38|chr20|10720946|G|T	GRCh38|chr20|10720945|10720946|G|T	GRCh38|chr20|10720945|10720946|G|T	variant:sha256:2d8a8b3723b3cb8b36112ff8c3f945d924d96eee419276887de949a6354d90f8	variant:sha256:2d8a8b3723b3cb8b36112ff8c3f945d924d96eee419276887de949a6354d90f8	True	EXACT_NORMALIZED_ALLELE	PHASE1B_EXACT_NORMALIZED_ALLELE_V1	1.0.0	False	False
1237	run-phase1a-60z59-hg002-grch38-v421	event-run-phase1a-60z59-hg002-grch38-v421-record-1349	run-phase1a-ru88n-hg002-grch38-v421	event-run-phase1a-ru88n-hg002-grch38-v421-record-1348	CROSS_RUN_EQUIVALENCE_UNRESOLVED	GRCh38|chr20|10723345|A|G	GRCh38|chr20|10723344|10723345|A|G	GRCh38|chr20|10723344|10723345|A|G	variant:sha256:85fbd96849371037e0f613286d7eed3a9fc5abcbb810e26597b55a6dace3d0b2	variant:sha256:85fbd96849371037e0f613286d7eed3a9fc5abcbb810e26597b55a6dace3d0b2	True	EXACT_NORMALIZED_ALLELE	PHASE1B_EXACT_NORMALIZED_ALLELE_V1	1.0.0	False	False
1238	run-phase1a-60z59-hg002-grch38-v421	event-run-phase1a-60z59-hg002-grch38-v421-record-1350	run-phase1a-ru88n-hg002-grch38-v421	event-run-phase1a-ru88n-hg002-grch38-v421-record-1349	CROSS_RUN_EQUIVALENCE_UNRESOLVED	GRCh38|chr20|10727378|C|G	GRCh38|chr20|10727377|10727378|C|G	GRCh38|chr20|10727377|10727378|C|G	variant:sha256:cc1db636b8401a7486c36e65318b133f7d0c1335d9b084394b19be97ccad91d1	variant:sha256:cc1db636b8401a7486c36e65318b133f7d0c1335d9b084394b19be97ccad91d1	True	EXACT_NORMALIZED_ALLELE	PHASE1B_EXACT_NORMALIZED_ALLELE_V1	1.0.0	False	False
1239	run-phase1a-60z59-hg002-grch38-v421	event-run-phase1a-60z59-hg002-grch38-v421-record-1351	run-phase1a-ru88n-hg002-grch38-v421	event-run-phase1a-ru88n-hg002-grch38-v421-record-1350	CROSS_RUN_EQUIVALENCE_UNRESOLVED	GRCh38|chr20|10728830|C|G	GRCh38|chr20|10728829|10728830|C|G	GRCh38|chr20|10728829|10728830|C|G	variant:sha256:7d0febf07eb3d6b5760e16a0c0c64d90ddde599e3157fa7d0d7b1927223900de	variant:sha256:7d0febf07eb3d6b5760e16a0c0c64d90ddde599e3157fa7d0d7b1927223900de	True	EXACT_NORMALIZED_ALLELE	PHASE1B_EXACT_NORMALIZED_ALLELE_V1	1.0.0	False	False
1240	run-phase1a-60z59-hg002-grch38-v421	event-run-phase1a-60z59-hg002-grch38-v421-record-1352	run-phase1a-ru88n-hg002-grch38-v421	event-run-phase1a-ru88n-hg002-grch38-v421-record-1351	CROSS_RUN_EQUIVALENCE_UNRESOLVED	GRCh38|chr20|10731402|C|G	GRCh38|chr20|10731401|10731402|C|G	GRCh38|chr20|10731401|10731402|C|G	variant:sha256:9fc4725b2dc6c22564bf01f1978fed02459b3cf0bad2e19bd488ac3b6c88dbeb	variant:sha256:9fc4725b2dc6c22564bf01f1978fed02459b3cf0bad2e19bd488ac3b6c88dbeb	True	EXACT_NORMALIZED_ALLELE	PHASE1B_EXACT_NORMALIZED_ALLELE_V1	1.0.0	False	False
1241	run-phase1a-60z59-hg002-grch38-v421	event-run-phase1a-60z59-hg002-grch38-v421-record-1353	run-phase1a-ru88n-hg002-grch38-v421	event-run-phase1a-ru88n-hg002-grch38-v421-record-1352	CROSS_RUN_EQUIVALENCE_UNRESOLVED	GRCh38|chr20|10731737|G|T	GRCh38|chr20|10731736|10731737|G|T	GRCh38|chr20|10731736|10731737|G|T	variant:sha256:990059c5edeafeb9aa13be2343f98e4c9858a7503cc4999fc95233e9b973297c	variant:sha256:990059c5edeafeb9aa13be2343f98e4c9858a7503cc4999fc95233e9b973297c	True	EXACT_NORMALIZED_ALLELE	PHASE1B_EXACT_NORMALIZED_ALLELE_V1	1.0.0	False	False
1242	run-phase1a-60z59-hg002-grch38-v421	event-run-phase1a-60z59-hg002-grch38-v421-record-1354	run-phase1a-ru88n-hg002-grch38-v421	event-run-phase1a-ru88n-hg002-grch38-v421-record-1353	CROSS_RUN_EQUIVALENCE_UNRESOLVED	GRCh38|chr20|10732162|T|C	GRCh38|chr20|10732161|10732162|T|C	GRCh38|chr20|10732161|10732162|T|C	variant:sha256:9f5a0c1b8628b09a0eed6a8c3770b3edc2cc822b9ab567c1751423a2dc27476f	variant:sha256:9f5a0c1b8628b09a0eed6a8c3770b3edc2cc822b9ab567c1751423a2dc27476f	True	EXACT_NORMALIZED_ALLELE	PHASE1B_EXACT_NORMALIZED_ALLELE_V1	1.0.0	False	False
1243	run-phase1a-60z59-hg002-grch38-v421	event-run-phase1a-60z59-hg002-grch38-v421-record-1356	run-phase1a-ru88n-hg002-grch38-v421	event-run-phase1a-ru88n-hg002-grch38-v421-record-1354	CROSS_RUN_EQUIVALENCE_UNRESOLVED	GRCh38|chr20|10733968|T|C	GRCh38|chr20|10733967|10733968|T|C	GRCh38|chr20|10733967|10733968|T|C	variant:sha256:263cb19c1fbedbe1862a277aa1820dc926e01e9a91237003150192190203eed8	variant:sha256:263cb19c1fbedbe1862a277aa1820dc926e01e9a91237003150192190203eed8	True	EXACT_NORMALIZED_ALLELE	PHASE1B_EXACT_NORMALIZED_ALLELE_V1	1.0.0	False	False
1244	run-phase1a-60z59-hg002-grch38-v421	event-run-phase1a-60z59-hg002-grch38-v421-record-1357	run-phase1a-ru88n-hg002-grch38-v421	event-run-phase1a-ru88n-hg002-grch38-v421-record-1355	CROSS_RUN_EQUIVALENCE_UNRESOLVED	GRCh38|chr20|10734596|C|T	GRCh38|chr20|10734595|10734596|C|T	GRCh38|chr20|10734595|10734596|C|T	variant:sha256:52ede18f73e2f9fb73d026f5bad64b1fba8cc63b7d1b5bfaac792502b3756d92	variant:sha256:52ede18f73e2f9fb73d026f5bad64b1fba8cc63b7d1b5bfaac792502b3756d92	True	EXACT_NORMALIZED_ALLELE	PHASE1B_EXACT_NORMALIZED_ALLELE_V1	1.0.0	False	False
1245	run-phase1a-60z59-hg002-grch38-v421	event-run-phase1a-60z59-hg002-grch38-v421-record-1358	run-phase1a-ru88n-hg002-grch38-v421	event-run-phase1a-ru88n-hg002-grch38-v421-record-1356	CROSS_RUN_EQUIVALENCE_UNRESOLVED	GRCh38|chr20|10735802|C|A	GRCh38|chr20|10735801|10735802|C|A	GRCh38|chr20|10735801|10735802|C|A	variant:sha256:6398f86bf51d5cfaa2e184d917ea275553ca457015ba6b0a2fee034d302fc7ff	variant:sha256:6398f86bf51d5cfaa2e184d917ea275553ca457015ba6b0a2fee034d302fc7ff	True	EXACT_NORMALIZED_ALLELE	PHASE1B_EXACT_NORMALIZED_ALLELE_V1	1.0.0	False	False
1246	run-phase1a-60z59-hg002-grch38-v421	event-run-phase1a-60z59-hg002-grch38-v421-record-1359	run-phase1a-ru88n-hg002-grch38-v421	event-run-phase1a-ru88n-hg002-grch38-v421-record-1357	CROSS_RUN_EQUIVALENCE_UNRESOLVED	GRCh38|chr20|10736109|G|A	GRCh38|chr20|10736108|10736109|G|A	GRCh38|chr20|10736108|10736109|G|A	variant:sha256:fcc6a371bbbc13da8935832f8e27330267c10b32afa75e2cade9791f06fec5e1	variant:sha256:fcc6a371bbbc13da8935832f8e27330267c10b32afa75e2cade9791f06fec5e1	True	EXACT_NORMALIZED_ALLELE	PHASE1B_EXACT_NORMALIZED_ALLELE_V1	1.0.0	False	False
1247	run-phase1a-60z59-hg002-grch38-v421	event-run-phase1a-60z59-hg002-grch38-v421-record-1360	run-phase1a-ru88n-hg002-grch38-v421	event-run-phase1a-ru88n-hg002-grch38-v421-record-1358	CROSS_RUN_EQUIVALENCE_UNRESOLVED	GRCh38|chr20|10739581|G|A	GRCh38|chr20|10739580|10739581|G|A	GRCh38|chr20|10739580|10739581|G|A	variant:sha256:892acf07e849af775f07ef6692a0b361f8559864f7ea1483efc563935e0f87c8	variant:sha256:892acf07e849af775f07ef6692a0b361f8559864f7ea1483efc563935e0f87c8	True	EXACT_NORMALIZED_ALLELE	PHASE1B_EXACT_NORMALIZED_ALLELE_V1	1.0.0	False	False
1248	run-phase1a-60z59-hg002-grch38-v421	event-run-phase1a-60z59-hg002-grch38-v421-record-1361	run-phase1a-ru88n-hg002-grch38-v421	event-run-phase1a-ru88n-hg002-grch38-v421-record-1359	CROSS_RUN_EQUIVALENCE_UNRESOLVED	GRCh38|chr20|10740525|A|G	GRCh38|chr20|10740524|10740525|A|G	GRCh38|chr20|10740524|10740525|A|G	variant:sha256:cf1a0ecedfb35e504eb9d3b0bbcded8909bd8139883822d762de304ffd3268db	variant:sha256:cf1a0ecedfb35e504eb9d3b0bbcded8909bd8139883822d762de304ffd3268db	True	EXACT_NORMALIZED_ALLELE	PHASE1B_EXACT_NORMALIZED_ALLELE_V1	1.0.0	False	False
1249	run-phase1a-60z59-hg002-grch38-v421	event-run-phase1a-60z59-hg002-grch38-v421-record-1362	run-phase1a-ru88n-hg002-grch38-v421	event-run-phase1a-ru88n-hg002-grch38-v421-record-1360	CROSS_RUN_EQUIVALENCE_UNRESOLVED	GRCh38|chr20|10743989|T|C	GRCh38|chr20|10743988|10743989|T|C	GRCh38|chr20|10743988|10743989|T|C	variant:sha256:e868a6bf084206b8070b9909be71fbecb08e2f3b25b1dd69d6f81dd6731f7f18	variant:sha256:e868a6bf084206b8070b9909be71fbecb08e2f3b25b1dd69d6f81dd6731f7f18	True	EXACT_NORMALIZED_ALLELE	PHASE1B_EXACT_NORMALIZED_ALLELE_V1	1.0.0	False	False
1250	run-phase1a-60z59-hg002-grch38-v421	event-run-phase1a-60z59-hg002-grch38-v421-record-1363	run-phase1a-ru88n-hg002-grch38-v421	event-run-phase1a-ru88n-hg002-grch38-v421-record-1361	CROSS_RUN_EQUIVALENCE_UNRESOLVED	GRCh38|chr20|10745176|C|T	GRCh38|chr20|10745175|10745176|C|T	GRCh38|chr20|10745175|10745176|C|T	variant:sha256:d1dcfb66621347a1fe2052e9b93aa100ebf023932e65b17c3504753e09c2ab90	variant:sha256:d1dcfb66621347a1fe2052e9b93aa100ebf023932e65b17c3504753e09c2ab90	True	EXACT_NORMALIZED_ALLELE	PHASE1B_EXACT_NORMALIZED_ALLELE_V1	1.0.0	False	False
1251	run-phase1a-60z59-hg002-grch38-v421	event-run-phase1a-60z59-hg002-grch38-v421-record-1364	run-phase1a-ru88n-hg002-grch38-v421	event-run-phase1a-ru88n-hg002-grch38-v421-record-1362	CROSS_RUN_EQUIVALENCE_UNRESOLVED	GRCh38|chr20|10745403|A|G	GRCh38|chr20|10745402|10745403|A|G	GRCh38|chr20|10745402|10745403|A|G	variant:sha256:6b42cfa46480e8ef3c90b85ea8b7acb149fe3c9d0ecf91cd1916db1a675566ee	variant:sha256:6b42cfa46480e8ef3c90b85ea8b7acb149fe3c9d0ecf91cd1916db1a675566ee	True	EXACT_NORMALIZED_ALLELE	PHASE1B_EXACT_NORMALIZED_ALLELE_V1	1.0.0	False	False
1252	run-phase1a-60z59-hg002-grch38-v421	event-run-phase1a-60z59-hg002-grch38-v421-record-1365	run-phase1a-ru88n-hg002-grch38-v421	event-run-phase1a-ru88n-hg002-grch38-v421-record-1363	CROSS_RUN_EQUIVALENCE_UNRESOLVED	GRCh38|chr20|10745480|A|G	GRCh38|chr20|10745479|10745480|A|G	GRCh38|chr20|10745479|10745480|A|G	variant:sha256:031aa41535af05977b02f808cd15d22ecf9d8eede406144769eefa51c4f2a233	variant:sha256:031aa41535af05977b02f808cd15d22ecf9d8eede406144769eefa51c4f2a233	True	EXACT_NORMALIZED_ALLELE	PHASE1B_EXACT_NORMALIZED_ALLELE_V1	1.0.0	False	False
1253	run-phase1a-60z59-hg002-grch38-v421	event-run-phase1a-60z59-hg002-grch38-v421-record-1366	run-phase1a-ru88n-hg002-grch38-v421	event-run-phase1a-ru88n-hg002-grch38-v421-record-1364	CROSS_RUN_EQUIVALENCE_UNRESOLVED	GRCh38|chr20|10746059|C|A	GRCh38|chr20|10746058|10746059|C|A	GRCh38|chr20|10746058|10746059|C|A	variant:sha256:6e4200a2649c3b435618030f5e0eb53d9a6f7c88679d9e4ac426b6e029cbfe0d	variant:sha256:6e4200a2649c3b435618030f5e0eb53d9a6f7c88679d9e4ac426b6e029cbfe0d	True	EXACT_NORMALIZED_ALLELE	PHASE1B_EXACT_NORMALIZED_ALLELE_V1	1.0.0	False	False
1254	run-phase1a-60z59-hg002-grch38-v421	event-run-phase1a-60z59-hg002-grch38-v421-record-1367	run-phase1a-ru88n-hg002-grch38-v421	event-run-phase1a-ru88n-hg002-grch38-v421-record-1365	CROSS_RUN_EQUIVALENCE_UNRESOLVED	GRCh38|chr20|10746269|G|T	GRCh38|chr20|10746268|10746269|G|T	GRCh38|chr20|10746268|10746269|G|T	variant:sha256:c9fbd098da26a6e714dabca0f2d7e223d0775deb94050a381caabc4f867b9ed2	variant:sha256:c9fbd098da26a6e714dabca0f2d7e223d0775deb94050a381caabc4f867b9ed2	True	EXACT_NORMALIZED_ALLELE	PHASE1B_EXACT_NORMALIZED_ALLELE_V1	1.0.0	False	False
1255	run-phase1a-60z59-hg002-grch38-v421	event-run-phase1a-60z59-hg002-grch38-v421-record-1368	run-phase1a-ru88n-hg002-grch38-v421	event-run-phase1a-ru88n-hg002-grch38-v421-record-1366	CROSS_RUN_EQUIVALENCE_UNRESOLVED	GRCh38|chr20|10747651|G|A	GRCh38|chr20|10747650|10747651|G|A	GRCh38|chr20|10747650|10747651|G|A	variant:sha256:f5851e302c6ffae1533b0f89e1dd8751f0e3faad8ea1fbda614e2d6a41dcdf72	variant:sha256:f5851e302c6ffae1533b0f89e1dd8751f0e3faad8ea1fbda614e2d6a41dcdf72	True	EXACT_NORMALIZED_ALLELE	PHASE1B_EXACT_NORMALIZED_ALLELE_V1	1.0.0	False	False
1256	run-phase1a-60z59-hg002-grch38-v421	event-run-phase1a-60z59-hg002-grch38-v421-record-1369	run-phase1a-ru88n-hg002-grch38-v421	event-run-phase1a-ru88n-hg002-grch38-v421-record-1367	CROSS_RUN_EQUIVALENCE_UNRESOLVED	GRCh38|chr20|10748210|C|T	GRCh38|chr20|10748209|10748210|C|T	GRCh38|chr20|10748209|10748210|C|T	variant:sha256:c3e463d9afb985e9fb7ea347db24411b2b419cf8f892ef2daddbe3b2a6454016	variant:sha256:c3e463d9afb985e9fb7ea347db24411b2b419cf8f892ef2daddbe3b2a6454016	True	EXACT_NORMALIZED_ALLELE	PHASE1B_EXACT_NORMALIZED_ALLELE_V1	1.0.0	False	False
1257	run-phase1a-60z59-hg002-grch38-v421	event-run-phase1a-60z59-hg002-grch38-v421-record-1370	run-phase1a-ru88n-hg002-grch38-v421	event-run-phase1a-ru88n-hg002-grch38-v421-record-1368	CROSS_RUN_EQUIVALENCE_UNRESOLVED	GRCh38|chr20|10748222|C|CA	GRCh38|chr20|10748221|10748222|C|CA	GRCh38|chr20|10748221|10748222|C|CA	variant:sha256:4501fc54548073cefd8f7fc6b88078106d8141740dd3e11f80c8bcb0cf9e70f3	variant:sha256:4501fc54548073cefd8f7fc6b88078106d8141740dd3e11f80c8bcb0cf9e70f3	True	EXACT_NORMALIZED_ALLELE	PHASE1B_EXACT_NORMALIZED_ALLELE_V1	1.0.0	False	False
1258	run-phase1a-60z59-hg002-grch38-v421	event-run-phase1a-60z59-hg002-grch38-v421-record-1371	run-phase1a-ru88n-hg002-grch38-v421	event-run-phase1a-ru88n-hg002-grch38-v421-record-1369	CROSS_RUN_EQUIVALENCE_UNRESOLVED	GRCh38|chr20|10748666|A|C	GRCh38|chr20|10748665|10748666|A|C	GRCh38|chr20|10748665|10748666|A|C	variant:sha256:9974ed17546078afb864721998ce4083fe46e9cc35ecbf9018c7346ae42d32d3	variant:sha256:9974ed17546078afb864721998ce4083fe46e9cc35ecbf9018c7346ae42d32d3	True	EXACT_NORMALIZED_ALLELE	PHASE1B_EXACT_NORMALIZED_ALLELE_V1	1.0.0	False	False
1259	run-phase1a-60z59-hg002-grch38-v421	event-run-phase1a-60z59-hg002-grch38-v421-record-1372	run-phase1a-ru88n-hg002-grch38-v421	event-run-phase1a-ru88n-hg002-grch38-v421-record-1370	CROSS_RUN_EQUIVALENCE_UNRESOLVED	GRCh38|chr20|10748865|T|C	GRCh38|chr20|10748864|10748865|T|C	GRCh38|chr20|10748864|10748865|T|C	variant:sha256:d84a5e5cc97173c278f5d61a547e8a14142d223bdf8ff96e6233c4158f1f0629	variant:sha256:d84a5e5cc97173c278f5d61a547e8a14142d223bdf8ff96e6233c4158f1f0629	True	EXACT_NORMALIZED_ALLELE	PHASE1B_EXACT_NORMALIZED_ALLELE_V1	1.0.0	False	False
1260	run-phase1a-60z59-hg002-grch38-v421	event-run-phase1a-60z59-hg002-grch38-v421-record-1373	run-phase1a-ru88n-hg002-grch38-v421	event-run-phase1a-ru88n-hg002-grch38-v421-record-1371	CROSS_RUN_EQUIVALENCE_UNRESOLVED	GRCh38|chr20|10749005|A|C	GRCh38|chr20|10749004|10749005|A|C	GRCh38|chr20|10749004|10749005|A|C	variant:sha256:03b55657455b269468759c4742e3436e5cf5ab6de2a0cc24cb1a83e882a08a7c	variant:sha256:03b55657455b269468759c4742e3436e5cf5ab6de2a0cc24cb1a83e882a08a7c	True	EXACT_NORMALIZED_ALLELE	PHASE1B_EXACT_NORMALIZED_ALLELE_V1	1.0.0	False	False
1261	run-phase1a-60z59-hg002-grch38-v421	event-run-phase1a-60z59-hg002-grch38-v421-record-1374	run-phase1a-ru88n-hg002-grch38-v421	event-run-phase1a-ru88n-hg002-grch38-v421-record-1372	CROSS_RUN_EQUIVALENCE_UNRESOLVED	GRCh38|chr20|10749164|A|C	GRCh38|chr20|10749163|10749164|A|C	GRCh38|chr20|10749163|10749164|A|C	variant:sha256:3534499fda769ab6a342bb8a5453adf28fbc8330e99f310c0c4e49cc3425ef5b	variant:sha256:3534499fda769ab6a342bb8a5453adf28fbc8330e99f310c0c4e49cc3425ef5b	True	EXACT_NORMALIZED_ALLELE	PHASE1B_EXACT_NORMALIZED_ALLELE_V1	1.0.0	False	False
1262	run-phase1a-60z59-hg002-grch38-v421	event-run-phase1a-60z59-hg002-grch38-v421-record-1375	run-phase1a-ru88n-hg002-grch38-v421	event-run-phase1a-ru88n-hg002-grch38-v421-record-1373	CROSS_RUN_EQUIVALENCE_UNRESOLVED	GRCh38|chr20|10749384|A|G	GRCh38|chr20|10749383|10749384|A|G	GRCh38|chr20|10749383|10749384|A|G	variant:sha256:d6d8b95e45edc643861e33e9642dae260b6867f3350e43d9de7fa2b3f22283c3	variant:sha256:d6d8b95e45edc643861e33e9642dae260b6867f3350e43d9de7fa2b3f22283c3	True	EXACT_NORMALIZED_ALLELE	PHASE1B_EXACT_NORMALIZED_ALLELE_V1	1.0.0	False	False
1263	run-phase1a-60z59-hg002-grch38-v421	event-run-phase1a-60z59-hg002-grch38-v421-record-1376	run-phase1a-ru88n-hg002-grch38-v421	event-run-phase1a-ru88n-hg002-grch38-v421-record-1374	CROSS_RUN_EQUIVALENCE_UNRESOLVED	GRCh38|chr20|10749431|A|G	GRCh38|chr20|10749430|10749431|A|G	GRCh38|chr20|10749430|10749431|A|G	variant:sha256:b0841aeb445994d354a833d5ad49ae288d3c701f7a23752d4f2dfd34bd34ebec	variant:sha256:b0841aeb445994d354a833d5ad49ae288d3c701f7a23752d4f2dfd34bd34ebec	True	EXACT_NORMALIZED_ALLELE	PHASE1B_EXACT_NORMALIZED_ALLELE_V1	1.0.0	False	False
1264	run-phase1a-60z59-hg002-grch38-v421	event-run-phase1a-60z59-hg002-grch38-v421-record-1377	run-phase1a-ru88n-hg002-grch38-v421	event-run-phase1a-ru88n-hg002-grch38-v421-record-1375	CROSS_RUN_EQUIVALENCE_UNRESOLVED	GRCh38|chr20|10749503|T|G	GRCh38|chr20|10749502|10749503|T|G	GRCh38|chr20|10749502|10749503|T|G	variant:sha256:a3c930d144874a973ff62a47a385ec106dc49d92ebb20c5350d00c7869572bab	variant:sha256:a3c930d144874a973ff62a47a385ec106dc49d92ebb20c5350d00c7869572bab	True	EXACT_NORMALIZED_ALLELE	PHASE1B_EXACT_NORMALIZED_ALLELE_V1	1.0.0	False	False
1265	run-phase1a-60z59-hg002-grch38-v421	event-run-phase1a-60z59-hg002-grch38-v421-record-1378	run-phase1a-ru88n-hg002-grch38-v421	event-run-phase1a-ru88n-hg002-grch38-v421-record-1376	CROSS_RUN_EQUIVALENCE_UNRESOLVED	GRCh38|chr20|10749517|G|C	GRCh38|chr20|10749516|10749517|G|C	GRCh38|chr20|10749516|10749517|G|C	variant:sha256:2fb747ec5cea095be93f7f71428eaa69046c3f31850ea182619bcd5b9467ee6f	variant:sha256:2fb747ec5cea095be93f7f71428eaa69046c3f31850ea182619bcd5b9467ee6f	True	EXACT_NORMALIZED_ALLELE	PHASE1B_EXACT_NORMALIZED_ALLELE_V1	1.0.0	False	False
1266	run-phase1a-60z59-hg002-grch38-v421	event-run-phase1a-60z59-hg002-grch38-v421-record-1379	run-phase1a-ru88n-hg002-grch38-v421	event-run-phase1a-ru88n-hg002-grch38-v421-record-1377	CROSS_RUN_EQUIVALENCE_UNRESOLVED	GRCh38|chr20|10749615|G|T	GRCh38|chr20|10749614|10749615|G|T	GRCh38|chr20|10749614|10749615|G|T	variant:sha256:c0c75a2e2d3d2702c2197aa40e3bd9c3cdb39cab2fcc08b5c9ee71c8d841efc8	variant:sha256:c0c75a2e2d3d2702c2197aa40e3bd9c3cdb39cab2fcc08b5c9ee71c8d841efc8	True	EXACT_NORMALIZED_ALLELE	PHASE1B_EXACT_NORMALIZED_ALLELE_V1	1.0.0	False	False
1267	run-phase1a-60z59-hg002-grch38-v421	event-run-phase1a-60z59-hg002-grch38-v421-record-1380	run-phase1a-ru88n-hg002-grch38-v421	event-run-phase1a-ru88n-hg002-grch38-v421-record-1378	CROSS_RUN_EQUIVALENCE_UNRESOLVED	GRCh38|chr20|10749688|T|G	GRCh38|chr20|10749687|10749688|T|G	GRCh38|chr20|10749687|10749688|T|G	variant:sha256:5c5689626daab64a3c1ee522a03debcfa655da82cafbcfabe568d8ef795cc590	variant:sha256:5c5689626daab64a3c1ee522a03debcfa655da82cafbcfabe568d8ef795cc590	True	EXACT_NORMALIZED_ALLELE	PHASE1B_EXACT_NORMALIZED_ALLELE_V1	1.0.0	False	False
1268	run-phase1a-60z59-hg002-grch38-v421	event-run-phase1a-60z59-hg002-grch38-v421-record-1381	run-phase1a-ru88n-hg002-grch38-v421	event-run-phase1a-ru88n-hg002-grch38-v421-record-1379	CROSS_RUN_EQUIVALENCE_UNRESOLVED	GRCh38|chr20|10749970|A|C	GRCh38|chr20|10749969|10749970|A|C	GRCh38|chr20|10749969|10749970|A|C	variant:sha256:300348656587e7eef99ab6e2aa73d109f9fd9b2b60827fe68a9ab53ad561e9e7	variant:sha256:300348656587e7eef99ab6e2aa73d109f9fd9b2b60827fe68a9ab53ad561e9e7	True	EXACT_NORMALIZED_ALLELE	PHASE1B_EXACT_NORMALIZED_ALLELE_V1	1.0.0	False	False
1269	run-phase1a-60z59-hg002-grch38-v421	event-run-phase1a-60z59-hg002-grch38-v421-record-1382	run-phase1a-ru88n-hg002-grch38-v421	event-run-phase1a-ru88n-hg002-grch38-v421-record-1380	CROSS_RUN_EQUIVALENCE_UNRESOLVED	GRCh38|chr20|10749988|C|A	GRCh38|chr20|10749987|10749988|C|A	GRCh38|chr20|10749987|10749988|C|A	variant:sha256:edaed8eb0697360d0766d0a148d7067d435f3ff2a164a06376b5961df5aae69b	variant:sha256:edaed8eb0697360d0766d0a148d7067d435f3ff2a164a06376b5961df5aae69b	True	EXACT_NORMALIZED_ALLELE	PHASE1B_EXACT_NORMALIZED_ALLELE_V1	1.0.0	False	False
1270	run-phase1a-60z59-hg002-grch38-v421	event-run-phase1a-60z59-hg002-grch38-v421-record-1383	run-phase1a-ru88n-hg002-grch38-v421	event-run-phase1a-ru88n-hg002-grch38-v421-record-1381	CROSS_RUN_EQUIVALENCE_UNRESOLVED	GRCh38|chr20|10750111|A|G	GRCh38|chr20|10750110|10750111|A|G	GRCh38|chr20|10750110|10750111|A|G	variant:sha256:a7511a538bbd94aff8114e62d3a2249f809ddc6e587015992e786e37a138abc1	variant:sha256:a7511a538bbd94aff8114e62d3a2249f809ddc6e587015992e786e37a138abc1	True	EXACT_NORMALIZED_ALLELE	PHASE1B_EXACT_NORMALIZED_ALLELE_V1	1.0.0	False	False
1271	run-phase1a-60z59-hg002-grch38-v421	event-run-phase1a-60z59-hg002-grch38-v421-record-1384	run-phase1a-ru88n-hg002-grch38-v421	event-run-phase1a-ru88n-hg002-grch38-v421-record-1382	CROSS_RUN_EQUIVALENCE_UNRESOLVED	GRCh38|chr20|10750123|T|A	GRCh38|chr20|10750122|10750123|T|A	GRCh38|chr20|10750122|10750123|T|A	variant:sha256:365d79afc93f4a523753beac0460905c4ca476cefd54d5bc36257a60f165732a	variant:sha256:365d79afc93f4a523753beac0460905c4ca476cefd54d5bc36257a60f165732a	True	EXACT_NORMALIZED_ALLELE	PHASE1B_EXACT_NORMALIZED_ALLELE_V1	1.0.0	False	False
1272	run-phase1a-60z59-hg002-grch38-v421	event-run-phase1a-60z59-hg002-grch38-v421-record-1385	run-phase1a-ru88n-hg002-grch38-v421	event-run-phase1a-ru88n-hg002-grch38-v421-record-1383	CROSS_RUN_EQUIVALENCE_UNRESOLVED	GRCh38|chr20|10750554|G|A	GRCh38|chr20|10750553|10750554|G|A	GRCh38|chr20|10750553|10750554|G|A	variant:sha256:927767546b3b06c839b3760c5c5bba122a1eaa14d2c1881b0fd095c927fb5970	variant:sha256:927767546b3b06c839b3760c5c5bba122a1eaa14d2c1881b0fd095c927fb5970	True	EXACT_NORMALIZED_ALLELE	PHASE1B_EXACT_NORMALIZED_ALLELE_V1	1.0.0	False	False
1273	run-phase1a-60z59-hg002-grch38-v421	event-run-phase1a-60z59-hg002-grch38-v421-record-1386	run-phase1a-ru88n-hg002-grch38-v421	event-run-phase1a-ru88n-hg002-grch38-v421-record-1384	CROSS_RUN_EQUIVALENCE_UNRESOLVED	GRCh38|chr20|10750846|T|C	GRCh38|chr20|10750845|10750846|T|C	GRCh38|chr20|10750845|10750846|T|C	variant:sha256:601b8f4076bfa82d3229242cff13d74e493845e4eaa960aeb1ca2d98bd76e843	variant:sha256:601b8f4076bfa82d3229242cff13d74e493845e4eaa960aeb1ca2d98bd76e843	True	EXACT_NORMALIZED_ALLELE	PHASE1B_EXACT_NORMALIZED_ALLELE_V1	1.0.0	False	False
1274	run-phase1a-60z59-hg002-grch38-v421	event-run-phase1a-60z59-hg002-grch38-v421-record-1387	run-phase1a-ru88n-hg002-grch38-v421	event-run-phase1a-ru88n-hg002-grch38-v421-record-1385	CROSS_RUN_EQUIVALENCE_UNRESOLVED	GRCh38|chr20|10751015|G|A	GRCh38|chr20|10751014|10751015|G|A	GRCh38|chr20|10751014|10751015|G|A	variant:sha256:69e1f086f037175f5af3b2437641e07f09297557a4bef5acd28a5b22681b31c0	variant:sha256:69e1f086f037175f5af3b2437641e07f09297557a4bef5acd28a5b22681b31c0	True	EXACT_NORMALIZED_ALLELE	PHASE1B_EXACT_NORMALIZED_ALLELE_V1	1.0.0	False	False
1275	run-phase1a-60z59-hg002-grch38-v421	event-run-phase1a-60z59-hg002-grch38-v421-record-1388	run-phase1a-ru88n-hg002-grch38-v421	event-run-phase1a-ru88n-hg002-grch38-v421-record-1386	CROSS_RUN_EQUIVALENCE_UNRESOLVED	GRCh38|chr20|10751068|A|C	GRCh38|chr20|10751067|10751068|A|C	GRCh38|chr20|10751067|10751068|A|C	variant:sha256:f7d466618ff0e865fb545c09179e9ce8c59d2566612079ccfad42667b010f82c	variant:sha256:f7d466618ff0e865fb545c09179e9ce8c59d2566612079ccfad42667b010f82c	True	EXACT_NORMALIZED_ALLELE	PHASE1B_EXACT_NORMALIZED_ALLELE_V1	1.0.0	False	False
1276	run-phase1a-60z59-hg002-grch38-v421	event-run-phase1a-60z59-hg002-grch38-v421-record-1389	run-phase1a-ru88n-hg002-grch38-v421	event-run-phase1a-ru88n-hg002-grch38-v421-record-1387	CROSS_RUN_EQUIVALENCE_UNRESOLVED	GRCh38|chr20|10751074|AAAAC|A	GRCh38|chr20|10751073|10751078|AAAAC|A	GRCh38|chr20|10751073|10751078|AAAAC|A	variant:sha256:213fe3a418e76bec54c62cbc7915af2a98d97b6dfe16cd37961e874a91f5d319	variant:sha256:213fe3a418e76bec54c62cbc7915af2a98d97b6dfe16cd37961e874a91f5d319	True	EXACT_NORMALIZED_ALLELE	PHASE1B_EXACT_NORMALIZED_ALLELE_V1	1.0.0	False	False
1277	run-phase1a-60z59-hg002-grch38-v421	event-run-phase1a-60z59-hg002-grch38-v421-record-1390	run-phase1a-ru88n-hg002-grch38-v421	event-run-phase1a-ru88n-hg002-grch38-v421-record-1388	CROSS_RUN_EQUIVALENCE_UNRESOLVED	GRCh38|chr20|10751141|T|C	GRCh38|chr20|10751140|10751141|T|C	GRCh38|chr20|10751140|10751141|T|C	variant:sha256:2308ae232deede6e8651751881e0e7ec2b53aa1c9cb339958763f1313bf53a4a	variant:sha256:2308ae232deede6e8651751881e0e7ec2b53aa1c9cb339958763f1313bf53a4a	True	EXACT_NORMALIZED_ALLELE	PHASE1B_EXACT_NORMALIZED_ALLELE_V1	1.0.0	False	False
1278	run-phase1a-60z59-hg002-grch38-v421	event-run-phase1a-60z59-hg002-grch38-v421-record-1391	run-phase1a-ru88n-hg002-grch38-v421	event-run-phase1a-ru88n-hg002-grch38-v421-record-1389	CROSS_RUN_EQUIVALENCE_UNRESOLVED	GRCh38|chr20|10751283|G|A	GRCh38|chr20|10751282|10751283|G|A	GRCh38|chr20|10751282|10751283|G|A	variant:sha256:bfb1c59f0f3ca08a2082844bdb0c99ff1785688bfded09ae1e809614a87a12e9	variant:sha256:bfb1c59f0f3ca08a2082844bdb0c99ff1785688bfded09ae1e809614a87a12e9	True	EXACT_NORMALIZED_ALLELE	PHASE1B_EXACT_NORMALIZED_ALLELE_V1	1.0.0	False	False
1279	run-phase1a-60z59-hg002-grch38-v421	event-run-phase1a-60z59-hg002-grch38-v421-record-1392	run-phase1a-ru88n-hg002-grch38-v421	event-run-phase1a-ru88n-hg002-grch38-v421-record-1390	CROSS_RUN_EQUIVALENCE_UNRESOLVED	GRCh38|chr20|10751298|G|GT	GRCh38|chr20|10751297|10751298|G|GT	GRCh38|chr20|10751297|10751298|G|GT	variant:sha256:5dcba232b8a69f34552996346f468e64e98006acb34663083f41839af9cd281d	variant:sha256:5dcba232b8a69f34552996346f468e64e98006acb34663083f41839af9cd281d	True	EXACT_NORMALIZED_ALLELE	PHASE1B_EXACT_NORMALIZED_ALLELE_V1	1.0.0	False	False
1280	run-phase1a-60z59-hg002-grch38-v421	event-run-phase1a-60z59-hg002-grch38-v421-record-1393	run-phase1a-ru88n-hg002-grch38-v421	event-run-phase1a-ru88n-hg002-grch38-v421-record-1391	CROSS_RUN_EQUIVALENCE_UNRESOLVED	GRCh38|chr20|10751407|C|CAGACAATTCCTCT	GRCh38|chr20|10751406|10751407|C|CAGACAATTCCTCT	GRCh38|chr20|10751406|10751407|C|CAGACAATTCCTCT	variant:sha256:8f6a5bb6a0b813d318ac3b22201a1eac8e26a9ff5ca02b141b97d225f347f218	variant:sha256:8f6a5bb6a0b813d318ac3b22201a1eac8e26a9ff5ca02b141b97d225f347f218	True	EXACT_NORMALIZED_ALLELE	PHASE1B_EXACT_NORMALIZED_ALLELE_V1	1.0.0	False	False
1281	run-phase1a-60z59-hg002-grch38-v421	event-run-phase1a-60z59-hg002-grch38-v421-record-1394	run-phase1a-ru88n-hg002-grch38-v421	event-run-phase1a-ru88n-hg002-grch38-v421-record-1392	CROSS_RUN_EQUIVALENCE_UNRESOLVED	GRCh38|chr20|10751776|T|C	GRCh38|chr20|10751775|10751776|T|C	GRCh38|chr20|10751775|10751776|T|C	variant:sha256:e15d29e8036f6020925fd1dcb34d76318252f51de997218a4d7572daa1582cbb	variant:sha256:e15d29e8036f6020925fd1dcb34d76318252f51de997218a4d7572daa1582cbb	True	EXACT_NORMALIZED_ALLELE	PHASE1B_EXACT_NORMALIZED_ALLELE_V1	1.0.0	False	False
1282	run-phase1a-60z59-hg002-grch38-v421	event-run-phase1a-60z59-hg002-grch38-v421-record-1395	run-phase1a-ru88n-hg002-grch38-v421	event-run-phase1a-ru88n-hg002-grch38-v421-record-1393	CROSS_RUN_EQUIVALENCE_UNRESOLVED	GRCh38|chr20|10751866|A|G	GRCh38|chr20|10751865|10751866|A|G	GRCh38|chr20|10751865|10751866|A|G	variant:sha256:765de25fe53c7b5aa3e5cd6567588cf7fc77ff1d8b9f61f3f610cbc39da0750e	variant:sha256:765de25fe53c7b5aa3e5cd6567588cf7fc77ff1d8b9f61f3f610cbc39da0750e	True	EXACT_NORMALIZED_ALLELE	PHASE1B_EXACT_NORMALIZED_ALLELE_V1	1.0.0	False	False
1283	run-phase1a-60z59-hg002-grch38-v421	event-run-phase1a-60z59-hg002-grch38-v421-record-1396	run-phase1a-ru88n-hg002-grch38-v421	event-run-phase1a-ru88n-hg002-grch38-v421-record-1394	CROSS_RUN_EQUIVALENCE_UNRESOLVED	GRCh38|chr20|10751892|C|T	GRCh38|chr20|10751891|10751892|C|T	GRCh38|chr20|10751891|10751892|C|T	variant:sha256:950c17515ba6e7451acb4d09b18f32542fb57ccf7a1cc760157715dbe40a189a	variant:sha256:950c17515ba6e7451acb4d09b18f32542fb57ccf7a1cc760157715dbe40a189a	True	EXACT_NORMALIZED_ALLELE	PHASE1B_EXACT_NORMALIZED_ALLELE_V1	1.0.0	False	False
1284	run-phase1a-60z59-hg002-grch38-v421	event-run-phase1a-60z59-hg002-grch38-v421-record-1397	run-phase1a-ru88n-hg002-grch38-v421	event-run-phase1a-ru88n-hg002-grch38-v421-record-1395	CROSS_RUN_EQUIVALENCE_UNRESOLVED	GRCh38|chr20|10752422|A|G	GRCh38|chr20|10752421|10752422|A|G	GRCh38|chr20|10752421|10752422|A|G	variant:sha256:0062968405b8a80c0c489ef099a0f73a0089cfedf336be341d043d6c21d1d402	variant:sha256:0062968405b8a80c0c489ef099a0f73a0089cfedf336be341d043d6c21d1d402	True	EXACT_NORMALIZED_ALLELE	PHASE1B_EXACT_NORMALIZED_ALLELE_V1	1.0.0	False	False
1285	run-phase1a-60z59-hg002-grch38-v421	event-run-phase1a-60z59-hg002-grch38-v421-record-1398	run-phase1a-ru88n-hg002-grch38-v421	event-run-phase1a-ru88n-hg002-grch38-v421-record-1396	CROSS_RUN_EQUIVALENCE_UNRESOLVED	GRCh38|chr20|10752508|T|C	GRCh38|chr20|10752507|10752508|T|C	GRCh38|chr20|10752507|10752508|T|C	variant:sha256:73b5ae0495b68762be6044fe820cd647537a76284e3a209374c168507f923e77	variant:sha256:73b5ae0495b68762be6044fe820cd647537a76284e3a209374c168507f923e77	True	EXACT_NORMALIZED_ALLELE	PHASE1B_EXACT_NORMALIZED_ALLELE_V1	1.0.0	False	False
1286	run-phase1a-60z59-hg002-grch38-v421	event-run-phase1a-60z59-hg002-grch38-v421-record-1399	run-phase1a-ru88n-hg002-grch38-v421	event-run-phase1a-ru88n-hg002-grch38-v421-record-1397	CROSS_RUN_EQUIVALENCE_UNRESOLVED	GRCh38|chr20|10752643|T|G	GRCh38|chr20|10752642|10752643|T|G	GRCh38|chr20|10752642|10752643|T|G	variant:sha256:9b4e9c65996f77fbc2f377b08c52712ae4c6fbb65d0caad5eedb62ba9787f508	variant:sha256:9b4e9c65996f77fbc2f377b08c52712ae4c6fbb65d0caad5eedb62ba9787f508	True	EXACT_NORMALIZED_ALLELE	PHASE1B_EXACT_NORMALIZED_ALLELE_V1	1.0.0	False	False
1287	run-phase1a-60z59-hg002-grch38-v421	event-run-phase1a-60z59-hg002-grch38-v421-record-1400	run-phase1a-ru88n-hg002-grch38-v421	event-run-phase1a-ru88n-hg002-grch38-v421-record-1398	CROSS_RUN_EQUIVALENCE_UNRESOLVED	GRCh38|chr20|10753002|A|G	GRCh38|chr20|10753001|10753002|A|G	GRCh38|chr20|10753001|10753002|A|G	variant:sha256:572632a9adf529e8452fe82eaba275d670f4d795ed357142495b31bb05975a2d	variant:sha256:572632a9adf529e8452fe82eaba275d670f4d795ed357142495b31bb05975a2d	True	EXACT_NORMALIZED_ALLELE	PHASE1B_EXACT_NORMALIZED_ALLELE_V1	1.0.0	False	False
1288	run-phase1a-60z59-hg002-grch38-v421	event-run-phase1a-60z59-hg002-grch38-v421-record-1401	run-phase1a-ru88n-hg002-grch38-v421	event-run-phase1a-ru88n-hg002-grch38-v421-record-1399	CROSS_RUN_EQUIVALENCE_UNRESOLVED	GRCh38|chr20|10753230|G|GAGAA	GRCh38|chr20|10753229|10753230|G|GAGAA	GRCh38|chr20|10753229|10753230|G|GAGAA	variant:sha256:64fb4c6f89d18d3fc27a602864fc1e16e9cf00328d5f68bf9aca951e962013cf	variant:sha256:64fb4c6f89d18d3fc27a602864fc1e16e9cf00328d5f68bf9aca951e962013cf	True	EXACT_NORMALIZED_ALLELE	PHASE1B_EXACT_NORMALIZED_ALLELE_V1	1.0.0	False	False
1289	run-phase1a-60z59-hg002-grch38-v421	event-run-phase1a-60z59-hg002-grch38-v421-record-1402	run-phase1a-ru88n-hg002-grch38-v421	event-run-phase1a-ru88n-hg002-grch38-v421-record-1400	CROSS_RUN_EQUIVALENCE_UNRESOLVED	GRCh38|chr20|10753335|G|A	GRCh38|chr20|10753334|10753335|G|A	GRCh38|chr20|10753334|10753335|G|A	variant:sha256:7c8d79fe9702bcfa326bbee8874482cb516c9815fc7bc621df51c3d081895d0f	variant:sha256:7c8d79fe9702bcfa326bbee8874482cb516c9815fc7bc621df51c3d081895d0f	True	EXACT_NORMALIZED_ALLELE	PHASE1B_EXACT_NORMALIZED_ALLELE_V1	1.0.0	False	False
1290	run-phase1a-60z59-hg002-grch38-v421	event-run-phase1a-60z59-hg002-grch38-v421-record-1403	run-phase1a-ru88n-hg002-grch38-v421	event-run-phase1a-ru88n-hg002-grch38-v421-record-1401	CROSS_RUN_EQUIVALENCE_UNRESOLVED	GRCh38|chr20|10753590|G|A	GRCh38|chr20|10753589|10753590|G|A	GRCh38|chr20|10753589|10753590|G|A	variant:sha256:f0a988300ec7b92df862bcdeb85c2921d61f9dd02753097f4ea855159ebb5490	variant:sha256:f0a988300ec7b92df862bcdeb85c2921d61f9dd02753097f4ea855159ebb5490	True	EXACT_NORMALIZED_ALLELE	PHASE1B_EXACT_NORMALIZED_ALLELE_V1	1.0.0	False	False
1291	run-phase1a-60z59-hg002-grch38-v421	event-run-phase1a-60z59-hg002-grch38-v421-record-1404	run-phase1a-ru88n-hg002-grch38-v421	event-run-phase1a-ru88n-hg002-grch38-v421-record-1402	CROSS_RUN_EQUIVALENCE_UNRESOLVED	GRCh38|chr20|10753839|A|G	GRCh38|chr20|10753838|10753839|A|G	GRCh38|chr20|10753838|10753839|A|G	variant:sha256:abd59e190475ca24e5a723377098d3c5f9f747a775ce5c50ac862b4108de9b3e	variant:sha256:abd59e190475ca24e5a723377098d3c5f9f747a775ce5c50ac862b4108de9b3e	True	EXACT_NORMALIZED_ALLELE	PHASE1B_EXACT_NORMALIZED_ALLELE_V1	1.0.0	False	False
1292	run-phase1a-60z59-hg002-grch38-v421	event-run-phase1a-60z59-hg002-grch38-v421-record-1405	run-phase1a-ru88n-hg002-grch38-v421	event-run-phase1a-ru88n-hg002-grch38-v421-record-1403	CROSS_RUN_EQUIVALENCE_UNRESOLVED	GRCh38|chr20|10753948|T|G	GRCh38|chr20|10753947|10753948|T|G	GRCh38|chr20|10753947|10753948|T|G	variant:sha256:e88c936c5262cf2e497007981a25cbb28e33b94dacea908eb5ee7172c732f6de	variant:sha256:e88c936c5262cf2e497007981a25cbb28e33b94dacea908eb5ee7172c732f6de	True	EXACT_NORMALIZED_ALLELE	PHASE1B_EXACT_NORMALIZED_ALLELE_V1	1.0.0	False	False
1293	run-phase1a-60z59-hg002-grch38-v421	event-run-phase1a-60z59-hg002-grch38-v421-record-1406	run-phase1a-ru88n-hg002-grch38-v421	event-run-phase1a-ru88n-hg002-grch38-v421-record-1404	CROSS_RUN_EQUIVALENCE_UNRESOLVED	GRCh38|chr20|10754025|C|T	GRCh38|chr20|10754024|10754025|C|T	GRCh38|chr20|10754024|10754025|C|T	variant:sha256:7590a08a861241852de6c813eb48951d9f96217d7d6e3ab6c1592aea1c51e495	variant:sha256:7590a08a861241852de6c813eb48951d9f96217d7d6e3ab6c1592aea1c51e495	True	EXACT_NORMALIZED_ALLELE	PHASE1B_EXACT_NORMALIZED_ALLELE_V1	1.0.0	False	False
1294	run-phase1a-60z59-hg002-grch38-v421	event-run-phase1a-60z59-hg002-grch38-v421-record-1407	run-phase1a-ru88n-hg002-grch38-v421	event-run-phase1a-ru88n-hg002-grch38-v421-record-1405	CROSS_RUN_EQUIVALENCE_UNRESOLVED	GRCh38|chr20|10754247|T|C	GRCh38|chr20|10754246|10754247|T|C	GRCh38|chr20|10754246|10754247|T|C	variant:sha256:cbb872e9a09e7a390829b7737c7c9de3acb595a690e3329194e2576e76fb11b5	variant:sha256:cbb872e9a09e7a390829b7737c7c9de3acb595a690e3329194e2576e76fb11b5	True	EXACT_NORMALIZED_ALLELE	PHASE1B_EXACT_NORMALIZED_ALLELE_V1	1.0.0	False	False
1295	run-phase1a-60z59-hg002-grch38-v421	event-run-phase1a-60z59-hg002-grch38-v421-record-1408	run-phase1a-ru88n-hg002-grch38-v421	event-run-phase1a-ru88n-hg002-grch38-v421-record-1406	CROSS_RUN_EQUIVALENCE_UNRESOLVED	GRCh38|chr20|10754267|C|A	GRCh38|chr20|10754266|10754267|C|A	GRCh38|chr20|10754266|10754267|C|A	variant:sha256:fe90789766d09395639a488aca11e1a4c769f350cda9c05c007d97cd0cb0a8a6	variant:sha256:fe90789766d09395639a488aca11e1a4c769f350cda9c05c007d97cd0cb0a8a6	True	EXACT_NORMALIZED_ALLELE	PHASE1B_EXACT_NORMALIZED_ALLELE_V1	1.0.0	False	False
1296	run-phase1a-60z59-hg002-grch38-v421	event-run-phase1a-60z59-hg002-grch38-v421-record-1410	run-phase1a-ru88n-hg002-grch38-v421	event-run-phase1a-ru88n-hg002-grch38-v421-record-1407	CROSS_RUN_EQUIVALENCE_UNRESOLVED	GRCh38|chr20|10756817|A|AAAAC	GRCh38|chr20|10756816|10756817|A|AAAAC	GRCh38|chr20|10756816|10756817|A|AAAAC	variant:sha256:69e569c885bbe3a870de4e7bcd3e5f56aaf60941277ac22dfcbd0eab306b1a9b	variant:sha256:69e569c885bbe3a870de4e7bcd3e5f56aaf60941277ac22dfcbd0eab306b1a9b	True	EXACT_NORMALIZED_ALLELE	PHASE1B_EXACT_NORMALIZED_ALLELE_V1	1.0.0	False	False
1297	run-phase1a-60z59-hg002-grch38-v421	event-run-phase1a-60z59-hg002-grch38-v421-record-1411	run-phase1a-ru88n-hg002-grch38-v421	event-run-phase1a-ru88n-hg002-grch38-v421-record-1408	CROSS_RUN_EQUIVALENCE_UNRESOLVED	GRCh38|chr20|10757300|C|T	GRCh38|chr20|10757299|10757300|C|T	GRCh38|chr20|10757299|10757300|C|T	variant:sha256:96df3a121cfabada1b2f404e05e00e70bafefd7870d6c5fa30f32a216f67aeff	variant:sha256:96df3a121cfabada1b2f404e05e00e70bafefd7870d6c5fa30f32a216f67aeff	True	EXACT_NORMALIZED_ALLELE	PHASE1B_EXACT_NORMALIZED_ALLELE_V1	1.0.0	False	False
1298	run-phase1a-60z59-hg002-grch38-v421	event-run-phase1a-60z59-hg002-grch38-v421-record-1412	run-phase1a-ru88n-hg002-grch38-v421	event-run-phase1a-ru88n-hg002-grch38-v421-record-1409	CROSS_RUN_EQUIVALENCE_UNRESOLVED	GRCh38|chr20|10758302|A|C	GRCh38|chr20|10758301|10758302|A|C	GRCh38|chr20|10758301|10758302|A|C	variant:sha256:cd7db36b29bb6ee9bcb3ad3842ee6338446c7cb55c2596893bf43c95361b9997	variant:sha256:cd7db36b29bb6ee9bcb3ad3842ee6338446c7cb55c2596893bf43c95361b9997	True	EXACT_NORMALIZED_ALLELE	PHASE1B_EXACT_NORMALIZED_ALLELE_V1	1.0.0	False	False
1299	run-phase1a-60z59-hg002-grch38-v421	event-run-phase1a-60z59-hg002-grch38-v421-record-1413	run-phase1a-ru88n-hg002-grch38-v421	event-run-phase1a-ru88n-hg002-grch38-v421-record-1410	CROSS_RUN_EQUIVALENCE_UNRESOLVED	GRCh38|chr20|10759189|G|GT	GRCh38|chr20|10759188|10759189|G|GT	GRCh38|chr20|10759188|10759189|G|GT	variant:sha256:c5a5b2cb6334a3bba15b7533446ff11d2c84701d1400f36554b0c523e04222b5	variant:sha256:c5a5b2cb6334a3bba15b7533446ff11d2c84701d1400f36554b0c523e04222b5	True	EXACT_NORMALIZED_ALLELE	PHASE1B_EXACT_NORMALIZED_ALLELE_V1	1.0.0	False	False
1300	run-phase1a-60z59-hg002-grch38-v421	event-run-phase1a-60z59-hg002-grch38-v421-record-1414	run-phase1a-ru88n-hg002-grch38-v421	event-run-phase1a-ru88n-hg002-grch38-v421-record-1411	CROSS_RUN_EQUIVALENCE_UNRESOLVED	GRCh38|chr20|10759702|A|G	GRCh38|chr20|10759701|10759702|A|G	GRCh38|chr20|10759701|10759702|A|G	variant:sha256:28a3362ec6b4481c211597d46423199d31897254ca2f28ca2c64ee93c6fa486d	variant:sha256:28a3362ec6b4481c211597d46423199d31897254ca2f28ca2c64ee93c6fa486d	True	EXACT_NORMALIZED_ALLELE	PHASE1B_EXACT_NORMALIZED_ALLELE_V1	1.0.0	False	False
1301	run-phase1a-60z59-hg002-grch38-v421	event-run-phase1a-60z59-hg002-grch38-v421-record-1416	run-phase1a-ru88n-hg002-grch38-v421	event-run-phase1a-ru88n-hg002-grch38-v421-record-1413	CROSS_RUN_EQUIVALENCE_UNRESOLVED	GRCh38|chr20|10760355|G|A	GRCh38|chr20|10760354|10760355|G|A	GRCh38|chr20|10760354|10760355|G|A	variant:sha256:b300ebb23fb9fc569f4031ca047cb1b2885f2cd8391f4bec01cf0010ab06077f	variant:sha256:b300ebb23fb9fc569f4031ca047cb1b2885f2cd8391f4bec01cf0010ab06077f	True	EXACT_NORMALIZED_ALLELE	PHASE1B_EXACT_NORMALIZED_ALLELE_V1	1.0.0	False	False
1302	run-phase1a-60z59-hg002-grch38-v421	event-run-phase1a-60z59-hg002-grch38-v421-record-1417	run-phase1a-ru88n-hg002-grch38-v421	event-run-phase1a-ru88n-hg002-grch38-v421-record-1414	CROSS_RUN_EQUIVALENCE_UNRESOLVED	GRCh38|chr20|10760527|A|T	GRCh38|chr20|10760526|10760527|A|T	GRCh38|chr20|10760526|10760527|A|T	variant:sha256:ef131c01be14fb8a8fbd2c96a9dbf6c8a228f33bed4db1426be446c30b1401d2	variant:sha256:ef131c01be14fb8a8fbd2c96a9dbf6c8a228f33bed4db1426be446c30b1401d2	True	EXACT_NORMALIZED_ALLELE	PHASE1B_EXACT_NORMALIZED_ALLELE_V1	1.0.0	False	False
1303	run-phase1a-60z59-hg002-grch38-v421	event-run-phase1a-60z59-hg002-grch38-v421-record-1418	run-phase1a-ru88n-hg002-grch38-v421	event-run-phase1a-ru88n-hg002-grch38-v421-record-1415	CROSS_RUN_EQUIVALENCE_UNRESOLVED	GRCh38|chr20|10760799|C|CT	GRCh38|chr20|10760798|10760799|C|CT	GRCh38|chr20|10760798|10760799|C|CT	variant:sha256:bf1e83ad52da127c7a35954ef0cac4a1b5dccae510a10c79eb39120184969186	variant:sha256:bf1e83ad52da127c7a35954ef0cac4a1b5dccae510a10c79eb39120184969186	True	EXACT_NORMALIZED_ALLELE	PHASE1B_EXACT_NORMALIZED_ALLELE_V1	1.0.0	False	False
1304	run-phase1a-60z59-hg002-grch38-v421	event-run-phase1a-60z59-hg002-grch38-v421-record-1419	run-phase1a-ru88n-hg002-grch38-v421	event-run-phase1a-ru88n-hg002-grch38-v421-record-1416	CROSS_RUN_EQUIVALENCE_UNRESOLVED	GRCh38|chr20|10761423|C|T	GRCh38|chr20|10761422|10761423|C|T	GRCh38|chr20|10761422|10761423|C|T	variant:sha256:476c73055657bf1a989729c618520ec458420235c3b10eb13fb178d97af875d4	variant:sha256:476c73055657bf1a989729c618520ec458420235c3b10eb13fb178d97af875d4	True	EXACT_NORMALIZED_ALLELE	PHASE1B_EXACT_NORMALIZED_ALLELE_V1	1.0.0	False	False
1305	run-phase1a-60z59-hg002-grch38-v421	event-run-phase1a-60z59-hg002-grch38-v421-record-1420	run-phase1a-ru88n-hg002-grch38-v421	event-run-phase1a-ru88n-hg002-grch38-v421-record-1417	CROSS_RUN_EQUIVALENCE_UNRESOLVED	GRCh38|chr20|10762284|C|A	GRCh38|chr20|10762283|10762284|C|A	GRCh38|chr20|10762283|10762284|C|A	variant:sha256:e1dac9bc832d928a80e4629d698219530f9ae1568b8c614b62a37769a43599a1	variant:sha256:e1dac9bc832d928a80e4629d698219530f9ae1568b8c614b62a37769a43599a1	True	EXACT_NORMALIZED_ALLELE	PHASE1B_EXACT_NORMALIZED_ALLELE_V1	1.0.0	False	False
1306	run-phase1a-60z59-hg002-grch38-v421	event-run-phase1a-60z59-hg002-grch38-v421-record-1421	run-phase1a-ru88n-hg002-grch38-v421	event-run-phase1a-ru88n-hg002-grch38-v421-record-1418	CROSS_RUN_EQUIVALENCE_UNRESOLVED	GRCh38|chr20|10762376|T|G	GRCh38|chr20|10762375|10762376|T|G	GRCh38|chr20|10762375|10762376|T|G	variant:sha256:3b8ba0fe55fe031b9694975fc554f6c19a699ad7cfcab0be9ab85e6e1e706e7a	variant:sha256:3b8ba0fe55fe031b9694975fc554f6c19a699ad7cfcab0be9ab85e6e1e706e7a	True	EXACT_NORMALIZED_ALLELE	PHASE1B_EXACT_NORMALIZED_ALLELE_V1	1.0.0	False	False
1307	run-phase1a-60z59-hg002-grch38-v421	event-run-phase1a-60z59-hg002-grch38-v421-record-1422	run-phase1a-ru88n-hg002-grch38-v421	event-run-phase1a-ru88n-hg002-grch38-v421-record-1419	CROSS_RUN_EQUIVALENCE_UNRESOLVED	GRCh38|chr20|10762764|TTATA|T	GRCh38|chr20|10762763|10762768|TTATA|T	GRCh38|chr20|10762763|10762768|TTATA|T	variant:sha256:683aa80f99dc75f1beefe2892698177d8298ade27f3ed68a3e802cf2f820c6ca	variant:sha256:683aa80f99dc75f1beefe2892698177d8298ade27f3ed68a3e802cf2f820c6ca	True	EXACT_NORMALIZED_ALLELE	PHASE1B_EXACT_NORMALIZED_ALLELE_V1	1.0.0	False	False
1308	run-phase1a-60z59-hg002-grch38-v421	event-run-phase1a-60z59-hg002-grch38-v421-record-1423	run-phase1a-ru88n-hg002-grch38-v421	event-run-phase1a-ru88n-hg002-grch38-v421-record-1420	CROSS_RUN_EQUIVALENCE_UNRESOLVED	GRCh38|chr20|10762786|A|G	GRCh38|chr20|10762785|10762786|A|G	GRCh38|chr20|10762785|10762786|A|G	variant:sha256:fa8269934a507ab12dbd5dd1ecd3974fcdffa13746a9a5b204e4b31042745f9b	variant:sha256:fa8269934a507ab12dbd5dd1ecd3974fcdffa13746a9a5b204e4b31042745f9b	True	EXACT_NORMALIZED_ALLELE	PHASE1B_EXACT_NORMALIZED_ALLELE_V1	1.0.0	False	False
1309	run-phase1a-60z59-hg002-grch38-v421	event-run-phase1a-60z59-hg002-grch38-v421-record-1424	run-phase1a-ru88n-hg002-grch38-v421	event-run-phase1a-ru88n-hg002-grch38-v421-record-1423	CROSS_RUN_EQUIVALENCE_UNRESOLVED	GRCh38|chr20|10762852|G|A	GRCh38|chr20|10762851|10762852|G|A	GRCh38|chr20|10762851|10762852|G|A	variant:sha256:ed8e98d30f6b8289edd09bcc33d909465108bd7ad1e89c0b5fd4631b0cdf1f21	variant:sha256:ed8e98d30f6b8289edd09bcc33d909465108bd7ad1e89c0b5fd4631b0cdf1f21	True	EXACT_NORMALIZED_ALLELE	PHASE1B_EXACT_NORMALIZED_ALLELE_V1	1.0.0	False	False
1310	run-phase1a-60z59-hg002-grch38-v421	event-run-phase1a-60z59-hg002-grch38-v421-record-1425	run-phase1a-ru88n-hg002-grch38-v421	event-run-phase1a-ru88n-hg002-grch38-v421-record-1424	CROSS_RUN_EQUIVALENCE_UNRESOLVED	GRCh38|chr20|10763134|G|T	GRCh38|chr20|10763133|10763134|G|T	GRCh38|chr20|10763133|10763134|G|T	variant:sha256:e2171d16c1dfb2ca70bd9d510ae5039643e8d096ddf32d4f919466a99f4356ab	variant:sha256:e2171d16c1dfb2ca70bd9d510ae5039643e8d096ddf32d4f919466a99f4356ab	True	EXACT_NORMALIZED_ALLELE	PHASE1B_EXACT_NORMALIZED_ALLELE_V1	1.0.0	False	False
1311	run-phase1a-60z59-hg002-grch38-v421	event-run-phase1a-60z59-hg002-grch38-v421-record-1426	run-phase1a-ru88n-hg002-grch38-v421	event-run-phase1a-ru88n-hg002-grch38-v421-record-1425	CROSS_RUN_EQUIVALENCE_UNRESOLVED	GRCh38|chr20|10763874|TC|T	GRCh38|chr20|10763873|10763875|TC|T	GRCh38|chr20|10763873|10763875|TC|T	variant:sha256:93dcb8eff94486a0b3307959d75bffb448b1a069f70cf27c724e687056d1c73a	variant:sha256:93dcb8eff94486a0b3307959d75bffb448b1a069f70cf27c724e687056d1c73a	True	EXACT_NORMALIZED_ALLELE	PHASE1B_EXACT_NORMALIZED_ALLELE_V1	1.0.0	False	False
1312	run-phase1a-60z59-hg002-grch38-v421	event-run-phase1a-60z59-hg002-grch38-v421-record-1427	run-phase1a-ru88n-hg002-grch38-v421	event-run-phase1a-ru88n-hg002-grch38-v421-record-1426	CROSS_RUN_EQUIVALENCE_UNRESOLVED	GRCh38|chr20|10763925|A|G	GRCh38|chr20|10763924|10763925|A|G	GRCh38|chr20|10763924|10763925|A|G	variant:sha256:036ea7f96a4ded6334a4bf961d2efbed95c04408b3f8caf106e3a99b55a327ca	variant:sha256:036ea7f96a4ded6334a4bf961d2efbed95c04408b3f8caf106e3a99b55a327ca	True	EXACT_NORMALIZED_ALLELE	PHASE1B_EXACT_NORMALIZED_ALLELE_V1	1.0.0	False	False
1313	run-phase1a-60z59-hg002-grch38-v421	event-run-phase1a-60z59-hg002-grch38-v421-record-1428	run-phase1a-ru88n-hg002-grch38-v421	event-run-phase1a-ru88n-hg002-grch38-v421-record-1427	CROSS_RUN_EQUIVALENCE_UNRESOLVED	GRCh38|chr20|10764066|T|C	GRCh38|chr20|10764065|10764066|T|C	GRCh38|chr20|10764065|10764066|T|C	variant:sha256:81d1da67bd3344301a0130d20170392d91a344be0e9496f2eef757882663e997	variant:sha256:81d1da67bd3344301a0130d20170392d91a344be0e9496f2eef757882663e997	True	EXACT_NORMALIZED_ALLELE	PHASE1B_EXACT_NORMALIZED_ALLELE_V1	1.0.0	False	False
1314	run-phase1a-60z59-hg002-grch38-v421	event-run-phase1a-60z59-hg002-grch38-v421-record-1429	run-phase1a-ru88n-hg002-grch38-v421	event-run-phase1a-ru88n-hg002-grch38-v421-record-1428	CROSS_RUN_EQUIVALENCE_UNRESOLVED	GRCh38|chr20|10764113|A|G	GRCh38|chr20|10764112|10764113|A|G	GRCh38|chr20|10764112|10764113|A|G	variant:sha256:a8bb78dd04b8cac0228c530245c1cee77fdb1971a9898b17dc476ebb78859434	variant:sha256:a8bb78dd04b8cac0228c530245c1cee77fdb1971a9898b17dc476ebb78859434	True	EXACT_NORMALIZED_ALLELE	PHASE1B_EXACT_NORMALIZED_ALLELE_V1	1.0.0	False	False
1315	run-phase1a-60z59-hg002-grch38-v421	event-run-phase1a-60z59-hg002-grch38-v421-record-1430	run-phase1a-ru88n-hg002-grch38-v421	event-run-phase1a-ru88n-hg002-grch38-v421-record-1429	CROSS_RUN_EQUIVALENCE_UNRESOLVED	GRCh38|chr20|10764471|T|C	GRCh38|chr20|10764470|10764471|T|C	GRCh38|chr20|10764470|10764471|T|C	variant:sha256:c13a17e4f7e0626cbe26e0b33b129a5aa47ac17fa7d713c65686ea18b74a85df	variant:sha256:c13a17e4f7e0626cbe26e0b33b129a5aa47ac17fa7d713c65686ea18b74a85df	True	EXACT_NORMALIZED_ALLELE	PHASE1B_EXACT_NORMALIZED_ALLELE_V1	1.0.0	False	False
1316	run-phase1a-60z59-hg002-grch38-v421	event-run-phase1a-60z59-hg002-grch38-v421-record-1431	run-phase1a-ru88n-hg002-grch38-v421	event-run-phase1a-ru88n-hg002-grch38-v421-record-1430	CROSS_RUN_EQUIVALENCE_UNRESOLVED	GRCh38|chr20|10764524|T|G	GRCh38|chr20|10764523|10764524|T|G	GRCh38|chr20|10764523|10764524|T|G	variant:sha256:4194a349011991455de6c695f273d4e15c0882077a86304f032606232071b2a5	variant:sha256:4194a349011991455de6c695f273d4e15c0882077a86304f032606232071b2a5	True	EXACT_NORMALIZED_ALLELE	PHASE1B_EXACT_NORMALIZED_ALLELE_V1	1.0.0	False	False
1317	run-phase1a-60z59-hg002-grch38-v421	event-run-phase1a-60z59-hg002-grch38-v421-record-1432	run-phase1a-ru88n-hg002-grch38-v421	event-run-phase1a-ru88n-hg002-grch38-v421-record-1431	CROSS_RUN_EQUIVALENCE_UNRESOLVED	GRCh38|chr20|10764897|G|C	GRCh38|chr20|10764896|10764897|G|C	GRCh38|chr20|10764896|10764897|G|C	variant:sha256:cb193a033926fd4564e9df1517a003eaa07264303b3b0041cdf63675d6ee0575	variant:sha256:cb193a033926fd4564e9df1517a003eaa07264303b3b0041cdf63675d6ee0575	True	EXACT_NORMALIZED_ALLELE	PHASE1B_EXACT_NORMALIZED_ALLELE_V1	1.0.0	False	False
1318	run-phase1a-60z59-hg002-grch38-v421	event-run-phase1a-60z59-hg002-grch38-v421-record-1433	run-phase1a-ru88n-hg002-grch38-v421	event-run-phase1a-ru88n-hg002-grch38-v421-record-1432	CROSS_RUN_EQUIVALENCE_UNRESOLVED	GRCh38|chr20|10765830|A|G	GRCh38|chr20|10765829|10765830|A|G	GRCh38|chr20|10765829|10765830|A|G	variant:sha256:8f87f6820f7b9f9a2637200f04d7ea5249f065013e9949c7aa71c21e81f4bcf9	variant:sha256:8f87f6820f7b9f9a2637200f04d7ea5249f065013e9949c7aa71c21e81f4bcf9	True	EXACT_NORMALIZED_ALLELE	PHASE1B_EXACT_NORMALIZED_ALLELE_V1	1.0.0	False	False
1319	run-phase1a-60z59-hg002-grch38-v421	event-run-phase1a-60z59-hg002-grch38-v421-record-1435	run-phase1a-ru88n-hg002-grch38-v421	event-run-phase1a-ru88n-hg002-grch38-v421-record-1434	CROSS_RUN_EQUIVALENCE_UNRESOLVED	GRCh38|chr20|10766892|T|C	GRCh38|chr20|10766891|10766892|T|C	GRCh38|chr20|10766891|10766892|T|C	variant:sha256:464e6d8a93eda741c92631ca3db6ee44343b74a6800bc7173f814bfdc2b1c55a	variant:sha256:464e6d8a93eda741c92631ca3db6ee44343b74a6800bc7173f814bfdc2b1c55a	True	EXACT_NORMALIZED_ALLELE	PHASE1B_EXACT_NORMALIZED_ALLELE_V1	1.0.0	False	False
1320	run-phase1a-60z59-hg002-grch38-v421	event-run-phase1a-60z59-hg002-grch38-v421-record-1436	run-phase1a-ru88n-hg002-grch38-v421	event-run-phase1a-ru88n-hg002-grch38-v421-record-1435	CROSS_RUN_EQUIVALENCE_UNRESOLVED	GRCh38|chr20|10766909|T|C	GRCh38|chr20|10766908|10766909|T|C	GRCh38|chr20|10766908|10766909|T|C	variant:sha256:c88f3526f3205eaf0b706da10e51796adbccfd5e2dae425203fcc02a02814829	variant:sha256:c88f3526f3205eaf0b706da10e51796adbccfd5e2dae425203fcc02a02814829	True	EXACT_NORMALIZED_ALLELE	PHASE1B_EXACT_NORMALIZED_ALLELE_V1	1.0.0	False	False
1321	run-phase1a-60z59-hg002-grch38-v421	event-run-phase1a-60z59-hg002-grch38-v421-record-1437	run-phase1a-ru88n-hg002-grch38-v421	event-run-phase1a-ru88n-hg002-grch38-v421-record-1436	CROSS_RUN_EQUIVALENCE_UNRESOLVED	GRCh38|chr20|10767717|T|TC	GRCh38|chr20|10767716|10767717|T|TC	GRCh38|chr20|10767716|10767717|T|TC	variant:sha256:4ce9bc95bdee9634f09046ea0cab1ab7a2adde3d3819c8994c6c82f80d458259	variant:sha256:4ce9bc95bdee9634f09046ea0cab1ab7a2adde3d3819c8994c6c82f80d458259	True	EXACT_NORMALIZED_ALLELE	PHASE1B_EXACT_NORMALIZED_ALLELE_V1	1.0.0	False	False
1322	run-phase1a-60z59-hg002-grch38-v421	event-run-phase1a-60z59-hg002-grch38-v421-record-1438	run-phase1a-ru88n-hg002-grch38-v421	event-run-phase1a-ru88n-hg002-grch38-v421-record-1437	CROSS_RUN_EQUIVALENCE_UNRESOLVED	GRCh38|chr20|10768426|A|G	GRCh38|chr20|10768425|10768426|A|G	GRCh38|chr20|10768425|10768426|A|G	variant:sha256:daea0a205d02e697eb5a569eff33d178d3d4b857ac5be487514c4b79c7103813	variant:sha256:daea0a205d02e697eb5a569eff33d178d3d4b857ac5be487514c4b79c7103813	True	EXACT_NORMALIZED_ALLELE	PHASE1B_EXACT_NORMALIZED_ALLELE_V1	1.0.0	False	False
1323	run-phase1a-60z59-hg002-grch38-v421	event-run-phase1a-60z59-hg002-grch38-v421-record-1439	run-phase1a-ru88n-hg002-grch38-v421	event-run-phase1a-ru88n-hg002-grch38-v421-record-1438	CROSS_RUN_EQUIVALENCE_UNRESOLVED	GRCh38|chr20|10768573|A|T	GRCh38|chr20|10768572|10768573|A|T	GRCh38|chr20|10768572|10768573|A|T	variant:sha256:421b042661f871bb3af2d5530218fa6b564282d27a3cb60210cf2dcbb95fa545	variant:sha256:421b042661f871bb3af2d5530218fa6b564282d27a3cb60210cf2dcbb95fa545	True	EXACT_NORMALIZED_ALLELE	PHASE1B_EXACT_NORMALIZED_ALLELE_V1	1.0.0	False	False
1324	run-phase1a-60z59-hg002-grch38-v421	event-run-phase1a-60z59-hg002-grch38-v421-record-1440	run-phase1a-ru88n-hg002-grch38-v421	event-run-phase1a-ru88n-hg002-grch38-v421-record-1439	CROSS_RUN_EQUIVALENCE_UNRESOLVED	GRCh38|chr20|10770563|T|G	GRCh38|chr20|10770562|10770563|T|G	GRCh38|chr20|10770562|10770563|T|G	variant:sha256:8942f078234200ad9457889735567c095a3b6cce1f99a1a78eb9e668067dfb6f	variant:sha256:8942f078234200ad9457889735567c095a3b6cce1f99a1a78eb9e668067dfb6f	True	EXACT_NORMALIZED_ALLELE	PHASE1B_EXACT_NORMALIZED_ALLELE_V1	1.0.0	False	False
1325	run-phase1a-60z59-hg002-grch38-v421	event-run-phase1a-60z59-hg002-grch38-v421-record-1441	run-phase1a-ru88n-hg002-grch38-v421	event-run-phase1a-ru88n-hg002-grch38-v421-record-1440	CROSS_RUN_EQUIVALENCE_UNRESOLVED	GRCh38|chr20|10771163|T|A	GRCh38|chr20|10771162|10771163|T|A	GRCh38|chr20|10771162|10771163|T|A	variant:sha256:d429aaa936f837044ed0cc55ca7e7c78868a162d10d80631e5581e0a0b803ef9	variant:sha256:d429aaa936f837044ed0cc55ca7e7c78868a162d10d80631e5581e0a0b803ef9	True	EXACT_NORMALIZED_ALLELE	PHASE1B_EXACT_NORMALIZED_ALLELE_V1	1.0.0	False	False
1326	run-phase1a-60z59-hg002-grch38-v421	event-run-phase1a-60z59-hg002-grch38-v421-record-1443	run-phase1a-ru88n-hg002-grch38-v421	event-run-phase1a-ru88n-hg002-grch38-v421-record-1442	CROSS_RUN_EQUIVALENCE_UNRESOLVED	GRCh38|chr20|10772589|G|A	GRCh38|chr20|10772588|10772589|G|A	GRCh38|chr20|10772588|10772589|G|A	variant:sha256:0e3df73550d9c589b4c1d053527dcf7149a04a3d67572fff931b1af39a2a0c95	variant:sha256:0e3df73550d9c589b4c1d053527dcf7149a04a3d67572fff931b1af39a2a0c95	True	EXACT_NORMALIZED_ALLELE	PHASE1B_EXACT_NORMALIZED_ALLELE_V1	1.0.0	False	False
1327	run-phase1a-60z59-hg002-grch38-v421	event-run-phase1a-60z59-hg002-grch38-v421-record-1444	run-phase1a-ru88n-hg002-grch38-v421	event-run-phase1a-ru88n-hg002-grch38-v421-record-1443	CROSS_RUN_EQUIVALENCE_UNRESOLVED	GRCh38|chr20|10774505|C|A	GRCh38|chr20|10774504|10774505|C|A	GRCh38|chr20|10774504|10774505|C|A	variant:sha256:2cf1a03ccfb623ba9dc296f0703ae84a0d4c80092315f19be1965335ccab443e	variant:sha256:2cf1a03ccfb623ba9dc296f0703ae84a0d4c80092315f19be1965335ccab443e	True	EXACT_NORMALIZED_ALLELE	PHASE1B_EXACT_NORMALIZED_ALLELE_V1	1.0.0	False	False
1328	run-phase1a-60z59-hg002-grch38-v421	event-run-phase1a-60z59-hg002-grch38-v421-record-1445	run-phase1a-ru88n-hg002-grch38-v421	event-run-phase1a-ru88n-hg002-grch38-v421-record-1444	CROSS_RUN_EQUIVALENCE_UNRESOLVED	GRCh38|chr20|10774772|C|T	GRCh38|chr20|10774771|10774772|C|T	GRCh38|chr20|10774771|10774772|C|T	variant:sha256:21eff7c3f7af44966bbffd805c7f31402987d66e8c97c60b6c3ec603133f6c78	variant:sha256:21eff7c3f7af44966bbffd805c7f31402987d66e8c97c60b6c3ec603133f6c78	True	EXACT_NORMALIZED_ALLELE	PHASE1B_EXACT_NORMALIZED_ALLELE_V1	1.0.0	False	False
1329	run-phase1a-60z59-hg002-grch38-v421	event-run-phase1a-60z59-hg002-grch38-v421-record-1446	run-phase1a-ru88n-hg002-grch38-v421	event-run-phase1a-ru88n-hg002-grch38-v421-record-1445	CROSS_RUN_EQUIVALENCE_UNRESOLVED	GRCh38|chr20|10775518|G|A	GRCh38|chr20|10775517|10775518|G|A	GRCh38|chr20|10775517|10775518|G|A	variant:sha256:aec4cb114eb440820cd7feb94bd59a13891422c13a473867151e96228f52e900	variant:sha256:aec4cb114eb440820cd7feb94bd59a13891422c13a473867151e96228f52e900	True	EXACT_NORMALIZED_ALLELE	PHASE1B_EXACT_NORMALIZED_ALLELE_V1	1.0.0	False	False
1330	run-phase1a-60z59-hg002-grch38-v421	event-run-phase1a-60z59-hg002-grch38-v421-record-1447	run-phase1a-ru88n-hg002-grch38-v421	event-run-phase1a-ru88n-hg002-grch38-v421-record-1446	CROSS_RUN_EQUIVALENCE_UNRESOLVED	GRCh38|chr20|10775866|C|T	GRCh38|chr20|10775865|10775866|C|T	GRCh38|chr20|10775865|10775866|C|T	variant:sha256:0ece9c00b6e937a5264002f4fd6a05681b75f1e6152a0b5f1bc5a7609feabe93	variant:sha256:0ece9c00b6e937a5264002f4fd6a05681b75f1e6152a0b5f1bc5a7609feabe93	True	EXACT_NORMALIZED_ALLELE	PHASE1B_EXACT_NORMALIZED_ALLELE_V1	1.0.0	False	False
1331	run-phase1a-60z59-hg002-grch38-v421	event-run-phase1a-60z59-hg002-grch38-v421-record-1448	run-phase1a-ru88n-hg002-grch38-v421	event-run-phase1a-ru88n-hg002-grch38-v421-record-1447	CROSS_RUN_EQUIVALENCE_UNRESOLVED	GRCh38|chr20|10776838|T|TCACACACACACA	GRCh38|chr20|10776837|10776838|T|TCACACACACACA	GRCh38|chr20|10776837|10776838|T|TCACACACACACA	variant:sha256:0505ea92a4e4cdc7d7207f8d279e21c91328c4bee40bfe9ba0fc47202e50f625	variant:sha256:0505ea92a4e4cdc7d7207f8d279e21c91328c4bee40bfe9ba0fc47202e50f625	True	EXACT_NORMALIZED_ALLELE	PHASE1B_EXACT_NORMALIZED_ALLELE_V1	1.0.0	False	False
1332	run-phase1a-60z59-hg002-grch38-v421	event-run-phase1a-60z59-hg002-grch38-v421-record-1449	run-phase1a-ru88n-hg002-grch38-v421	event-run-phase1a-ru88n-hg002-grch38-v421-record-1448	CROSS_RUN_EQUIVALENCE_UNRESOLVED	GRCh38|chr20|10778727|T|C	GRCh38|chr20|10778726|10778727|T|C	GRCh38|chr20|10778726|10778727|T|C	variant:sha256:d7ace236376e34069cb328fb93c6df93a6825cd9eb426e4565b0859e52476c29	variant:sha256:d7ace236376e34069cb328fb93c6df93a6825cd9eb426e4565b0859e52476c29	True	EXACT_NORMALIZED_ALLELE	PHASE1B_EXACT_NORMALIZED_ALLELE_V1	1.0.0	False	False
1333	run-phase1a-60z59-hg002-grch38-v421	event-run-phase1a-60z59-hg002-grch38-v421-record-1450	run-phase1a-ru88n-hg002-grch38-v421	event-run-phase1a-ru88n-hg002-grch38-v421-record-1449	CROSS_RUN_EQUIVALENCE_UNRESOLVED	GRCh38|chr20|10778811|C|T	GRCh38|chr20|10778810|10778811|C|T	GRCh38|chr20|10778810|10778811|C|T	variant:sha256:9eea74b46d4029548f1f43113f01a090039490fda3c17ef5fc39110c730ecd9f	variant:sha256:9eea74b46d4029548f1f43113f01a090039490fda3c17ef5fc39110c730ecd9f	True	EXACT_NORMALIZED_ALLELE	PHASE1B_EXACT_NORMALIZED_ALLELE_V1	1.0.0	False	False
1334	run-phase1a-60z59-hg002-grch38-v421	event-run-phase1a-60z59-hg002-grch38-v421-record-1451	run-phase1a-ru88n-hg002-grch38-v421	event-run-phase1a-ru88n-hg002-grch38-v421-record-1450	CROSS_RUN_EQUIVALENCE_UNRESOLVED	GRCh38|chr20|10780782|T|A	GRCh38|chr20|10780781|10780782|T|A	GRCh38|chr20|10780781|10780782|T|A	variant:sha256:79da7d45d863efc2bdc36545bc998f00d109bc30c44d44e25af2e3b2f03e7ff5	variant:sha256:79da7d45d863efc2bdc36545bc998f00d109bc30c44d44e25af2e3b2f03e7ff5	True	EXACT_NORMALIZED_ALLELE	PHASE1B_EXACT_NORMALIZED_ALLELE_V1	1.0.0	False	False
1335	run-phase1a-60z59-hg002-grch38-v421	event-run-phase1a-60z59-hg002-grch38-v421-record-1452	run-phase1a-ru88n-hg002-grch38-v421	event-run-phase1a-ru88n-hg002-grch38-v421-record-1451	CROSS_RUN_EQUIVALENCE_UNRESOLVED	GRCh38|chr20|10782366|A|G	GRCh38|chr20|10782365|10782366|A|G	GRCh38|chr20|10782365|10782366|A|G	variant:sha256:89a1bef3f6ad3838d369654c40845c0f24351ad503395c8c5eb433037423983f	variant:sha256:89a1bef3f6ad3838d369654c40845c0f24351ad503395c8c5eb433037423983f	True	EXACT_NORMALIZED_ALLELE	PHASE1B_EXACT_NORMALIZED_ALLELE_V1	1.0.0	False	False
1336	run-phase1a-60z59-hg002-grch38-v421	event-run-phase1a-60z59-hg002-grch38-v421-record-1453	run-phase1a-ru88n-hg002-grch38-v421	event-run-phase1a-ru88n-hg002-grch38-v421-record-1452	CROSS_RUN_EQUIVALENCE_UNRESOLVED	GRCh38|chr20|10783359|G|A	GRCh38|chr20|10783358|10783359|G|A	GRCh38|chr20|10783358|10783359|G|A	variant:sha256:1a9b51591efbb6ddf54e43994059b6bcb6acae0919459d1efc9589d8f0860932	variant:sha256:1a9b51591efbb6ddf54e43994059b6bcb6acae0919459d1efc9589d8f0860932	True	EXACT_NORMALIZED_ALLELE	PHASE1B_EXACT_NORMALIZED_ALLELE_V1	1.0.0	False	False
1337	run-phase1a-60z59-hg002-grch38-v421	event-run-phase1a-60z59-hg002-grch38-v421-record-1454	run-phase1a-ru88n-hg002-grch38-v421	event-run-phase1a-ru88n-hg002-grch38-v421-record-1453	CROSS_RUN_EQUIVALENCE_UNRESOLVED	GRCh38|chr20|10783728|T|TA	GRCh38|chr20|10783727|10783728|T|TA	GRCh38|chr20|10783727|10783728|T|TA	variant:sha256:202c472578a03659d5d92b240fa515d11017759076b48c35ad5d63b3ed971246	variant:sha256:202c472578a03659d5d92b240fa515d11017759076b48c35ad5d63b3ed971246	True	EXACT_NORMALIZED_ALLELE	PHASE1B_EXACT_NORMALIZED_ALLELE_V1	1.0.0	False	False
1338	run-phase1a-60z59-hg002-grch38-v421	event-run-phase1a-60z59-hg002-grch38-v421-record-1455	run-phase1a-ru88n-hg002-grch38-v421	event-run-phase1a-ru88n-hg002-grch38-v421-record-1454	CROSS_RUN_EQUIVALENCE_UNRESOLVED	GRCh38|chr20|10785338|A|G	GRCh38|chr20|10785337|10785338|A|G	GRCh38|chr20|10785337|10785338|A|G	variant:sha256:aef717c3302870f7cbcbcf0c9cac4b006d26a9d11be713935b95d9f0e44057f4	variant:sha256:aef717c3302870f7cbcbcf0c9cac4b006d26a9d11be713935b95d9f0e44057f4	True	EXACT_NORMALIZED_ALLELE	PHASE1B_EXACT_NORMALIZED_ALLELE_V1	1.0.0	False	False
1339	run-phase1a-60z59-hg002-grch38-v421	event-run-phase1a-60z59-hg002-grch38-v421-record-1456	run-phase1a-ru88n-hg002-grch38-v421	event-run-phase1a-ru88n-hg002-grch38-v421-record-1455	CROSS_RUN_EQUIVALENCE_UNRESOLVED	GRCh38|chr20|10785514|C|T	GRCh38|chr20|10785513|10785514|C|T	GRCh38|chr20|10785513|10785514|C|T	variant:sha256:1bfa861a4a38d30ff49f1eb7e71ef1c2f2f335bce9060b2b2fb7e40d92e3cec0	variant:sha256:1bfa861a4a38d30ff49f1eb7e71ef1c2f2f335bce9060b2b2fb7e40d92e3cec0	True	EXACT_NORMALIZED_ALLELE	PHASE1B_EXACT_NORMALIZED_ALLELE_V1	1.0.0	False	False
1340	run-phase1a-60z59-hg002-grch38-v421	event-run-phase1a-60z59-hg002-grch38-v421-record-1457	run-phase1a-ru88n-hg002-grch38-v421	event-run-phase1a-ru88n-hg002-grch38-v421-record-1456	CROSS_RUN_EQUIVALENCE_UNRESOLVED	GRCh38|chr20|10788426|G|T	GRCh38|chr20|10788425|10788426|G|T	GRCh38|chr20|10788425|10788426|G|T	variant:sha256:1a80b15a67247aacbf960fcfde62c9840970ba56761976a365e0d2744ab2987b	variant:sha256:1a80b15a67247aacbf960fcfde62c9840970ba56761976a365e0d2744ab2987b	True	EXACT_NORMALIZED_ALLELE	PHASE1B_EXACT_NORMALIZED_ALLELE_V1	1.0.0	False	False
1341	run-phase1a-60z59-hg002-grch38-v421	event-run-phase1a-60z59-hg002-grch38-v421-record-1459	run-phase1a-ru88n-hg002-grch38-v421	event-run-phase1a-ru88n-hg002-grch38-v421-record-1458	CROSS_RUN_EQUIVALENCE_UNRESOLVED	GRCh38|chr20|10789229|T|C	GRCh38|chr20|10789228|10789229|T|C	GRCh38|chr20|10789228|10789229|T|C	variant:sha256:e9d7120d92bb2a2ca1ef261ad5a499433986cf9883f41ab8476261c7902b608e	variant:sha256:e9d7120d92bb2a2ca1ef261ad5a499433986cf9883f41ab8476261c7902b608e	True	EXACT_NORMALIZED_ALLELE	PHASE1B_EXACT_NORMALIZED_ALLELE_V1	1.0.0	False	False
1342	run-phase1a-60z59-hg002-grch38-v421	event-run-phase1a-60z59-hg002-grch38-v421-record-1460	run-phase1a-ru88n-hg002-grch38-v421	event-run-phase1a-ru88n-hg002-grch38-v421-record-1459	CROSS_RUN_EQUIVALENCE_UNRESOLVED	GRCh38|chr20|10792650|T|C	GRCh38|chr20|10792649|10792650|T|C	GRCh38|chr20|10792649|10792650|T|C	variant:sha256:7a7304718555b62b1a322708780a7f4737e743cb5e2b430a530bc42071846b40	variant:sha256:7a7304718555b62b1a322708780a7f4737e743cb5e2b430a530bc42071846b40	True	EXACT_NORMALIZED_ALLELE	PHASE1B_EXACT_NORMALIZED_ALLELE_V1	1.0.0	False	False
1343	run-phase1a-60z59-hg002-grch38-v421	event-run-phase1a-60z59-hg002-grch38-v421-record-1461	run-phase1a-ru88n-hg002-grch38-v421	event-run-phase1a-ru88n-hg002-grch38-v421-record-1460	CROSS_RUN_EQUIVALENCE_UNRESOLVED	GRCh38|chr20|10792877|A|G	GRCh38|chr20|10792876|10792877|A|G	GRCh38|chr20|10792876|10792877|A|G	variant:sha256:6b3f1bf9883125c3e9a4b526d84311a3407bf7cfc5fad30172fd9759c06abbbf	variant:sha256:6b3f1bf9883125c3e9a4b526d84311a3407bf7cfc5fad30172fd9759c06abbbf	True	EXACT_NORMALIZED_ALLELE	PHASE1B_EXACT_NORMALIZED_ALLELE_V1	1.0.0	False	False
1344	run-phase1a-60z59-hg002-grch38-v421	event-run-phase1a-60z59-hg002-grch38-v421-record-1462	run-phase1a-ru88n-hg002-grch38-v421	event-run-phase1a-ru88n-hg002-grch38-v421-record-1461	CROSS_RUN_EQUIVALENCE_UNRESOLVED	GRCh38|chr20|10794676|TAC|T	GRCh38|chr20|10794675|10794678|TAC|T	GRCh38|chr20|10794675|10794678|TAC|T	variant:sha256:1e3e5cb9573df9c900708ff5721832a6537315d46cdc0ed461a7ef6bc6df7f92	variant:sha256:1e3e5cb9573df9c900708ff5721832a6537315d46cdc0ed461a7ef6bc6df7f92	True	EXACT_NORMALIZED_ALLELE	PHASE1B_EXACT_NORMALIZED_ALLELE_V1	1.0.0	False	False
1345	run-phase1a-60z59-hg002-grch38-v421	event-run-phase1a-60z59-hg002-grch38-v421-record-1463	run-phase1a-ru88n-hg002-grch38-v421	event-run-phase1a-ru88n-hg002-grch38-v421-record-1462	CROSS_RUN_EQUIVALENCE_UNRESOLVED	GRCh38|chr20|10794845|T|C	GRCh38|chr20|10794844|10794845|T|C	GRCh38|chr20|10794844|10794845|T|C	variant:sha256:3b50ef07190b5fdecd3adee90d597830d24b914e9e3f011a935db08e15fe317d	variant:sha256:3b50ef07190b5fdecd3adee90d597830d24b914e9e3f011a935db08e15fe317d	True	EXACT_NORMALIZED_ALLELE	PHASE1B_EXACT_NORMALIZED_ALLELE_V1	1.0.0	False	False
1346	run-phase1a-60z59-hg002-grch38-v421	event-run-phase1a-60z59-hg002-grch38-v421-record-1464	run-phase1a-ru88n-hg002-grch38-v421	event-run-phase1a-ru88n-hg002-grch38-v421-record-1463	CROSS_RUN_EQUIVALENCE_UNRESOLVED	GRCh38|chr20|10795015|C|T	GRCh38|chr20|10795014|10795015|C|T	GRCh38|chr20|10795014|10795015|C|T	variant:sha256:93711ae08e59565adc6c4cbbef4734dc163aae831ff81633b242ca52320f1c25	variant:sha256:93711ae08e59565adc6c4cbbef4734dc163aae831ff81633b242ca52320f1c25	True	EXACT_NORMALIZED_ALLELE	PHASE1B_EXACT_NORMALIZED_ALLELE_V1	1.0.0	False	False
1347	run-phase1a-60z59-hg002-grch38-v421	event-run-phase1a-60z59-hg002-grch38-v421-record-1465	run-phase1a-ru88n-hg002-grch38-v421	event-run-phase1a-ru88n-hg002-grch38-v421-record-1464	CROSS_RUN_EQUIVALENCE_UNRESOLVED	GRCh38|chr20|10795016|A|G	GRCh38|chr20|10795015|10795016|A|G	GRCh38|chr20|10795015|10795016|A|G	variant:sha256:62369d85d621dd4eff4c3fbe92141b4ebabd8d264097e873b55cd13816fd28f0	variant:sha256:62369d85d621dd4eff4c3fbe92141b4ebabd8d264097e873b55cd13816fd28f0	True	EXACT_NORMALIZED_ALLELE	PHASE1B_EXACT_NORMALIZED_ALLELE_V1	1.0.0	False	False
1348	run-phase1a-60z59-hg002-grch38-v421	event-run-phase1a-60z59-hg002-grch38-v421-record-1466	run-phase1a-ru88n-hg002-grch38-v421	event-run-phase1a-ru88n-hg002-grch38-v421-record-1465	CROSS_RUN_EQUIVALENCE_UNRESOLVED	GRCh38|chr20|10795702|CT|C	GRCh38|chr20|10795701|10795703|CT|C	GRCh38|chr20|10795701|10795703|CT|C	variant:sha256:624507f18f203267680ea11cabd40d92fcc11a18c83fbe6505eaff0391435c25	variant:sha256:624507f18f203267680ea11cabd40d92fcc11a18c83fbe6505eaff0391435c25	True	EXACT_NORMALIZED_ALLELE	PHASE1B_EXACT_NORMALIZED_ALLELE_V1	1.0.0	False	False
1349	run-phase1a-60z59-hg002-grch38-v421	event-run-phase1a-60z59-hg002-grch38-v421-record-1467	run-phase1a-ru88n-hg002-grch38-v421	event-run-phase1a-ru88n-hg002-grch38-v421-record-1466	CROSS_RUN_EQUIVALENCE_UNRESOLVED	GRCh38|chr20|10795848|G|A	GRCh38|chr20|10795847|10795848|G|A	GRCh38|chr20|10795847|10795848|G|A	variant:sha256:8ef53edc31fcac107099c24068fc82857b254465a42e4b389858ca96f32fcede	variant:sha256:8ef53edc31fcac107099c24068fc82857b254465a42e4b389858ca96f32fcede	True	EXACT_NORMALIZED_ALLELE	PHASE1B_EXACT_NORMALIZED_ALLELE_V1	1.0.0	False	False
1350	run-phase1a-60z59-hg002-grch38-v421	event-run-phase1a-60z59-hg002-grch38-v421-record-1468	run-phase1a-ru88n-hg002-grch38-v421	event-run-phase1a-ru88n-hg002-grch38-v421-record-1467	CROSS_RUN_EQUIVALENCE_UNRESOLVED	GRCh38|chr20|10796316|C|T	GRCh38|chr20|10796315|10796316|C|T	GRCh38|chr20|10796315|10796316|C|T	variant:sha256:3a58da6d85536f6f6250b4d0d93929dc1caf4c81f29328b2d8b4c0d3b3bb6e7f	variant:sha256:3a58da6d85536f6f6250b4d0d93929dc1caf4c81f29328b2d8b4c0d3b3bb6e7f	True	EXACT_NORMALIZED_ALLELE	PHASE1B_EXACT_NORMALIZED_ALLELE_V1	1.0.0	False	False
1351	run-phase1a-60z59-hg002-grch38-v421	event-run-phase1a-60z59-hg002-grch38-v421-record-1469	run-phase1a-ru88n-hg002-grch38-v421	event-run-phase1a-ru88n-hg002-grch38-v421-record-1468	CROSS_RUN_EQUIVALENCE_UNRESOLVED	GRCh38|chr20|10796738|A|G	GRCh38|chr20|10796737|10796738|A|G	GRCh38|chr20|10796737|10796738|A|G	variant:sha256:22000022e2685b1d6ff9e00c7846dd7902e9511456daa0001367d565d62c1ac8	variant:sha256:22000022e2685b1d6ff9e00c7846dd7902e9511456daa0001367d565d62c1ac8	True	EXACT_NORMALIZED_ALLELE	PHASE1B_EXACT_NORMALIZED_ALLELE_V1	1.0.0	False	False
1352	run-phase1a-60z59-hg002-grch38-v421	event-run-phase1a-60z59-hg002-grch38-v421-record-1470	run-phase1a-ru88n-hg002-grch38-v421	event-run-phase1a-ru88n-hg002-grch38-v421-record-1469	CROSS_RUN_EQUIVALENCE_UNRESOLVED	GRCh38|chr20|10796766|G|A	GRCh38|chr20|10796765|10796766|G|A	GRCh38|chr20|10796765|10796766|G|A	variant:sha256:8bc2503857af2bb106bc36131f1715d15409f177a6f1d95087298b19ff24e352	variant:sha256:8bc2503857af2bb106bc36131f1715d15409f177a6f1d95087298b19ff24e352	True	EXACT_NORMALIZED_ALLELE	PHASE1B_EXACT_NORMALIZED_ALLELE_V1	1.0.0	False	False
1353	run-phase1a-60z59-hg002-grch38-v421	event-run-phase1a-60z59-hg002-grch38-v421-record-1471	run-phase1a-ru88n-hg002-grch38-v421	event-run-phase1a-ru88n-hg002-grch38-v421-record-1470	CROSS_RUN_EQUIVALENCE_UNRESOLVED	GRCh38|chr20|10797104|A|G	GRCh38|chr20|10797103|10797104|A|G	GRCh38|chr20|10797103|10797104|A|G	variant:sha256:73b30bff57d664a33afbdb29b9d7b78589fb086744ed5a8723310ae5741b1433	variant:sha256:73b30bff57d664a33afbdb29b9d7b78589fb086744ed5a8723310ae5741b1433	True	EXACT_NORMALIZED_ALLELE	PHASE1B_EXACT_NORMALIZED_ALLELE_V1	1.0.0	False	False
1354	run-phase1a-60z59-hg002-grch38-v421	event-run-phase1a-60z59-hg002-grch38-v421-record-1472	run-phase1a-ru88n-hg002-grch38-v421	event-run-phase1a-ru88n-hg002-grch38-v421-record-1471	CROSS_RUN_EQUIVALENCE_UNRESOLVED	GRCh38|chr20|10797105|T|C	GRCh38|chr20|10797104|10797105|T|C	GRCh38|chr20|10797104|10797105|T|C	variant:sha256:4c52505cb0263aea0293cb37747f1277ef20c169712721ba35b2a3c345a75b39	variant:sha256:4c52505cb0263aea0293cb37747f1277ef20c169712721ba35b2a3c345a75b39	True	EXACT_NORMALIZED_ALLELE	PHASE1B_EXACT_NORMALIZED_ALLELE_V1	1.0.0	False	False
1355	run-phase1a-60z59-hg002-grch38-v421	event-run-phase1a-60z59-hg002-grch38-v421-record-1473	run-phase1a-ru88n-hg002-grch38-v421	event-run-phase1a-ru88n-hg002-grch38-v421-record-1472	CROSS_RUN_EQUIVALENCE_UNRESOLVED	GRCh38|chr20|10797374|A|G	GRCh38|chr20|10797373|10797374|A|G	GRCh38|chr20|10797373|10797374|A|G	variant:sha256:4ee8219d2bde13823c6ceb3226d3c9f26f831b8d7ad71e7c3a16a0aa36084bf5	variant:sha256:4ee8219d2bde13823c6ceb3226d3c9f26f831b8d7ad71e7c3a16a0aa36084bf5	True	EXACT_NORMALIZED_ALLELE	PHASE1B_EXACT_NORMALIZED_ALLELE_V1	1.0.0	False	False
1356	run-phase1a-60z59-hg002-grch38-v421	event-run-phase1a-60z59-hg002-grch38-v421-record-1474	run-phase1a-ru88n-hg002-grch38-v421	event-run-phase1a-ru88n-hg002-grch38-v421-record-1473	CROSS_RUN_EQUIVALENCE_UNRESOLVED	GRCh38|chr20|10797414|C|T	GRCh38|chr20|10797413|10797414|C|T	GRCh38|chr20|10797413|10797414|C|T	variant:sha256:d936b6e596c97a7a990bfdf9df30a862946ae037d01dfe4305259ea7a92f67d5	variant:sha256:d936b6e596c97a7a990bfdf9df30a862946ae037d01dfe4305259ea7a92f67d5	True	EXACT_NORMALIZED_ALLELE	PHASE1B_EXACT_NORMALIZED_ALLELE_V1	1.0.0	False	False
1357	run-phase1a-60z59-hg002-grch38-v421	event-run-phase1a-60z59-hg002-grch38-v421-record-1475	run-phase1a-ru88n-hg002-grch38-v421	event-run-phase1a-ru88n-hg002-grch38-v421-record-1474	CROSS_RUN_EQUIVALENCE_UNRESOLVED	GRCh38|chr20|10798687|T|C	GRCh38|chr20|10798686|10798687|T|C	GRCh38|chr20|10798686|10798687|T|C	variant:sha256:768abc9b2453f2316b6a7da91f6362d241889de433ef2417aedfb7c32c921cc0	variant:sha256:768abc9b2453f2316b6a7da91f6362d241889de433ef2417aedfb7c32c921cc0	True	EXACT_NORMALIZED_ALLELE	PHASE1B_EXACT_NORMALIZED_ALLELE_V1	1.0.0	False	False
1358	run-phase1a-60z59-hg002-grch38-v421	event-run-phase1a-60z59-hg002-grch38-v421-record-1476	run-phase1a-ru88n-hg002-grch38-v421	event-run-phase1a-ru88n-hg002-grch38-v421-record-1475	CROSS_RUN_EQUIVALENCE_UNRESOLVED	GRCh38|chr20|10799987|ATGG|A	GRCh38|chr20|10799986|10799990|ATGG|A	GRCh38|chr20|10799986|10799990|ATGG|A	variant:sha256:1b99dc5e57d86087692ad65e1cf7a23448b39a14cb7c5cbfa0234073db419cdd	variant:sha256:1b99dc5e57d86087692ad65e1cf7a23448b39a14cb7c5cbfa0234073db419cdd	True	EXACT_NORMALIZED_ALLELE	PHASE1B_EXACT_NORMALIZED_ALLELE_V1	1.0.0	False	False
1359	run-phase1a-60z59-hg002-grch38-v421	event-run-phase1a-60z59-hg002-grch38-v421-record-1477	run-phase1a-ru88n-hg002-grch38-v421	event-run-phase1a-ru88n-hg002-grch38-v421-record-1476	CROSS_RUN_EQUIVALENCE_UNRESOLVED	GRCh38|chr20|10800092|C|T	GRCh38|chr20|10800091|10800092|C|T	GRCh38|chr20|10800091|10800092|C|T	variant:sha256:539c0ed6c5fee31e57952bc19df45c21f12ab5ca3c64743100a834b4e53ea43d	variant:sha256:539c0ed6c5fee31e57952bc19df45c21f12ab5ca3c64743100a834b4e53ea43d	True	EXACT_NORMALIZED_ALLELE	PHASE1B_EXACT_NORMALIZED_ALLELE_V1	1.0.0	False	False
1360	run-phase1a-60z59-hg002-grch38-v421	event-run-phase1a-60z59-hg002-grch38-v421-record-1478	run-phase1a-ru88n-hg002-grch38-v421	event-run-phase1a-ru88n-hg002-grch38-v421-record-1477	CROSS_RUN_EQUIVALENCE_UNRESOLVED	GRCh38|chr20|10800231|G|A	GRCh38|chr20|10800230|10800231|G|A	GRCh38|chr20|10800230|10800231|G|A	variant:sha256:bb9242a0a48b284fa74a327a0d19f7f3460e142002e88efff3b96961e6bbe43d	variant:sha256:bb9242a0a48b284fa74a327a0d19f7f3460e142002e88efff3b96961e6bbe43d	True	EXACT_NORMALIZED_ALLELE	PHASE1B_EXACT_NORMALIZED_ALLELE_V1	1.0.0	False	False
1361	run-phase1a-60z59-hg002-grch38-v421	event-run-phase1a-60z59-hg002-grch38-v421-record-1479	run-phase1a-ru88n-hg002-grch38-v421	event-run-phase1a-ru88n-hg002-grch38-v421-record-1478	CROSS_RUN_EQUIVALENCE_UNRESOLVED	GRCh38|chr20|10800243|C|T	GRCh38|chr20|10800242|10800243|C|T	GRCh38|chr20|10800242|10800243|C|T	variant:sha256:cb51eebabab59bd6ad7ed4b8924b6a11edb6d9ea3167cfb9452ba503129c9be7	variant:sha256:cb51eebabab59bd6ad7ed4b8924b6a11edb6d9ea3167cfb9452ba503129c9be7	True	EXACT_NORMALIZED_ALLELE	PHASE1B_EXACT_NORMALIZED_ALLELE_V1	1.0.0	False	False
1362	run-phase1a-60z59-hg002-grch38-v421	event-run-phase1a-60z59-hg002-grch38-v421-record-1480	run-phase1a-ru88n-hg002-grch38-v421	event-run-phase1a-ru88n-hg002-grch38-v421-record-1479	CROSS_RUN_EQUIVALENCE_UNRESOLVED	GRCh38|chr20|10800583|C|T	GRCh38|chr20|10800582|10800583|C|T	GRCh38|chr20|10800582|10800583|C|T	variant:sha256:d04364cd66c55061d7fe9818a816ce0bb6a1dc8f834c179a8d94cc8c3620202c	variant:sha256:d04364cd66c55061d7fe9818a816ce0bb6a1dc8f834c179a8d94cc8c3620202c	True	EXACT_NORMALIZED_ALLELE	PHASE1B_EXACT_NORMALIZED_ALLELE_V1	1.0.0	False	False
1363	run-phase1a-60z59-hg002-grch38-v421	event-run-phase1a-60z59-hg002-grch38-v421-record-1481	run-phase1a-ru88n-hg002-grch38-v421	event-run-phase1a-ru88n-hg002-grch38-v421-record-1480	CROSS_RUN_EQUIVALENCE_UNRESOLVED	GRCh38|chr20|10800788|C|T	GRCh38|chr20|10800787|10800788|C|T	GRCh38|chr20|10800787|10800788|C|T	variant:sha256:c0746523599317a407ea824162296e419bd66788130ea277b463b087a84cb13b	variant:sha256:c0746523599317a407ea824162296e419bd66788130ea277b463b087a84cb13b	True	EXACT_NORMALIZED_ALLELE	PHASE1B_EXACT_NORMALIZED_ALLELE_V1	1.0.0	False	False
1364	run-phase1a-60z59-hg002-grch38-v421	event-run-phase1a-60z59-hg002-grch38-v421-record-1482	run-phase1a-ru88n-hg002-grch38-v421	event-run-phase1a-ru88n-hg002-grch38-v421-record-1481	CROSS_RUN_EQUIVALENCE_UNRESOLVED	GRCh38|chr20|10800875|A|T	GRCh38|chr20|10800874|10800875|A|T	GRCh38|chr20|10800874|10800875|A|T	variant:sha256:ec53735bbbb82458cb5273511a00c5ba5052763835d7b23824ebe54b42cf4ade	variant:sha256:ec53735bbbb82458cb5273511a00c5ba5052763835d7b23824ebe54b42cf4ade	True	EXACT_NORMALIZED_ALLELE	PHASE1B_EXACT_NORMALIZED_ALLELE_V1	1.0.0	False	False
1365	run-phase1a-60z59-hg002-grch38-v421	event-run-phase1a-60z59-hg002-grch38-v421-record-1484	run-phase1a-ru88n-hg002-grch38-v421	event-run-phase1a-ru88n-hg002-grch38-v421-record-1482	CROSS_RUN_EQUIVALENCE_UNRESOLVED	GRCh38|chr20|10802758|CAT|C	GRCh38|chr20|10802757|10802760|CAT|C	GRCh38|chr20|10802757|10802760|CAT|C	variant:sha256:3a5ccc50588c1170e3c1a198991777015f65a64e435e341eb69ea48ffcf5bd66	variant:sha256:3a5ccc50588c1170e3c1a198991777015f65a64e435e341eb69ea48ffcf5bd66	True	EXACT_NORMALIZED_ALLELE	PHASE1B_EXACT_NORMALIZED_ALLELE_V1	1.0.0	False	False
1366	run-phase1a-60z59-hg002-grch38-v421	event-run-phase1a-60z59-hg002-grch38-v421-record-1485	run-phase1a-ru88n-hg002-grch38-v421	event-run-phase1a-ru88n-hg002-grch38-v421-record-1485	CROSS_RUN_EQUIVALENCE_UNRESOLVED	GRCh38|chr20|10802906|CATAT|C	GRCh38|chr20|10802905|10802910|CATAT|C	GRCh38|chr20|10802905|10802910|CATAT|C	variant:sha256:04a0362eecec4a6896f665f218fe03a79baa35f30912e6a8c1cdc6fbff01162b	variant:sha256:04a0362eecec4a6896f665f218fe03a79baa35f30912e6a8c1cdc6fbff01162b	True	EXACT_NORMALIZED_ALLELE	PHASE1B_EXACT_NORMALIZED_ALLELE_V1	1.0.0	False	False
1367	run-phase1a-60z59-hg002-grch38-v421	event-run-phase1a-60z59-hg002-grch38-v421-record-1486	run-phase1a-ru88n-hg002-grch38-v421	event-run-phase1a-ru88n-hg002-grch38-v421-record-1486	CROSS_RUN_EQUIVALENCE_UNRESOLVED	GRCh38|chr20|10804417|A|G	GRCh38|chr20|10804416|10804417|A|G	GRCh38|chr20|10804416|10804417|A|G	variant:sha256:ca532fe66288842e3d80562b6afb5494f050c24e8dc06e7e1a7bb43c10e8b2bd	variant:sha256:ca532fe66288842e3d80562b6afb5494f050c24e8dc06e7e1a7bb43c10e8b2bd	True	EXACT_NORMALIZED_ALLELE	PHASE1B_EXACT_NORMALIZED_ALLELE_V1	1.0.0	False	False
1368	run-phase1a-60z59-hg002-grch38-v421	event-run-phase1a-60z59-hg002-grch38-v421-record-1487	run-phase1a-ru88n-hg002-grch38-v421	event-run-phase1a-ru88n-hg002-grch38-v421-record-1487	CROSS_RUN_EQUIVALENCE_UNRESOLVED	GRCh38|chr20|10804443|C|T	GRCh38|chr20|10804442|10804443|C|T	GRCh38|chr20|10804442|10804443|C|T	variant:sha256:8bdfb160cc0b0d0da9850dade9bd960d37b6343f3f4cad547bff7e755d43f5e5	variant:sha256:8bdfb160cc0b0d0da9850dade9bd960d37b6343f3f4cad547bff7e755d43f5e5	True	EXACT_NORMALIZED_ALLELE	PHASE1B_EXACT_NORMALIZED_ALLELE_V1	1.0.0	False	False
1369	run-phase1a-60z59-hg002-grch38-v421	event-run-phase1a-60z59-hg002-grch38-v421-record-1488	run-phase1a-ru88n-hg002-grch38-v421	event-run-phase1a-ru88n-hg002-grch38-v421-record-1488	CROSS_RUN_EQUIVALENCE_UNRESOLVED	GRCh38|chr20|10804974|G|A	GRCh38|chr20|10804973|10804974|G|A	GRCh38|chr20|10804973|10804974|G|A	variant:sha256:737270c0c85460224bfef635ddab074bacf85ee15709992b904607d370bbb6ec	variant:sha256:737270c0c85460224bfef635ddab074bacf85ee15709992b904607d370bbb6ec	True	EXACT_NORMALIZED_ALLELE	PHASE1B_EXACT_NORMALIZED_ALLELE_V1	1.0.0	False	False
1370	run-phase1a-60z59-hg002-grch38-v421	event-run-phase1a-60z59-hg002-grch38-v421-record-1489	run-phase1a-ru88n-hg002-grch38-v421	event-run-phase1a-ru88n-hg002-grch38-v421-record-1489	CROSS_RUN_EQUIVALENCE_UNRESOLVED	GRCh38|chr20|10805018|GAAGAAAGA|G	GRCh38|chr20|10805017|10805026|GAAGAAAGA|G	GRCh38|chr20|10805017|10805026|GAAGAAAGA|G	variant:sha256:ab707c085d4fbe3b00b0c70a40e09dcb2eae49b538881974a000db3b31fb1536	variant:sha256:ab707c085d4fbe3b00b0c70a40e09dcb2eae49b538881974a000db3b31fb1536	True	EXACT_NORMALIZED_ALLELE	PHASE1B_EXACT_NORMALIZED_ALLELE_V1	1.0.0	False	False
1371	run-phase1a-60z59-hg002-grch38-v421	event-run-phase1a-60z59-hg002-grch38-v421-record-1490	run-phase1a-ru88n-hg002-grch38-v421	event-run-phase1a-ru88n-hg002-grch38-v421-record-1490	CROSS_RUN_EQUIVALENCE_UNRESOLVED	GRCh38|chr20|10806264|G|A	GRCh38|chr20|10806263|10806264|G|A	GRCh38|chr20|10806263|10806264|G|A	variant:sha256:88ab085b2efa226183f0889f157dc766633533da9ddb88f2c61abbdec8979803	variant:sha256:88ab085b2efa226183f0889f157dc766633533da9ddb88f2c61abbdec8979803	True	EXACT_NORMALIZED_ALLELE	PHASE1B_EXACT_NORMALIZED_ALLELE_V1	1.0.0	False	False
1372	run-phase1a-60z59-hg002-grch38-v421	event-run-phase1a-60z59-hg002-grch38-v421-record-1493	run-phase1a-ru88n-hg002-grch38-v421	event-run-phase1a-ru88n-hg002-grch38-v421-record-1493	CROSS_RUN_EQUIVALENCE_UNRESOLVED	GRCh38|chr20|10809316|C|T	GRCh38|chr20|10809315|10809316|C|T	GRCh38|chr20|10809315|10809316|C|T	variant:sha256:d03b6460c93e55fd68dd58f1359ce476710ca1b8cf0944954ce0e3d25cc5c2db	variant:sha256:d03b6460c93e55fd68dd58f1359ce476710ca1b8cf0944954ce0e3d25cc5c2db	True	EXACT_NORMALIZED_ALLELE	PHASE1B_EXACT_NORMALIZED_ALLELE_V1	1.0.0	False	False
1373	run-phase1a-60z59-hg002-grch38-v421	event-run-phase1a-60z59-hg002-grch38-v421-record-1494	run-phase1a-ru88n-hg002-grch38-v421	event-run-phase1a-ru88n-hg002-grch38-v421-record-1494	CROSS_RUN_EQUIVALENCE_UNRESOLVED	GRCh38|chr20|10810257|G|T	GRCh38|chr20|10810256|10810257|G|T	GRCh38|chr20|10810256|10810257|G|T	variant:sha256:e1d138960c5a64997d95eb971c7e32dc86e56b18810475a10be3dfa0846febdf	variant:sha256:e1d138960c5a64997d95eb971c7e32dc86e56b18810475a10be3dfa0846febdf	True	EXACT_NORMALIZED_ALLELE	PHASE1B_EXACT_NORMALIZED_ALLELE_V1	1.0.0	False	False
1374	run-phase1a-60z59-hg002-grch38-v421	event-run-phase1a-60z59-hg002-grch38-v421-record-1495	run-phase1a-ru88n-hg002-grch38-v421	event-run-phase1a-ru88n-hg002-grch38-v421-record-1495	CROSS_RUN_EQUIVALENCE_UNRESOLVED	GRCh38|chr20|10810317|C|T	GRCh38|chr20|10810316|10810317|C|T	GRCh38|chr20|10810316|10810317|C|T	variant:sha256:fa0730faecd7a1a53d805b12bfbddfbe4440964f281998b573b6eacdf2ba60b6	variant:sha256:fa0730faecd7a1a53d805b12bfbddfbe4440964f281998b573b6eacdf2ba60b6	True	EXACT_NORMALIZED_ALLELE	PHASE1B_EXACT_NORMALIZED_ALLELE_V1	1.0.0	False	False
1375	run-phase1a-60z59-hg002-grch38-v421	event-run-phase1a-60z59-hg002-grch38-v421-record-1497	run-phase1a-ru88n-hg002-grch38-v421	event-run-phase1a-ru88n-hg002-grch38-v421-record-1496	CROSS_RUN_EQUIVALENCE_UNRESOLVED	GRCh38|chr20|10811812|G|T	GRCh38|chr20|10811811|10811812|G|T	GRCh38|chr20|10811811|10811812|G|T	variant:sha256:38d7ed60c7701a19c2382a9295d583158450af237c8d63d745dbee008b9d482e	variant:sha256:38d7ed60c7701a19c2382a9295d583158450af237c8d63d745dbee008b9d482e	True	EXACT_NORMALIZED_ALLELE	PHASE1B_EXACT_NORMALIZED_ALLELE_V1	1.0.0	False	False
1376	run-phase1a-60z59-hg002-grch38-v421	event-run-phase1a-60z59-hg002-grch38-v421-record-1498	run-phase1a-ru88n-hg002-grch38-v421	event-run-phase1a-ru88n-hg002-grch38-v421-record-1497	CROSS_RUN_EQUIVALENCE_UNRESOLVED	GRCh38|chr20|10811851|T|G	GRCh38|chr20|10811850|10811851|T|G	GRCh38|chr20|10811850|10811851|T|G	variant:sha256:947cd3c356a9efec9405e10ba6c61f40689d613665d6b3128da94993c2529ce1	variant:sha256:947cd3c356a9efec9405e10ba6c61f40689d613665d6b3128da94993c2529ce1	True	EXACT_NORMALIZED_ALLELE	PHASE1B_EXACT_NORMALIZED_ALLELE_V1	1.0.0	False	False
1377	run-phase1a-60z59-hg002-grch38-v421	event-run-phase1a-60z59-hg002-grch38-v421-record-1499	run-phase1a-ru88n-hg002-grch38-v421	event-run-phase1a-ru88n-hg002-grch38-v421-record-1498	CROSS_RUN_EQUIVALENCE_UNRESOLVED	GRCh38|chr20|10811997|C|T	GRCh38|chr20|10811996|10811997|C|T	GRCh38|chr20|10811996|10811997|C|T	variant:sha256:e970fdd4365e59c3a078c7678e127430d14ab542f45b157c1e713e9a9faed44a	variant:sha256:e970fdd4365e59c3a078c7678e127430d14ab542f45b157c1e713e9a9faed44a	True	EXACT_NORMALIZED_ALLELE	PHASE1B_EXACT_NORMALIZED_ALLELE_V1	1.0.0	False	False
1378	run-phase1a-60z59-hg002-grch38-v421	event-run-phase1a-60z59-hg002-grch38-v421-record-1500	run-phase1a-ru88n-hg002-grch38-v421	event-run-phase1a-ru88n-hg002-grch38-v421-record-1499	CROSS_RUN_EQUIVALENCE_UNRESOLVED	GRCh38|chr20|10812043|G|A	GRCh38|chr20|10812042|10812043|G|A	GRCh38|chr20|10812042|10812043|G|A	variant:sha256:a9f299cee24377219ef3a94f19addc2353c7a85d56503af425c0e9b0462d374a	variant:sha256:a9f299cee24377219ef3a94f19addc2353c7a85d56503af425c0e9b0462d374a	True	EXACT_NORMALIZED_ALLELE	PHASE1B_EXACT_NORMALIZED_ALLELE_V1	1.0.0	False	False
1379	run-phase1a-60z59-hg002-grch38-v421	event-run-phase1a-60z59-hg002-grch38-v421-record-1501	run-phase1a-ru88n-hg002-grch38-v421	event-run-phase1a-ru88n-hg002-grch38-v421-record-1500	CROSS_RUN_EQUIVALENCE_UNRESOLVED	GRCh38|chr20|10812079|T|A	GRCh38|chr20|10812078|10812079|T|A	GRCh38|chr20|10812078|10812079|T|A	variant:sha256:941b07c6b9c603f9534843c387a6b8abc0260cf2dd81b1641adf61ead433ba01	variant:sha256:941b07c6b9c603f9534843c387a6b8abc0260cf2dd81b1641adf61ead433ba01	True	EXACT_NORMALIZED_ALLELE	PHASE1B_EXACT_NORMALIZED_ALLELE_V1	1.0.0	False	False
1380	run-phase1a-60z59-hg002-grch38-v421	event-run-phase1a-60z59-hg002-grch38-v421-record-1502	run-phase1a-ru88n-hg002-grch38-v421	event-run-phase1a-ru88n-hg002-grch38-v421-record-1501	CROSS_RUN_EQUIVALENCE_UNRESOLVED	GRCh38|chr20|10812154|T|G	GRCh38|chr20|10812153|10812154|T|G	GRCh38|chr20|10812153|10812154|T|G	variant:sha256:61f171f6124baa451e02c781a809c3ec034ff1641baa8a54910a8f8895815091	variant:sha256:61f171f6124baa451e02c781a809c3ec034ff1641baa8a54910a8f8895815091	True	EXACT_NORMALIZED_ALLELE	PHASE1B_EXACT_NORMALIZED_ALLELE_V1	1.0.0	False	False
1381	run-phase1a-60z59-hg002-grch38-v421	event-run-phase1a-60z59-hg002-grch38-v421-record-1503	run-phase1a-ru88n-hg002-grch38-v421	event-run-phase1a-ru88n-hg002-grch38-v421-record-1502	CROSS_RUN_EQUIVALENCE_UNRESOLVED	GRCh38|chr20|10812294|G|A	GRCh38|chr20|10812293|10812294|G|A	GRCh38|chr20|10812293|10812294|G|A	variant:sha256:6ae694554b02d57f9f65d762f152bfd902437782b80d081a500010cf1a300136	variant:sha256:6ae694554b02d57f9f65d762f152bfd902437782b80d081a500010cf1a300136	True	EXACT_NORMALIZED_ALLELE	PHASE1B_EXACT_NORMALIZED_ALLELE_V1	1.0.0	False	False
1382	run-phase1a-60z59-hg002-grch38-v421	event-run-phase1a-60z59-hg002-grch38-v421-record-1504	run-phase1a-ru88n-hg002-grch38-v421	event-run-phase1a-ru88n-hg002-grch38-v421-record-1503	CROSS_RUN_EQUIVALENCE_UNRESOLVED	GRCh38|chr20|10812361|C|G	GRCh38|chr20|10812360|10812361|C|G	GRCh38|chr20|10812360|10812361|C|G	variant:sha256:3dc07a94f7c9fd964b8163124482f4bf28c9b1bb441f12f3ea352eff04215bdc	variant:sha256:3dc07a94f7c9fd964b8163124482f4bf28c9b1bb441f12f3ea352eff04215bdc	True	EXACT_NORMALIZED_ALLELE	PHASE1B_EXACT_NORMALIZED_ALLELE_V1	1.0.0	False	False
1383	run-phase1a-60z59-hg002-grch38-v421	event-run-phase1a-60z59-hg002-grch38-v421-record-1505	run-phase1a-ru88n-hg002-grch38-v421	event-run-phase1a-ru88n-hg002-grch38-v421-record-1504	CROSS_RUN_EQUIVALENCE_UNRESOLVED	GRCh38|chr20|10812527|T|C	GRCh38|chr20|10812526|10812527|T|C	GRCh38|chr20|10812526|10812527|T|C	variant:sha256:1c41bc80a1c81372d76daa5cdf37e84cac8a91d69243b0ae28a06238ae2231bf	variant:sha256:1c41bc80a1c81372d76daa5cdf37e84cac8a91d69243b0ae28a06238ae2231bf	True	EXACT_NORMALIZED_ALLELE	PHASE1B_EXACT_NORMALIZED_ALLELE_V1	1.0.0	False	False
1384	run-phase1a-60z59-hg002-grch38-v421	event-run-phase1a-60z59-hg002-grch38-v421-record-1506	run-phase1a-ru88n-hg002-grch38-v421	event-run-phase1a-ru88n-hg002-grch38-v421-record-1505	CROSS_RUN_EQUIVALENCE_UNRESOLVED	GRCh38|chr20|10812641|A|G	GRCh38|chr20|10812640|10812641|A|G	GRCh38|chr20|10812640|10812641|A|G	variant:sha256:ed295970011477d029a3237573de7af73f7c37c47339709317fdfb5acf654b3c	variant:sha256:ed295970011477d029a3237573de7af73f7c37c47339709317fdfb5acf654b3c	True	EXACT_NORMALIZED_ALLELE	PHASE1B_EXACT_NORMALIZED_ALLELE_V1	1.0.0	False	False
1385	run-phase1a-60z59-hg002-grch38-v421	event-run-phase1a-60z59-hg002-grch38-v421-record-1507	run-phase1a-ru88n-hg002-grch38-v421	event-run-phase1a-ru88n-hg002-grch38-v421-record-1506	CROSS_RUN_EQUIVALENCE_UNRESOLVED	GRCh38|chr20|10812776|T|G	GRCh38|chr20|10812775|10812776|T|G	GRCh38|chr20|10812775|10812776|T|G	variant:sha256:f99f5b015b9e39f15c5c495b8d2b1f236c68d5a75a55f92b33bc6e478e54a88e	variant:sha256:f99f5b015b9e39f15c5c495b8d2b1f236c68d5a75a55f92b33bc6e478e54a88e	True	EXACT_NORMALIZED_ALLELE	PHASE1B_EXACT_NORMALIZED_ALLELE_V1	1.0.0	False	False
1386	run-phase1a-60z59-hg002-grch38-v421	event-run-phase1a-60z59-hg002-grch38-v421-record-1508	run-phase1a-ru88n-hg002-grch38-v421	event-run-phase1a-ru88n-hg002-grch38-v421-record-1507	CROSS_RUN_EQUIVALENCE_UNRESOLVED	GRCh38|chr20|10812834|G|A	GRCh38|chr20|10812833|10812834|G|A	GRCh38|chr20|10812833|10812834|G|A	variant:sha256:c2e1b1ef48e735489da783205b3b23eac96e8953772e1daf7c71fa967799aa3f	variant:sha256:c2e1b1ef48e735489da783205b3b23eac96e8953772e1daf7c71fa967799aa3f	True	EXACT_NORMALIZED_ALLELE	PHASE1B_EXACT_NORMALIZED_ALLELE_V1	1.0.0	False	False
1387	run-phase1a-60z59-hg002-grch38-v421	event-run-phase1a-60z59-hg002-grch38-v421-record-1509	run-phase1a-ru88n-hg002-grch38-v421	event-run-phase1a-ru88n-hg002-grch38-v421-record-1508	CROSS_RUN_EQUIVALENCE_UNRESOLVED	GRCh38|chr20|10813006|G|A	GRCh38|chr20|10813005|10813006|G|A	GRCh38|chr20|10813005|10813006|G|A	variant:sha256:80380603a7f41d6231a7c263cd0be32b33ad692cda506b0b1582148c4cf165c1	variant:sha256:80380603a7f41d6231a7c263cd0be32b33ad692cda506b0b1582148c4cf165c1	True	EXACT_NORMALIZED_ALLELE	PHASE1B_EXACT_NORMALIZED_ALLELE_V1	1.0.0	False	False
1388	run-phase1a-60z59-hg002-grch38-v421	event-run-phase1a-60z59-hg002-grch38-v421-record-1510	run-phase1a-ru88n-hg002-grch38-v421	event-run-phase1a-ru88n-hg002-grch38-v421-record-1509	CROSS_RUN_EQUIVALENCE_UNRESOLVED	GRCh38|chr20|10813141|A|T	GRCh38|chr20|10813140|10813141|A|T	GRCh38|chr20|10813140|10813141|A|T	variant:sha256:590833dec69c30fbfd3a8ec5e49e7d2a06e39318dadd02de908471b601f06dd3	variant:sha256:590833dec69c30fbfd3a8ec5e49e7d2a06e39318dadd02de908471b601f06dd3	True	EXACT_NORMALIZED_ALLELE	PHASE1B_EXACT_NORMALIZED_ALLELE_V1	1.0.0	False	False
1389	run-phase1a-60z59-hg002-grch38-v421	event-run-phase1a-60z59-hg002-grch38-v421-record-1511	run-phase1a-ru88n-hg002-grch38-v421	event-run-phase1a-ru88n-hg002-grch38-v421-record-1510	CROSS_RUN_EQUIVALENCE_UNRESOLVED	GRCh38|chr20|10813454|G|A	GRCh38|chr20|10813453|10813454|G|A	GRCh38|chr20|10813453|10813454|G|A	variant:sha256:553b78ac974328f13b1fb47890257169cbebae896e8e42b30817f7405d189cb6	variant:sha256:553b78ac974328f13b1fb47890257169cbebae896e8e42b30817f7405d189cb6	True	EXACT_NORMALIZED_ALLELE	PHASE1B_EXACT_NORMALIZED_ALLELE_V1	1.0.0	False	False
1390	run-phase1a-60z59-hg002-grch38-v421	event-run-phase1a-60z59-hg002-grch38-v421-record-1512	run-phase1a-ru88n-hg002-grch38-v421	event-run-phase1a-ru88n-hg002-grch38-v421-record-1511	CROSS_RUN_EQUIVALENCE_UNRESOLVED	GRCh38|chr20|10813501|C|G	GRCh38|chr20|10813500|10813501|C|G	GRCh38|chr20|10813500|10813501|C|G	variant:sha256:ce02dd708cb49bbf858d75c036c37b835f4d753eabfb3bb90d568ab1dace30b0	variant:sha256:ce02dd708cb49bbf858d75c036c37b835f4d753eabfb3bb90d568ab1dace30b0	True	EXACT_NORMALIZED_ALLELE	PHASE1B_EXACT_NORMALIZED_ALLELE_V1	1.0.0	False	False
1391	run-phase1a-60z59-hg002-grch38-v421	event-run-phase1a-60z59-hg002-grch38-v421-record-1513	run-phase1a-ru88n-hg002-grch38-v421	event-run-phase1a-ru88n-hg002-grch38-v421-record-1512	CROSS_RUN_EQUIVALENCE_UNRESOLVED	GRCh38|chr20|10813528|C|T	GRCh38|chr20|10813527|10813528|C|T	GRCh38|chr20|10813527|10813528|C|T	variant:sha256:127bd1e4f9c3910a314de76b7255d486929659d76216d2683e59be34dcb10cd8	variant:sha256:127bd1e4f9c3910a314de76b7255d486929659d76216d2683e59be34dcb10cd8	True	EXACT_NORMALIZED_ALLELE	PHASE1B_EXACT_NORMALIZED_ALLELE_V1	1.0.0	False	False
1392	run-phase1a-60z59-hg002-grch38-v421	event-run-phase1a-60z59-hg002-grch38-v421-record-1514	run-phase1a-ru88n-hg002-grch38-v421	event-run-phase1a-ru88n-hg002-grch38-v421-record-1514	CROSS_RUN_EQUIVALENCE_UNRESOLVED	GRCh38|chr20|10815763|T|C	GRCh38|chr20|10815762|10815763|T|C	GRCh38|chr20|10815762|10815763|T|C	variant:sha256:08bbee47727d5b1a8d09adfda0e9c733e26549f2aed047b8e2d52647832d298e	variant:sha256:08bbee47727d5b1a8d09adfda0e9c733e26549f2aed047b8e2d52647832d298e	True	EXACT_NORMALIZED_ALLELE	PHASE1B_EXACT_NORMALIZED_ALLELE_V1	1.0.0	False	False
1393	run-phase1a-60z59-hg002-grch38-v421	event-run-phase1a-60z59-hg002-grch38-v421-record-1515	run-phase1a-ru88n-hg002-grch38-v421	event-run-phase1a-ru88n-hg002-grch38-v421-record-1515	CROSS_RUN_EQUIVALENCE_UNRESOLVED	GRCh38|chr20|10816339|G|A	GRCh38|chr20|10816338|10816339|G|A	GRCh38|chr20|10816338|10816339|G|A	variant:sha256:9d6d29369eaad78418ce95789754d6f2761ddcbe455376d1831fff8fee48d490	variant:sha256:9d6d29369eaad78418ce95789754d6f2761ddcbe455376d1831fff8fee48d490	True	EXACT_NORMALIZED_ALLELE	PHASE1B_EXACT_NORMALIZED_ALLELE_V1	1.0.0	False	False
1394	run-phase1a-60z59-hg002-grch38-v421	event-run-phase1a-60z59-hg002-grch38-v421-record-1516	run-phase1a-ru88n-hg002-grch38-v421	event-run-phase1a-ru88n-hg002-grch38-v421-record-1516	CROSS_RUN_EQUIVALENCE_UNRESOLVED	GRCh38|chr20|10816387|A|C	GRCh38|chr20|10816386|10816387|A|C	GRCh38|chr20|10816386|10816387|A|C	variant:sha256:9ee87198bb2ba5f5aa5773d82211cf2ec44670340ea6ec7a0c5e044ee5c08492	variant:sha256:9ee87198bb2ba5f5aa5773d82211cf2ec44670340ea6ec7a0c5e044ee5c08492	True	EXACT_NORMALIZED_ALLELE	PHASE1B_EXACT_NORMALIZED_ALLELE_V1	1.0.0	False	False
1395	run-phase1a-60z59-hg002-grch38-v421	event-run-phase1a-60z59-hg002-grch38-v421-record-1517	run-phase1a-ru88n-hg002-grch38-v421	event-run-phase1a-ru88n-hg002-grch38-v421-record-1517	CROSS_RUN_EQUIVALENCE_UNRESOLVED	GRCh38|chr20|10816422|G|A	GRCh38|chr20|10816421|10816422|G|A	GRCh38|chr20|10816421|10816422|G|A	variant:sha256:8e62c3bf71a7f53416134d2e2fcf9bdc728ef958020d03a769bbb5ada67af0b5	variant:sha256:8e62c3bf71a7f53416134d2e2fcf9bdc728ef958020d03a769bbb5ada67af0b5	True	EXACT_NORMALIZED_ALLELE	PHASE1B_EXACT_NORMALIZED_ALLELE_V1	1.0.0	False	False
1396	run-phase1a-60z59-hg002-grch38-v421	event-run-phase1a-60z59-hg002-grch38-v421-record-1518	run-phase1a-ru88n-hg002-grch38-v421	event-run-phase1a-ru88n-hg002-grch38-v421-record-1518	CROSS_RUN_EQUIVALENCE_UNRESOLVED	GRCh38|chr20|10816827|G|A	GRCh38|chr20|10816826|10816827|G|A	GRCh38|chr20|10816826|10816827|G|A	variant:sha256:6a65cc71747a663a9cbbb844cc89c1d3dc9855fce1b76c729f3530206bfae01d	variant:sha256:6a65cc71747a663a9cbbb844cc89c1d3dc9855fce1b76c729f3530206bfae01d	True	EXACT_NORMALIZED_ALLELE	PHASE1B_EXACT_NORMALIZED_ALLELE_V1	1.0.0	False	False
1397	run-phase1a-60z59-hg002-grch38-v421	event-run-phase1a-60z59-hg002-grch38-v421-record-1519	run-phase1a-ru88n-hg002-grch38-v421	event-run-phase1a-ru88n-hg002-grch38-v421-record-1519	CROSS_RUN_EQUIVALENCE_UNRESOLVED	GRCh38|chr20|10817032|A|C	GRCh38|chr20|10817031|10817032|A|C	GRCh38|chr20|10817031|10817032|A|C	variant:sha256:417f5e8d0f4b8800c34e24ac91929ffb266b9a8f12f83ce662d7666c7f8c8a53	variant:sha256:417f5e8d0f4b8800c34e24ac91929ffb266b9a8f12f83ce662d7666c7f8c8a53	True	EXACT_NORMALIZED_ALLELE	PHASE1B_EXACT_NORMALIZED_ALLELE_V1	1.0.0	False	False
1398	run-phase1a-60z59-hg002-grch38-v421	event-run-phase1a-60z59-hg002-grch38-v421-record-1520	run-phase1a-ru88n-hg002-grch38-v421	event-run-phase1a-ru88n-hg002-grch38-v421-record-1520	CROSS_RUN_EQUIVALENCE_UNRESOLVED	GRCh38|chr20|10818506|C|G	GRCh38|chr20|10818505|10818506|C|G	GRCh38|chr20|10818505|10818506|C|G	variant:sha256:251f7d3260840cf3045c23e35c6430adae8773dfeb6bec74684700d8fb7fb56e	variant:sha256:251f7d3260840cf3045c23e35c6430adae8773dfeb6bec74684700d8fb7fb56e	True	EXACT_NORMALIZED_ALLELE	PHASE1B_EXACT_NORMALIZED_ALLELE_V1	1.0.0	False	False
1399	run-phase1a-60z59-hg002-grch38-v421	event-run-phase1a-60z59-hg002-grch38-v421-record-1521	run-phase1a-ru88n-hg002-grch38-v421	event-run-phase1a-ru88n-hg002-grch38-v421-record-1521	CROSS_RUN_EQUIVALENCE_UNRESOLVED	GRCh38|chr20|10821438|C|G	GRCh38|chr20|10821437|10821438|C|G	GRCh38|chr20|10821437|10821438|C|G	variant:sha256:678223df5e2e2f7b884a19625464b135d01bcf299e25b11d735bed9df3db5c9d	variant:sha256:678223df5e2e2f7b884a19625464b135d01bcf299e25b11d735bed9df3db5c9d	True	EXACT_NORMALIZED_ALLELE	PHASE1B_EXACT_NORMALIZED_ALLELE_V1	1.0.0	False	False
1400	run-phase1a-60z59-hg002-grch38-v421	event-run-phase1a-60z59-hg002-grch38-v421-record-1522	run-phase1a-ru88n-hg002-grch38-v421	event-run-phase1a-ru88n-hg002-grch38-v421-record-1522	CROSS_RUN_EQUIVALENCE_UNRESOLVED	GRCh38|chr20|10822458|T|A	GRCh38|chr20|10822457|10822458|T|A	GRCh38|chr20|10822457|10822458|T|A	variant:sha256:6b8d2c8fba4a48b564cc64220712732929c86d4be929f2cfd7cbc5240a5c18c2	variant:sha256:6b8d2c8fba4a48b564cc64220712732929c86d4be929f2cfd7cbc5240a5c18c2	True	EXACT_NORMALIZED_ALLELE	PHASE1B_EXACT_NORMALIZED_ALLELE_V1	1.0.0	False	False
1401	run-phase1a-60z59-hg002-grch38-v421	event-run-phase1a-60z59-hg002-grch38-v421-record-1523	run-phase1a-ru88n-hg002-grch38-v421	event-run-phase1a-ru88n-hg002-grch38-v421-record-1523	CROSS_RUN_EQUIVALENCE_UNRESOLVED	GRCh38|chr20|10822641|A|C	GRCh38|chr20|10822640|10822641|A|C	GRCh38|chr20|10822640|10822641|A|C	variant:sha256:496978f50f2aa9bc76a6210dbc45f7d9745828cb57fa88bba5bd9f164e5d1dc5	variant:sha256:496978f50f2aa9bc76a6210dbc45f7d9745828cb57fa88bba5bd9f164e5d1dc5	True	EXACT_NORMALIZED_ALLELE	PHASE1B_EXACT_NORMALIZED_ALLELE_V1	1.0.0	False	False
1402	run-phase1a-60z59-hg002-grch38-v421	event-run-phase1a-60z59-hg002-grch38-v421-record-1524	run-phase1a-ru88n-hg002-grch38-v421	event-run-phase1a-ru88n-hg002-grch38-v421-record-1524	CROSS_RUN_EQUIVALENCE_UNRESOLVED	GRCh38|chr20|10822786|T|A	GRCh38|chr20|10822785|10822786|T|A	GRCh38|chr20|10822785|10822786|T|A	variant:sha256:76d789ef64cc3f269e7467a1b6376a55d866d87d30b5bcf91b840315d0fc3a8d	variant:sha256:76d789ef64cc3f269e7467a1b6376a55d866d87d30b5bcf91b840315d0fc3a8d	True	EXACT_NORMALIZED_ALLELE	PHASE1B_EXACT_NORMALIZED_ALLELE_V1	1.0.0	False	False
1403	run-phase1a-60z59-hg002-grch38-v421	event-run-phase1a-60z59-hg002-grch38-v421-record-1525	run-phase1a-ru88n-hg002-grch38-v421	event-run-phase1a-ru88n-hg002-grch38-v421-record-1525	CROSS_RUN_EQUIVALENCE_UNRESOLVED	GRCh38|chr20|10824286|A|G	GRCh38|chr20|10824285|10824286|A|G	GRCh38|chr20|10824285|10824286|A|G	variant:sha256:d44e98c66e790bedf1cd60f1040a1f1b2f9c2fa5721f847ce7dfcd8bd54c5c5b	variant:sha256:d44e98c66e790bedf1cd60f1040a1f1b2f9c2fa5721f847ce7dfcd8bd54c5c5b	True	EXACT_NORMALIZED_ALLELE	PHASE1B_EXACT_NORMALIZED_ALLELE_V1	1.0.0	False	False
1404	run-phase1a-60z59-hg002-grch38-v421	event-run-phase1a-60z59-hg002-grch38-v421-record-1526	run-phase1a-ru88n-hg002-grch38-v421	event-run-phase1a-ru88n-hg002-grch38-v421-record-1526	CROSS_RUN_EQUIVALENCE_UNRESOLVED	GRCh38|chr20|10824644|A|G	GRCh38|chr20|10824643|10824644|A|G	GRCh38|chr20|10824643|10824644|A|G	variant:sha256:cf141011ed386ab203dabb9d3369cb7ad25468501ab971dc108f4d86bc4ce81f	variant:sha256:cf141011ed386ab203dabb9d3369cb7ad25468501ab971dc108f4d86bc4ce81f	True	EXACT_NORMALIZED_ALLELE	PHASE1B_EXACT_NORMALIZED_ALLELE_V1	1.0.0	False	False
1405	run-phase1a-60z59-hg002-grch38-v421	event-run-phase1a-60z59-hg002-grch38-v421-record-1527	run-phase1a-ru88n-hg002-grch38-v421	event-run-phase1a-ru88n-hg002-grch38-v421-record-1527	CROSS_RUN_EQUIVALENCE_UNRESOLVED	GRCh38|chr20|10828035|T|C	GRCh38|chr20|10828034|10828035|T|C	GRCh38|chr20|10828034|10828035|T|C	variant:sha256:0ce1f5f5ea8edf2641313b0df3ffa097ceb39c3d1c63d090e1376266c1a2336b	variant:sha256:0ce1f5f5ea8edf2641313b0df3ffa097ceb39c3d1c63d090e1376266c1a2336b	True	EXACT_NORMALIZED_ALLELE	PHASE1B_EXACT_NORMALIZED_ALLELE_V1	1.0.0	False	False
1406	run-phase1a-60z59-hg002-grch38-v421	event-run-phase1a-60z59-hg002-grch38-v421-record-1528	run-phase1a-ru88n-hg002-grch38-v421	event-run-phase1a-ru88n-hg002-grch38-v421-record-1528	CROSS_RUN_EQUIVALENCE_UNRESOLVED	GRCh38|chr20|10828264|A|C	GRCh38|chr20|10828263|10828264|A|C	GRCh38|chr20|10828263|10828264|A|C	variant:sha256:604ffa382de4049d6b90d03909216a69197e12e0a2d6afaa7c10c5866cf6ff0f	variant:sha256:604ffa382de4049d6b90d03909216a69197e12e0a2d6afaa7c10c5866cf6ff0f	True	EXACT_NORMALIZED_ALLELE	PHASE1B_EXACT_NORMALIZED_ALLELE_V1	1.0.0	False	False
1407	run-phase1a-60z59-hg002-grch38-v421	event-run-phase1a-60z59-hg002-grch38-v421-record-1529	run-phase1a-ru88n-hg002-grch38-v421	event-run-phase1a-ru88n-hg002-grch38-v421-record-1529	CROSS_RUN_EQUIVALENCE_UNRESOLVED	GRCh38|chr20|10828577|AT|A	GRCh38|chr20|10828576|10828578|AT|A	GRCh38|chr20|10828576|10828578|AT|A	variant:sha256:98eab7de2d9687be9537362b1a2cda5664cc6be16c8e9fdc20edb34513651526	variant:sha256:98eab7de2d9687be9537362b1a2cda5664cc6be16c8e9fdc20edb34513651526	True	EXACT_NORMALIZED_ALLELE	PHASE1B_EXACT_NORMALIZED_ALLELE_V1	1.0.0	False	False
1408	run-phase1a-60z59-hg002-grch38-v421	event-run-phase1a-60z59-hg002-grch38-v421-record-1530	run-phase1a-ru88n-hg002-grch38-v421	event-run-phase1a-ru88n-hg002-grch38-v421-record-1530	CROSS_RUN_EQUIVALENCE_UNRESOLVED	GRCh38|chr20|10830091|A|G	GRCh38|chr20|10830090|10830091|A|G	GRCh38|chr20|10830090|10830091|A|G	variant:sha256:49ffa98ccc6c5dd51bfafc285340d28d41f78f2c5c09d64d04d2f42f77719570	variant:sha256:49ffa98ccc6c5dd51bfafc285340d28d41f78f2c5c09d64d04d2f42f77719570	True	EXACT_NORMALIZED_ALLELE	PHASE1B_EXACT_NORMALIZED_ALLELE_V1	1.0.0	False	False
1409	run-phase1a-60z59-hg002-grch38-v421	event-run-phase1a-60z59-hg002-grch38-v421-record-1531	run-phase1a-ru88n-hg002-grch38-v421	event-run-phase1a-ru88n-hg002-grch38-v421-record-1531	CROSS_RUN_EQUIVALENCE_UNRESOLVED	GRCh38|chr20|10830780|T|TTATG	GRCh38|chr20|10830779|10830780|T|TTATG	GRCh38|chr20|10830779|10830780|T|TTATG	variant:sha256:0f95c5dff565f9c4126161cf709f932029fa449d51d2becbd36b6b1a4535cd32	variant:sha256:0f95c5dff565f9c4126161cf709f932029fa449d51d2becbd36b6b1a4535cd32	True	EXACT_NORMALIZED_ALLELE	PHASE1B_EXACT_NORMALIZED_ALLELE_V1	1.0.0	False	False
1410	run-phase1a-60z59-hg002-grch38-v421	event-run-phase1a-60z59-hg002-grch38-v421-record-1532	run-phase1a-ru88n-hg002-grch38-v421	event-run-phase1a-ru88n-hg002-grch38-v421-record-1532	CROSS_RUN_EQUIVALENCE_UNRESOLVED	GRCh38|chr20|10833224|G|A	GRCh38|chr20|10833223|10833224|G|A	GRCh38|chr20|10833223|10833224|G|A	variant:sha256:4bf52485403738843d60146054c7d9f6dc6982fd922083d56bececb2569bb0cb	variant:sha256:4bf52485403738843d60146054c7d9f6dc6982fd922083d56bececb2569bb0cb	True	EXACT_NORMALIZED_ALLELE	PHASE1B_EXACT_NORMALIZED_ALLELE_V1	1.0.0	False	False
1411	run-phase1a-60z59-hg002-grch38-v421	event-run-phase1a-60z59-hg002-grch38-v421-record-1533	run-phase1a-ru88n-hg002-grch38-v421	event-run-phase1a-ru88n-hg002-grch38-v421-record-1533	CROSS_RUN_EQUIVALENCE_UNRESOLVED	GRCh38|chr20|10834034|G|A	GRCh38|chr20|10834033|10834034|G|A	GRCh38|chr20|10834033|10834034|G|A	variant:sha256:f1f5354ae1312ddc30d8300dcdbb098c7a304721d8f9ad7292d2b2efa217d3de	variant:sha256:f1f5354ae1312ddc30d8300dcdbb098c7a304721d8f9ad7292d2b2efa217d3de	True	EXACT_NORMALIZED_ALLELE	PHASE1B_EXACT_NORMALIZED_ALLELE_V1	1.0.0	False	False
1412	run-phase1a-60z59-hg002-grch38-v421	event-run-phase1a-60z59-hg002-grch38-v421-record-1534	run-phase1a-ru88n-hg002-grch38-v421	event-run-phase1a-ru88n-hg002-grch38-v421-record-1534	CROSS_RUN_EQUIVALENCE_UNRESOLVED	GRCh38|chr20|10834424|C|CT	GRCh38|chr20|10834423|10834424|C|CT	GRCh38|chr20|10834423|10834424|C|CT	variant:sha256:ec2eba676cf446297f5afeed1293ec637846d33b8ef26422fb7f1c0affe5b2d4	variant:sha256:ec2eba676cf446297f5afeed1293ec637846d33b8ef26422fb7f1c0affe5b2d4	True	EXACT_NORMALIZED_ALLELE	PHASE1B_EXACT_NORMALIZED_ALLELE_V1	1.0.0	False	False
1413	run-phase1a-60z59-hg002-grch38-v421	event-run-phase1a-60z59-hg002-grch38-v421-record-1535	run-phase1a-ru88n-hg002-grch38-v421	event-run-phase1a-ru88n-hg002-grch38-v421-record-1535	CROSS_RUN_EQUIVALENCE_UNRESOLVED	GRCh38|chr20|10836898|T|G	GRCh38|chr20|10836897|10836898|T|G	GRCh38|chr20|10836897|10836898|T|G	variant:sha256:66c0f8fffa71abb88b9658e1c807ddd4d0f3e265e786517d5ab1aba064d03fb6	variant:sha256:66c0f8fffa71abb88b9658e1c807ddd4d0f3e265e786517d5ab1aba064d03fb6	True	EXACT_NORMALIZED_ALLELE	PHASE1B_EXACT_NORMALIZED_ALLELE_V1	1.0.0	False	False
1414	run-phase1a-60z59-hg002-grch38-v421	event-run-phase1a-60z59-hg002-grch38-v421-record-1536	run-phase1a-ru88n-hg002-grch38-v421	event-run-phase1a-ru88n-hg002-grch38-v421-record-1536	CROSS_RUN_EQUIVALENCE_UNRESOLVED	GRCh38|chr20|10838562|T|C	GRCh38|chr20|10838561|10838562|T|C	GRCh38|chr20|10838561|10838562|T|C	variant:sha256:f85b3b0d1feb0ea9372e0aadc64dd60e95b0c67827d1136fb9a2f8db8323d5d4	variant:sha256:f85b3b0d1feb0ea9372e0aadc64dd60e95b0c67827d1136fb9a2f8db8323d5d4	True	EXACT_NORMALIZED_ALLELE	PHASE1B_EXACT_NORMALIZED_ALLELE_V1	1.0.0	False	False
1415	run-phase1a-60z59-hg002-grch38-v421	event-run-phase1a-60z59-hg002-grch38-v421-record-1537	run-phase1a-ru88n-hg002-grch38-v421	event-run-phase1a-ru88n-hg002-grch38-v421-record-1537	CROSS_RUN_EQUIVALENCE_UNRESOLVED	GRCh38|chr20|10839541|G|T	GRCh38|chr20|10839540|10839541|G|T	GRCh38|chr20|10839540|10839541|G|T	variant:sha256:8823f278600be33dbcffbd85915d5ef57f4a40f54eb020fa45deb53dbae53f98	variant:sha256:8823f278600be33dbcffbd85915d5ef57f4a40f54eb020fa45deb53dbae53f98	True	EXACT_NORMALIZED_ALLELE	PHASE1B_EXACT_NORMALIZED_ALLELE_V1	1.0.0	False	False
1416	run-phase1a-60z59-hg002-grch38-v421	event-run-phase1a-60z59-hg002-grch38-v421-record-1538	run-phase1a-ru88n-hg002-grch38-v421	event-run-phase1a-ru88n-hg002-grch38-v421-record-1538	CROSS_RUN_EQUIVALENCE_UNRESOLVED	GRCh38|chr20|10842858|G|A	GRCh38|chr20|10842857|10842858|G|A	GRCh38|chr20|10842857|10842858|G|A	variant:sha256:170db8b84f95b3f80d6eca7c533057ddc45c4baf5e3c258422cf88195c4845e6	variant:sha256:170db8b84f95b3f80d6eca7c533057ddc45c4baf5e3c258422cf88195c4845e6	True	EXACT_NORMALIZED_ALLELE	PHASE1B_EXACT_NORMALIZED_ALLELE_V1	1.0.0	False	False
1417	run-phase1a-60z59-hg002-grch38-v421	event-run-phase1a-60z59-hg002-grch38-v421-record-1539	run-phase1a-ru88n-hg002-grch38-v421	event-run-phase1a-ru88n-hg002-grch38-v421-record-1539	CROSS_RUN_EQUIVALENCE_UNRESOLVED	GRCh38|chr20|10843031|G|GA	GRCh38|chr20|10843030|10843031|G|GA	GRCh38|chr20|10843030|10843031|G|GA	variant:sha256:2959bd39712770ea2805317316a31eb84335eb38507594aff1d0878111552328	variant:sha256:2959bd39712770ea2805317316a31eb84335eb38507594aff1d0878111552328	True	EXACT_NORMALIZED_ALLELE	PHASE1B_EXACT_NORMALIZED_ALLELE_V1	1.0.0	False	False
1418	run-phase1a-60z59-hg002-grch38-v421	event-run-phase1a-60z59-hg002-grch38-v421-record-1540	run-phase1a-ru88n-hg002-grch38-v421	event-run-phase1a-ru88n-hg002-grch38-v421-record-1540	CROSS_RUN_EQUIVALENCE_UNRESOLVED	GRCh38|chr20|10847619|A|C	GRCh38|chr20|10847618|10847619|A|C	GRCh38|chr20|10847618|10847619|A|C	variant:sha256:38e9dee916da56a981bf190f15ed30610f84822a785d989b31eaed7711d5f2fd	variant:sha256:38e9dee916da56a981bf190f15ed30610f84822a785d989b31eaed7711d5f2fd	True	EXACT_NORMALIZED_ALLELE	PHASE1B_EXACT_NORMALIZED_ALLELE_V1	1.0.0	False	False
1419	run-phase1a-60z59-hg002-grch38-v421	event-run-phase1a-60z59-hg002-grch38-v421-record-1541	run-phase1a-ru88n-hg002-grch38-v421	event-run-phase1a-ru88n-hg002-grch38-v421-record-1541	CROSS_RUN_EQUIVALENCE_UNRESOLVED	GRCh38|chr20|10847652|G|A	GRCh38|chr20|10847651|10847652|G|A	GRCh38|chr20|10847651|10847652|G|A	variant:sha256:e91d53ac0331815feea961c217043bba89b70b980c8482acf9cd49dadccd1559	variant:sha256:e91d53ac0331815feea961c217043bba89b70b980c8482acf9cd49dadccd1559	True	EXACT_NORMALIZED_ALLELE	PHASE1B_EXACT_NORMALIZED_ALLELE_V1	1.0.0	False	False
1420	run-phase1a-60z59-hg002-grch38-v421	event-run-phase1a-60z59-hg002-grch38-v421-record-1542	run-phase1a-ru88n-hg002-grch38-v421	event-run-phase1a-ru88n-hg002-grch38-v421-record-1542	CROSS_RUN_EQUIVALENCE_UNRESOLVED	GRCh38|chr20|10847992|G|A	GRCh38|chr20|10847991|10847992|G|A	GRCh38|chr20|10847991|10847992|G|A	variant:sha256:66938d2c0578f495a575540efca5f45a266cbf10c74b7f5ea9d378620cacec1b	variant:sha256:66938d2c0578f495a575540efca5f45a266cbf10c74b7f5ea9d378620cacec1b	True	EXACT_NORMALIZED_ALLELE	PHASE1B_EXACT_NORMALIZED_ALLELE_V1	1.0.0	False	False
1421	run-phase1a-60z59-hg002-grch38-v421	event-run-phase1a-60z59-hg002-grch38-v421-record-1543	run-phase1a-ru88n-hg002-grch38-v421	event-run-phase1a-ru88n-hg002-grch38-v421-record-1543	CROSS_RUN_EQUIVALENCE_UNRESOLVED	GRCh38|chr20|10848600|G|A	GRCh38|chr20|10848599|10848600|G|A	GRCh38|chr20|10848599|10848600|G|A	variant:sha256:88a840c2e0f0108a44682be75acdc721dd3285f4829cc6872ad1afcd05a18aba	variant:sha256:88a840c2e0f0108a44682be75acdc721dd3285f4829cc6872ad1afcd05a18aba	True	EXACT_NORMALIZED_ALLELE	PHASE1B_EXACT_NORMALIZED_ALLELE_V1	1.0.0	False	False
1422	run-phase1a-60z59-hg002-grch38-v421	event-run-phase1a-60z59-hg002-grch38-v421-record-1544	run-phase1a-ru88n-hg002-grch38-v421	event-run-phase1a-ru88n-hg002-grch38-v421-record-1544	CROSS_RUN_EQUIVALENCE_UNRESOLVED	GRCh38|chr20|10848639|C|T	GRCh38|chr20|10848638|10848639|C|T	GRCh38|chr20|10848638|10848639|C|T	variant:sha256:7985fac54d69c4dae7978b43594f354841dee221f55d1b92609d9857f8a0ae52	variant:sha256:7985fac54d69c4dae7978b43594f354841dee221f55d1b92609d9857f8a0ae52	True	EXACT_NORMALIZED_ALLELE	PHASE1B_EXACT_NORMALIZED_ALLELE_V1	1.0.0	False	False
1423	run-phase1a-60z59-hg002-grch38-v421	event-run-phase1a-60z59-hg002-grch38-v421-record-1545	run-phase1a-ru88n-hg002-grch38-v421	event-run-phase1a-ru88n-hg002-grch38-v421-record-1545	CROSS_RUN_EQUIVALENCE_UNRESOLVED	GRCh38|chr20|10849017|CA|C	GRCh38|chr20|10849016|10849018|CA|C	GRCh38|chr20|10849016|10849018|CA|C	variant:sha256:8cb36f18c2a3c8d8932c11b3e9ae305d7377df406290dbf8c64a0e94fd0f1764	variant:sha256:8cb36f18c2a3c8d8932c11b3e9ae305d7377df406290dbf8c64a0e94fd0f1764	True	EXACT_NORMALIZED_ALLELE	PHASE1B_EXACT_NORMALIZED_ALLELE_V1	1.0.0	False	False
1424	run-phase1a-60z59-hg002-grch38-v421	event-run-phase1a-60z59-hg002-grch38-v421-record-1546	run-phase1a-ru88n-hg002-grch38-v421	event-run-phase1a-ru88n-hg002-grch38-v421-record-1547	CROSS_RUN_EQUIVALENCE_UNRESOLVED	GRCh38|chr20|10849091|G|C	GRCh38|chr20|10849090|10849091|G|C	GRCh38|chr20|10849090|10849091|G|C	variant:sha256:34ef5307b7f72a5d3ffec2c42ea85c22cb33cc86b5a4b650d8b021ce0bc8e041	variant:sha256:34ef5307b7f72a5d3ffec2c42ea85c22cb33cc86b5a4b650d8b021ce0bc8e041	True	EXACT_NORMALIZED_ALLELE	PHASE1B_EXACT_NORMALIZED_ALLELE_V1	1.0.0	False	False
1425	run-phase1a-60z59-hg002-grch38-v421	event-run-phase1a-60z59-hg002-grch38-v421-record-1547	run-phase1a-ru88n-hg002-grch38-v421	event-run-phase1a-ru88n-hg002-grch38-v421-record-1548	CROSS_RUN_EQUIVALENCE_UNRESOLVED	GRCh38|chr20|10849331|G|T	GRCh38|chr20|10849330|10849331|G|T	GRCh38|chr20|10849330|10849331|G|T	variant:sha256:24d1afe5f5853e48e72b631b67a29e6925bb77a349e5d2b88274afed202b481b	variant:sha256:24d1afe5f5853e48e72b631b67a29e6925bb77a349e5d2b88274afed202b481b	True	EXACT_NORMALIZED_ALLELE	PHASE1B_EXACT_NORMALIZED_ALLELE_V1	1.0.0	False	False
1426	run-phase1a-60z59-hg002-grch38-v421	event-run-phase1a-60z59-hg002-grch38-v421-record-1548	run-phase1a-ru88n-hg002-grch38-v421	event-run-phase1a-ru88n-hg002-grch38-v421-record-1549	CROSS_RUN_EQUIVALENCE_UNRESOLVED	GRCh38|chr20|10849942|A|G	GRCh38|chr20|10849941|10849942|A|G	GRCh38|chr20|10849941|10849942|A|G	variant:sha256:f1fd473271d6632c4b3913f8e661ac286052c5dc1a547d136cca9564fd7c1baf	variant:sha256:f1fd473271d6632c4b3913f8e661ac286052c5dc1a547d136cca9564fd7c1baf	True	EXACT_NORMALIZED_ALLELE	PHASE1B_EXACT_NORMALIZED_ALLELE_V1	1.0.0	False	False
1427	run-phase1a-60z59-hg002-grch38-v421	event-run-phase1a-60z59-hg002-grch38-v421-record-1549	run-phase1a-ru88n-hg002-grch38-v421	event-run-phase1a-ru88n-hg002-grch38-v421-record-1550	CROSS_RUN_EQUIVALENCE_UNRESOLVED	GRCh38|chr20|10851164|G|A	GRCh38|chr20|10851163|10851164|G|A	GRCh38|chr20|10851163|10851164|G|A	variant:sha256:4fdc979d26ea135895bcd9a908ff00620770cfd0231d1ec7f9d49c805583f753	variant:sha256:4fdc979d26ea135895bcd9a908ff00620770cfd0231d1ec7f9d49c805583f753	True	EXACT_NORMALIZED_ALLELE	PHASE1B_EXACT_NORMALIZED_ALLELE_V1	1.0.0	False	False
1428	run-phase1a-60z59-hg002-grch38-v421	event-run-phase1a-60z59-hg002-grch38-v421-record-1550	run-phase1a-ru88n-hg002-grch38-v421	event-run-phase1a-ru88n-hg002-grch38-v421-record-1551	CROSS_RUN_EQUIVALENCE_UNRESOLVED	GRCh38|chr20|10851760|G|GTCAT	GRCh38|chr20|10851759|10851760|G|GTCAT	GRCh38|chr20|10851759|10851760|G|GTCAT	variant:sha256:0c0042e6be05f137825a28480407223cda2ecd2405e51a2464b08bc31a949323	variant:sha256:0c0042e6be05f137825a28480407223cda2ecd2405e51a2464b08bc31a949323	True	EXACT_NORMALIZED_ALLELE	PHASE1B_EXACT_NORMALIZED_ALLELE_V1	1.0.0	False	False
1429	run-phase1a-60z59-hg002-grch38-v421	event-run-phase1a-60z59-hg002-grch38-v421-record-1551	run-phase1a-ru88n-hg002-grch38-v421	event-run-phase1a-ru88n-hg002-grch38-v421-record-1552	CROSS_RUN_EQUIVALENCE_UNRESOLVED	GRCh38|chr20|10852337|C|T	GRCh38|chr20|10852336|10852337|C|T	GRCh38|chr20|10852336|10852337|C|T	variant:sha256:4fcd041a88b1395e4d7cadd50f3584903550f5bc4b87211fe305e53978291d4e	variant:sha256:4fcd041a88b1395e4d7cadd50f3584903550f5bc4b87211fe305e53978291d4e	True	EXACT_NORMALIZED_ALLELE	PHASE1B_EXACT_NORMALIZED_ALLELE_V1	1.0.0	False	False
1430	run-phase1a-60z59-hg002-grch38-v421	event-run-phase1a-60z59-hg002-grch38-v421-record-1552	run-phase1a-ru88n-hg002-grch38-v421	event-run-phase1a-ru88n-hg002-grch38-v421-record-1553	CROSS_RUN_EQUIVALENCE_UNRESOLVED	GRCh38|chr20|10853070|T|A	GRCh38|chr20|10853069|10853070|T|A	GRCh38|chr20|10853069|10853070|T|A	variant:sha256:6695305c5d416017dd9de98c6fd64199e3a537a790f4db401cb5717d3a7889df	variant:sha256:6695305c5d416017dd9de98c6fd64199e3a537a790f4db401cb5717d3a7889df	True	EXACT_NORMALIZED_ALLELE	PHASE1B_EXACT_NORMALIZED_ALLELE_V1	1.0.0	False	False
1431	run-phase1a-60z59-hg002-grch38-v421	event-run-phase1a-60z59-hg002-grch38-v421-record-1553	run-phase1a-ru88n-hg002-grch38-v421	event-run-phase1a-ru88n-hg002-grch38-v421-record-1555	CROSS_RUN_EQUIVALENCE_UNRESOLVED	GRCh38|chr20|10853430|T|C	GRCh38|chr20|10853429|10853430|T|C	GRCh38|chr20|10853429|10853430|T|C	variant:sha256:2dd99463e20c21019b0ea25cd12b74c280b85b717b57e6e8d1ab275d492dae1c	variant:sha256:2dd99463e20c21019b0ea25cd12b74c280b85b717b57e6e8d1ab275d492dae1c	True	EXACT_NORMALIZED_ALLELE	PHASE1B_EXACT_NORMALIZED_ALLELE_V1	1.0.0	False	False
1432	run-phase1a-60z59-hg002-grch38-v421	event-run-phase1a-60z59-hg002-grch38-v421-record-1554	run-phase1a-ru88n-hg002-grch38-v421	event-run-phase1a-ru88n-hg002-grch38-v421-record-1556	CROSS_RUN_EQUIVALENCE_UNRESOLVED	GRCh38|chr20|10854598|T|G	GRCh38|chr20|10854597|10854598|T|G	GRCh38|chr20|10854597|10854598|T|G	variant:sha256:516120be75e6350110dfcf615229cc09e15260b300082aa9e67553ca799eff64	variant:sha256:516120be75e6350110dfcf615229cc09e15260b300082aa9e67553ca799eff64	True	EXACT_NORMALIZED_ALLELE	PHASE1B_EXACT_NORMALIZED_ALLELE_V1	1.0.0	False	False
1433	run-phase1a-60z59-hg002-grch38-v421	event-run-phase1a-60z59-hg002-grch38-v421-record-1555	run-phase1a-ru88n-hg002-grch38-v421	event-run-phase1a-ru88n-hg002-grch38-v421-record-1558	CROSS_RUN_EQUIVALENCE_UNRESOLVED	GRCh38|chr20|10859032|ATT|A	GRCh38|chr20|10859031|10859034|ATT|A	GRCh38|chr20|10859031|10859034|ATT|A	variant:sha256:003ded4f99efa3c4db53666db0276895c46259c793d8063d22d371f341b8eddc	variant:sha256:003ded4f99efa3c4db53666db0276895c46259c793d8063d22d371f341b8eddc	True	EXACT_NORMALIZED_ALLELE	PHASE1B_EXACT_NORMALIZED_ALLELE_V1	1.0.0	False	False
1434	run-phase1a-60z59-hg002-grch38-v421	event-run-phase1a-60z59-hg002-grch38-v421-record-1556	run-phase1a-ru88n-hg002-grch38-v421	event-run-phase1a-ru88n-hg002-grch38-v421-record-1559	CROSS_RUN_EQUIVALENCE_UNRESOLVED	GRCh38|chr20|10860165|C|T	GRCh38|chr20|10860164|10860165|C|T	GRCh38|chr20|10860164|10860165|C|T	variant:sha256:afcb27fb0d7a5e32220f017280cd3c5e9bc4e23f41c5cd0ea11ee405f81afe7c	variant:sha256:afcb27fb0d7a5e32220f017280cd3c5e9bc4e23f41c5cd0ea11ee405f81afe7c	True	EXACT_NORMALIZED_ALLELE	PHASE1B_EXACT_NORMALIZED_ALLELE_V1	1.0.0	False	False
1435	run-phase1a-60z59-hg002-grch38-v421	event-run-phase1a-60z59-hg002-grch38-v421-record-1557	run-phase1a-ru88n-hg002-grch38-v421	event-run-phase1a-ru88n-hg002-grch38-v421-record-1560	CROSS_RUN_EQUIVALENCE_UNRESOLVED	GRCh38|chr20|10860462|G|A	GRCh38|chr20|10860461|10860462|G|A	GRCh38|chr20|10860461|10860462|G|A	variant:sha256:d6df53a3b803dd59525381f03296d4082f9622d5cf653acbc5143e21343c2783	variant:sha256:d6df53a3b803dd59525381f03296d4082f9622d5cf653acbc5143e21343c2783	True	EXACT_NORMALIZED_ALLELE	PHASE1B_EXACT_NORMALIZED_ALLELE_V1	1.0.0	False	False
1436	run-phase1a-60z59-hg002-grch38-v421	event-run-phase1a-60z59-hg002-grch38-v421-record-1558	run-phase1a-ru88n-hg002-grch38-v421	event-run-phase1a-ru88n-hg002-grch38-v421-record-1561	CROSS_RUN_EQUIVALENCE_UNRESOLVED	GRCh38|chr20|10861593|T|C	GRCh38|chr20|10861592|10861593|T|C	GRCh38|chr20|10861592|10861593|T|C	variant:sha256:5b6f5e3ce7ccec9a004ce6a983ad5bea3bb2a8a43f165e4d3625ebadd717c068	variant:sha256:5b6f5e3ce7ccec9a004ce6a983ad5bea3bb2a8a43f165e4d3625ebadd717c068	True	EXACT_NORMALIZED_ALLELE	PHASE1B_EXACT_NORMALIZED_ALLELE_V1	1.0.0	False	False
1437	run-phase1a-60z59-hg002-grch38-v421	event-run-phase1a-60z59-hg002-grch38-v421-record-1559	run-phase1a-ru88n-hg002-grch38-v421	event-run-phase1a-ru88n-hg002-grch38-v421-record-1562	CROSS_RUN_EQUIVALENCE_UNRESOLVED	GRCh38|chr20|10862314|A|AT	GRCh38|chr20|10862313|10862314|A|AT	GRCh38|chr20|10862313|10862314|A|AT	variant:sha256:5d4c1b67f9367fad3904996a517706998d07c5870c51820a0784da3fd14cc16a	variant:sha256:5d4c1b67f9367fad3904996a517706998d07c5870c51820a0784da3fd14cc16a	True	EXACT_NORMALIZED_ALLELE	PHASE1B_EXACT_NORMALIZED_ALLELE_V1	1.0.0	False	False
1438	run-phase1a-60z59-hg002-grch38-v421	event-run-phase1a-60z59-hg002-grch38-v421-record-1560	run-phase1a-ru88n-hg002-grch38-v421	event-run-phase1a-ru88n-hg002-grch38-v421-record-1563	CROSS_RUN_EQUIVALENCE_UNRESOLVED	GRCh38|chr20|10863192|A|G	GRCh38|chr20|10863191|10863192|A|G	GRCh38|chr20|10863191|10863192|A|G	variant:sha256:64df156b7c5a9f977562e5da53f7ca63abee85ffd084cc86d5e18f9634900c0c	variant:sha256:64df156b7c5a9f977562e5da53f7ca63abee85ffd084cc86d5e18f9634900c0c	True	EXACT_NORMALIZED_ALLELE	PHASE1B_EXACT_NORMALIZED_ALLELE_V1	1.0.0	False	False
1439	run-phase1a-60z59-hg002-grch38-v421	event-run-phase1a-60z59-hg002-grch38-v421-record-1561	run-phase1a-ru88n-hg002-grch38-v421	event-run-phase1a-ru88n-hg002-grch38-v421-record-1564	CROSS_RUN_EQUIVALENCE_UNRESOLVED	GRCh38|chr20|10863364|G|T	GRCh38|chr20|10863363|10863364|G|T	GRCh38|chr20|10863363|10863364|G|T	variant:sha256:946a85bcbaf23b0d16f50296145c5fa243e65a2a77d98dac1084a8741b40cf92	variant:sha256:946a85bcbaf23b0d16f50296145c5fa243e65a2a77d98dac1084a8741b40cf92	True	EXACT_NORMALIZED_ALLELE	PHASE1B_EXACT_NORMALIZED_ALLELE_V1	1.0.0	False	False
1440	run-phase1a-60z59-hg002-grch38-v421	event-run-phase1a-60z59-hg002-grch38-v421-record-1562	run-phase1a-ru88n-hg002-grch38-v421	event-run-phase1a-ru88n-hg002-grch38-v421-record-1565	CROSS_RUN_EQUIVALENCE_UNRESOLVED	GRCh38|chr20|10863381|C|T	GRCh38|chr20|10863380|10863381|C|T	GRCh38|chr20|10863380|10863381|C|T	variant:sha256:6c9f87cfe55f5e1dccde583e60553ea09ac1baec3d86181d18e302fea8a383bc	variant:sha256:6c9f87cfe55f5e1dccde583e60553ea09ac1baec3d86181d18e302fea8a383bc	True	EXACT_NORMALIZED_ALLELE	PHASE1B_EXACT_NORMALIZED_ALLELE_V1	1.0.0	False	False
1441	run-phase1a-60z59-hg002-grch38-v421	event-run-phase1a-60z59-hg002-grch38-v421-record-1563	run-phase1a-ru88n-hg002-grch38-v421	event-run-phase1a-ru88n-hg002-grch38-v421-record-1566	CROSS_RUN_EQUIVALENCE_UNRESOLVED	GRCh38|chr20|10863586|G|C	GRCh38|chr20|10863585|10863586|G|C	GRCh38|chr20|10863585|10863586|G|C	variant:sha256:0656d1d888e2a7f891723d076bb3339345e6612c70446484131442c5c1cec92d	variant:sha256:0656d1d888e2a7f891723d076bb3339345e6612c70446484131442c5c1cec92d	True	EXACT_NORMALIZED_ALLELE	PHASE1B_EXACT_NORMALIZED_ALLELE_V1	1.0.0	False	False
1442	run-phase1a-60z59-hg002-grch38-v421	event-run-phase1a-60z59-hg002-grch38-v421-record-1564	run-phase1a-ru88n-hg002-grch38-v421	event-run-phase1a-ru88n-hg002-grch38-v421-record-1567	CROSS_RUN_EQUIVALENCE_UNRESOLVED	GRCh38|chr20|10864565|C|T	GRCh38|chr20|10864564|10864565|C|T	GRCh38|chr20|10864564|10864565|C|T	variant:sha256:f142f7e4c8f9fb471177c467b0b3ae171af14a85afad8965b01aefe9a4232e5e	variant:sha256:f142f7e4c8f9fb471177c467b0b3ae171af14a85afad8965b01aefe9a4232e5e	True	EXACT_NORMALIZED_ALLELE	PHASE1B_EXACT_NORMALIZED_ALLELE_V1	1.0.0	False	False
1443	run-phase1a-60z59-hg002-grch38-v421	event-run-phase1a-60z59-hg002-grch38-v421-record-1565	run-phase1a-ru88n-hg002-grch38-v421	event-run-phase1a-ru88n-hg002-grch38-v421-record-1568	CROSS_RUN_EQUIVALENCE_UNRESOLVED	GRCh38|chr20|10866500|A|G	GRCh38|chr20|10866499|10866500|A|G	GRCh38|chr20|10866499|10866500|A|G	variant:sha256:1a9fceac9cc2584bb280c96dfa39e958ab815857d5be09a479b2fbfe4228dafb	variant:sha256:1a9fceac9cc2584bb280c96dfa39e958ab815857d5be09a479b2fbfe4228dafb	True	EXACT_NORMALIZED_ALLELE	PHASE1B_EXACT_NORMALIZED_ALLELE_V1	1.0.0	False	False
1444	run-phase1a-60z59-hg002-grch38-v421	event-run-phase1a-60z59-hg002-grch38-v421-record-1566	run-phase1a-ru88n-hg002-grch38-v421	event-run-phase1a-ru88n-hg002-grch38-v421-record-1569	CROSS_RUN_EQUIVALENCE_UNRESOLVED	GRCh38|chr20|10866535|G|A	GRCh38|chr20|10866534|10866535|G|A	GRCh38|chr20|10866534|10866535|G|A	variant:sha256:590825d7349953e946ee11543b4d7dd0b105004459b296d24b416e66b04e5f6a	variant:sha256:590825d7349953e946ee11543b4d7dd0b105004459b296d24b416e66b04e5f6a	True	EXACT_NORMALIZED_ALLELE	PHASE1B_EXACT_NORMALIZED_ALLELE_V1	1.0.0	False	False
1445	run-phase1a-60z59-hg002-grch38-v421	event-run-phase1a-60z59-hg002-grch38-v421-record-1567	run-phase1a-ru88n-hg002-grch38-v421	event-run-phase1a-ru88n-hg002-grch38-v421-record-1570	CROSS_RUN_EQUIVALENCE_UNRESOLVED	GRCh38|chr20|10867021|T|C	GRCh38|chr20|10867020|10867021|T|C	GRCh38|chr20|10867020|10867021|T|C	variant:sha256:e7351eb203e207d845d8f94efc1dcc613445f7360333b9ad6bf5af8aa039c569	variant:sha256:e7351eb203e207d845d8f94efc1dcc613445f7360333b9ad6bf5af8aa039c569	True	EXACT_NORMALIZED_ALLELE	PHASE1B_EXACT_NORMALIZED_ALLELE_V1	1.0.0	False	False
1446	run-phase1a-60z59-hg002-grch38-v421	event-run-phase1a-60z59-hg002-grch38-v421-record-1568	run-phase1a-ru88n-hg002-grch38-v421	event-run-phase1a-ru88n-hg002-grch38-v421-record-1571	CROSS_RUN_EQUIVALENCE_UNRESOLVED	GRCh38|chr20|10870626|G|A	GRCh38|chr20|10870625|10870626|G|A	GRCh38|chr20|10870625|10870626|G|A	variant:sha256:ba8db48ca23c96036437d1a516d81668ac2f969f1ee26751ec2c448ec897bcfd	variant:sha256:ba8db48ca23c96036437d1a516d81668ac2f969f1ee26751ec2c448ec897bcfd	True	EXACT_NORMALIZED_ALLELE	PHASE1B_EXACT_NORMALIZED_ALLELE_V1	1.0.0	False	False
1447	run-phase1a-60z59-hg002-grch38-v421	event-run-phase1a-60z59-hg002-grch38-v421-record-1569	run-phase1a-ru88n-hg002-grch38-v421	event-run-phase1a-ru88n-hg002-grch38-v421-record-1572	CROSS_RUN_EQUIVALENCE_UNRESOLVED	GRCh38|chr20|10871228|C|CTGTG	GRCh38|chr20|10871227|10871228|C|CTGTG	GRCh38|chr20|10871227|10871228|C|CTGTG	variant:sha256:3900a53bdc817f80b99f75253a7fd8c208062b45f603d8a3eb216abde7dee1f8	variant:sha256:3900a53bdc817f80b99f75253a7fd8c208062b45f603d8a3eb216abde7dee1f8	True	EXACT_NORMALIZED_ALLELE	PHASE1B_EXACT_NORMALIZED_ALLELE_V1	1.0.0	False	False
1448	run-phase1a-60z59-hg002-grch38-v421	event-run-phase1a-60z59-hg002-grch38-v421-record-1570	run-phase1a-ru88n-hg002-grch38-v421	event-run-phase1a-ru88n-hg002-grch38-v421-record-1573	CROSS_RUN_EQUIVALENCE_UNRESOLVED	GRCh38|chr20|10871230|C|G	GRCh38|chr20|10871229|10871230|C|G	GRCh38|chr20|10871229|10871230|C|G	variant:sha256:0c7ccba38bb8ef0f02e46987c97aa2823b74eef1f3df7b9a4bdbbf845650a426	variant:sha256:0c7ccba38bb8ef0f02e46987c97aa2823b74eef1f3df7b9a4bdbbf845650a426	True	EXACT_NORMALIZED_ALLELE	PHASE1B_EXACT_NORMALIZED_ALLELE_V1	1.0.0	False	False
1449	run-phase1a-60z59-hg002-grch38-v421	event-run-phase1a-60z59-hg002-grch38-v421-record-1571	run-phase1a-ru88n-hg002-grch38-v421	event-run-phase1a-ru88n-hg002-grch38-v421-record-1574	CROSS_RUN_EQUIVALENCE_UNRESOLVED	GRCh38|chr20|10871232|C|G	GRCh38|chr20|10871231|10871232|C|G	GRCh38|chr20|10871231|10871232|C|G	variant:sha256:b3c4b84d7e3d36dc4165a9be6fe40b90e182d447313813ee30625dc900e884ef	variant:sha256:b3c4b84d7e3d36dc4165a9be6fe40b90e182d447313813ee30625dc900e884ef	True	EXACT_NORMALIZED_ALLELE	PHASE1B_EXACT_NORMALIZED_ALLELE_V1	1.0.0	False	False
1450	run-phase1a-60z59-hg002-grch38-v421	event-run-phase1a-60z59-hg002-grch38-v421-record-1572	run-phase1a-ru88n-hg002-grch38-v421	event-run-phase1a-ru88n-hg002-grch38-v421-record-1575	CROSS_RUN_EQUIVALENCE_UNRESOLVED	GRCh38|chr20|10871400|T|G	GRCh38|chr20|10871399|10871400|T|G	GRCh38|chr20|10871399|10871400|T|G	variant:sha256:63772f8d9882171c14cdda9e5d57c68165223607514296ff64dd3aab0059af13	variant:sha256:63772f8d9882171c14cdda9e5d57c68165223607514296ff64dd3aab0059af13	True	EXACT_NORMALIZED_ALLELE	PHASE1B_EXACT_NORMALIZED_ALLELE_V1	1.0.0	False	False
1451	run-phase1a-60z59-hg002-grch38-v421	event-run-phase1a-60z59-hg002-grch38-v421-record-1573	run-phase1a-ru88n-hg002-grch38-v421	event-run-phase1a-ru88n-hg002-grch38-v421-record-1576	CROSS_RUN_EQUIVALENCE_UNRESOLVED	GRCh38|chr20|10871845|C|T	GRCh38|chr20|10871844|10871845|C|T	GRCh38|chr20|10871844|10871845|C|T	variant:sha256:35f15c840871ab6bf94b9666621b4ce3127c9c04c61a62c0f5d5440cd9af00eb	variant:sha256:35f15c840871ab6bf94b9666621b4ce3127c9c04c61a62c0f5d5440cd9af00eb	True	EXACT_NORMALIZED_ALLELE	PHASE1B_EXACT_NORMALIZED_ALLELE_V1	1.0.0	False	False
1452	run-phase1a-60z59-hg002-grch38-v421	event-run-phase1a-60z59-hg002-grch38-v421-record-1574	run-phase1a-ru88n-hg002-grch38-v421	event-run-phase1a-ru88n-hg002-grch38-v421-record-1577	CROSS_RUN_EQUIVALENCE_UNRESOLVED	GRCh38|chr20|10871928|C|CTATTTTATTT	GRCh38|chr20|10871927|10871928|C|CTATTTTATTT	GRCh38|chr20|10871927|10871928|C|CTATTTTATTT	variant:sha256:51f774b2fd01b3c496ffa550bcc387f0be9eb0505b1cd55096bf47a3fd48c33a	variant:sha256:51f774b2fd01b3c496ffa550bcc387f0be9eb0505b1cd55096bf47a3fd48c33a	True	EXACT_NORMALIZED_ALLELE	PHASE1B_EXACT_NORMALIZED_ALLELE_V1	1.0.0	False	False
1453	run-phase1a-60z59-hg002-grch38-v421	event-run-phase1a-60z59-hg002-grch38-v421-record-1575	run-phase1a-ru88n-hg002-grch38-v421	event-run-phase1a-ru88n-hg002-grch38-v421-record-1578	CROSS_RUN_EQUIVALENCE_UNRESOLVED	GRCh38|chr20|10872568|A|G	GRCh38|chr20|10872567|10872568|A|G	GRCh38|chr20|10872567|10872568|A|G	variant:sha256:9bdc2845c5fc7dba055f18006fdce8c416205683979c933b1fde953518cbc53f	variant:sha256:9bdc2845c5fc7dba055f18006fdce8c416205683979c933b1fde953518cbc53f	True	EXACT_NORMALIZED_ALLELE	PHASE1B_EXACT_NORMALIZED_ALLELE_V1	1.0.0	False	False
1454	run-phase1a-60z59-hg002-grch38-v421	event-run-phase1a-60z59-hg002-grch38-v421-record-1576	run-phase1a-ru88n-hg002-grch38-v421	event-run-phase1a-ru88n-hg002-grch38-v421-record-1579	CROSS_RUN_EQUIVALENCE_UNRESOLVED	GRCh38|chr20|10872640|A|AT	GRCh38|chr20|10872639|10872640|A|AT	GRCh38|chr20|10872639|10872640|A|AT	variant:sha256:4148a9eb3543b5e74d2c2b60e0ab1a3960747effe6b5a789f0190b6383fa03af	variant:sha256:4148a9eb3543b5e74d2c2b60e0ab1a3960747effe6b5a789f0190b6383fa03af	True	EXACT_NORMALIZED_ALLELE	PHASE1B_EXACT_NORMALIZED_ALLELE_V1	1.0.0	False	False
1455	run-phase1a-60z59-hg002-grch38-v421	event-run-phase1a-60z59-hg002-grch38-v421-record-1577	run-phase1a-ru88n-hg002-grch38-v421	event-run-phase1a-ru88n-hg002-grch38-v421-record-1580	CROSS_RUN_EQUIVALENCE_UNRESOLVED	GRCh38|chr20|10872793|G|C	GRCh38|chr20|10872792|10872793|G|C	GRCh38|chr20|10872792|10872793|G|C	variant:sha256:493411d7084d9464d4639729bc4148cdb45b342e692125cba4417500c886181d	variant:sha256:493411d7084d9464d4639729bc4148cdb45b342e692125cba4417500c886181d	True	EXACT_NORMALIZED_ALLELE	PHASE1B_EXACT_NORMALIZED_ALLELE_V1	1.0.0	False	False
1456	run-phase1a-60z59-hg002-grch38-v421	event-run-phase1a-60z59-hg002-grch38-v421-record-1578	run-phase1a-ru88n-hg002-grch38-v421	event-run-phase1a-ru88n-hg002-grch38-v421-record-1581	CROSS_RUN_EQUIVALENCE_UNRESOLVED	GRCh38|chr20|10872862|A|C	GRCh38|chr20|10872861|10872862|A|C	GRCh38|chr20|10872861|10872862|A|C	variant:sha256:44d962a2bddf4f88c0439c79b755ccb051f6e47d991fc0a5a9284b218c684d89	variant:sha256:44d962a2bddf4f88c0439c79b755ccb051f6e47d991fc0a5a9284b218c684d89	True	EXACT_NORMALIZED_ALLELE	PHASE1B_EXACT_NORMALIZED_ALLELE_V1	1.0.0	False	False
1457	run-phase1a-60z59-hg002-grch38-v421	event-run-phase1a-60z59-hg002-grch38-v421-record-1579	run-phase1a-ru88n-hg002-grch38-v421	event-run-phase1a-ru88n-hg002-grch38-v421-record-1582	CROSS_RUN_EQUIVALENCE_UNRESOLVED	GRCh38|chr20|10874510|C|T	GRCh38|chr20|10874509|10874510|C|T	GRCh38|chr20|10874509|10874510|C|T	variant:sha256:b31aa2aedcea6272735edd76214b70032ca7f28eb7f2af17b56e4697fde0c80e	variant:sha256:b31aa2aedcea6272735edd76214b70032ca7f28eb7f2af17b56e4697fde0c80e	True	EXACT_NORMALIZED_ALLELE	PHASE1B_EXACT_NORMALIZED_ALLELE_V1	1.0.0	False	False
1458	run-phase1a-60z59-hg002-grch38-v421	event-run-phase1a-60z59-hg002-grch38-v421-record-1580	run-phase1a-ru88n-hg002-grch38-v421	event-run-phase1a-ru88n-hg002-grch38-v421-record-1583	CROSS_RUN_EQUIVALENCE_UNRESOLVED	GRCh38|chr20|10874689|A|G	GRCh38|chr20|10874688|10874689|A|G	GRCh38|chr20|10874688|10874689|A|G	variant:sha256:84bcf026e95d0ff74d9db2cffb3fa90a344b161ebf9cd254900064c256c1fb05	variant:sha256:84bcf026e95d0ff74d9db2cffb3fa90a344b161ebf9cd254900064c256c1fb05	True	EXACT_NORMALIZED_ALLELE	PHASE1B_EXACT_NORMALIZED_ALLELE_V1	1.0.0	False	False
1459	run-phase1a-60z59-hg002-grch38-v421	event-run-phase1a-60z59-hg002-grch38-v421-record-1581	run-phase1a-ru88n-hg002-grch38-v421	event-run-phase1a-ru88n-hg002-grch38-v421-record-1584	CROSS_RUN_EQUIVALENCE_UNRESOLVED	GRCh38|chr20|10875474|A|C	GRCh38|chr20|10875473|10875474|A|C	GRCh38|chr20|10875473|10875474|A|C	variant:sha256:fd707d9ce29743a1fc6f1ae9ec9d2b6b266ead49ff488bc85bbf8ecfe5046f0d	variant:sha256:fd707d9ce29743a1fc6f1ae9ec9d2b6b266ead49ff488bc85bbf8ecfe5046f0d	True	EXACT_NORMALIZED_ALLELE	PHASE1B_EXACT_NORMALIZED_ALLELE_V1	1.0.0	False	False
1460	run-phase1a-60z59-hg002-grch38-v421	event-run-phase1a-60z59-hg002-grch38-v421-record-1582	run-phase1a-ru88n-hg002-grch38-v421	event-run-phase1a-ru88n-hg002-grch38-v421-record-1585	CROSS_RUN_EQUIVALENCE_UNRESOLVED	GRCh38|chr20|10879687|G|A	GRCh38|chr20|10879686|10879687|G|A	GRCh38|chr20|10879686|10879687|G|A	variant:sha256:4df5448a3f2a8365a1b6c3aa5f0750333fa769de58d3ffd83a5862dc46b45ceb	variant:sha256:4df5448a3f2a8365a1b6c3aa5f0750333fa769de58d3ffd83a5862dc46b45ceb	True	EXACT_NORMALIZED_ALLELE	PHASE1B_EXACT_NORMALIZED_ALLELE_V1	1.0.0	False	False
1461	run-phase1a-60z59-hg002-grch38-v421	event-run-phase1a-60z59-hg002-grch38-v421-record-1583	run-phase1a-ru88n-hg002-grch38-v421	event-run-phase1a-ru88n-hg002-grch38-v421-record-1586	CROSS_RUN_EQUIVALENCE_UNRESOLVED	GRCh38|chr20|10879694|G|A	GRCh38|chr20|10879693|10879694|G|A	GRCh38|chr20|10879693|10879694|G|A	variant:sha256:03c8561ecfede311770ba6c7f23a7b4a4732668e3b9064f3a51fd21e3714fa55	variant:sha256:03c8561ecfede311770ba6c7f23a7b4a4732668e3b9064f3a51fd21e3714fa55	True	EXACT_NORMALIZED_ALLELE	PHASE1B_EXACT_NORMALIZED_ALLELE_V1	1.0.0	False	False
1462	run-phase1a-60z59-hg002-grch38-v421	event-run-phase1a-60z59-hg002-grch38-v421-record-1584	run-phase1a-ru88n-hg002-grch38-v421	event-run-phase1a-ru88n-hg002-grch38-v421-record-1587	CROSS_RUN_EQUIVALENCE_UNRESOLVED	GRCh38|chr20|10881272|T|G	GRCh38|chr20|10881271|10881272|T|G	GRCh38|chr20|10881271|10881272|T|G	variant:sha256:6098d7ff792fa37a6a6b3127cfa855c9488059a25c3e9552d0089d4555bbec32	variant:sha256:6098d7ff792fa37a6a6b3127cfa855c9488059a25c3e9552d0089d4555bbec32	True	EXACT_NORMALIZED_ALLELE	PHASE1B_EXACT_NORMALIZED_ALLELE_V1	1.0.0	False	False
1463	run-phase1a-60z59-hg002-grch38-v421	event-run-phase1a-60z59-hg002-grch38-v421-record-1585	run-phase1a-ru88n-hg002-grch38-v421	event-run-phase1a-ru88n-hg002-grch38-v421-record-1588	CROSS_RUN_EQUIVALENCE_UNRESOLVED	GRCh38|chr20|10881691|A|C	GRCh38|chr20|10881690|10881691|A|C	GRCh38|chr20|10881690|10881691|A|C	variant:sha256:97bed2c4bc3eff57f56ba150e2a3939888339c3d2d27e8b8f90f67ae81dfbdd2	variant:sha256:97bed2c4bc3eff57f56ba150e2a3939888339c3d2d27e8b8f90f67ae81dfbdd2	True	EXACT_NORMALIZED_ALLELE	PHASE1B_EXACT_NORMALIZED_ALLELE_V1	1.0.0	False	False
1464	run-phase1a-60z59-hg002-grch38-v421	event-run-phase1a-60z59-hg002-grch38-v421-record-1586	run-phase1a-ru88n-hg002-grch38-v421	event-run-phase1a-ru88n-hg002-grch38-v421-record-1589	CROSS_RUN_EQUIVALENCE_UNRESOLVED	GRCh38|chr20|10881785|A|G	GRCh38|chr20|10881784|10881785|A|G	GRCh38|chr20|10881784|10881785|A|G	variant:sha256:66bb29c3b1441d28dd8815b2c1b8bdb81766ec08cfa5e6fa3709f42364b74916	variant:sha256:66bb29c3b1441d28dd8815b2c1b8bdb81766ec08cfa5e6fa3709f42364b74916	True	EXACT_NORMALIZED_ALLELE	PHASE1B_EXACT_NORMALIZED_ALLELE_V1	1.0.0	False	False
1465	run-phase1a-60z59-hg002-grch38-v421	event-run-phase1a-60z59-hg002-grch38-v421-record-1587	run-phase1a-ru88n-hg002-grch38-v421	event-run-phase1a-ru88n-hg002-grch38-v421-record-1590	CROSS_RUN_EQUIVALENCE_UNRESOLVED	GRCh38|chr20|10881944|A|T	GRCh38|chr20|10881943|10881944|A|T	GRCh38|chr20|10881943|10881944|A|T	variant:sha256:53db7580118452296ae66b97dfb4a7e459768eee9d9dafa75b7bfd96f3f3a040	variant:sha256:53db7580118452296ae66b97dfb4a7e459768eee9d9dafa75b7bfd96f3f3a040	True	EXACT_NORMALIZED_ALLELE	PHASE1B_EXACT_NORMALIZED_ALLELE_V1	1.0.0	False	False
1466	run-phase1a-60z59-hg002-grch38-v421	event-run-phase1a-60z59-hg002-grch38-v421-record-1588	run-phase1a-ru88n-hg002-grch38-v421	event-run-phase1a-ru88n-hg002-grch38-v421-record-1591	CROSS_RUN_EQUIVALENCE_UNRESOLVED	GRCh38|chr20|10882886|C|T	GRCh38|chr20|10882885|10882886|C|T	GRCh38|chr20|10882885|10882886|C|T	variant:sha256:97aabc3ee6d641c1382267fe527d15f45052be2da486e9043202c62381480aa4	variant:sha256:97aabc3ee6d641c1382267fe527d15f45052be2da486e9043202c62381480aa4	True	EXACT_NORMALIZED_ALLELE	PHASE1B_EXACT_NORMALIZED_ALLELE_V1	1.0.0	False	False
1467	run-phase1a-60z59-hg002-grch38-v421	event-run-phase1a-60z59-hg002-grch38-v421-record-1589	run-phase1a-ru88n-hg002-grch38-v421	event-run-phase1a-ru88n-hg002-grch38-v421-record-1592	CROSS_RUN_EQUIVALENCE_UNRESOLVED	GRCh38|chr20|10883133|C|CATATATATATAT	GRCh38|chr20|10883132|10883133|C|CATATATATATAT	GRCh38|chr20|10883132|10883133|C|CATATATATATAT	variant:sha256:15b62971f511ba24d59fb37ff5816025a23ce032dc137b0b2d081144270e87a9	variant:sha256:15b62971f511ba24d59fb37ff5816025a23ce032dc137b0b2d081144270e87a9	True	EXACT_NORMALIZED_ALLELE	PHASE1B_EXACT_NORMALIZED_ALLELE_V1	1.0.0	False	False
1468	run-phase1a-60z59-hg002-grch38-v421	event-run-phase1a-60z59-hg002-grch38-v421-record-1590	run-phase1a-ru88n-hg002-grch38-v421	event-run-phase1a-ru88n-hg002-grch38-v421-record-1593	CROSS_RUN_EQUIVALENCE_UNRESOLVED	GRCh38|chr20|10883678|C|T	GRCh38|chr20|10883677|10883678|C|T	GRCh38|chr20|10883677|10883678|C|T	variant:sha256:1f30dfd71b0369b16e15572a57c751735825b25505cf87d87b533ff492b69081	variant:sha256:1f30dfd71b0369b16e15572a57c751735825b25505cf87d87b533ff492b69081	True	EXACT_NORMALIZED_ALLELE	PHASE1B_EXACT_NORMALIZED_ALLELE_V1	1.0.0	False	False
1469	run-phase1a-60z59-hg002-grch38-v421	event-run-phase1a-60z59-hg002-grch38-v421-record-1591	run-phase1a-ru88n-hg002-grch38-v421	event-run-phase1a-ru88n-hg002-grch38-v421-record-1594	CROSS_RUN_EQUIVALENCE_UNRESOLVED	GRCh38|chr20|10883868|A|T	GRCh38|chr20|10883867|10883868|A|T	GRCh38|chr20|10883867|10883868|A|T	variant:sha256:3f5989541c610b5b65356a34427702146c5159f5e89dfb23aafebb566d379212	variant:sha256:3f5989541c610b5b65356a34427702146c5159f5e89dfb23aafebb566d379212	True	EXACT_NORMALIZED_ALLELE	PHASE1B_EXACT_NORMALIZED_ALLELE_V1	1.0.0	False	False
1470	run-phase1a-60z59-hg002-grch38-v421	event-run-phase1a-60z59-hg002-grch38-v421-record-1592	run-phase1a-ru88n-hg002-grch38-v421	event-run-phase1a-ru88n-hg002-grch38-v421-record-1595	CROSS_RUN_EQUIVALENCE_UNRESOLVED	GRCh38|chr20|10884874|A|G	GRCh38|chr20|10884873|10884874|A|G	GRCh38|chr20|10884873|10884874|A|G	variant:sha256:eeb60dc7fd033caa2f77638e126f0724a26a7ef44a23fbcbc660da27c322aef0	variant:sha256:eeb60dc7fd033caa2f77638e126f0724a26a7ef44a23fbcbc660da27c322aef0	True	EXACT_NORMALIZED_ALLELE	PHASE1B_EXACT_NORMALIZED_ALLELE_V1	1.0.0	False	False
1471	run-phase1a-60z59-hg002-grch38-v421	event-run-phase1a-60z59-hg002-grch38-v421-record-1593	run-phase1a-ru88n-hg002-grch38-v421	event-run-phase1a-ru88n-hg002-grch38-v421-record-1596	CROSS_RUN_EQUIVALENCE_UNRESOLVED	GRCh38|chr20|10886012|C|G	GRCh38|chr20|10886011|10886012|C|G	GRCh38|chr20|10886011|10886012|C|G	variant:sha256:b0f125aa7296953f0758cfd24f8c420d01e4621c014a161a0218607963b25cc1	variant:sha256:b0f125aa7296953f0758cfd24f8c420d01e4621c014a161a0218607963b25cc1	True	EXACT_NORMALIZED_ALLELE	PHASE1B_EXACT_NORMALIZED_ALLELE_V1	1.0.0	False	False
1472	run-phase1a-60z59-hg002-grch38-v421	event-run-phase1a-60z59-hg002-grch38-v421-record-1594	run-phase1a-ru88n-hg002-grch38-v421	event-run-phase1a-ru88n-hg002-grch38-v421-record-1597	CROSS_RUN_EQUIVALENCE_UNRESOLVED	GRCh38|chr20|10886348|G|A	GRCh38|chr20|10886347|10886348|G|A	GRCh38|chr20|10886347|10886348|G|A	variant:sha256:60d2b63f35fd221ce8ed9d2c86a8c11aa9306b95cb23b307e4aa3edcf0af0c2a	variant:sha256:60d2b63f35fd221ce8ed9d2c86a8c11aa9306b95cb23b307e4aa3edcf0af0c2a	True	EXACT_NORMALIZED_ALLELE	PHASE1B_EXACT_NORMALIZED_ALLELE_V1	1.0.0	False	False
1473	run-phase1a-60z59-hg002-grch38-v421	event-run-phase1a-60z59-hg002-grch38-v421-record-1595	run-phase1a-ru88n-hg002-grch38-v421	event-run-phase1a-ru88n-hg002-grch38-v421-record-1598	CROSS_RUN_EQUIVALENCE_UNRESOLVED	GRCh38|chr20|10886789|T|C	GRCh38|chr20|10886788|10886789|T|C	GRCh38|chr20|10886788|10886789|T|C	variant:sha256:94cea519f226a76b1012891638197e51aece5bb4819aeed28a4c11d1bf10485b	variant:sha256:94cea519f226a76b1012891638197e51aece5bb4819aeed28a4c11d1bf10485b	True	EXACT_NORMALIZED_ALLELE	PHASE1B_EXACT_NORMALIZED_ALLELE_V1	1.0.0	False	False
1474	run-phase1a-60z59-hg002-grch38-v421	event-run-phase1a-60z59-hg002-grch38-v421-record-1596	run-phase1a-ru88n-hg002-grch38-v421	event-run-phase1a-ru88n-hg002-grch38-v421-record-1599	CROSS_RUN_EQUIVALENCE_UNRESOLVED	GRCh38|chr20|10888055|C|CTGTCAGGTT	GRCh38|chr20|10888054|10888055|C|CTGTCAGGTT	GRCh38|chr20|10888054|10888055|C|CTGTCAGGTT	variant:sha256:920bdca82090d2e037b680218f285dc3f6c31b3636eb1adcb7164ed85dd97bdf	variant:sha256:920bdca82090d2e037b680218f285dc3f6c31b3636eb1adcb7164ed85dd97bdf	True	EXACT_NORMALIZED_ALLELE	PHASE1B_EXACT_NORMALIZED_ALLELE_V1	1.0.0	False	False
1475	run-phase1a-60z59-hg002-grch38-v421	event-run-phase1a-60z59-hg002-grch38-v421-record-1597	run-phase1a-ru88n-hg002-grch38-v421	event-run-phase1a-ru88n-hg002-grch38-v421-record-1600	CROSS_RUN_EQUIVALENCE_UNRESOLVED	GRCh38|chr20|10889130|G|A	GRCh38|chr20|10889129|10889130|G|A	GRCh38|chr20|10889129|10889130|G|A	variant:sha256:4d0101f1a031a0e23fbd1df2c1e18f62900596540148a513b8cabb97f13b5137	variant:sha256:4d0101f1a031a0e23fbd1df2c1e18f62900596540148a513b8cabb97f13b5137	True	EXACT_NORMALIZED_ALLELE	PHASE1B_EXACT_NORMALIZED_ALLELE_V1	1.0.0	False	False
1476	run-phase1a-60z59-hg002-grch38-v421	event-run-phase1a-60z59-hg002-grch38-v421-record-1598	run-phase1a-ru88n-hg002-grch38-v421	event-run-phase1a-ru88n-hg002-grch38-v421-record-1601	CROSS_RUN_EQUIVALENCE_UNRESOLVED	GRCh38|chr20|10889936|T|C	GRCh38|chr20|10889935|10889936|T|C	GRCh38|chr20|10889935|10889936|T|C	variant:sha256:fabd1ff482ef5cff5c7eaf7c06cf05aa3a62342fcc201b79275a9dde14fafc16	variant:sha256:fabd1ff482ef5cff5c7eaf7c06cf05aa3a62342fcc201b79275a9dde14fafc16	True	EXACT_NORMALIZED_ALLELE	PHASE1B_EXACT_NORMALIZED_ALLELE_V1	1.0.0	False	False
1477	run-phase1a-60z59-hg002-grch38-v421	event-run-phase1a-60z59-hg002-grch38-v421-record-1603	run-phase1a-ru88n-hg002-grch38-v421	event-run-phase1a-ru88n-hg002-grch38-v421-record-1605	CROSS_RUN_EQUIVALENCE_UNRESOLVED	GRCh38|chr20|10892705|A|C	GRCh38|chr20|10892704|10892705|A|C	GRCh38|chr20|10892704|10892705|A|C	variant:sha256:5b32dd73d99c68904f23a7d65b957634d313e64003def448b2f9d2e1cf6e7d09	variant:sha256:5b32dd73d99c68904f23a7d65b957634d313e64003def448b2f9d2e1cf6e7d09	True	EXACT_NORMALIZED_ALLELE	PHASE1B_EXACT_NORMALIZED_ALLELE_V1	1.0.0	False	False
1478	run-phase1a-60z59-hg002-grch38-v421	event-run-phase1a-60z59-hg002-grch38-v421-record-1604	run-phase1a-ru88n-hg002-grch38-v421	event-run-phase1a-ru88n-hg002-grch38-v421-record-1606	CROSS_RUN_EQUIVALENCE_UNRESOLVED	GRCh38|chr20|10893142|T|C	GRCh38|chr20|10893141|10893142|T|C	GRCh38|chr20|10893141|10893142|T|C	variant:sha256:a36bfad4ecc01a205b1d733c39541db30dab88441e149bdaec7bf6eb2c22e0f6	variant:sha256:a36bfad4ecc01a205b1d733c39541db30dab88441e149bdaec7bf6eb2c22e0f6	True	EXACT_NORMALIZED_ALLELE	PHASE1B_EXACT_NORMALIZED_ALLELE_V1	1.0.0	False	False
1479	run-phase1a-60z59-hg002-grch38-v421	event-run-phase1a-60z59-hg002-grch38-v421-record-1605	run-phase1a-ru88n-hg002-grch38-v421	event-run-phase1a-ru88n-hg002-grch38-v421-record-1607	CROSS_RUN_EQUIVALENCE_UNRESOLVED	GRCh38|chr20|10894318|C|A	GRCh38|chr20|10894317|10894318|C|A	GRCh38|chr20|10894317|10894318|C|A	variant:sha256:077ceb2f9c4405ab84ac7545db526f99868cd9d4c251517283846682f999c6cc	variant:sha256:077ceb2f9c4405ab84ac7545db526f99868cd9d4c251517283846682f999c6cc	True	EXACT_NORMALIZED_ALLELE	PHASE1B_EXACT_NORMALIZED_ALLELE_V1	1.0.0	False	False
1480	run-phase1a-60z59-hg002-grch38-v421	event-run-phase1a-60z59-hg002-grch38-v421-record-1606	run-phase1a-ru88n-hg002-grch38-v421	event-run-phase1a-ru88n-hg002-grch38-v421-record-1608	CROSS_RUN_EQUIVALENCE_UNRESOLVED	GRCh38|chr20|10894739|C|G	GRCh38|chr20|10894738|10894739|C|G	GRCh38|chr20|10894738|10894739|C|G	variant:sha256:cbc94f3c78855a2ccf506c6961913b750975850abdb36ae2761d9de56887f97c	variant:sha256:cbc94f3c78855a2ccf506c6961913b750975850abdb36ae2761d9de56887f97c	True	EXACT_NORMALIZED_ALLELE	PHASE1B_EXACT_NORMALIZED_ALLELE_V1	1.0.0	False	False
1481	run-phase1a-60z59-hg002-grch38-v421	event-run-phase1a-60z59-hg002-grch38-v421-record-1607	run-phase1a-ru88n-hg002-grch38-v421	event-run-phase1a-ru88n-hg002-grch38-v421-record-1609	CROSS_RUN_EQUIVALENCE_UNRESOLVED	GRCh38|chr20|10895012|G|A	GRCh38|chr20|10895011|10895012|G|A	GRCh38|chr20|10895011|10895012|G|A	variant:sha256:423c3ef2aef950c0097012f315b3a6b68a9ed30f6269f75f32ccc7f962a008cf	variant:sha256:423c3ef2aef950c0097012f315b3a6b68a9ed30f6269f75f32ccc7f962a008cf	True	EXACT_NORMALIZED_ALLELE	PHASE1B_EXACT_NORMALIZED_ALLELE_V1	1.0.0	False	False
1482	run-phase1a-60z59-hg002-grch38-v421	event-run-phase1a-60z59-hg002-grch38-v421-record-1608	run-phase1a-ru88n-hg002-grch38-v421	event-run-phase1a-ru88n-hg002-grch38-v421-record-1610	CROSS_RUN_EQUIVALENCE_UNRESOLVED	GRCh38|chr20|10895013|T|TA	GRCh38|chr20|10895012|10895013|T|TA	GRCh38|chr20|10895012|10895013|T|TA	variant:sha256:67ec2ee7ec99430ec44e83428a6cb864c0d1e0a64d4c07439e257b30e5f7c291	variant:sha256:67ec2ee7ec99430ec44e83428a6cb864c0d1e0a64d4c07439e257b30e5f7c291	True	EXACT_NORMALIZED_ALLELE	PHASE1B_EXACT_NORMALIZED_ALLELE_V1	1.0.0	False	False
1483	run-phase1a-60z59-hg002-grch38-v421	event-run-phase1a-60z59-hg002-grch38-v421-record-1609	run-phase1a-ru88n-hg002-grch38-v421	event-run-phase1a-ru88n-hg002-grch38-v421-record-1611	CROSS_RUN_EQUIVALENCE_UNRESOLVED	GRCh38|chr20|10895431|C|CA	GRCh38|chr20|10895430|10895431|C|CA	GRCh38|chr20|10895430|10895431|C|CA	variant:sha256:fa090e9da525d3a8a7cab401cc33100c24aba71a9b5fe23bd1f80e6f08946eb5	variant:sha256:fa090e9da525d3a8a7cab401cc33100c24aba71a9b5fe23bd1f80e6f08946eb5	True	EXACT_NORMALIZED_ALLELE	PHASE1B_EXACT_NORMALIZED_ALLELE_V1	1.0.0	False	False
1484	run-phase1a-60z59-hg002-grch38-v421	event-run-phase1a-60z59-hg002-grch38-v421-record-1610	run-phase1a-ru88n-hg002-grch38-v421	event-run-phase1a-ru88n-hg002-grch38-v421-record-1612	CROSS_RUN_EQUIVALENCE_UNRESOLVED	GRCh38|chr20|10898688|C|T	GRCh38|chr20|10898687|10898688|C|T	GRCh38|chr20|10898687|10898688|C|T	variant:sha256:0c99aa4cbb2c0c6953bf24f0f8061f1293afc52e5d2a0146b91960ba3ee7219f	variant:sha256:0c99aa4cbb2c0c6953bf24f0f8061f1293afc52e5d2a0146b91960ba3ee7219f	True	EXACT_NORMALIZED_ALLELE	PHASE1B_EXACT_NORMALIZED_ALLELE_V1	1.0.0	False	False
1485	run-phase1a-60z59-hg002-grch38-v421	event-run-phase1a-60z59-hg002-grch38-v421-record-1614	run-phase1a-ru88n-hg002-grch38-v421	event-run-phase1a-ru88n-hg002-grch38-v421-record-1616	CROSS_RUN_EQUIVALENCE_UNRESOLVED	GRCh38|chr20|10900749|T|C	GRCh38|chr20|10900748|10900749|T|C	GRCh38|chr20|10900748|10900749|T|C	variant:sha256:e997963d28f026891840e38b188168c90881fc945d6c4e1969e004f8de1460fd	variant:sha256:e997963d28f026891840e38b188168c90881fc945d6c4e1969e004f8de1460fd	True	EXACT_NORMALIZED_ALLELE	PHASE1B_EXACT_NORMALIZED_ALLELE_V1	1.0.0	False	False
1486	run-phase1a-60z59-hg002-grch38-v421	event-run-phase1a-60z59-hg002-grch38-v421-record-1615	run-phase1a-ru88n-hg002-grch38-v421	event-run-phase1a-ru88n-hg002-grch38-v421-record-1617	CROSS_RUN_EQUIVALENCE_UNRESOLVED	GRCh38|chr20|10901195|T|G	GRCh38|chr20|10901194|10901195|T|G	GRCh38|chr20|10901194|10901195|T|G	variant:sha256:4732d08f36e8591cfe83499266a8ceb6ff6edd59670c38a1eff211b56536d269	variant:sha256:4732d08f36e8591cfe83499266a8ceb6ff6edd59670c38a1eff211b56536d269	True	EXACT_NORMALIZED_ALLELE	PHASE1B_EXACT_NORMALIZED_ALLELE_V1	1.0.0	False	False
1487	run-phase1a-60z59-hg002-grch38-v421	event-run-phase1a-60z59-hg002-grch38-v421-record-1616	run-phase1a-ru88n-hg002-grch38-v421	event-run-phase1a-ru88n-hg002-grch38-v421-record-1618	CROSS_RUN_EQUIVALENCE_UNRESOLVED	GRCh38|chr20|10901294|T|C	GRCh38|chr20|10901293|10901294|T|C	GRCh38|chr20|10901293|10901294|T|C	variant:sha256:9bf396ed2e2a801623879c90664ba4b3eeba764870b3bce01bb945e7900ac3e0	variant:sha256:9bf396ed2e2a801623879c90664ba4b3eeba764870b3bce01bb945e7900ac3e0	True	EXACT_NORMALIZED_ALLELE	PHASE1B_EXACT_NORMALIZED_ALLELE_V1	1.0.0	False	False
1488	run-phase1a-60z59-hg002-grch38-v421	event-run-phase1a-60z59-hg002-grch38-v421-record-1617	run-phase1a-ru88n-hg002-grch38-v421	event-run-phase1a-ru88n-hg002-grch38-v421-record-1619	CROSS_RUN_EQUIVALENCE_UNRESOLVED	GRCh38|chr20|10901904|A|C	GRCh38|chr20|10901903|10901904|A|C	GRCh38|chr20|10901903|10901904|A|C	variant:sha256:2b58f8c74caa7d527e14fe9ff709b621d04da89e66054b13815c90b185c41f6e	variant:sha256:2b58f8c74caa7d527e14fe9ff709b621d04da89e66054b13815c90b185c41f6e	True	EXACT_NORMALIZED_ALLELE	PHASE1B_EXACT_NORMALIZED_ALLELE_V1	1.0.0	False	False
1489	run-phase1a-60z59-hg002-grch38-v421	event-run-phase1a-60z59-hg002-grch38-v421-record-1618	run-phase1a-ru88n-hg002-grch38-v421	event-run-phase1a-ru88n-hg002-grch38-v421-record-1620	CROSS_RUN_EQUIVALENCE_UNRESOLVED	GRCh38|chr20|10902173|C|T	GRCh38|chr20|10902172|10902173|C|T	GRCh38|chr20|10902172|10902173|C|T	variant:sha256:4fa80edc4b23927e5d1ddb641ebca4601238b28c8daa78273879d284261097cc	variant:sha256:4fa80edc4b23927e5d1ddb641ebca4601238b28c8daa78273879d284261097cc	True	EXACT_NORMALIZED_ALLELE	PHASE1B_EXACT_NORMALIZED_ALLELE_V1	1.0.0	False	False
1490	run-phase1a-60z59-hg002-grch38-v421	event-run-phase1a-60z59-hg002-grch38-v421-record-1619	run-phase1a-ru88n-hg002-grch38-v421	event-run-phase1a-ru88n-hg002-grch38-v421-record-1621	CROSS_RUN_EQUIVALENCE_UNRESOLVED	GRCh38|chr20|10902483|A|G	GRCh38|chr20|10902482|10902483|A|G	GRCh38|chr20|10902482|10902483|A|G	variant:sha256:75ff0877bd4bfe9f03714daba4a84baba0e78914467757279ac8d993700ce89d	variant:sha256:75ff0877bd4bfe9f03714daba4a84baba0e78914467757279ac8d993700ce89d	True	EXACT_NORMALIZED_ALLELE	PHASE1B_EXACT_NORMALIZED_ALLELE_V1	1.0.0	False	False
1491	run-phase1a-60z59-hg002-grch38-v421	event-run-phase1a-60z59-hg002-grch38-v421-record-1620	run-phase1a-ru88n-hg002-grch38-v421	event-run-phase1a-ru88n-hg002-grch38-v421-record-1622	CROSS_RUN_EQUIVALENCE_UNRESOLVED	GRCh38|chr20|10902779|A|G	GRCh38|chr20|10902778|10902779|A|G	GRCh38|chr20|10902778|10902779|A|G	variant:sha256:d5f4c37a44c1030d33ed5f5ad4af3e167f72ae84e929c36556bfce10504ea37e	variant:sha256:d5f4c37a44c1030d33ed5f5ad4af3e167f72ae84e929c36556bfce10504ea37e	True	EXACT_NORMALIZED_ALLELE	PHASE1B_EXACT_NORMALIZED_ALLELE_V1	1.0.0	False	False
1492	run-phase1a-60z59-hg002-grch38-v421	event-run-phase1a-60z59-hg002-grch38-v421-record-1621	run-phase1a-ru88n-hg002-grch38-v421	event-run-phase1a-ru88n-hg002-grch38-v421-record-1623	CROSS_RUN_EQUIVALENCE_UNRESOLVED	GRCh38|chr20|10902837|A|G	GRCh38|chr20|10902836|10902837|A|G	GRCh38|chr20|10902836|10902837|A|G	variant:sha256:90502c75f66623627c7e73af03e1a2153163c7b690b114fb09fa764f6db02954	variant:sha256:90502c75f66623627c7e73af03e1a2153163c7b690b114fb09fa764f6db02954	True	EXACT_NORMALIZED_ALLELE	PHASE1B_EXACT_NORMALIZED_ALLELE_V1	1.0.0	False	False
1493	run-phase1a-60z59-hg002-grch38-v421	event-run-phase1a-60z59-hg002-grch38-v421-record-1622	run-phase1a-ru88n-hg002-grch38-v421	event-run-phase1a-ru88n-hg002-grch38-v421-record-1624	CROSS_RUN_EQUIVALENCE_UNRESOLVED	GRCh38|chr20|10904797|T|C	GRCh38|chr20|10904796|10904797|T|C	GRCh38|chr20|10904796|10904797|T|C	variant:sha256:88d2a5510472b7e21d7b654784752229697423dd98276673c5c0b563e5e75d6b	variant:sha256:88d2a5510472b7e21d7b654784752229697423dd98276673c5c0b563e5e75d6b	True	EXACT_NORMALIZED_ALLELE	PHASE1B_EXACT_NORMALIZED_ALLELE_V1	1.0.0	False	False
1494	run-phase1a-60z59-hg002-grch38-v421	event-run-phase1a-60z59-hg002-grch38-v421-record-1623	run-phase1a-ru88n-hg002-grch38-v421	event-run-phase1a-ru88n-hg002-grch38-v421-record-1625	CROSS_RUN_EQUIVALENCE_UNRESOLVED	GRCh38|chr20|10906666|T|G	GRCh38|chr20|10906665|10906666|T|G	GRCh38|chr20|10906665|10906666|T|G	variant:sha256:3f912b9b881d9f4970ed7bf6e19d09ae666471a1526252ec2dfd6ef727b843f5	variant:sha256:3f912b9b881d9f4970ed7bf6e19d09ae666471a1526252ec2dfd6ef727b843f5	True	EXACT_NORMALIZED_ALLELE	PHASE1B_EXACT_NORMALIZED_ALLELE_V1	1.0.0	False	False
1495	run-phase1a-60z59-hg002-grch38-v421	event-run-phase1a-60z59-hg002-grch38-v421-record-1624	run-phase1a-ru88n-hg002-grch38-v421	event-run-phase1a-ru88n-hg002-grch38-v421-record-1626	CROSS_RUN_EQUIVALENCE_UNRESOLVED	GRCh38|chr20|10906777|A|T	GRCh38|chr20|10906776|10906777|A|T	GRCh38|chr20|10906776|10906777|A|T	variant:sha256:5d6d2db17a7790797889db4c5fc234649ab443e8f34bacb9b705d0886b635658	variant:sha256:5d6d2db17a7790797889db4c5fc234649ab443e8f34bacb9b705d0886b635658	True	EXACT_NORMALIZED_ALLELE	PHASE1B_EXACT_NORMALIZED_ALLELE_V1	1.0.0	False	False
1496	run-phase1a-60z59-hg002-grch38-v421	event-run-phase1a-60z59-hg002-grch38-v421-record-1625	run-phase1a-ru88n-hg002-grch38-v421	event-run-phase1a-ru88n-hg002-grch38-v421-record-1627	CROSS_RUN_EQUIVALENCE_UNRESOLVED	GRCh38|chr20|10906834|A|G	GRCh38|chr20|10906833|10906834|A|G	GRCh38|chr20|10906833|10906834|A|G	variant:sha256:b2d9673395c3a714db2cbbcbf2ec7382d5e0cbc9b1bf6a8c0e1b5db0b594f8e3	variant:sha256:b2d9673395c3a714db2cbbcbf2ec7382d5e0cbc9b1bf6a8c0e1b5db0b594f8e3	True	EXACT_NORMALIZED_ALLELE	PHASE1B_EXACT_NORMALIZED_ALLELE_V1	1.0.0	False	False
1497	run-phase1a-60z59-hg002-grch38-v421	event-run-phase1a-60z59-hg002-grch38-v421-record-1626	run-phase1a-ru88n-hg002-grch38-v421	event-run-phase1a-ru88n-hg002-grch38-v421-record-1628	CROSS_RUN_EQUIVALENCE_UNRESOLVED	GRCh38|chr20|10907075|A|G	GRCh38|chr20|10907074|10907075|A|G	GRCh38|chr20|10907074|10907075|A|G	variant:sha256:839086ff3b0ff2f8114cc49cfe8e1294b1b470382eea7b517f957eb073b416c3	variant:sha256:839086ff3b0ff2f8114cc49cfe8e1294b1b470382eea7b517f957eb073b416c3	True	EXACT_NORMALIZED_ALLELE	PHASE1B_EXACT_NORMALIZED_ALLELE_V1	1.0.0	False	False
1498	run-phase1a-60z59-hg002-grch38-v421	event-run-phase1a-60z59-hg002-grch38-v421-record-1627	run-phase1a-ru88n-hg002-grch38-v421	event-run-phase1a-ru88n-hg002-grch38-v421-record-1629	CROSS_RUN_EQUIVALENCE_UNRESOLVED	GRCh38|chr20|10907123|A|G	GRCh38|chr20|10907122|10907123|A|G	GRCh38|chr20|10907122|10907123|A|G	variant:sha256:fb8599859bd45f5eb03c40af8fdeb1fed08d3dbc02c7b3d85f38226e7ca60d8c	variant:sha256:fb8599859bd45f5eb03c40af8fdeb1fed08d3dbc02c7b3d85f38226e7ca60d8c	True	EXACT_NORMALIZED_ALLELE	PHASE1B_EXACT_NORMALIZED_ALLELE_V1	1.0.0	False	False
1499	run-phase1a-60z59-hg002-grch38-v421	event-run-phase1a-60z59-hg002-grch38-v421-record-1628	run-phase1a-ru88n-hg002-grch38-v421	event-run-phase1a-ru88n-hg002-grch38-v421-record-1630	CROSS_RUN_EQUIVALENCE_UNRESOLVED	GRCh38|chr20|10907261|GT|G	GRCh38|chr20|10907260|10907262|GT|G	GRCh38|chr20|10907260|10907262|GT|G	variant:sha256:8c0282ab0d0ae64ce75292c49c3853ad9593dbb16a689e1147582219ded649db	variant:sha256:8c0282ab0d0ae64ce75292c49c3853ad9593dbb16a689e1147582219ded649db	True	EXACT_NORMALIZED_ALLELE	PHASE1B_EXACT_NORMALIZED_ALLELE_V1	1.0.0	False	False
1500	run-phase1a-60z59-hg002-grch38-v421	event-run-phase1a-60z59-hg002-grch38-v421-record-1629	run-phase1a-ru88n-hg002-grch38-v421	event-run-phase1a-ru88n-hg002-grch38-v421-record-1631	CROSS_RUN_EQUIVALENCE_UNRESOLVED	GRCh38|chr20|10907861|A|G	GRCh38|chr20|10907860|10907861|A|G	GRCh38|chr20|10907860|10907861|A|G	variant:sha256:076494b81ed3f4728254ad718e8ed2eda08ec213f23e8db32216e6d53f1bde4f	variant:sha256:076494b81ed3f4728254ad718e8ed2eda08ec213f23e8db32216e6d53f1bde4f	True	EXACT_NORMALIZED_ALLELE	PHASE1B_EXACT_NORMALIZED_ALLELE_V1	1.0.0	False	False
1501	run-phase1a-60z59-hg002-grch38-v421	event-run-phase1a-60z59-hg002-grch38-v421-record-1630	run-phase1a-ru88n-hg002-grch38-v421	event-run-phase1a-ru88n-hg002-grch38-v421-record-1632	CROSS_RUN_EQUIVALENCE_UNRESOLVED	GRCh38|chr20|10908873|C|A	GRCh38|chr20|10908872|10908873|C|A	GRCh38|chr20|10908872|10908873|C|A	variant:sha256:f5bceaaabe15065598ec52a18f71ca14090c6184b8708e69735a3f5e6bb53fed	variant:sha256:f5bceaaabe15065598ec52a18f71ca14090c6184b8708e69735a3f5e6bb53fed	True	EXACT_NORMALIZED_ALLELE	PHASE1B_EXACT_NORMALIZED_ALLELE_V1	1.0.0	False	False
1502	run-phase1a-60z59-hg002-grch38-v421	event-run-phase1a-60z59-hg002-grch38-v421-record-1631	run-phase1a-ru88n-hg002-grch38-v421	event-run-phase1a-ru88n-hg002-grch38-v421-record-1633	CROSS_RUN_EQUIVALENCE_UNRESOLVED	GRCh38|chr20|10908997|A|G	GRCh38|chr20|10908996|10908997|A|G	GRCh38|chr20|10908996|10908997|A|G	variant:sha256:dd39a39838aa80e1974c4ddd33edab635247ce78da5f6eac66347337bf4d154b	variant:sha256:dd39a39838aa80e1974c4ddd33edab635247ce78da5f6eac66347337bf4d154b	True	EXACT_NORMALIZED_ALLELE	PHASE1B_EXACT_NORMALIZED_ALLELE_V1	1.0.0	False	False
1503	run-phase1a-60z59-hg002-grch38-v421	event-run-phase1a-60z59-hg002-grch38-v421-record-1632	run-phase1a-ru88n-hg002-grch38-v421	event-run-phase1a-ru88n-hg002-grch38-v421-record-1634	CROSS_RUN_EQUIVALENCE_UNRESOLVED	GRCh38|chr20|10909283|G|A	GRCh38|chr20|10909282|10909283|G|A	GRCh38|chr20|10909282|10909283|G|A	variant:sha256:abc4b7a845a0a4231a31f5df2068bed329bf200ede0f7676e48909a8b5c83aa5	variant:sha256:abc4b7a845a0a4231a31f5df2068bed329bf200ede0f7676e48909a8b5c83aa5	True	EXACT_NORMALIZED_ALLELE	PHASE1B_EXACT_NORMALIZED_ALLELE_V1	1.0.0	False	False
1504	run-phase1a-60z59-hg002-grch38-v421	event-run-phase1a-60z59-hg002-grch38-v421-record-1633	run-phase1a-ru88n-hg002-grch38-v421	event-run-phase1a-ru88n-hg002-grch38-v421-record-1635	CROSS_RUN_EQUIVALENCE_UNRESOLVED	GRCh38|chr20|10909486|T|C	GRCh38|chr20|10909485|10909486|T|C	GRCh38|chr20|10909485|10909486|T|C	variant:sha256:35dcee55abac2e217b2b14b4dcef04c08f468b4491e5ad0fdc226103fd355d8d	variant:sha256:35dcee55abac2e217b2b14b4dcef04c08f468b4491e5ad0fdc226103fd355d8d	True	EXACT_NORMALIZED_ALLELE	PHASE1B_EXACT_NORMALIZED_ALLELE_V1	1.0.0	False	False
1505	run-phase1a-60z59-hg002-grch38-v421	event-run-phase1a-60z59-hg002-grch38-v421-record-1634	run-phase1a-ru88n-hg002-grch38-v421	event-run-phase1a-ru88n-hg002-grch38-v421-record-1636	CROSS_RUN_EQUIVALENCE_UNRESOLVED	GRCh38|chr20|10909974|TACTC|T	GRCh38|chr20|10909973|10909978|TACTC|T	GRCh38|chr20|10909973|10909978|TACTC|T	variant:sha256:70cd659afd4778920ae16c4a8f748aedb68797efb89c708495aa4f8dddad3e63	variant:sha256:70cd659afd4778920ae16c4a8f748aedb68797efb89c708495aa4f8dddad3e63	True	EXACT_NORMALIZED_ALLELE	PHASE1B_EXACT_NORMALIZED_ALLELE_V1	1.0.0	False	False
1506	run-phase1a-60z59-hg002-grch38-v421	event-run-phase1a-60z59-hg002-grch38-v421-record-1635	run-phase1a-ru88n-hg002-grch38-v421	event-run-phase1a-ru88n-hg002-grch38-v421-record-1637	CROSS_RUN_EQUIVALENCE_UNRESOLVED	GRCh38|chr20|10910301|T|C	GRCh38|chr20|10910300|10910301|T|C	GRCh38|chr20|10910300|10910301|T|C	variant:sha256:d991a7fe2f8c2333310d225d75d12feff79dab6ad51cee9f1374dafdb9a77136	variant:sha256:d991a7fe2f8c2333310d225d75d12feff79dab6ad51cee9f1374dafdb9a77136	True	EXACT_NORMALIZED_ALLELE	PHASE1B_EXACT_NORMALIZED_ALLELE_V1	1.0.0	False	False
1507	run-phase1a-60z59-hg002-grch38-v421	event-run-phase1a-60z59-hg002-grch38-v421-record-1636	run-phase1a-ru88n-hg002-grch38-v421	event-run-phase1a-ru88n-hg002-grch38-v421-record-1638	CROSS_RUN_EQUIVALENCE_UNRESOLVED	GRCh38|chr20|10910372|G|T	GRCh38|chr20|10910371|10910372|G|T	GRCh38|chr20|10910371|10910372|G|T	variant:sha256:5578d76324894f8f6cdaabfb479e7c7749cf5eddeaaba1198ea983752471a74c	variant:sha256:5578d76324894f8f6cdaabfb479e7c7749cf5eddeaaba1198ea983752471a74c	True	EXACT_NORMALIZED_ALLELE	PHASE1B_EXACT_NORMALIZED_ALLELE_V1	1.0.0	False	False
1508	run-phase1a-60z59-hg002-grch38-v421	event-run-phase1a-60z59-hg002-grch38-v421-record-1637	run-phase1a-ru88n-hg002-grch38-v421	event-run-phase1a-ru88n-hg002-grch38-v421-record-1639	CROSS_RUN_EQUIVALENCE_UNRESOLVED	GRCh38|chr20|10910524|G|A	GRCh38|chr20|10910523|10910524|G|A	GRCh38|chr20|10910523|10910524|G|A	variant:sha256:c782be5f2255cb51c41e961384b7273e659aa712739bc51a508403ba7207fc81	variant:sha256:c782be5f2255cb51c41e961384b7273e659aa712739bc51a508403ba7207fc81	True	EXACT_NORMALIZED_ALLELE	PHASE1B_EXACT_NORMALIZED_ALLELE_V1	1.0.0	False	False
1509	run-phase1a-60z59-hg002-grch38-v421	event-run-phase1a-60z59-hg002-grch38-v421-record-1638	run-phase1a-ru88n-hg002-grch38-v421	event-run-phase1a-ru88n-hg002-grch38-v421-record-1640	CROSS_RUN_EQUIVALENCE_UNRESOLVED	GRCh38|chr20|10911150|T|C	GRCh38|chr20|10911149|10911150|T|C	GRCh38|chr20|10911149|10911150|T|C	variant:sha256:af059391c112aebc467fdba38928c0b1dc015eb4c3be52a417dfcec57e55290d	variant:sha256:af059391c112aebc467fdba38928c0b1dc015eb4c3be52a417dfcec57e55290d	True	EXACT_NORMALIZED_ALLELE	PHASE1B_EXACT_NORMALIZED_ALLELE_V1	1.0.0	False	False
1510	run-phase1a-60z59-hg002-grch38-v421	event-run-phase1a-60z59-hg002-grch38-v421-record-1639	run-phase1a-ru88n-hg002-grch38-v421	event-run-phase1a-ru88n-hg002-grch38-v421-record-1641	CROSS_RUN_EQUIVALENCE_UNRESOLVED	GRCh38|chr20|10913760|CCTCAT|C	GRCh38|chr20|10913759|10913765|CCTCAT|C	GRCh38|chr20|10913759|10913765|CCTCAT|C	variant:sha256:508b4955320ff58802f81cf0ef38f75030906046e2f3664801979bcc350b3c4e	variant:sha256:508b4955320ff58802f81cf0ef38f75030906046e2f3664801979bcc350b3c4e	True	EXACT_NORMALIZED_ALLELE	PHASE1B_EXACT_NORMALIZED_ALLELE_V1	1.0.0	False	False
1511	run-phase1a-60z59-hg002-grch38-v421	event-run-phase1a-60z59-hg002-grch38-v421-record-1640	run-phase1a-ru88n-hg002-grch38-v421	event-run-phase1a-ru88n-hg002-grch38-v421-record-1642	CROSS_RUN_EQUIVALENCE_UNRESOLVED	GRCh38|chr20|10914126|AC|A	GRCh38|chr20|10914125|10914127|AC|A	GRCh38|chr20|10914125|10914127|AC|A	variant:sha256:7f1e5a30d6f010adccf40a36a7ed1f6d52a45921cb21c485b26fd9174bad5db8	variant:sha256:7f1e5a30d6f010adccf40a36a7ed1f6d52a45921cb21c485b26fd9174bad5db8	True	EXACT_NORMALIZED_ALLELE	PHASE1B_EXACT_NORMALIZED_ALLELE_V1	1.0.0	False	False
1512	run-phase1a-60z59-hg002-grch38-v421	event-run-phase1a-60z59-hg002-grch38-v421-record-1641	run-phase1a-ru88n-hg002-grch38-v421	event-run-phase1a-ru88n-hg002-grch38-v421-record-1643	CROSS_RUN_EQUIVALENCE_UNRESOLVED	GRCh38|chr20|10914850|C|T	GRCh38|chr20|10914849|10914850|C|T	GRCh38|chr20|10914849|10914850|C|T	variant:sha256:44b89f82062cee1d226992d88eb25b9246f6c05f009c326512aaf0eadd6de784	variant:sha256:44b89f82062cee1d226992d88eb25b9246f6c05f009c326512aaf0eadd6de784	True	EXACT_NORMALIZED_ALLELE	PHASE1B_EXACT_NORMALIZED_ALLELE_V1	1.0.0	False	False
1513	run-phase1a-60z59-hg002-grch38-v421	event-run-phase1a-60z59-hg002-grch38-v421-record-1642	run-phase1a-ru88n-hg002-grch38-v421	event-run-phase1a-ru88n-hg002-grch38-v421-record-1644	CROSS_RUN_EQUIVALENCE_UNRESOLVED	GRCh38|chr20|10914864|C|T	GRCh38|chr20|10914863|10914864|C|T	GRCh38|chr20|10914863|10914864|C|T	variant:sha256:147ff7dc56bccbae36e70222a5a0e1a4d1c0a5a63c05d60f6fc4f9b8100516be	variant:sha256:147ff7dc56bccbae36e70222a5a0e1a4d1c0a5a63c05d60f6fc4f9b8100516be	True	EXACT_NORMALIZED_ALLELE	PHASE1B_EXACT_NORMALIZED_ALLELE_V1	1.0.0	False	False
1514	run-phase1a-60z59-hg002-grch38-v421	event-run-phase1a-60z59-hg002-grch38-v421-record-1644	run-phase1a-ru88n-hg002-grch38-v421	event-run-phase1a-ru88n-hg002-grch38-v421-record-1645	CROSS_RUN_EQUIVALENCE_UNRESOLVED	GRCh38|chr20|10917686|G|A	GRCh38|chr20|10917685|10917686|G|A	GRCh38|chr20|10917685|10917686|G|A	variant:sha256:5ed9b10d63994b8b8e0a6b70716de2b7270d2bfdc1203d6154e1de2e5f8ba84e	variant:sha256:5ed9b10d63994b8b8e0a6b70716de2b7270d2bfdc1203d6154e1de2e5f8ba84e	True	EXACT_NORMALIZED_ALLELE	PHASE1B_EXACT_NORMALIZED_ALLELE_V1	1.0.0	False	False
1515	run-phase1a-60z59-hg002-grch38-v421	event-run-phase1a-60z59-hg002-grch38-v421-record-1645	run-phase1a-ru88n-hg002-grch38-v421	event-run-phase1a-ru88n-hg002-grch38-v421-record-1646	CROSS_RUN_EQUIVALENCE_UNRESOLVED	GRCh38|chr20|10918577|C|G	GRCh38|chr20|10918576|10918577|C|G	GRCh38|chr20|10918576|10918577|C|G	variant:sha256:63ebf4996ca99d8ceb809be329c944e597303c384e62ea3b265e3da1489d5e2c	variant:sha256:63ebf4996ca99d8ceb809be329c944e597303c384e62ea3b265e3da1489d5e2c	True	EXACT_NORMALIZED_ALLELE	PHASE1B_EXACT_NORMALIZED_ALLELE_V1	1.0.0	False	False
1516	run-phase1a-60z59-hg002-grch38-v421	event-run-phase1a-60z59-hg002-grch38-v421-record-1646	run-phase1a-ru88n-hg002-grch38-v421	event-run-phase1a-ru88n-hg002-grch38-v421-record-1647	CROSS_RUN_EQUIVALENCE_UNRESOLVED	GRCh38|chr20|10918847|C|CAA	GRCh38|chr20|10918846|10918847|C|CAA	GRCh38|chr20|10918846|10918847|C|CAA	variant:sha256:f9ba4aa72d910be67d5dccde92c2c6e26509376e88486396b792792eed685cc7	variant:sha256:f9ba4aa72d910be67d5dccde92c2c6e26509376e88486396b792792eed685cc7	True	EXACT_NORMALIZED_ALLELE	PHASE1B_EXACT_NORMALIZED_ALLELE_V1	1.0.0	False	False
1517	run-phase1a-60z59-hg002-grch38-v421	event-run-phase1a-60z59-hg002-grch38-v421-record-1647	run-phase1a-ru88n-hg002-grch38-v421	event-run-phase1a-ru88n-hg002-grch38-v421-record-1648	CROSS_RUN_EQUIVALENCE_UNRESOLVED	GRCh38|chr20|10921913|A|G	GRCh38|chr20|10921912|10921913|A|G	GRCh38|chr20|10921912|10921913|A|G	variant:sha256:fe08ae138d91c2ff150fc7a897e24fcce7202f3998db10f681565c468af3bd0c	variant:sha256:fe08ae138d91c2ff150fc7a897e24fcce7202f3998db10f681565c468af3bd0c	True	EXACT_NORMALIZED_ALLELE	PHASE1B_EXACT_NORMALIZED_ALLELE_V1	1.0.0	False	False
1518	run-phase1a-60z59-hg002-grch38-v421	event-run-phase1a-60z59-hg002-grch38-v421-record-1648	run-phase1a-ru88n-hg002-grch38-v421	event-run-phase1a-ru88n-hg002-grch38-v421-record-1649	CROSS_RUN_EQUIVALENCE_UNRESOLVED	GRCh38|chr20|10922601|T|G	GRCh38|chr20|10922600|10922601|T|G	GRCh38|chr20|10922600|10922601|T|G	variant:sha256:69e484f0e21221ed7c72f087bd6dd15ee119fbef596443fe05f4d1e003b79d6a	variant:sha256:69e484f0e21221ed7c72f087bd6dd15ee119fbef596443fe05f4d1e003b79d6a	True	EXACT_NORMALIZED_ALLELE	PHASE1B_EXACT_NORMALIZED_ALLELE_V1	1.0.0	False	False
1519	run-phase1a-60z59-hg002-grch38-v421	event-run-phase1a-60z59-hg002-grch38-v421-record-1649	run-phase1a-ru88n-hg002-grch38-v421	event-run-phase1a-ru88n-hg002-grch38-v421-record-1650	CROSS_RUN_EQUIVALENCE_UNRESOLVED	GRCh38|chr20|10923051|A|C	GRCh38|chr20|10923050|10923051|A|C	GRCh38|chr20|10923050|10923051|A|C	variant:sha256:676970dfe5fffdddec9a0394b935133f214791a3942750738a898d4ee324df4c	variant:sha256:676970dfe5fffdddec9a0394b935133f214791a3942750738a898d4ee324df4c	True	EXACT_NORMALIZED_ALLELE	PHASE1B_EXACT_NORMALIZED_ALLELE_V1	1.0.0	False	False
1520	run-phase1a-60z59-hg002-grch38-v421	event-run-phase1a-60z59-hg002-grch38-v421-record-1650	run-phase1a-ru88n-hg002-grch38-v421	event-run-phase1a-ru88n-hg002-grch38-v421-record-1651	CROSS_RUN_EQUIVALENCE_UNRESOLVED	GRCh38|chr20|10923902|G|T	GRCh38|chr20|10923901|10923902|G|T	GRCh38|chr20|10923901|10923902|G|T	variant:sha256:b7f6bdc57e243bb84b4e41a59486f6e904632064f53b364019131d1cbb5f6557	variant:sha256:b7f6bdc57e243bb84b4e41a59486f6e904632064f53b364019131d1cbb5f6557	True	EXACT_NORMALIZED_ALLELE	PHASE1B_EXACT_NORMALIZED_ALLELE_V1	1.0.0	False	False
1521	run-phase1a-60z59-hg002-grch38-v421	event-run-phase1a-60z59-hg002-grch38-v421-record-1651	run-phase1a-ru88n-hg002-grch38-v421	event-run-phase1a-ru88n-hg002-grch38-v421-record-1652	CROSS_RUN_EQUIVALENCE_UNRESOLVED	GRCh38|chr20|10926005|C|T	GRCh38|chr20|10926004|10926005|C|T	GRCh38|chr20|10926004|10926005|C|T	variant:sha256:72616791ecb0ca78d11fdfc6e474dd28fc5b74ceefe6fa04c6b44e13cb84cf5a	variant:sha256:72616791ecb0ca78d11fdfc6e474dd28fc5b74ceefe6fa04c6b44e13cb84cf5a	True	EXACT_NORMALIZED_ALLELE	PHASE1B_EXACT_NORMALIZED_ALLELE_V1	1.0.0	False	False
1522	run-phase1a-60z59-hg002-grch38-v421	event-run-phase1a-60z59-hg002-grch38-v421-record-1652	run-phase1a-ru88n-hg002-grch38-v421	event-run-phase1a-ru88n-hg002-grch38-v421-record-1653	CROSS_RUN_EQUIVALENCE_UNRESOLVED	GRCh38|chr20|10926389|C|T	GRCh38|chr20|10926388|10926389|C|T	GRCh38|chr20|10926388|10926389|C|T	variant:sha256:0a7b9b77eb197ab90eafe0dd0324d2940893ae02f4ecbb82d071e3e475f14b29	variant:sha256:0a7b9b77eb197ab90eafe0dd0324d2940893ae02f4ecbb82d071e3e475f14b29	True	EXACT_NORMALIZED_ALLELE	PHASE1B_EXACT_NORMALIZED_ALLELE_V1	1.0.0	False	False
1523	run-phase1a-60z59-hg002-grch38-v421	event-run-phase1a-60z59-hg002-grch38-v421-record-1653	run-phase1a-ru88n-hg002-grch38-v421	event-run-phase1a-ru88n-hg002-grch38-v421-record-1654	CROSS_RUN_EQUIVALENCE_UNRESOLVED	GRCh38|chr20|10926768|G|C	GRCh38|chr20|10926767|10926768|G|C	GRCh38|chr20|10926767|10926768|G|C	variant:sha256:4914ca2d2fdae736dddb0dbf7d1cd3c51f17094e4f6eeed044aa077be3b8059c	variant:sha256:4914ca2d2fdae736dddb0dbf7d1cd3c51f17094e4f6eeed044aa077be3b8059c	True	EXACT_NORMALIZED_ALLELE	PHASE1B_EXACT_NORMALIZED_ALLELE_V1	1.0.0	False	False
1524	run-phase1a-60z59-hg002-grch38-v421	event-run-phase1a-60z59-hg002-grch38-v421-record-1654	run-phase1a-ru88n-hg002-grch38-v421	event-run-phase1a-ru88n-hg002-grch38-v421-record-1655	CROSS_RUN_EQUIVALENCE_UNRESOLVED	GRCh38|chr20|10926995|G|C	GRCh38|chr20|10926994|10926995|G|C	GRCh38|chr20|10926994|10926995|G|C	variant:sha256:7bbaab6f208c9b97603f15fcdef6c9a217e16cfce95d316c873d8b78efd4c3a4	variant:sha256:7bbaab6f208c9b97603f15fcdef6c9a217e16cfce95d316c873d8b78efd4c3a4	True	EXACT_NORMALIZED_ALLELE	PHASE1B_EXACT_NORMALIZED_ALLELE_V1	1.0.0	False	False
1525	run-phase1a-60z59-hg002-grch38-v421	event-run-phase1a-60z59-hg002-grch38-v421-record-1656	run-phase1a-ru88n-hg002-grch38-v421	event-run-phase1a-ru88n-hg002-grch38-v421-record-1656	CROSS_RUN_EQUIVALENCE_UNRESOLVED	GRCh38|chr20|10927055|G|A	GRCh38|chr20|10927054|10927055|G|A	GRCh38|chr20|10927054|10927055|G|A	variant:sha256:125fde5409a4b2aebd7af85dd105a1710edab59f37f2cb2f6dc1f7d893bc74c7	variant:sha256:125fde5409a4b2aebd7af85dd105a1710edab59f37f2cb2f6dc1f7d893bc74c7	True	EXACT_NORMALIZED_ALLELE	PHASE1B_EXACT_NORMALIZED_ALLELE_V1	1.0.0	False	False
1526	run-phase1a-60z59-hg002-grch38-v421	event-run-phase1a-60z59-hg002-grch38-v421-record-1657	run-phase1a-ru88n-hg002-grch38-v421	event-run-phase1a-ru88n-hg002-grch38-v421-record-1657	CROSS_RUN_EQUIVALENCE_UNRESOLVED	GRCh38|chr20|10928394|T|C	GRCh38|chr20|10928393|10928394|T|C	GRCh38|chr20|10928393|10928394|T|C	variant:sha256:a627ac89a4a77f8ca7f84642a5dedc170b73d17048b6b20b521004527f7012c9	variant:sha256:a627ac89a4a77f8ca7f84642a5dedc170b73d17048b6b20b521004527f7012c9	True	EXACT_NORMALIZED_ALLELE	PHASE1B_EXACT_NORMALIZED_ALLELE_V1	1.0.0	False	False
1527	run-phase1a-60z59-hg002-grch38-v421	event-run-phase1a-60z59-hg002-grch38-v421-record-1658	run-phase1a-ru88n-hg002-grch38-v421	event-run-phase1a-ru88n-hg002-grch38-v421-record-1658	CROSS_RUN_EQUIVALENCE_UNRESOLVED	GRCh38|chr20|10929704|C|T	GRCh38|chr20|10929703|10929704|C|T	GRCh38|chr20|10929703|10929704|C|T	variant:sha256:f70928503e65675a1abec03013e5b185355cefbffe6c7f6dc898570ad90b9554	variant:sha256:f70928503e65675a1abec03013e5b185355cefbffe6c7f6dc898570ad90b9554	True	EXACT_NORMALIZED_ALLELE	PHASE1B_EXACT_NORMALIZED_ALLELE_V1	1.0.0	False	False
1528	run-phase1a-60z59-hg002-grch38-v421	event-run-phase1a-60z59-hg002-grch38-v421-record-1659	run-phase1a-ru88n-hg002-grch38-v421	event-run-phase1a-ru88n-hg002-grch38-v421-record-1659	CROSS_RUN_EQUIVALENCE_UNRESOLVED	GRCh38|chr20|10930845|CA|C	GRCh38|chr20|10930844|10930846|CA|C	GRCh38|chr20|10930844|10930846|CA|C	variant:sha256:56f43198c8a3eaa413af03730e82192775a528dbd4d031a969dd5208e217949a	variant:sha256:56f43198c8a3eaa413af03730e82192775a528dbd4d031a969dd5208e217949a	True	EXACT_NORMALIZED_ALLELE	PHASE1B_EXACT_NORMALIZED_ALLELE_V1	1.0.0	False	False
1529	run-phase1a-60z59-hg002-grch38-v421	event-run-phase1a-60z59-hg002-grch38-v421-record-1660	run-phase1a-ru88n-hg002-grch38-v421	event-run-phase1a-ru88n-hg002-grch38-v421-record-1660	CROSS_RUN_EQUIVALENCE_UNRESOLVED	GRCh38|chr20|10932646|C|T	GRCh38|chr20|10932645|10932646|C|T	GRCh38|chr20|10932645|10932646|C|T	variant:sha256:804091ca27c2c540148d4a560ccceea022538a09bd0b8a3d081492f0accc11af	variant:sha256:804091ca27c2c540148d4a560ccceea022538a09bd0b8a3d081492f0accc11af	True	EXACT_NORMALIZED_ALLELE	PHASE1B_EXACT_NORMALIZED_ALLELE_V1	1.0.0	False	False
1530	run-phase1a-60z59-hg002-grch38-v421	event-run-phase1a-60z59-hg002-grch38-v421-record-1661	run-phase1a-ru88n-hg002-grch38-v421	event-run-phase1a-ru88n-hg002-grch38-v421-record-1661	CROSS_RUN_EQUIVALENCE_UNRESOLVED	GRCh38|chr20|10932788|A|T	GRCh38|chr20|10932787|10932788|A|T	GRCh38|chr20|10932787|10932788|A|T	variant:sha256:afe886b4dd9924ac5e994b5d16bfceb3fb27617aaaf2b508110be0a0fed2972f	variant:sha256:afe886b4dd9924ac5e994b5d16bfceb3fb27617aaaf2b508110be0a0fed2972f	True	EXACT_NORMALIZED_ALLELE	PHASE1B_EXACT_NORMALIZED_ALLELE_V1	1.0.0	False	False
1531	run-phase1a-60z59-hg002-grch38-v421	event-run-phase1a-60z59-hg002-grch38-v421-record-1662	run-phase1a-ru88n-hg002-grch38-v421	event-run-phase1a-ru88n-hg002-grch38-v421-record-1662	CROSS_RUN_EQUIVALENCE_UNRESOLVED	GRCh38|chr20|10932868|G|T	GRCh38|chr20|10932867|10932868|G|T	GRCh38|chr20|10932867|10932868|G|T	variant:sha256:d3d4d948f80cce48f16652b69bd58dfe0309591b223988080d3d934dd3079828	variant:sha256:d3d4d948f80cce48f16652b69bd58dfe0309591b223988080d3d934dd3079828	True	EXACT_NORMALIZED_ALLELE	PHASE1B_EXACT_NORMALIZED_ALLELE_V1	1.0.0	False	False
1532	run-phase1a-60z59-hg002-grch38-v421	event-run-phase1a-60z59-hg002-grch38-v421-record-1663	run-phase1a-ru88n-hg002-grch38-v421	event-run-phase1a-ru88n-hg002-grch38-v421-record-1663	CROSS_RUN_EQUIVALENCE_UNRESOLVED	GRCh38|chr20|10934355|A|T	GRCh38|chr20|10934354|10934355|A|T	GRCh38|chr20|10934354|10934355|A|T	variant:sha256:10b2b4bd4bdf34588c3152183b4c670a4e8677323b80410e070cfe2ace93fd8d	variant:sha256:10b2b4bd4bdf34588c3152183b4c670a4e8677323b80410e070cfe2ace93fd8d	True	EXACT_NORMALIZED_ALLELE	PHASE1B_EXACT_NORMALIZED_ALLELE_V1	1.0.0	False	False
1533	run-phase1a-60z59-hg002-grch38-v421	event-run-phase1a-60z59-hg002-grch38-v421-record-1664	run-phase1a-ru88n-hg002-grch38-v421	event-run-phase1a-ru88n-hg002-grch38-v421-record-1664	CROSS_RUN_EQUIVALENCE_UNRESOLVED	GRCh38|chr20|10935394|TC|T	GRCh38|chr20|10935393|10935395|TC|T	GRCh38|chr20|10935393|10935395|TC|T	variant:sha256:6fad48924d998fbe89ea2c058f20072bf9c26fe5f42d643099e435aa4079a00f	variant:sha256:6fad48924d998fbe89ea2c058f20072bf9c26fe5f42d643099e435aa4079a00f	True	EXACT_NORMALIZED_ALLELE	PHASE1B_EXACT_NORMALIZED_ALLELE_V1	1.0.0	False	False
1534	run-phase1a-60z59-hg002-grch38-v421	event-run-phase1a-60z59-hg002-grch38-v421-record-1665	run-phase1a-ru88n-hg002-grch38-v421	event-run-phase1a-ru88n-hg002-grch38-v421-record-1665	CROSS_RUN_EQUIVALENCE_UNRESOLVED	GRCh38|chr20|10936669|C|T	GRCh38|chr20|10936668|10936669|C|T	GRCh38|chr20|10936668|10936669|C|T	variant:sha256:e27738050b6536c3a902ec74ded7e1e032860b815af38a9c84ed04069a1a55c7	variant:sha256:e27738050b6536c3a902ec74ded7e1e032860b815af38a9c84ed04069a1a55c7	True	EXACT_NORMALIZED_ALLELE	PHASE1B_EXACT_NORMALIZED_ALLELE_V1	1.0.0	False	False
1535	run-phase1a-60z59-hg002-grch38-v421	event-run-phase1a-60z59-hg002-grch38-v421-record-1666	run-phase1a-ru88n-hg002-grch38-v421	event-run-phase1a-ru88n-hg002-grch38-v421-record-1666	CROSS_RUN_EQUIVALENCE_UNRESOLVED	GRCh38|chr20|10936859|T|A	GRCh38|chr20|10936858|10936859|T|A	GRCh38|chr20|10936858|10936859|T|A	variant:sha256:c799058939d28b0b692f88802fc2ebe5fa10a86368560c621741f1bd12c33629	variant:sha256:c799058939d28b0b692f88802fc2ebe5fa10a86368560c621741f1bd12c33629	True	EXACT_NORMALIZED_ALLELE	PHASE1B_EXACT_NORMALIZED_ALLELE_V1	1.0.0	False	False
1536	run-phase1a-60z59-hg002-grch38-v421	event-run-phase1a-60z59-hg002-grch38-v421-record-1667	run-phase1a-ru88n-hg002-grch38-v421	event-run-phase1a-ru88n-hg002-grch38-v421-record-1667	CROSS_RUN_EQUIVALENCE_UNRESOLVED	GRCh38|chr20|10937400|C|T	GRCh38|chr20|10937399|10937400|C|T	GRCh38|chr20|10937399|10937400|C|T	variant:sha256:2794a733022d398163af38d1b50f256c5fcc41b30142fe9b4dc93e32c55935a0	variant:sha256:2794a733022d398163af38d1b50f256c5fcc41b30142fe9b4dc93e32c55935a0	True	EXACT_NORMALIZED_ALLELE	PHASE1B_EXACT_NORMALIZED_ALLELE_V1	1.0.0	False	False
1537	run-phase1a-60z59-hg002-grch38-v421	event-run-phase1a-60z59-hg002-grch38-v421-record-1668	run-phase1a-ru88n-hg002-grch38-v421	event-run-phase1a-ru88n-hg002-grch38-v421-record-1668	CROSS_RUN_EQUIVALENCE_UNRESOLVED	GRCh38|chr20|10938558|C|T	GRCh38|chr20|10938557|10938558|C|T	GRCh38|chr20|10938557|10938558|C|T	variant:sha256:e9880eae39066fb9995b7b99551f7f4176007a88da19d4bc66e9f5a5712e71ce	variant:sha256:e9880eae39066fb9995b7b99551f7f4176007a88da19d4bc66e9f5a5712e71ce	True	EXACT_NORMALIZED_ALLELE	PHASE1B_EXACT_NORMALIZED_ALLELE_V1	1.0.0	False	False
1538	run-phase1a-60z59-hg002-grch38-v421	event-run-phase1a-60z59-hg002-grch38-v421-record-1669	run-phase1a-ru88n-hg002-grch38-v421	event-run-phase1a-ru88n-hg002-grch38-v421-record-1669	CROSS_RUN_EQUIVALENCE_UNRESOLVED	GRCh38|chr20|10938875|C|T	GRCh38|chr20|10938874|10938875|C|T	GRCh38|chr20|10938874|10938875|C|T	variant:sha256:6e5e704c1b0889740574313f8dc434b76cf5cec7b66e94d1930da6770110facc	variant:sha256:6e5e704c1b0889740574313f8dc434b76cf5cec7b66e94d1930da6770110facc	True	EXACT_NORMALIZED_ALLELE	PHASE1B_EXACT_NORMALIZED_ALLELE_V1	1.0.0	False	False
1539	run-phase1a-60z59-hg002-grch38-v421	event-run-phase1a-60z59-hg002-grch38-v421-record-1670	run-phase1a-ru88n-hg002-grch38-v421	event-run-phase1a-ru88n-hg002-grch38-v421-record-1670	CROSS_RUN_EQUIVALENCE_UNRESOLVED	GRCh38|chr20|10939065|G|T	GRCh38|chr20|10939064|10939065|G|T	GRCh38|chr20|10939064|10939065|G|T	variant:sha256:f912155473a446d1696e96473f2399ad062a0c5e350359a3ce440fc1c93955a2	variant:sha256:f912155473a446d1696e96473f2399ad062a0c5e350359a3ce440fc1c93955a2	True	EXACT_NORMALIZED_ALLELE	PHASE1B_EXACT_NORMALIZED_ALLELE_V1	1.0.0	False	False
1540	run-phase1a-60z59-hg002-grch38-v421	event-run-phase1a-60z59-hg002-grch38-v421-record-1671	run-phase1a-ru88n-hg002-grch38-v421	event-run-phase1a-ru88n-hg002-grch38-v421-record-1671	CROSS_RUN_EQUIVALENCE_UNRESOLVED	GRCh38|chr20|10940224|C|T	GRCh38|chr20|10940223|10940224|C|T	GRCh38|chr20|10940223|10940224|C|T	variant:sha256:91ab2835627547dd92f98fcb9388be37ce1fdb1f306f0298fcbb60b012214884	variant:sha256:91ab2835627547dd92f98fcb9388be37ce1fdb1f306f0298fcbb60b012214884	True	EXACT_NORMALIZED_ALLELE	PHASE1B_EXACT_NORMALIZED_ALLELE_V1	1.0.0	False	False
1541	run-phase1a-60z59-hg002-grch38-v421	event-run-phase1a-60z59-hg002-grch38-v421-record-1672	run-phase1a-ru88n-hg002-grch38-v421	event-run-phase1a-ru88n-hg002-grch38-v421-record-1672	CROSS_RUN_EQUIVALENCE_UNRESOLVED	GRCh38|chr20|10941498|C|T	GRCh38|chr20|10941497|10941498|C|T	GRCh38|chr20|10941497|10941498|C|T	variant:sha256:3d70f1343763292373428420dbdef3aa277a6e5d6eea677200578b3ef7affff8	variant:sha256:3d70f1343763292373428420dbdef3aa277a6e5d6eea677200578b3ef7affff8	True	EXACT_NORMALIZED_ALLELE	PHASE1B_EXACT_NORMALIZED_ALLELE_V1	1.0.0	False	False
1542	run-phase1a-60z59-hg002-grch38-v421	event-run-phase1a-60z59-hg002-grch38-v421-record-1673	run-phase1a-ru88n-hg002-grch38-v421	event-run-phase1a-ru88n-hg002-grch38-v421-record-1673	CROSS_RUN_EQUIVALENCE_UNRESOLVED	GRCh38|chr20|10943155|G|A	GRCh38|chr20|10943154|10943155|G|A	GRCh38|chr20|10943154|10943155|G|A	variant:sha256:26ca9aa58e9dc93c2a603b37cd093eb346b5cefa992906e2640558b8c0d92c77	variant:sha256:26ca9aa58e9dc93c2a603b37cd093eb346b5cefa992906e2640558b8c0d92c77	True	EXACT_NORMALIZED_ALLELE	PHASE1B_EXACT_NORMALIZED_ALLELE_V1	1.0.0	False	False
1543	run-phase1a-60z59-hg002-grch38-v421	event-run-phase1a-60z59-hg002-grch38-v421-record-1674	run-phase1a-ru88n-hg002-grch38-v421	event-run-phase1a-ru88n-hg002-grch38-v421-record-1674	CROSS_RUN_EQUIVALENCE_UNRESOLVED	GRCh38|chr20|10943176|C|T	GRCh38|chr20|10943175|10943176|C|T	GRCh38|chr20|10943175|10943176|C|T	variant:sha256:b246b4b38268f8505a2756ae42d48162515827908897ef4217dffc3ac25501c1	variant:sha256:b246b4b38268f8505a2756ae42d48162515827908897ef4217dffc3ac25501c1	True	EXACT_NORMALIZED_ALLELE	PHASE1B_EXACT_NORMALIZED_ALLELE_V1	1.0.0	False	False
1544	run-phase1a-60z59-hg002-grch38-v421	event-run-phase1a-60z59-hg002-grch38-v421-record-1675	run-phase1a-ru88n-hg002-grch38-v421	event-run-phase1a-ru88n-hg002-grch38-v421-record-1675	CROSS_RUN_EQUIVALENCE_UNRESOLVED	GRCh38|chr20|10943185|C|A	GRCh38|chr20|10943184|10943185|C|A	GRCh38|chr20|10943184|10943185|C|A	variant:sha256:e3af715654a7d053fe4f3e3293aac47427df747213ad1af824ddf74278385b08	variant:sha256:e3af715654a7d053fe4f3e3293aac47427df747213ad1af824ddf74278385b08	True	EXACT_NORMALIZED_ALLELE	PHASE1B_EXACT_NORMALIZED_ALLELE_V1	1.0.0	False	False
1545	run-phase1a-60z59-hg002-grch38-v421	event-run-phase1a-60z59-hg002-grch38-v421-record-1676	run-phase1a-ru88n-hg002-grch38-v421	event-run-phase1a-ru88n-hg002-grch38-v421-record-1676	CROSS_RUN_EQUIVALENCE_UNRESOLVED	GRCh38|chr20|10943199|C|T	GRCh38|chr20|10943198|10943199|C|T	GRCh38|chr20|10943198|10943199|C|T	variant:sha256:0b3dc78106af6b056318ed8ae4e67e39a949701e099288ef6f2b1f40aaca1df3	variant:sha256:0b3dc78106af6b056318ed8ae4e67e39a949701e099288ef6f2b1f40aaca1df3	True	EXACT_NORMALIZED_ALLELE	PHASE1B_EXACT_NORMALIZED_ALLELE_V1	1.0.0	False	False
1546	run-phase1a-60z59-hg002-grch38-v421	event-run-phase1a-60z59-hg002-grch38-v421-record-1677	run-phase1a-ru88n-hg002-grch38-v421	event-run-phase1a-ru88n-hg002-grch38-v421-record-1677	CROSS_RUN_EQUIVALENCE_UNRESOLVED	GRCh38|chr20|10943292|G|A	GRCh38|chr20|10943291|10943292|G|A	GRCh38|chr20|10943291|10943292|G|A	variant:sha256:5ff4599607b2591bfa89a6523b84cd4411c848f315fb47a3bea935cb679a007d	variant:sha256:5ff4599607b2591bfa89a6523b84cd4411c848f315fb47a3bea935cb679a007d	True	EXACT_NORMALIZED_ALLELE	PHASE1B_EXACT_NORMALIZED_ALLELE_V1	1.0.0	False	False
1547	run-phase1a-60z59-hg002-grch38-v421	event-run-phase1a-60z59-hg002-grch38-v421-record-1678	run-phase1a-ru88n-hg002-grch38-v421	event-run-phase1a-ru88n-hg002-grch38-v421-record-1678	CROSS_RUN_EQUIVALENCE_UNRESOLVED	GRCh38|chr20|10943348|G|C	GRCh38|chr20|10943347|10943348|G|C	GRCh38|chr20|10943347|10943348|G|C	variant:sha256:942b98f37ca5c39a5de566d8c406dc99305ce9e725382b56d6d29e0bae827e37	variant:sha256:942b98f37ca5c39a5de566d8c406dc99305ce9e725382b56d6d29e0bae827e37	True	EXACT_NORMALIZED_ALLELE	PHASE1B_EXACT_NORMALIZED_ALLELE_V1	1.0.0	False	False
1548	run-phase1a-60z59-hg002-grch38-v421	event-run-phase1a-60z59-hg002-grch38-v421-record-1679	run-phase1a-ru88n-hg002-grch38-v421	event-run-phase1a-ru88n-hg002-grch38-v421-record-1679	CROSS_RUN_EQUIVALENCE_UNRESOLVED	GRCh38|chr20|10946153|G|A	GRCh38|chr20|10946152|10946153|G|A	GRCh38|chr20|10946152|10946153|G|A	variant:sha256:67b37013083a938492df964f5ea698095b641533eb7c34222885a8fe0d705e75	variant:sha256:67b37013083a938492df964f5ea698095b641533eb7c34222885a8fe0d705e75	True	EXACT_NORMALIZED_ALLELE	PHASE1B_EXACT_NORMALIZED_ALLELE_V1	1.0.0	False	False
1549	run-phase1a-60z59-hg002-grch38-v421	event-run-phase1a-60z59-hg002-grch38-v421-record-1680	run-phase1a-ru88n-hg002-grch38-v421	event-run-phase1a-ru88n-hg002-grch38-v421-record-1680	CROSS_RUN_EQUIVALENCE_UNRESOLVED	GRCh38|chr20|10946312|G|A	GRCh38|chr20|10946311|10946312|G|A	GRCh38|chr20|10946311|10946312|G|A	variant:sha256:9d3af6497ea6401fcc4108780349f62ebc4e5851fac2a4945568dd880ceb4524	variant:sha256:9d3af6497ea6401fcc4108780349f62ebc4e5851fac2a4945568dd880ceb4524	True	EXACT_NORMALIZED_ALLELE	PHASE1B_EXACT_NORMALIZED_ALLELE_V1	1.0.0	False	False
1550	run-phase1a-60z59-hg002-grch38-v421	event-run-phase1a-60z59-hg002-grch38-v421-record-1681	run-phase1a-ru88n-hg002-grch38-v421	event-run-phase1a-ru88n-hg002-grch38-v421-record-1681	CROSS_RUN_EQUIVALENCE_UNRESOLVED	GRCh38|chr20|10946339|T|C	GRCh38|chr20|10946338|10946339|T|C	GRCh38|chr20|10946338|10946339|T|C	variant:sha256:63687f2af8c1744221c1ebe85cf0c31797c4a29a01ab3d7bb9986a43413680bc	variant:sha256:63687f2af8c1744221c1ebe85cf0c31797c4a29a01ab3d7bb9986a43413680bc	True	EXACT_NORMALIZED_ALLELE	PHASE1B_EXACT_NORMALIZED_ALLELE_V1	1.0.0	False	False
1551	run-phase1a-60z59-hg002-grch38-v421	event-run-phase1a-60z59-hg002-grch38-v421-record-1687	run-phase1a-ru88n-hg002-grch38-v421	event-run-phase1a-ru88n-hg002-grch38-v421-record-1683	CROSS_RUN_EQUIVALENCE_UNRESOLVED	GRCh38|chr20|10947667|T|C	GRCh38|chr20|10947666|10947667|T|C	GRCh38|chr20|10947666|10947667|T|C	variant:sha256:ddaecca9d6528300cffa80074bbd1dab3dedefa0c0debd75adb2475aa16c56ab	variant:sha256:ddaecca9d6528300cffa80074bbd1dab3dedefa0c0debd75adb2475aa16c56ab	True	EXACT_NORMALIZED_ALLELE	PHASE1B_EXACT_NORMALIZED_ALLELE_V1	1.0.0	False	False
1552	run-phase1a-60z59-hg002-grch38-v421	event-run-phase1a-60z59-hg002-grch38-v421-record-1688	run-phase1a-ru88n-hg002-grch38-v421	event-run-phase1a-ru88n-hg002-grch38-v421-record-1684	CROSS_RUN_EQUIVALENCE_UNRESOLVED	GRCh38|chr20|10948413|C|T	GRCh38|chr20|10948412|10948413|C|T	GRCh38|chr20|10948412|10948413|C|T	variant:sha256:edfbf6f9fd9c19c5f8f012e88e7a0513a93c96268abf5a081fef201a4977baaa	variant:sha256:edfbf6f9fd9c19c5f8f012e88e7a0513a93c96268abf5a081fef201a4977baaa	True	EXACT_NORMALIZED_ALLELE	PHASE1B_EXACT_NORMALIZED_ALLELE_V1	1.0.0	False	False
1553	run-phase1a-60z59-hg002-grch38-v421	event-run-phase1a-60z59-hg002-grch38-v421-record-1689	run-phase1a-ru88n-hg002-grch38-v421	event-run-phase1a-ru88n-hg002-grch38-v421-record-1685	CROSS_RUN_EQUIVALENCE_UNRESOLVED	GRCh38|chr20|10948469|G|A	GRCh38|chr20|10948468|10948469|G|A	GRCh38|chr20|10948468|10948469|G|A	variant:sha256:9477d3a8cbec0910b5eed2192888931706b113ffa449b77ae13c82c95e4c3e54	variant:sha256:9477d3a8cbec0910b5eed2192888931706b113ffa449b77ae13c82c95e4c3e54	True	EXACT_NORMALIZED_ALLELE	PHASE1B_EXACT_NORMALIZED_ALLELE_V1	1.0.0	False	False
1554	run-phase1a-60z59-hg002-grch38-v421	event-run-phase1a-60z59-hg002-grch38-v421-record-1690	run-phase1a-ru88n-hg002-grch38-v421	event-run-phase1a-ru88n-hg002-grch38-v421-record-1686	CROSS_RUN_EQUIVALENCE_UNRESOLVED	GRCh38|chr20|10948906|T|C	GRCh38|chr20|10948905|10948906|T|C	GRCh38|chr20|10948905|10948906|T|C	variant:sha256:9f69625cd6533bb575c4160560a187dbad1afee3df46496d8c9c383463ff8328	variant:sha256:9f69625cd6533bb575c4160560a187dbad1afee3df46496d8c9c383463ff8328	True	EXACT_NORMALIZED_ALLELE	PHASE1B_EXACT_NORMALIZED_ALLELE_V1	1.0.0	False	False
1555	run-phase1a-60z59-hg002-grch38-v421	event-run-phase1a-60z59-hg002-grch38-v421-record-1691	run-phase1a-ru88n-hg002-grch38-v421	event-run-phase1a-ru88n-hg002-grch38-v421-record-1687	CROSS_RUN_EQUIVALENCE_UNRESOLVED	GRCh38|chr20|10949404|G|GTC	GRCh38|chr20|10949403|10949404|G|GTC	GRCh38|chr20|10949403|10949404|G|GTC	variant:sha256:2bd33b09caefdc42d471238db92c978b8615e107ace5690f30548aac3bafe457	variant:sha256:2bd33b09caefdc42d471238db92c978b8615e107ace5690f30548aac3bafe457	True	EXACT_NORMALIZED_ALLELE	PHASE1B_EXACT_NORMALIZED_ALLELE_V1	1.0.0	False	False
1556	run-phase1a-60z59-hg002-grch38-v421	event-run-phase1a-60z59-hg002-grch38-v421-record-1692	run-phase1a-ru88n-hg002-grch38-v421	event-run-phase1a-ru88n-hg002-grch38-v421-record-1688	CROSS_RUN_EQUIVALENCE_UNRESOLVED	GRCh38|chr20|10950060|A|G	GRCh38|chr20|10950059|10950060|A|G	GRCh38|chr20|10950059|10950060|A|G	variant:sha256:8ce2b82484f7e4815f0c070e2b6443d38d5311847220eab7184426a0dceda98c	variant:sha256:8ce2b82484f7e4815f0c070e2b6443d38d5311847220eab7184426a0dceda98c	True	EXACT_NORMALIZED_ALLELE	PHASE1B_EXACT_NORMALIZED_ALLELE_V1	1.0.0	False	False
1557	run-phase1a-60z59-hg002-grch38-v421	event-run-phase1a-60z59-hg002-grch38-v421-record-1693	run-phase1a-ru88n-hg002-grch38-v421	event-run-phase1a-ru88n-hg002-grch38-v421-record-1689	CROSS_RUN_EQUIVALENCE_UNRESOLVED	GRCh38|chr20|10950424|T|C	GRCh38|chr20|10950423|10950424|T|C	GRCh38|chr20|10950423|10950424|T|C	variant:sha256:88a9f584c6c98bf5e7c1ea67c36cb634cc1263c081800b9f5ef459fb62ded361	variant:sha256:88a9f584c6c98bf5e7c1ea67c36cb634cc1263c081800b9f5ef459fb62ded361	True	EXACT_NORMALIZED_ALLELE	PHASE1B_EXACT_NORMALIZED_ALLELE_V1	1.0.0	False	False
1558	run-phase1a-60z59-hg002-grch38-v421	event-run-phase1a-60z59-hg002-grch38-v421-record-1694	run-phase1a-ru88n-hg002-grch38-v421	event-run-phase1a-ru88n-hg002-grch38-v421-record-1690	CROSS_RUN_EQUIVALENCE_UNRESOLVED	GRCh38|chr20|10951022|C|T	GRCh38|chr20|10951021|10951022|C|T	GRCh38|chr20|10951021|10951022|C|T	variant:sha256:2297dfe4b5513b1970110edbb28f4d01d455b3fedbcb4b92031fce2bdf69203c	variant:sha256:2297dfe4b5513b1970110edbb28f4d01d455b3fedbcb4b92031fce2bdf69203c	True	EXACT_NORMALIZED_ALLELE	PHASE1B_EXACT_NORMALIZED_ALLELE_V1	1.0.0	False	False
1559	run-phase1a-60z59-hg002-grch38-v421	event-run-phase1a-60z59-hg002-grch38-v421-record-1695	run-phase1a-ru88n-hg002-grch38-v421	event-run-phase1a-ru88n-hg002-grch38-v421-record-1691	CROSS_RUN_EQUIVALENCE_UNRESOLVED	GRCh38|chr20|10951053|T|C	GRCh38|chr20|10951052|10951053|T|C	GRCh38|chr20|10951052|10951053|T|C	variant:sha256:be0511314568ab8f8eba60ed79711daa1916cb0150f431aa3a5f37965044bf34	variant:sha256:be0511314568ab8f8eba60ed79711daa1916cb0150f431aa3a5f37965044bf34	True	EXACT_NORMALIZED_ALLELE	PHASE1B_EXACT_NORMALIZED_ALLELE_V1	1.0.0	False	False
1560	run-phase1a-60z59-hg002-grch38-v421	event-run-phase1a-60z59-hg002-grch38-v421-record-1696	run-phase1a-ru88n-hg002-grch38-v421	event-run-phase1a-ru88n-hg002-grch38-v421-record-1692	CROSS_RUN_EQUIVALENCE_UNRESOLVED	GRCh38|chr20|10951370|G|A	GRCh38|chr20|10951369|10951370|G|A	GRCh38|chr20|10951369|10951370|G|A	variant:sha256:8d0d0fc7c44b476926ccc10b86c76c7c62de3b9fc1ab47cbe11c6ce42ae103ff	variant:sha256:8d0d0fc7c44b476926ccc10b86c76c7c62de3b9fc1ab47cbe11c6ce42ae103ff	True	EXACT_NORMALIZED_ALLELE	PHASE1B_EXACT_NORMALIZED_ALLELE_V1	1.0.0	False	False
1561	run-phase1a-60z59-hg002-grch38-v421	event-run-phase1a-60z59-hg002-grch38-v421-record-1697	run-phase1a-ru88n-hg002-grch38-v421	event-run-phase1a-ru88n-hg002-grch38-v421-record-1693	CROSS_RUN_EQUIVALENCE_UNRESOLVED	GRCh38|chr20|10951591|C|A	GRCh38|chr20|10951590|10951591|C|A	GRCh38|chr20|10951590|10951591|C|A	variant:sha256:0b9229cd4e42d96dc99c13f3678a67729b5e79cec0514f90b0b5abcba7393ccc	variant:sha256:0b9229cd4e42d96dc99c13f3678a67729b5e79cec0514f90b0b5abcba7393ccc	True	EXACT_NORMALIZED_ALLELE	PHASE1B_EXACT_NORMALIZED_ALLELE_V1	1.0.0	False	False
1562	run-phase1a-60z59-hg002-grch38-v421	event-run-phase1a-60z59-hg002-grch38-v421-record-1698	run-phase1a-ru88n-hg002-grch38-v421	event-run-phase1a-ru88n-hg002-grch38-v421-record-1694	CROSS_RUN_EQUIVALENCE_UNRESOLVED	GRCh38|chr20|10951771|T|C	GRCh38|chr20|10951770|10951771|T|C	GRCh38|chr20|10951770|10951771|T|C	variant:sha256:7b6fd908f749e9772be9d31490489a41c1bb43fb6e590cc261eb89c36b745f7c	variant:sha256:7b6fd908f749e9772be9d31490489a41c1bb43fb6e590cc261eb89c36b745f7c	True	EXACT_NORMALIZED_ALLELE	PHASE1B_EXACT_NORMALIZED_ALLELE_V1	1.0.0	False	False
1563	run-phase1a-60z59-hg002-grch38-v421	event-run-phase1a-60z59-hg002-grch38-v421-record-1699	run-phase1a-ru88n-hg002-grch38-v421	event-run-phase1a-ru88n-hg002-grch38-v421-record-1695	CROSS_RUN_EQUIVALENCE_UNRESOLVED	GRCh38|chr20|10951912|T|A	GRCh38|chr20|10951911|10951912|T|A	GRCh38|chr20|10951911|10951912|T|A	variant:sha256:6c9bff324db6565ab0b721e22c80eb2267b6bb7a422f702b57f5244a6853dfd1	variant:sha256:6c9bff324db6565ab0b721e22c80eb2267b6bb7a422f702b57f5244a6853dfd1	True	EXACT_NORMALIZED_ALLELE	PHASE1B_EXACT_NORMALIZED_ALLELE_V1	1.0.0	False	False
1564	run-phase1a-60z59-hg002-grch38-v421	event-run-phase1a-60z59-hg002-grch38-v421-record-1700	run-phase1a-ru88n-hg002-grch38-v421	event-run-phase1a-ru88n-hg002-grch38-v421-record-1696	CROSS_RUN_EQUIVALENCE_UNRESOLVED	GRCh38|chr20|10953125|G|A	GRCh38|chr20|10953124|10953125|G|A	GRCh38|chr20|10953124|10953125|G|A	variant:sha256:2edcdb4bd74aaebed1e97e487830558e05ed4d687db75adfc5761ab3a5b3314e	variant:sha256:2edcdb4bd74aaebed1e97e487830558e05ed4d687db75adfc5761ab3a5b3314e	True	EXACT_NORMALIZED_ALLELE	PHASE1B_EXACT_NORMALIZED_ALLELE_V1	1.0.0	False	False
1565	run-phase1a-60z59-hg002-grch38-v421	event-run-phase1a-60z59-hg002-grch38-v421-record-1701	run-phase1a-ru88n-hg002-grch38-v421	event-run-phase1a-ru88n-hg002-grch38-v421-record-1697	CROSS_RUN_EQUIVALENCE_UNRESOLVED	GRCh38|chr20|10953559|C|T	GRCh38|chr20|10953558|10953559|C|T	GRCh38|chr20|10953558|10953559|C|T	variant:sha256:95899305ecf5d9a72b9cd8c555edc25cb16d6265ffc52be7db7ded01a925e66e	variant:sha256:95899305ecf5d9a72b9cd8c555edc25cb16d6265ffc52be7db7ded01a925e66e	True	EXACT_NORMALIZED_ALLELE	PHASE1B_EXACT_NORMALIZED_ALLELE_V1	1.0.0	False	False
1566	run-phase1a-60z59-hg002-grch38-v421	event-run-phase1a-60z59-hg002-grch38-v421-record-1702	run-phase1a-ru88n-hg002-grch38-v421	event-run-phase1a-ru88n-hg002-grch38-v421-record-1698	CROSS_RUN_EQUIVALENCE_UNRESOLVED	GRCh38|chr20|10953867|C|T	GRCh38|chr20|10953866|10953867|C|T	GRCh38|chr20|10953866|10953867|C|T	variant:sha256:b00703bda26da5a2ad92d52ff7e60bd6c0450c0b63f2d388b1e5d6cf5eeabab1	variant:sha256:b00703bda26da5a2ad92d52ff7e60bd6c0450c0b63f2d388b1e5d6cf5eeabab1	True	EXACT_NORMALIZED_ALLELE	PHASE1B_EXACT_NORMALIZED_ALLELE_V1	1.0.0	False	False
1567	run-phase1a-60z59-hg002-grch38-v421	event-run-phase1a-60z59-hg002-grch38-v421-record-1703	run-phase1a-ru88n-hg002-grch38-v421	event-run-phase1a-ru88n-hg002-grch38-v421-record-1699	CROSS_RUN_EQUIVALENCE_UNRESOLVED	GRCh38|chr20|10953935|A|C	GRCh38|chr20|10953934|10953935|A|C	GRCh38|chr20|10953934|10953935|A|C	variant:sha256:761b9b105d44a1e7aa68fd2ab63f3b4193df1de5c87808efcf4d58730b2310d4	variant:sha256:761b9b105d44a1e7aa68fd2ab63f3b4193df1de5c87808efcf4d58730b2310d4	True	EXACT_NORMALIZED_ALLELE	PHASE1B_EXACT_NORMALIZED_ALLELE_V1	1.0.0	False	False
1568	run-phase1a-60z59-hg002-grch38-v421	event-run-phase1a-60z59-hg002-grch38-v421-record-1704	run-phase1a-ru88n-hg002-grch38-v421	event-run-phase1a-ru88n-hg002-grch38-v421-record-1700	CROSS_RUN_EQUIVALENCE_UNRESOLVED	GRCh38|chr20|10954454|C|T	GRCh38|chr20|10954453|10954454|C|T	GRCh38|chr20|10954453|10954454|C|T	variant:sha256:acadc84909857a412e41bfa1c2b60e3719121a7a3b1ed364235a4590eb0ae23e	variant:sha256:acadc84909857a412e41bfa1c2b60e3719121a7a3b1ed364235a4590eb0ae23e	True	EXACT_NORMALIZED_ALLELE	PHASE1B_EXACT_NORMALIZED_ALLELE_V1	1.0.0	False	False
1569	run-phase1a-60z59-hg002-grch38-v421	event-run-phase1a-60z59-hg002-grch38-v421-record-1705	run-phase1a-ru88n-hg002-grch38-v421	event-run-phase1a-ru88n-hg002-grch38-v421-record-1701	CROSS_RUN_EQUIVALENCE_UNRESOLVED	GRCh38|chr20|10954766|G|A	GRCh38|chr20|10954765|10954766|G|A	GRCh38|chr20|10954765|10954766|G|A	variant:sha256:00d8efbb5c75560fc85319f86f6a84d0ed7c41f7f643ecf033f3880d2731604c	variant:sha256:00d8efbb5c75560fc85319f86f6a84d0ed7c41f7f643ecf033f3880d2731604c	True	EXACT_NORMALIZED_ALLELE	PHASE1B_EXACT_NORMALIZED_ALLELE_V1	1.0.0	False	False
1570	run-phase1a-60z59-hg002-grch38-v421	event-run-phase1a-60z59-hg002-grch38-v421-record-1706	run-phase1a-ru88n-hg002-grch38-v421	event-run-phase1a-ru88n-hg002-grch38-v421-record-1702	CROSS_RUN_EQUIVALENCE_UNRESOLVED	GRCh38|chr20|10954850|C|T	GRCh38|chr20|10954849|10954850|C|T	GRCh38|chr20|10954849|10954850|C|T	variant:sha256:2c96d9366dc7599d78c4b340d2ba777ced0f698837f7c36f3f4c49099b6b1a27	variant:sha256:2c96d9366dc7599d78c4b340d2ba777ced0f698837f7c36f3f4c49099b6b1a27	True	EXACT_NORMALIZED_ALLELE	PHASE1B_EXACT_NORMALIZED_ALLELE_V1	1.0.0	False	False
1571	run-phase1a-60z59-hg002-grch38-v421	event-run-phase1a-60z59-hg002-grch38-v421-record-1707	run-phase1a-ru88n-hg002-grch38-v421	event-run-phase1a-ru88n-hg002-grch38-v421-record-1703	CROSS_RUN_EQUIVALENCE_UNRESOLVED	GRCh38|chr20|10955381|T|G	GRCh38|chr20|10955380|10955381|T|G	GRCh38|chr20|10955380|10955381|T|G	variant:sha256:65857d9caa2d3d937805a4dbcb072515f919e0141be47bc27ab0bb912137b19a	variant:sha256:65857d9caa2d3d937805a4dbcb072515f919e0141be47bc27ab0bb912137b19a	True	EXACT_NORMALIZED_ALLELE	PHASE1B_EXACT_NORMALIZED_ALLELE_V1	1.0.0	False	False
1572	run-phase1a-60z59-hg002-grch38-v421	event-run-phase1a-60z59-hg002-grch38-v421-record-1710	run-phase1a-ru88n-hg002-grch38-v421	event-run-phase1a-ru88n-hg002-grch38-v421-record-1704	CROSS_RUN_EQUIVALENCE_UNRESOLVED	GRCh38|chr20|10956332|G|A	GRCh38|chr20|10956331|10956332|G|A	GRCh38|chr20|10956331|10956332|G|A	variant:sha256:9f4dfdedd4f36a767a852955204b373596b448e1f55678df44904f9c2936601a	variant:sha256:9f4dfdedd4f36a767a852955204b373596b448e1f55678df44904f9c2936601a	True	EXACT_NORMALIZED_ALLELE	PHASE1B_EXACT_NORMALIZED_ALLELE_V1	1.0.0	False	False
1573	run-phase1a-60z59-hg002-grch38-v421	event-run-phase1a-60z59-hg002-grch38-v421-record-1711	run-phase1a-ru88n-hg002-grch38-v421	event-run-phase1a-ru88n-hg002-grch38-v421-record-1705	CROSS_RUN_EQUIVALENCE_UNRESOLVED	GRCh38|chr20|10956727|G|A	GRCh38|chr20|10956726|10956727|G|A	GRCh38|chr20|10956726|10956727|G|A	variant:sha256:669f1e59d2e88f5dba8b2a2a7e88db4dc37991e30065acee8441628f2bae4bef	variant:sha256:669f1e59d2e88f5dba8b2a2a7e88db4dc37991e30065acee8441628f2bae4bef	True	EXACT_NORMALIZED_ALLELE	PHASE1B_EXACT_NORMALIZED_ALLELE_V1	1.0.0	False	False
1574	run-phase1a-60z59-hg002-grch38-v421	event-run-phase1a-60z59-hg002-grch38-v421-record-1712	run-phase1a-ru88n-hg002-grch38-v421	event-run-phase1a-ru88n-hg002-grch38-v421-record-1706	CROSS_RUN_EQUIVALENCE_UNRESOLVED	GRCh38|chr20|10957699|G|A	GRCh38|chr20|10957698|10957699|G|A	GRCh38|chr20|10957698|10957699|G|A	variant:sha256:246f569ed086788f359de236eb4aefae6603c6529ba9aa2f9446208155536928	variant:sha256:246f569ed086788f359de236eb4aefae6603c6529ba9aa2f9446208155536928	True	EXACT_NORMALIZED_ALLELE	PHASE1B_EXACT_NORMALIZED_ALLELE_V1	1.0.0	False	False
1575	run-phase1a-60z59-hg002-grch38-v421	event-run-phase1a-60z59-hg002-grch38-v421-record-1713	run-phase1a-ru88n-hg002-grch38-v421	event-run-phase1a-ru88n-hg002-grch38-v421-record-1707	CROSS_RUN_EQUIVALENCE_UNRESOLVED	GRCh38|chr20|10957861|A|G	GRCh38|chr20|10957860|10957861|A|G	GRCh38|chr20|10957860|10957861|A|G	variant:sha256:d2f5550276718e43c849b0201ceef266366a4e6dd5354d9a2debd4b4bc9f6e0b	variant:sha256:d2f5550276718e43c849b0201ceef266366a4e6dd5354d9a2debd4b4bc9f6e0b	True	EXACT_NORMALIZED_ALLELE	PHASE1B_EXACT_NORMALIZED_ALLELE_V1	1.0.0	False	False
1576	run-phase1a-60z59-hg002-grch38-v421	event-run-phase1a-60z59-hg002-grch38-v421-record-1714	run-phase1a-ru88n-hg002-grch38-v421	event-run-phase1a-ru88n-hg002-grch38-v421-record-1708	CROSS_RUN_EQUIVALENCE_UNRESOLVED	GRCh38|chr20|10958784|T|A	GRCh38|chr20|10958783|10958784|T|A	GRCh38|chr20|10958783|10958784|T|A	variant:sha256:82a9f4287f629255ee486eb981547e4b30837c8e47b365e175c1ed3012d1fb1c	variant:sha256:82a9f4287f629255ee486eb981547e4b30837c8e47b365e175c1ed3012d1fb1c	True	EXACT_NORMALIZED_ALLELE	PHASE1B_EXACT_NORMALIZED_ALLELE_V1	1.0.0	False	False
1577	run-phase1a-60z59-hg002-grch38-v421	event-run-phase1a-60z59-hg002-grch38-v421-record-1715	run-phase1a-ru88n-hg002-grch38-v421	event-run-phase1a-ru88n-hg002-grch38-v421-record-1709	CROSS_RUN_EQUIVALENCE_UNRESOLVED	GRCh38|chr20|10959471|A|G	GRCh38|chr20|10959470|10959471|A|G	GRCh38|chr20|10959470|10959471|A|G	variant:sha256:1938cc4781e1ccb95d41ebc2115668569237890c8b2cad5dc2fb903e650bb1d1	variant:sha256:1938cc4781e1ccb95d41ebc2115668569237890c8b2cad5dc2fb903e650bb1d1	True	EXACT_NORMALIZED_ALLELE	PHASE1B_EXACT_NORMALIZED_ALLELE_V1	1.0.0	False	False
1578	run-phase1a-60z59-hg002-grch38-v421	event-run-phase1a-60z59-hg002-grch38-v421-record-1716	run-phase1a-ru88n-hg002-grch38-v421	event-run-phase1a-ru88n-hg002-grch38-v421-record-1710	CROSS_RUN_EQUIVALENCE_UNRESOLVED	GRCh38|chr20|10960260|A|AT	GRCh38|chr20|10960259|10960260|A|AT	GRCh38|chr20|10960259|10960260|A|AT	variant:sha256:c6347eb599b985e12d46817481bfb28c88310963d78799b5fa2e767d9b8b43ed	variant:sha256:c6347eb599b985e12d46817481bfb28c88310963d78799b5fa2e767d9b8b43ed	True	EXACT_NORMALIZED_ALLELE	PHASE1B_EXACT_NORMALIZED_ALLELE_V1	1.0.0	False	False
1579	run-phase1a-60z59-hg002-grch38-v421	event-run-phase1a-60z59-hg002-grch38-v421-record-1717	run-phase1a-ru88n-hg002-grch38-v421	event-run-phase1a-ru88n-hg002-grch38-v421-record-1711	CROSS_RUN_EQUIVALENCE_UNRESOLVED	GRCh38|chr20|10960286|A|G	GRCh38|chr20|10960285|10960286|A|G	GRCh38|chr20|10960285|10960286|A|G	variant:sha256:65db35f6a99b7841a47d087e174824134bea1d1e6e6c853842315f05aba3cab7	variant:sha256:65db35f6a99b7841a47d087e174824134bea1d1e6e6c853842315f05aba3cab7	True	EXACT_NORMALIZED_ALLELE	PHASE1B_EXACT_NORMALIZED_ALLELE_V1	1.0.0	False	False
1580	run-phase1a-60z59-hg002-grch38-v421	event-run-phase1a-60z59-hg002-grch38-v421-record-1718	run-phase1a-ru88n-hg002-grch38-v421	event-run-phase1a-ru88n-hg002-grch38-v421-record-1712	CROSS_RUN_EQUIVALENCE_UNRESOLVED	GRCh38|chr20|10960354|T|C	GRCh38|chr20|10960353|10960354|T|C	GRCh38|chr20|10960353|10960354|T|C	variant:sha256:c857980ff16ccce34fe25867917b61719ccd34dc442d563863bde69455834e25	variant:sha256:c857980ff16ccce34fe25867917b61719ccd34dc442d563863bde69455834e25	True	EXACT_NORMALIZED_ALLELE	PHASE1B_EXACT_NORMALIZED_ALLELE_V1	1.0.0	False	False
1581	run-phase1a-60z59-hg002-grch38-v421	event-run-phase1a-60z59-hg002-grch38-v421-record-1719	run-phase1a-ru88n-hg002-grch38-v421	event-run-phase1a-ru88n-hg002-grch38-v421-record-1713	CROSS_RUN_EQUIVALENCE_UNRESOLVED	GRCh38|chr20|10961201|A|G	GRCh38|chr20|10961200|10961201|A|G	GRCh38|chr20|10961200|10961201|A|G	variant:sha256:74da4dfabc9767f6fea6a6c386e2644d93fbf7cdc321d9609867f0adae2be7ae	variant:sha256:74da4dfabc9767f6fea6a6c386e2644d93fbf7cdc321d9609867f0adae2be7ae	True	EXACT_NORMALIZED_ALLELE	PHASE1B_EXACT_NORMALIZED_ALLELE_V1	1.0.0	False	False
1582	run-phase1a-60z59-hg002-grch38-v421	event-run-phase1a-60z59-hg002-grch38-v421-record-1720	run-phase1a-ru88n-hg002-grch38-v421	event-run-phase1a-ru88n-hg002-grch38-v421-record-1714	CROSS_RUN_EQUIVALENCE_UNRESOLVED	GRCh38|chr20|10961543|T|C	GRCh38|chr20|10961542|10961543|T|C	GRCh38|chr20|10961542|10961543|T|C	variant:sha256:ac94511fddfb10a01ba830387c820a608a192c5d82bb9bcbb5eb885ae578e453	variant:sha256:ac94511fddfb10a01ba830387c820a608a192c5d82bb9bcbb5eb885ae578e453	True	EXACT_NORMALIZED_ALLELE	PHASE1B_EXACT_NORMALIZED_ALLELE_V1	1.0.0	False	False
1583	run-phase1a-60z59-hg002-grch38-v421	event-run-phase1a-60z59-hg002-grch38-v421-record-1721	run-phase1a-ru88n-hg002-grch38-v421	event-run-phase1a-ru88n-hg002-grch38-v421-record-1715	CROSS_RUN_EQUIVALENCE_UNRESOLVED	GRCh38|chr20|10962056|T|C	GRCh38|chr20|10962055|10962056|T|C	GRCh38|chr20|10962055|10962056|T|C	variant:sha256:f487e6ff6886a87038351f34877b857be9c9c8487de8fc85c9c7a4020c3da02f	variant:sha256:f487e6ff6886a87038351f34877b857be9c9c8487de8fc85c9c7a4020c3da02f	True	EXACT_NORMALIZED_ALLELE	PHASE1B_EXACT_NORMALIZED_ALLELE_V1	1.0.0	False	False
1584	run-phase1a-60z59-hg002-grch38-v421	event-run-phase1a-60z59-hg002-grch38-v421-record-1722	run-phase1a-ru88n-hg002-grch38-v421	event-run-phase1a-ru88n-hg002-grch38-v421-record-1716	CROSS_RUN_EQUIVALENCE_UNRESOLVED	GRCh38|chr20|10962096|C|A	GRCh38|chr20|10962095|10962096|C|A	GRCh38|chr20|10962095|10962096|C|A	variant:sha256:38f7da9d2b128da61d42d194ef7206ced76855cd7cba1805e993979661b561c8	variant:sha256:38f7da9d2b128da61d42d194ef7206ced76855cd7cba1805e993979661b561c8	True	EXACT_NORMALIZED_ALLELE	PHASE1B_EXACT_NORMALIZED_ALLELE_V1	1.0.0	False	False
1585	run-phase1a-60z59-hg002-grch38-v421	event-run-phase1a-60z59-hg002-grch38-v421-record-1723	run-phase1a-ru88n-hg002-grch38-v421	event-run-phase1a-ru88n-hg002-grch38-v421-record-1717	CROSS_RUN_EQUIVALENCE_UNRESOLVED	GRCh38|chr20|10963125|ATAGATGAACATGTGACCCACGCTCAC|A	GRCh38|chr20|10963124|10963151|ATAGATGAACATGTGACCCACGCTCAC|A	GRCh38|chr20|10963124|10963151|ATAGATGAACATGTGACCCACGCTCAC|A	variant:sha256:7aba2169c43beb4db0d5d1b1055750beb49297e726c4348beed50ac0b1bc5af2	variant:sha256:7aba2169c43beb4db0d5d1b1055750beb49297e726c4348beed50ac0b1bc5af2	True	EXACT_NORMALIZED_ALLELE	PHASE1B_EXACT_NORMALIZED_ALLELE_V1	1.0.0	False	False
1586	run-phase1a-60z59-hg002-grch38-v421	event-run-phase1a-60z59-hg002-grch38-v421-record-1724	run-phase1a-ru88n-hg002-grch38-v421	event-run-phase1a-ru88n-hg002-grch38-v421-record-1718	CROSS_RUN_EQUIVALENCE_UNRESOLVED	GRCh38|chr20|10965452|A|G	GRCh38|chr20|10965451|10965452|A|G	GRCh38|chr20|10965451|10965452|A|G	variant:sha256:a093151010edc116c7f7cf0d9754adbd24d424ae6c59961dbebaacdc25378b5a	variant:sha256:a093151010edc116c7f7cf0d9754adbd24d424ae6c59961dbebaacdc25378b5a	True	EXACT_NORMALIZED_ALLELE	PHASE1B_EXACT_NORMALIZED_ALLELE_V1	1.0.0	False	False
1587	run-phase1a-60z59-hg002-grch38-v421	event-run-phase1a-60z59-hg002-grch38-v421-record-1725	run-phase1a-ru88n-hg002-grch38-v421	event-run-phase1a-ru88n-hg002-grch38-v421-record-1719	CROSS_RUN_EQUIVALENCE_UNRESOLVED	GRCh38|chr20|10966554|A|G	GRCh38|chr20|10966553|10966554|A|G	GRCh38|chr20|10966553|10966554|A|G	variant:sha256:7f56c32a88592163dedb2f1f50ddf5aa3fd4e90ced137af40e20602f9d982ead	variant:sha256:7f56c32a88592163dedb2f1f50ddf5aa3fd4e90ced137af40e20602f9d982ead	True	EXACT_NORMALIZED_ALLELE	PHASE1B_EXACT_NORMALIZED_ALLELE_V1	1.0.0	False	False
1588	run-phase1a-60z59-hg002-grch38-v421	event-run-phase1a-60z59-hg002-grch38-v421-record-1726	run-phase1a-ru88n-hg002-grch38-v421	event-run-phase1a-ru88n-hg002-grch38-v421-record-1720	CROSS_RUN_EQUIVALENCE_UNRESOLVED	GRCh38|chr20|10967903|G|A	GRCh38|chr20|10967902|10967903|G|A	GRCh38|chr20|10967902|10967903|G|A	variant:sha256:8db2642fe35d36a718208231db0000b1d3246c321e2d5942c5f53b9faecb03c7	variant:sha256:8db2642fe35d36a718208231db0000b1d3246c321e2d5942c5f53b9faecb03c7	True	EXACT_NORMALIZED_ALLELE	PHASE1B_EXACT_NORMALIZED_ALLELE_V1	1.0.0	False	False
1589	run-phase1a-60z59-hg002-grch38-v421	event-run-phase1a-60z59-hg002-grch38-v421-record-1727	run-phase1a-ru88n-hg002-grch38-v421	event-run-phase1a-ru88n-hg002-grch38-v421-record-1721	CROSS_RUN_EQUIVALENCE_UNRESOLVED	GRCh38|chr20|10968177|G|GA	GRCh38|chr20|10968176|10968177|G|GA	GRCh38|chr20|10968176|10968177|G|GA	variant:sha256:606ab2fa3fcefda88f0b5f9dc2e78c02db0cba40f75dc3a0ffed6c03941b037c	variant:sha256:606ab2fa3fcefda88f0b5f9dc2e78c02db0cba40f75dc3a0ffed6c03941b037c	True	EXACT_NORMALIZED_ALLELE	PHASE1B_EXACT_NORMALIZED_ALLELE_V1	1.0.0	False	False
1590	run-phase1a-60z59-hg002-grch38-v421	event-run-phase1a-60z59-hg002-grch38-v421-record-1728	run-phase1a-ru88n-hg002-grch38-v421	event-run-phase1a-ru88n-hg002-grch38-v421-record-1722	CROSS_RUN_EQUIVALENCE_UNRESOLVED	GRCh38|chr20|10968666|G|A	GRCh38|chr20|10968665|10968666|G|A	GRCh38|chr20|10968665|10968666|G|A	variant:sha256:c3071ecaf2049354e3eb148eb5d9f958dbaf44930b9a7093fb8885ac4e94039f	variant:sha256:c3071ecaf2049354e3eb148eb5d9f958dbaf44930b9a7093fb8885ac4e94039f	True	EXACT_NORMALIZED_ALLELE	PHASE1B_EXACT_NORMALIZED_ALLELE_V1	1.0.0	False	False
1591	run-phase1a-60z59-hg002-grch38-v421	event-run-phase1a-60z59-hg002-grch38-v421-record-1729	run-phase1a-ru88n-hg002-grch38-v421	event-run-phase1a-ru88n-hg002-grch38-v421-record-1723	CROSS_RUN_EQUIVALENCE_UNRESOLVED	GRCh38|chr20|10968761|C|T	GRCh38|chr20|10968760|10968761|C|T	GRCh38|chr20|10968760|10968761|C|T	variant:sha256:345a5c5b3a0f39b7e114c308163e5cc5b0be64e109ccdafbd5d2dd416021f76f	variant:sha256:345a5c5b3a0f39b7e114c308163e5cc5b0be64e109ccdafbd5d2dd416021f76f	True	EXACT_NORMALIZED_ALLELE	PHASE1B_EXACT_NORMALIZED_ALLELE_V1	1.0.0	False	False
1592	run-phase1a-60z59-hg002-grch38-v421	event-run-phase1a-60z59-hg002-grch38-v421-record-1730	run-phase1a-ru88n-hg002-grch38-v421	event-run-phase1a-ru88n-hg002-grch38-v421-record-1724	CROSS_RUN_EQUIVALENCE_UNRESOLVED	GRCh38|chr20|10969591|C|T	GRCh38|chr20|10969590|10969591|C|T	GRCh38|chr20|10969590|10969591|C|T	variant:sha256:dfba47aa41205a1afbbaf64e95a7f5d117e1e8bed75d87371f6e56dad6a9a781	variant:sha256:dfba47aa41205a1afbbaf64e95a7f5d117e1e8bed75d87371f6e56dad6a9a781	True	EXACT_NORMALIZED_ALLELE	PHASE1B_EXACT_NORMALIZED_ALLELE_V1	1.0.0	False	False
1593	run-phase1a-60z59-hg002-grch38-v421	event-run-phase1a-60z59-hg002-grch38-v421-record-1731	run-phase1a-ru88n-hg002-grch38-v421	event-run-phase1a-ru88n-hg002-grch38-v421-record-1725	CROSS_RUN_EQUIVALENCE_UNRESOLVED	GRCh38|chr20|10969935|T|C	GRCh38|chr20|10969934|10969935|T|C	GRCh38|chr20|10969934|10969935|T|C	variant:sha256:19a51d101cb0fce4784933353cfe515145dbbf8e4e64f0a5a5e3db9717451937	variant:sha256:19a51d101cb0fce4784933353cfe515145dbbf8e4e64f0a5a5e3db9717451937	True	EXACT_NORMALIZED_ALLELE	PHASE1B_EXACT_NORMALIZED_ALLELE_V1	1.0.0	False	False
1594	run-phase1a-60z59-hg002-grch38-v421	event-run-phase1a-60z59-hg002-grch38-v421-record-1732	run-phase1a-ru88n-hg002-grch38-v421	event-run-phase1a-ru88n-hg002-grch38-v421-record-1726	CROSS_RUN_EQUIVALENCE_UNRESOLVED	GRCh38|chr20|10970264|TAAAG|T	GRCh38|chr20|10970263|10970268|TAAAG|T	GRCh38|chr20|10970263|10970268|TAAAG|T	variant:sha256:3231da4b0c614b3c7ab618b7263b9e849f242d7d5f59d4d472cd0d0e480f6e01	variant:sha256:3231da4b0c614b3c7ab618b7263b9e849f242d7d5f59d4d472cd0d0e480f6e01	True	EXACT_NORMALIZED_ALLELE	PHASE1B_EXACT_NORMALIZED_ALLELE_V1	1.0.0	False	False
1595	run-phase1a-60z59-hg002-grch38-v421	event-run-phase1a-60z59-hg002-grch38-v421-record-1733	run-phase1a-ru88n-hg002-grch38-v421	event-run-phase1a-ru88n-hg002-grch38-v421-record-1727	CROSS_RUN_EQUIVALENCE_UNRESOLVED	GRCh38|chr20|10970313|T|C	GRCh38|chr20|10970312|10970313|T|C	GRCh38|chr20|10970312|10970313|T|C	variant:sha256:a58ad7a8c8623f0e778798edb0506bd3f156e51920e326f49945f901a2285ba6	variant:sha256:a58ad7a8c8623f0e778798edb0506bd3f156e51920e326f49945f901a2285ba6	True	EXACT_NORMALIZED_ALLELE	PHASE1B_EXACT_NORMALIZED_ALLELE_V1	1.0.0	False	False
1596	run-phase1a-60z59-hg002-grch38-v421	event-run-phase1a-60z59-hg002-grch38-v421-record-1734	run-phase1a-ru88n-hg002-grch38-v421	event-run-phase1a-ru88n-hg002-grch38-v421-record-1728	CROSS_RUN_EQUIVALENCE_UNRESOLVED	GRCh38|chr20|10970582|AAGGAGC|A	GRCh38|chr20|10970581|10970588|AAGGAGC|A	GRCh38|chr20|10970581|10970588|AAGGAGC|A	variant:sha256:ea9fb022ce42d7f14c0cdedebe767931b29563b6979e8a384c59b3e6c8a8e723	variant:sha256:ea9fb022ce42d7f14c0cdedebe767931b29563b6979e8a384c59b3e6c8a8e723	True	EXACT_NORMALIZED_ALLELE	PHASE1B_EXACT_NORMALIZED_ALLELE_V1	1.0.0	False	False
1597	run-phase1a-60z59-hg002-grch38-v421	event-run-phase1a-60z59-hg002-grch38-v421-record-1735	run-phase1a-ru88n-hg002-grch38-v421	event-run-phase1a-ru88n-hg002-grch38-v421-record-1729	CROSS_RUN_EQUIVALENCE_UNRESOLVED	GRCh38|chr20|10971010|T|C	GRCh38|chr20|10971009|10971010|T|C	GRCh38|chr20|10971009|10971010|T|C	variant:sha256:23301c405d68afeb39e804753c54971161581e0882ca7b50a86fce49c023c017	variant:sha256:23301c405d68afeb39e804753c54971161581e0882ca7b50a86fce49c023c017	True	EXACT_NORMALIZED_ALLELE	PHASE1B_EXACT_NORMALIZED_ALLELE_V1	1.0.0	False	False
1598	run-phase1a-60z59-hg002-grch38-v421	event-run-phase1a-60z59-hg002-grch38-v421-record-1736	run-phase1a-ru88n-hg002-grch38-v421	event-run-phase1a-ru88n-hg002-grch38-v421-record-1730	CROSS_RUN_EQUIVALENCE_UNRESOLVED	GRCh38|chr20|10971595|C|T	GRCh38|chr20|10971594|10971595|C|T	GRCh38|chr20|10971594|10971595|C|T	variant:sha256:751bda0714bfc74a471183da0a55a37251ae15cb83c860ca1dcb364990f49610	variant:sha256:751bda0714bfc74a471183da0a55a37251ae15cb83c860ca1dcb364990f49610	True	EXACT_NORMALIZED_ALLELE	PHASE1B_EXACT_NORMALIZED_ALLELE_V1	1.0.0	False	False
1599	run-phase1a-60z59-hg002-grch38-v421	event-run-phase1a-60z59-hg002-grch38-v421-record-1737	run-phase1a-ru88n-hg002-grch38-v421	event-run-phase1a-ru88n-hg002-grch38-v421-record-1731	CROSS_RUN_EQUIVALENCE_UNRESOLVED	GRCh38|chr20|10972790|C|G	GRCh38|chr20|10972789|10972790|C|G	GRCh38|chr20|10972789|10972790|C|G	variant:sha256:e03337c928313e0414d9030a888d49fde2dabfb2440a2c514e406e2ab542ba6f	variant:sha256:e03337c928313e0414d9030a888d49fde2dabfb2440a2c514e406e2ab542ba6f	True	EXACT_NORMALIZED_ALLELE	PHASE1B_EXACT_NORMALIZED_ALLELE_V1	1.0.0	False	False
1600	run-phase1a-60z59-hg002-grch38-v421	event-run-phase1a-60z59-hg002-grch38-v421-record-1738	run-phase1a-ru88n-hg002-grch38-v421	event-run-phase1a-ru88n-hg002-grch38-v421-record-1732	CROSS_RUN_EQUIVALENCE_UNRESOLVED	GRCh38|chr20|10973240|T|C	GRCh38|chr20|10973239|10973240|T|C	GRCh38|chr20|10973239|10973240|T|C	variant:sha256:c6058266f7c17eb83c6ca5f6a96934adf220088db87a45931b16c589c62d3f64	variant:sha256:c6058266f7c17eb83c6ca5f6a96934adf220088db87a45931b16c589c62d3f64	True	EXACT_NORMALIZED_ALLELE	PHASE1B_EXACT_NORMALIZED_ALLELE_V1	1.0.0	False	False
1601	run-phase1a-60z59-hg002-grch38-v421	event-run-phase1a-60z59-hg002-grch38-v421-record-1739	run-phase1a-ru88n-hg002-grch38-v421	event-run-phase1a-ru88n-hg002-grch38-v421-record-1733	CROSS_RUN_EQUIVALENCE_UNRESOLVED	GRCh38|chr20|10974043|G|C	GRCh38|chr20|10974042|10974043|G|C	GRCh38|chr20|10974042|10974043|G|C	variant:sha256:1d317a49139f8a142bcf73b20c18ae1a4acb3b15f132ecdfdadefb1bb7c69c21	variant:sha256:1d317a49139f8a142bcf73b20c18ae1a4acb3b15f132ecdfdadefb1bb7c69c21	True	EXACT_NORMALIZED_ALLELE	PHASE1B_EXACT_NORMALIZED_ALLELE_V1	1.0.0	False	False
1602	run-phase1a-60z59-hg002-grch38-v421	event-run-phase1a-60z59-hg002-grch38-v421-record-1740	run-phase1a-ru88n-hg002-grch38-v421	event-run-phase1a-ru88n-hg002-grch38-v421-record-1734	CROSS_RUN_EQUIVALENCE_UNRESOLVED	GRCh38|chr20|10974585|G|A	GRCh38|chr20|10974584|10974585|G|A	GRCh38|chr20|10974584|10974585|G|A	variant:sha256:d987df711a815ce5d8fc45d60528cd5daf719e16d2d33e92fbbaacb3f2d2ad77	variant:sha256:d987df711a815ce5d8fc45d60528cd5daf719e16d2d33e92fbbaacb3f2d2ad77	True	EXACT_NORMALIZED_ALLELE	PHASE1B_EXACT_NORMALIZED_ALLELE_V1	1.0.0	False	False
1603	run-phase1a-60z59-hg002-grch38-v421	event-run-phase1a-60z59-hg002-grch38-v421-record-1741	run-phase1a-ru88n-hg002-grch38-v421	event-run-phase1a-ru88n-hg002-grch38-v421-record-1735	CROSS_RUN_EQUIVALENCE_UNRESOLVED	GRCh38|chr20|10974606|G|C	GRCh38|chr20|10974605|10974606|G|C	GRCh38|chr20|10974605|10974606|G|C	variant:sha256:d0ba0a35b44b94683ed88e4320208437a1cff751c81584444aa6218c53093460	variant:sha256:d0ba0a35b44b94683ed88e4320208437a1cff751c81584444aa6218c53093460	True	EXACT_NORMALIZED_ALLELE	PHASE1B_EXACT_NORMALIZED_ALLELE_V1	1.0.0	False	False
1604	run-phase1a-60z59-hg002-grch38-v421	event-run-phase1a-60z59-hg002-grch38-v421-record-1742	run-phase1a-ru88n-hg002-grch38-v421	event-run-phase1a-ru88n-hg002-grch38-v421-record-1736	CROSS_RUN_EQUIVALENCE_UNRESOLVED	GRCh38|chr20|10974972|C|T	GRCh38|chr20|10974971|10974972|C|T	GRCh38|chr20|10974971|10974972|C|T	variant:sha256:83e554bbec934f670f245d61871d428cca75ad7cac9c439b5db5f64412f4f132	variant:sha256:83e554bbec934f670f245d61871d428cca75ad7cac9c439b5db5f64412f4f132	True	EXACT_NORMALIZED_ALLELE	PHASE1B_EXACT_NORMALIZED_ALLELE_V1	1.0.0	False	False
1605	run-phase1a-60z59-hg002-grch38-v421	event-run-phase1a-60z59-hg002-grch38-v421-record-1743	run-phase1a-ru88n-hg002-grch38-v421	event-run-phase1a-ru88n-hg002-grch38-v421-record-1737	CROSS_RUN_EQUIVALENCE_UNRESOLVED	GRCh38|chr20|10975844|G|A	GRCh38|chr20|10975843|10975844|G|A	GRCh38|chr20|10975843|10975844|G|A	variant:sha256:48a32051c654b0c93bfe0042acdd2a0ec8687c34fd8ae86daa3fba10f505d841	variant:sha256:48a32051c654b0c93bfe0042acdd2a0ec8687c34fd8ae86daa3fba10f505d841	True	EXACT_NORMALIZED_ALLELE	PHASE1B_EXACT_NORMALIZED_ALLELE_V1	1.0.0	False	False
1606	run-phase1a-60z59-hg002-grch38-v421	event-run-phase1a-60z59-hg002-grch38-v421-record-1744	run-phase1a-ru88n-hg002-grch38-v421	event-run-phase1a-ru88n-hg002-grch38-v421-record-1738	CROSS_RUN_EQUIVALENCE_UNRESOLVED	GRCh38|chr20|10975847|C|T	GRCh38|chr20|10975846|10975847|C|T	GRCh38|chr20|10975846|10975847|C|T	variant:sha256:f1f092f74ec4de96f7ee336edb8bab5a7fbf63fd32bd717926d50affe0ad9bc9	variant:sha256:f1f092f74ec4de96f7ee336edb8bab5a7fbf63fd32bd717926d50affe0ad9bc9	True	EXACT_NORMALIZED_ALLELE	PHASE1B_EXACT_NORMALIZED_ALLELE_V1	1.0.0	False	False
1607	run-phase1a-60z59-hg002-grch38-v421	event-run-phase1a-60z59-hg002-grch38-v421-record-1745	run-phase1a-ru88n-hg002-grch38-v421	event-run-phase1a-ru88n-hg002-grch38-v421-record-1739	CROSS_RUN_EQUIVALENCE_UNRESOLVED	GRCh38|chr20|10978014|T|C	GRCh38|chr20|10978013|10978014|T|C	GRCh38|chr20|10978013|10978014|T|C	variant:sha256:f067911645bafb94323846558b3cadcaceee26baa2f3afff2e1d15eebf363d35	variant:sha256:f067911645bafb94323846558b3cadcaceee26baa2f3afff2e1d15eebf363d35	True	EXACT_NORMALIZED_ALLELE	PHASE1B_EXACT_NORMALIZED_ALLELE_V1	1.0.0	False	False
1608	run-phase1a-60z59-hg002-grch38-v421	event-run-phase1a-60z59-hg002-grch38-v421-record-1746	run-phase1a-ru88n-hg002-grch38-v421	event-run-phase1a-ru88n-hg002-grch38-v421-record-1740	CROSS_RUN_EQUIVALENCE_UNRESOLVED	GRCh38|chr20|10978298|C|G	GRCh38|chr20|10978297|10978298|C|G	GRCh38|chr20|10978297|10978298|C|G	variant:sha256:43c0ef5128eca758e3a4430640cbcb7edd5b7e9a489f90cf778902fbcaee9793	variant:sha256:43c0ef5128eca758e3a4430640cbcb7edd5b7e9a489f90cf778902fbcaee9793	True	EXACT_NORMALIZED_ALLELE	PHASE1B_EXACT_NORMALIZED_ALLELE_V1	1.0.0	False	False
1609	run-phase1a-60z59-hg002-grch38-v421	event-run-phase1a-60z59-hg002-grch38-v421-record-1747	run-phase1a-ru88n-hg002-grch38-v421	event-run-phase1a-ru88n-hg002-grch38-v421-record-1741	CROSS_RUN_EQUIVALENCE_UNRESOLVED	GRCh38|chr20|10978552|G|C	GRCh38|chr20|10978551|10978552|G|C	GRCh38|chr20|10978551|10978552|G|C	variant:sha256:a111e5086eb8c10262ea9c639d30abd029463d236f5e3d03542bd8b4be56882a	variant:sha256:a111e5086eb8c10262ea9c639d30abd029463d236f5e3d03542bd8b4be56882a	True	EXACT_NORMALIZED_ALLELE	PHASE1B_EXACT_NORMALIZED_ALLELE_V1	1.0.0	False	False
1610	run-phase1a-60z59-hg002-grch38-v421	event-run-phase1a-60z59-hg002-grch38-v421-record-1748	run-phase1a-ru88n-hg002-grch38-v421	event-run-phase1a-ru88n-hg002-grch38-v421-record-1742	CROSS_RUN_EQUIVALENCE_UNRESOLVED	GRCh38|chr20|10978803|G|A	GRCh38|chr20|10978802|10978803|G|A	GRCh38|chr20|10978802|10978803|G|A	variant:sha256:9cbcea2484f3eaef25816232a31a1386ae2402c9fb3006738e612b1b209a4be1	variant:sha256:9cbcea2484f3eaef25816232a31a1386ae2402c9fb3006738e612b1b209a4be1	True	EXACT_NORMALIZED_ALLELE	PHASE1B_EXACT_NORMALIZED_ALLELE_V1	1.0.0	False	False
1611	run-phase1a-60z59-hg002-grch38-v421	event-run-phase1a-60z59-hg002-grch38-v421-record-1749	run-phase1a-ru88n-hg002-grch38-v421	event-run-phase1a-ru88n-hg002-grch38-v421-record-1743	CROSS_RUN_EQUIVALENCE_UNRESOLVED	GRCh38|chr20|10979909|C|T	GRCh38|chr20|10979908|10979909|C|T	GRCh38|chr20|10979908|10979909|C|T	variant:sha256:443a2e363f055026fc5890a7bf7336c255b5d18df5fe84ce768cfff8445b891a	variant:sha256:443a2e363f055026fc5890a7bf7336c255b5d18df5fe84ce768cfff8445b891a	True	EXACT_NORMALIZED_ALLELE	PHASE1B_EXACT_NORMALIZED_ALLELE_V1	1.0.0	False	False
1612	run-phase1a-60z59-hg002-grch38-v421	event-run-phase1a-60z59-hg002-grch38-v421-record-1750	run-phase1a-ru88n-hg002-grch38-v421	event-run-phase1a-ru88n-hg002-grch38-v421-record-1744	CROSS_RUN_EQUIVALENCE_UNRESOLVED	GRCh38|chr20|10980079|T|C	GRCh38|chr20|10980078|10980079|T|C	GRCh38|chr20|10980078|10980079|T|C	variant:sha256:cd005a73df882415f838641394722d020e0d481a698078e92cb24708abf08580	variant:sha256:cd005a73df882415f838641394722d020e0d481a698078e92cb24708abf08580	True	EXACT_NORMALIZED_ALLELE	PHASE1B_EXACT_NORMALIZED_ALLELE_V1	1.0.0	False	False
1613	run-phase1a-60z59-hg002-grch38-v421	event-run-phase1a-60z59-hg002-grch38-v421-record-1751	run-phase1a-ru88n-hg002-grch38-v421	event-run-phase1a-ru88n-hg002-grch38-v421-record-1745	CROSS_RUN_EQUIVALENCE_UNRESOLVED	GRCh38|chr20|10981287|C|A	GRCh38|chr20|10981286|10981287|C|A	GRCh38|chr20|10981286|10981287|C|A	variant:sha256:fe4024f401983567a7a734e24e405b9d21c483964f2bd76c1cda1aa11446d180	variant:sha256:fe4024f401983567a7a734e24e405b9d21c483964f2bd76c1cda1aa11446d180	True	EXACT_NORMALIZED_ALLELE	PHASE1B_EXACT_NORMALIZED_ALLELE_V1	1.0.0	False	False
1614	run-phase1a-60z59-hg002-grch38-v421	event-run-phase1a-60z59-hg002-grch38-v421-record-1752	run-phase1a-ru88n-hg002-grch38-v421	event-run-phase1a-ru88n-hg002-grch38-v421-record-1746	CROSS_RUN_EQUIVALENCE_UNRESOLVED	GRCh38|chr20|10981537|G|A	GRCh38|chr20|10981536|10981537|G|A	GRCh38|chr20|10981536|10981537|G|A	variant:sha256:ac0560447f7fd98e1b31b97d5f3f491af5cb1f0e6626728fd52f69e69527c052	variant:sha256:ac0560447f7fd98e1b31b97d5f3f491af5cb1f0e6626728fd52f69e69527c052	True	EXACT_NORMALIZED_ALLELE	PHASE1B_EXACT_NORMALIZED_ALLELE_V1	1.0.0	False	False
1615	run-phase1a-60z59-hg002-grch38-v421	event-run-phase1a-60z59-hg002-grch38-v421-record-1753	run-phase1a-ru88n-hg002-grch38-v421	event-run-phase1a-ru88n-hg002-grch38-v421-record-1747	CROSS_RUN_EQUIVALENCE_UNRESOLVED	GRCh38|chr20|10981733|C|CT	GRCh38|chr20|10981732|10981733|C|CT	GRCh38|chr20|10981732|10981733|C|CT	variant:sha256:da8fb030f644ddca4f7aefe8ccbe4c84d4bdfae5e8128adf839106a0da04b845	variant:sha256:da8fb030f644ddca4f7aefe8ccbe4c84d4bdfae5e8128adf839106a0da04b845	True	EXACT_NORMALIZED_ALLELE	PHASE1B_EXACT_NORMALIZED_ALLELE_V1	1.0.0	False	False
1616	run-phase1a-60z59-hg002-grch38-v421	event-run-phase1a-60z59-hg002-grch38-v421-record-1754	run-phase1a-ru88n-hg002-grch38-v421	event-run-phase1a-ru88n-hg002-grch38-v421-record-1748	CROSS_RUN_EQUIVALENCE_UNRESOLVED	GRCh38|chr20|10983027|G|T	GRCh38|chr20|10983026|10983027|G|T	GRCh38|chr20|10983026|10983027|G|T	variant:sha256:84a2927a9dc3717110ae37a4e01325706cbd0430cc20e35f157b809d8ce7e23e	variant:sha256:84a2927a9dc3717110ae37a4e01325706cbd0430cc20e35f157b809d8ce7e23e	True	EXACT_NORMALIZED_ALLELE	PHASE1B_EXACT_NORMALIZED_ALLELE_V1	1.0.0	False	False
1617	run-phase1a-60z59-hg002-grch38-v421	event-run-phase1a-60z59-hg002-grch38-v421-record-1755	run-phase1a-ru88n-hg002-grch38-v421	event-run-phase1a-ru88n-hg002-grch38-v421-record-1749	CROSS_RUN_EQUIVALENCE_UNRESOLVED	GRCh38|chr20|10983073|C|T	GRCh38|chr20|10983072|10983073|C|T	GRCh38|chr20|10983072|10983073|C|T	variant:sha256:97403bc68b6cf4bf9aa672bf540ef91a634d8f6ca7493de647f17ff2a8ddd747	variant:sha256:97403bc68b6cf4bf9aa672bf540ef91a634d8f6ca7493de647f17ff2a8ddd747	True	EXACT_NORMALIZED_ALLELE	PHASE1B_EXACT_NORMALIZED_ALLELE_V1	1.0.0	False	False
1618	run-phase1a-60z59-hg002-grch38-v421	event-run-phase1a-60z59-hg002-grch38-v421-record-1756	run-phase1a-ru88n-hg002-grch38-v421	event-run-phase1a-ru88n-hg002-grch38-v421-record-1750	CROSS_RUN_EQUIVALENCE_UNRESOLVED	GRCh38|chr20|10983718|T|C	GRCh38|chr20|10983717|10983718|T|C	GRCh38|chr20|10983717|10983718|T|C	variant:sha256:5a6c4ac4dc8e607e5c6c9d5ed9a55f8b82ac9e78b80a097442bf9c325e4b9a1e	variant:sha256:5a6c4ac4dc8e607e5c6c9d5ed9a55f8b82ac9e78b80a097442bf9c325e4b9a1e	True	EXACT_NORMALIZED_ALLELE	PHASE1B_EXACT_NORMALIZED_ALLELE_V1	1.0.0	False	False
1619	run-phase1a-60z59-hg002-grch38-v421	event-run-phase1a-60z59-hg002-grch38-v421-record-1757	run-phase1a-ru88n-hg002-grch38-v421	event-run-phase1a-ru88n-hg002-grch38-v421-record-1751	CROSS_RUN_EQUIVALENCE_UNRESOLVED	GRCh38|chr20|10985350|G|A	GRCh38|chr20|10985349|10985350|G|A	GRCh38|chr20|10985349|10985350|G|A	variant:sha256:aa355f83ba457057ab2d4ca2f8c6661d41e05e11fceffc547e70fe6d33f6a4e6	variant:sha256:aa355f83ba457057ab2d4ca2f8c6661d41e05e11fceffc547e70fe6d33f6a4e6	True	EXACT_NORMALIZED_ALLELE	PHASE1B_EXACT_NORMALIZED_ALLELE_V1	1.0.0	False	False
1620	run-phase1a-60z59-hg002-grch38-v421	event-run-phase1a-60z59-hg002-grch38-v421-record-1758	run-phase1a-ru88n-hg002-grch38-v421	event-run-phase1a-ru88n-hg002-grch38-v421-record-1752	CROSS_RUN_EQUIVALENCE_UNRESOLVED	GRCh38|chr20|10985686|C|T	GRCh38|chr20|10985685|10985686|C|T	GRCh38|chr20|10985685|10985686|C|T	variant:sha256:a3cdf743f24be742028a3921e7d3bea3cc21308daf5ad382b17e90ca65676fde	variant:sha256:a3cdf743f24be742028a3921e7d3bea3cc21308daf5ad382b17e90ca65676fde	True	EXACT_NORMALIZED_ALLELE	PHASE1B_EXACT_NORMALIZED_ALLELE_V1	1.0.0	False	False
1621	run-phase1a-60z59-hg002-grch38-v421	event-run-phase1a-60z59-hg002-grch38-v421-record-1759	run-phase1a-ru88n-hg002-grch38-v421	event-run-phase1a-ru88n-hg002-grch38-v421-record-1753	CROSS_RUN_EQUIVALENCE_UNRESOLVED	GRCh38|chr20|10985828|C|G	GRCh38|chr20|10985827|10985828|C|G	GRCh38|chr20|10985827|10985828|C|G	variant:sha256:a165b25ea8a49c960e58922aa444b0df349ad1e582958c24dc09a8d59a78dbec	variant:sha256:a165b25ea8a49c960e58922aa444b0df349ad1e582958c24dc09a8d59a78dbec	True	EXACT_NORMALIZED_ALLELE	PHASE1B_EXACT_NORMALIZED_ALLELE_V1	1.0.0	False	False
1622	run-phase1a-60z59-hg002-grch38-v421	event-run-phase1a-60z59-hg002-grch38-v421-record-1760	run-phase1a-ru88n-hg002-grch38-v421	event-run-phase1a-ru88n-hg002-grch38-v421-record-1754	CROSS_RUN_EQUIVALENCE_UNRESOLVED	GRCh38|chr20|10986514|G|A	GRCh38|chr20|10986513|10986514|G|A	GRCh38|chr20|10986513|10986514|G|A	variant:sha256:200c073539fa150a16879b992ed0e1f6a0c296c59c261412259ef2e4dc9b2998	variant:sha256:200c073539fa150a16879b992ed0e1f6a0c296c59c261412259ef2e4dc9b2998	True	EXACT_NORMALIZED_ALLELE	PHASE1B_EXACT_NORMALIZED_ALLELE_V1	1.0.0	False	False
1623	run-phase1a-60z59-hg002-grch38-v421	event-run-phase1a-60z59-hg002-grch38-v421-record-1761	run-phase1a-ru88n-hg002-grch38-v421	event-run-phase1a-ru88n-hg002-grch38-v421-record-1755	CROSS_RUN_EQUIVALENCE_UNRESOLVED	GRCh38|chr20|10986566|T|G	GRCh38|chr20|10986565|10986566|T|G	GRCh38|chr20|10986565|10986566|T|G	variant:sha256:3282346756d6be66549528bc282f7910d733bcccde38fcc5713f7d96dc7a7110	variant:sha256:3282346756d6be66549528bc282f7910d733bcccde38fcc5713f7d96dc7a7110	True	EXACT_NORMALIZED_ALLELE	PHASE1B_EXACT_NORMALIZED_ALLELE_V1	1.0.0	False	False
1624	run-phase1a-60z59-hg002-grch38-v421	event-run-phase1a-60z59-hg002-grch38-v421-record-1762	run-phase1a-ru88n-hg002-grch38-v421	event-run-phase1a-ru88n-hg002-grch38-v421-record-1756	CROSS_RUN_EQUIVALENCE_UNRESOLVED	GRCh38|chr20|10987013|T|C	GRCh38|chr20|10987012|10987013|T|C	GRCh38|chr20|10987012|10987013|T|C	variant:sha256:bdc4e4d9dfba7fb1d97563491bb7a7499ef666eec16f9ab00ecd5fd2a65531c9	variant:sha256:bdc4e4d9dfba7fb1d97563491bb7a7499ef666eec16f9ab00ecd5fd2a65531c9	True	EXACT_NORMALIZED_ALLELE	PHASE1B_EXACT_NORMALIZED_ALLELE_V1	1.0.0	False	False
1625	run-phase1a-60z59-hg002-grch38-v421	event-run-phase1a-60z59-hg002-grch38-v421-record-1764	run-phase1a-ru88n-hg002-grch38-v421	event-run-phase1a-ru88n-hg002-grch38-v421-record-1758	CROSS_RUN_EQUIVALENCE_UNRESOLVED	GRCh38|chr20|10987944|G|GTG	GRCh38|chr20|10987943|10987944|G|GTG	GRCh38|chr20|10987943|10987944|G|GTG	variant:sha256:752b8b1ed918e671c00156306b9c865980a853bd737d969b8afd3bc643d3e13f	variant:sha256:752b8b1ed918e671c00156306b9c865980a853bd737d969b8afd3bc643d3e13f	True	EXACT_NORMALIZED_ALLELE	PHASE1B_EXACT_NORMALIZED_ALLELE_V1	1.0.0	False	False
1626	run-phase1a-60z59-hg002-grch38-v421	event-run-phase1a-60z59-hg002-grch38-v421-record-1765	run-phase1a-ru88n-hg002-grch38-v421	event-run-phase1a-ru88n-hg002-grch38-v421-record-1759	CROSS_RUN_EQUIVALENCE_UNRESOLVED	GRCh38|chr20|10987970|G|A	GRCh38|chr20|10987969|10987970|G|A	GRCh38|chr20|10987969|10987970|G|A	variant:sha256:b3e9b364ecd8bea4c544568063d99d8ab5d07c22d58984b74f52ec9aecb791d2	variant:sha256:b3e9b364ecd8bea4c544568063d99d8ab5d07c22d58984b74f52ec9aecb791d2	True	EXACT_NORMALIZED_ALLELE	PHASE1B_EXACT_NORMALIZED_ALLELE_V1	1.0.0	False	False
1627	run-phase1a-60z59-hg002-grch38-v421	event-run-phase1a-60z59-hg002-grch38-v421-record-1766	run-phase1a-ru88n-hg002-grch38-v421	event-run-phase1a-ru88n-hg002-grch38-v421-record-1760	CROSS_RUN_EQUIVALENCE_UNRESOLVED	GRCh38|chr20|10988085|T|C	GRCh38|chr20|10988084|10988085|T|C	GRCh38|chr20|10988084|10988085|T|C	variant:sha256:8e1737df8d63fed5b75d0475b87e0bb4c47bb5141585c352035fb3cf98505251	variant:sha256:8e1737df8d63fed5b75d0475b87e0bb4c47bb5141585c352035fb3cf98505251	True	EXACT_NORMALIZED_ALLELE	PHASE1B_EXACT_NORMALIZED_ALLELE_V1	1.0.0	False	False
1628	run-phase1a-60z59-hg002-grch38-v421	event-run-phase1a-60z59-hg002-grch38-v421-record-1767	run-phase1a-ru88n-hg002-grch38-v421	event-run-phase1a-ru88n-hg002-grch38-v421-record-1761	CROSS_RUN_EQUIVALENCE_UNRESOLVED	GRCh38|chr20|10988243|C|T	GRCh38|chr20|10988242|10988243|C|T	GRCh38|chr20|10988242|10988243|C|T	variant:sha256:dfee2829f2b345fb5479c9c4a5d5a496390f3a56b087bda2f1d7900f1db54714	variant:sha256:dfee2829f2b345fb5479c9c4a5d5a496390f3a56b087bda2f1d7900f1db54714	True	EXACT_NORMALIZED_ALLELE	PHASE1B_EXACT_NORMALIZED_ALLELE_V1	1.0.0	False	False
1629	run-phase1a-60z59-hg002-grch38-v421	event-run-phase1a-60z59-hg002-grch38-v421-record-1768	run-phase1a-ru88n-hg002-grch38-v421	event-run-phase1a-ru88n-hg002-grch38-v421-record-1762	CROSS_RUN_EQUIVALENCE_UNRESOLVED	GRCh38|chr20|10988382|A|G	GRCh38|chr20|10988381|10988382|A|G	GRCh38|chr20|10988381|10988382|A|G	variant:sha256:2e7fdb48f5df4bc90c551db17fa16b216afc4ca2ed4685b64c323dcae7e21baa	variant:sha256:2e7fdb48f5df4bc90c551db17fa16b216afc4ca2ed4685b64c323dcae7e21baa	True	EXACT_NORMALIZED_ALLELE	PHASE1B_EXACT_NORMALIZED_ALLELE_V1	1.0.0	False	False
1630	run-phase1a-60z59-hg002-grch38-v421	event-run-phase1a-60z59-hg002-grch38-v421-record-1769	run-phase1a-ru88n-hg002-grch38-v421	event-run-phase1a-ru88n-hg002-grch38-v421-record-1763	CROSS_RUN_EQUIVALENCE_UNRESOLVED	GRCh38|chr20|10988447|C|CTT	GRCh38|chr20|10988446|10988447|C|CTT	GRCh38|chr20|10988446|10988447|C|CTT	variant:sha256:ec03a587f4c2a50edc99b6393eb0597a73460d3445bf81bb545c5a9a32bbc96e	variant:sha256:ec03a587f4c2a50edc99b6393eb0597a73460d3445bf81bb545c5a9a32bbc96e	True	EXACT_NORMALIZED_ALLELE	PHASE1B_EXACT_NORMALIZED_ALLELE_V1	1.0.0	False	False
1631	run-phase1a-60z59-hg002-grch38-v421	event-run-phase1a-60z59-hg002-grch38-v421-record-1770	run-phase1a-ru88n-hg002-grch38-v421	event-run-phase1a-ru88n-hg002-grch38-v421-record-1764	CROSS_RUN_EQUIVALENCE_UNRESOLVED	GRCh38|chr20|10988724|G|A	GRCh38|chr20|10988723|10988724|G|A	GRCh38|chr20|10988723|10988724|G|A	variant:sha256:f5e40dcf05c5881a036a4dfcbc4d83aeb83f12340ea03e24beab7e4f8d5ad8b0	variant:sha256:f5e40dcf05c5881a036a4dfcbc4d83aeb83f12340ea03e24beab7e4f8d5ad8b0	True	EXACT_NORMALIZED_ALLELE	PHASE1B_EXACT_NORMALIZED_ALLELE_V1	1.0.0	False	False
1632	run-phase1a-60z59-hg002-grch38-v421	event-run-phase1a-60z59-hg002-grch38-v421-record-1771	run-phase1a-ru88n-hg002-grch38-v421	event-run-phase1a-ru88n-hg002-grch38-v421-record-1765	CROSS_RUN_EQUIVALENCE_UNRESOLVED	GRCh38|chr20|10988875|CT|C	GRCh38|chr20|10988874|10988876|CT|C	GRCh38|chr20|10988874|10988876|CT|C	variant:sha256:ab492c185b06456c7d3a4c3f3fe944e3c40c6ba45c871fa52dd8d44d01baa366	variant:sha256:ab492c185b06456c7d3a4c3f3fe944e3c40c6ba45c871fa52dd8d44d01baa366	True	EXACT_NORMALIZED_ALLELE	PHASE1B_EXACT_NORMALIZED_ALLELE_V1	1.0.0	False	False
1633	run-phase1a-60z59-hg002-grch38-v421	event-run-phase1a-60z59-hg002-grch38-v421-record-1772	run-phase1a-ru88n-hg002-grch38-v421	event-run-phase1a-ru88n-hg002-grch38-v421-record-1766	CROSS_RUN_EQUIVALENCE_UNRESOLVED	GRCh38|chr20|10989139|CT|C	GRCh38|chr20|10989138|10989140|CT|C	GRCh38|chr20|10989138|10989140|CT|C	variant:sha256:aa8df6c1fdfbfce844200fb92ba42340df245506b037c19524bdc459bec304d3	variant:sha256:aa8df6c1fdfbfce844200fb92ba42340df245506b037c19524bdc459bec304d3	True	EXACT_NORMALIZED_ALLELE	PHASE1B_EXACT_NORMALIZED_ALLELE_V1	1.0.0	False	False
1634	run-phase1a-60z59-hg002-grch38-v421	event-run-phase1a-60z59-hg002-grch38-v421-record-1773	run-phase1a-ru88n-hg002-grch38-v421	event-run-phase1a-ru88n-hg002-grch38-v421-record-1767	CROSS_RUN_EQUIVALENCE_UNRESOLVED	GRCh38|chr20|10989553|G|A	GRCh38|chr20|10989552|10989553|G|A	GRCh38|chr20|10989552|10989553|G|A	variant:sha256:1e36f34115d909b5b7374c64422fdfa4400a73724b64f03c64bdbba64ebf4f9f	variant:sha256:1e36f34115d909b5b7374c64422fdfa4400a73724b64f03c64bdbba64ebf4f9f	True	EXACT_NORMALIZED_ALLELE	PHASE1B_EXACT_NORMALIZED_ALLELE_V1	1.0.0	False	False
1635	run-phase1a-60z59-hg002-grch38-v421	event-run-phase1a-60z59-hg002-grch38-v421-record-1774	run-phase1a-ru88n-hg002-grch38-v421	event-run-phase1a-ru88n-hg002-grch38-v421-record-1768	CROSS_RUN_EQUIVALENCE_UNRESOLVED	GRCh38|chr20|10989614|A|G	GRCh38|chr20|10989613|10989614|A|G	GRCh38|chr20|10989613|10989614|A|G	variant:sha256:bb076e5beccca36bd4dd102d55bdb1ce79270a91c277699a2622a26c22d18151	variant:sha256:bb076e5beccca36bd4dd102d55bdb1ce79270a91c277699a2622a26c22d18151	True	EXACT_NORMALIZED_ALLELE	PHASE1B_EXACT_NORMALIZED_ALLELE_V1	1.0.0	False	False
1636	run-phase1a-60z59-hg002-grch38-v421	event-run-phase1a-60z59-hg002-grch38-v421-record-1775	run-phase1a-ru88n-hg002-grch38-v421	event-run-phase1a-ru88n-hg002-grch38-v421-record-1769	CROSS_RUN_EQUIVALENCE_UNRESOLVED	GRCh38|chr20|10990075|G|GA	GRCh38|chr20|10990074|10990075|G|GA	GRCh38|chr20|10990074|10990075|G|GA	variant:sha256:01dc080ba867f757c141f1a524540c2c71b030554b5e1e0e9e8d7196fd25ee5a	variant:sha256:01dc080ba867f757c141f1a524540c2c71b030554b5e1e0e9e8d7196fd25ee5a	True	EXACT_NORMALIZED_ALLELE	PHASE1B_EXACT_NORMALIZED_ALLELE_V1	1.0.0	False	False
1637	run-phase1a-60z59-hg002-grch38-v421	event-run-phase1a-60z59-hg002-grch38-v421-record-1776	run-phase1a-ru88n-hg002-grch38-v421	event-run-phase1a-ru88n-hg002-grch38-v421-record-1770	CROSS_RUN_EQUIVALENCE_UNRESOLVED	GRCh38|chr20|10990605|AT|A	GRCh38|chr20|10990604|10990606|AT|A	GRCh38|chr20|10990604|10990606|AT|A	variant:sha256:5aa3e1e8c51bd7280edbb8467b2f71e48b2c4e6b45ffb2c49eaaf69f7d72c0ff	variant:sha256:5aa3e1e8c51bd7280edbb8467b2f71e48b2c4e6b45ffb2c49eaaf69f7d72c0ff	True	EXACT_NORMALIZED_ALLELE	PHASE1B_EXACT_NORMALIZED_ALLELE_V1	1.0.0	False	False
1638	run-phase1a-60z59-hg002-grch38-v421	event-run-phase1a-60z59-hg002-grch38-v421-record-1777	run-phase1a-ru88n-hg002-grch38-v421	event-run-phase1a-ru88n-hg002-grch38-v421-record-1771	CROSS_RUN_EQUIVALENCE_UNRESOLVED	GRCh38|chr20|10990681|T|TAC	GRCh38|chr20|10990680|10990681|T|TAC	GRCh38|chr20|10990680|10990681|T|TAC	variant:sha256:875107a79709b78b63d0c6dbd7e59b99d3b3439f4b92ccb9aa533acfd6a524bc	variant:sha256:875107a79709b78b63d0c6dbd7e59b99d3b3439f4b92ccb9aa533acfd6a524bc	True	EXACT_NORMALIZED_ALLELE	PHASE1B_EXACT_NORMALIZED_ALLELE_V1	1.0.0	False	False
1639	run-phase1a-60z59-hg002-grch38-v421	event-run-phase1a-60z59-hg002-grch38-v421-record-1778	run-phase1a-ru88n-hg002-grch38-v421	event-run-phase1a-ru88n-hg002-grch38-v421-record-1772	CROSS_RUN_EQUIVALENCE_UNRESOLVED	GRCh38|chr20|10990938|TC|T	GRCh38|chr20|10990937|10990939|TC|T	GRCh38|chr20|10990937|10990939|TC|T	variant:sha256:f22799eb7143ecc394aa06d7afd8f5e13927fe950e55da2226d61aec735a2be6	variant:sha256:f22799eb7143ecc394aa06d7afd8f5e13927fe950e55da2226d61aec735a2be6	True	EXACT_NORMALIZED_ALLELE	PHASE1B_EXACT_NORMALIZED_ALLELE_V1	1.0.0	False	False
1640	run-phase1a-60z59-hg002-grch38-v421	event-run-phase1a-60z59-hg002-grch38-v421-record-1779	run-phase1a-ru88n-hg002-grch38-v421	event-run-phase1a-ru88n-hg002-grch38-v421-record-1773	CROSS_RUN_EQUIVALENCE_UNRESOLVED	GRCh38|chr20|10991096|T|C	GRCh38|chr20|10991095|10991096|T|C	GRCh38|chr20|10991095|10991096|T|C	variant:sha256:e71cbf1629c8252af3cd6673a7285c671fa1813b7284c076b424e577b5755850	variant:sha256:e71cbf1629c8252af3cd6673a7285c671fa1813b7284c076b424e577b5755850	True	EXACT_NORMALIZED_ALLELE	PHASE1B_EXACT_NORMALIZED_ALLELE_V1	1.0.0	False	False
1641	run-phase1a-60z59-hg002-grch38-v421	event-run-phase1a-60z59-hg002-grch38-v421-record-1780	run-phase1a-ru88n-hg002-grch38-v421	event-run-phase1a-ru88n-hg002-grch38-v421-record-1774	CROSS_RUN_EQUIVALENCE_UNRESOLVED	GRCh38|chr20|10991434|A|G	GRCh38|chr20|10991433|10991434|A|G	GRCh38|chr20|10991433|10991434|A|G	variant:sha256:e19b3e466af98936869f320107a838532537d66e134212720ba2a8f83feab3aa	variant:sha256:e19b3e466af98936869f320107a838532537d66e134212720ba2a8f83feab3aa	True	EXACT_NORMALIZED_ALLELE	PHASE1B_EXACT_NORMALIZED_ALLELE_V1	1.0.0	False	False
1642	run-phase1a-60z59-hg002-grch38-v421	event-run-phase1a-60z59-hg002-grch38-v421-record-1781	run-phase1a-ru88n-hg002-grch38-v421	event-run-phase1a-ru88n-hg002-grch38-v421-record-1775	CROSS_RUN_EQUIVALENCE_UNRESOLVED	GRCh38|chr20|10991762|T|TA	GRCh38|chr20|10991761|10991762|T|TA	GRCh38|chr20|10991761|10991762|T|TA	variant:sha256:ef0b2fbd916cdb73689360bb2d77da6f8f449577f7526ea53e285531424ca0af	variant:sha256:ef0b2fbd916cdb73689360bb2d77da6f8f449577f7526ea53e285531424ca0af	True	EXACT_NORMALIZED_ALLELE	PHASE1B_EXACT_NORMALIZED_ALLELE_V1	1.0.0	False	False
1643	run-phase1a-60z59-hg002-grch38-v421	event-run-phase1a-60z59-hg002-grch38-v421-record-1782	run-phase1a-ru88n-hg002-grch38-v421	event-run-phase1a-ru88n-hg002-grch38-v421-record-1776	CROSS_RUN_EQUIVALENCE_UNRESOLVED	GRCh38|chr20|10992191|A|G	GRCh38|chr20|10992190|10992191|A|G	GRCh38|chr20|10992190|10992191|A|G	variant:sha256:922418462482f9f935ac04bd70f45de76394778db929b7ec853317896af97a0c	variant:sha256:922418462482f9f935ac04bd70f45de76394778db929b7ec853317896af97a0c	True	EXACT_NORMALIZED_ALLELE	PHASE1B_EXACT_NORMALIZED_ALLELE_V1	1.0.0	False	False
1644	run-phase1a-60z59-hg002-grch38-v421	event-run-phase1a-60z59-hg002-grch38-v421-record-1783	run-phase1a-ru88n-hg002-grch38-v421	event-run-phase1a-ru88n-hg002-grch38-v421-record-1777	CROSS_RUN_EQUIVALENCE_UNRESOLVED	GRCh38|chr20|10992610|G|T	GRCh38|chr20|10992609|10992610|G|T	GRCh38|chr20|10992609|10992610|G|T	variant:sha256:298555409b1c7d91d28e3a4c9a8c52a26b398963efa53d59117db3cbe34507f3	variant:sha256:298555409b1c7d91d28e3a4c9a8c52a26b398963efa53d59117db3cbe34507f3	True	EXACT_NORMALIZED_ALLELE	PHASE1B_EXACT_NORMALIZED_ALLELE_V1	1.0.0	False	False
1645	run-phase1a-60z59-hg002-grch38-v421	event-run-phase1a-60z59-hg002-grch38-v421-record-1784	run-phase1a-ru88n-hg002-grch38-v421	event-run-phase1a-ru88n-hg002-grch38-v421-record-1778	CROSS_RUN_EQUIVALENCE_UNRESOLVED	GRCh38|chr20|10993024|C|T	GRCh38|chr20|10993023|10993024|C|T	GRCh38|chr20|10993023|10993024|C|T	variant:sha256:907377bfcf22bc3c690d3093e4573b692273751f6730236e46289996c85b39f6	variant:sha256:907377bfcf22bc3c690d3093e4573b692273751f6730236e46289996c85b39f6	True	EXACT_NORMALIZED_ALLELE	PHASE1B_EXACT_NORMALIZED_ALLELE_V1	1.0.0	False	False
1646	run-phase1a-60z59-hg002-grch38-v421	event-run-phase1a-60z59-hg002-grch38-v421-record-1785	run-phase1a-ru88n-hg002-grch38-v421	event-run-phase1a-ru88n-hg002-grch38-v421-record-1779	CROSS_RUN_EQUIVALENCE_UNRESOLVED	GRCh38|chr20|10994137|C|G	GRCh38|chr20|10994136|10994137|C|G	GRCh38|chr20|10994136|10994137|C|G	variant:sha256:bd3fd260f2bc8300effb999e387cec8a058e7bd17c7804f31a0c6b23647758b4	variant:sha256:bd3fd260f2bc8300effb999e387cec8a058e7bd17c7804f31a0c6b23647758b4	True	EXACT_NORMALIZED_ALLELE	PHASE1B_EXACT_NORMALIZED_ALLELE_V1	1.0.0	False	False
1647	run-phase1a-60z59-hg002-grch38-v421	event-run-phase1a-60z59-hg002-grch38-v421-record-1786	run-phase1a-ru88n-hg002-grch38-v421	event-run-phase1a-ru88n-hg002-grch38-v421-record-1780	CROSS_RUN_EQUIVALENCE_UNRESOLVED	GRCh38|chr20|10994278|G|A	GRCh38|chr20|10994277|10994278|G|A	GRCh38|chr20|10994277|10994278|G|A	variant:sha256:6c83509e19e4ae799a39e693f7dcddb20baf5ba92500c0ab45a1e19555a6b911	variant:sha256:6c83509e19e4ae799a39e693f7dcddb20baf5ba92500c0ab45a1e19555a6b911	True	EXACT_NORMALIZED_ALLELE	PHASE1B_EXACT_NORMALIZED_ALLELE_V1	1.0.0	False	False
1648	run-phase1a-60z59-hg002-grch38-v421	event-run-phase1a-60z59-hg002-grch38-v421-record-1787	run-phase1a-ru88n-hg002-grch38-v421	event-run-phase1a-ru88n-hg002-grch38-v421-record-1781	CROSS_RUN_EQUIVALENCE_UNRESOLVED	GRCh38|chr20|10994314|T|C	GRCh38|chr20|10994313|10994314|T|C	GRCh38|chr20|10994313|10994314|T|C	variant:sha256:10691a4f5db83385d4b52a8ac0183acf82d85b7c97d465e2723ee086e48d9eb7	variant:sha256:10691a4f5db83385d4b52a8ac0183acf82d85b7c97d465e2723ee086e48d9eb7	True	EXACT_NORMALIZED_ALLELE	PHASE1B_EXACT_NORMALIZED_ALLELE_V1	1.0.0	False	False
1649	run-phase1a-60z59-hg002-grch38-v421	event-run-phase1a-60z59-hg002-grch38-v421-record-1788	run-phase1a-ru88n-hg002-grch38-v421	event-run-phase1a-ru88n-hg002-grch38-v421-record-1782	CROSS_RUN_EQUIVALENCE_UNRESOLVED	GRCh38|chr20|10994562|A|T	GRCh38|chr20|10994561|10994562|A|T	GRCh38|chr20|10994561|10994562|A|T	variant:sha256:86a854e6dac1359eabba0b0b7f85212cb62584767573713745dfa1ce051b7c4e	variant:sha256:86a854e6dac1359eabba0b0b7f85212cb62584767573713745dfa1ce051b7c4e	True	EXACT_NORMALIZED_ALLELE	PHASE1B_EXACT_NORMALIZED_ALLELE_V1	1.0.0	False	False
1650	run-phase1a-60z59-hg002-grch38-v421	event-run-phase1a-60z59-hg002-grch38-v421-record-1789	run-phase1a-ru88n-hg002-grch38-v421	event-run-phase1a-ru88n-hg002-grch38-v421-record-1783	CROSS_RUN_EQUIVALENCE_UNRESOLVED	GRCh38|chr20|10994637|A|G	GRCh38|chr20|10994636|10994637|A|G	GRCh38|chr20|10994636|10994637|A|G	variant:sha256:60050a9aa4bab21e7b361b1259e3bf3b72aed19fe58ea5170f902763ae2372f4	variant:sha256:60050a9aa4bab21e7b361b1259e3bf3b72aed19fe58ea5170f902763ae2372f4	True	EXACT_NORMALIZED_ALLELE	PHASE1B_EXACT_NORMALIZED_ALLELE_V1	1.0.0	False	False
1651	run-phase1a-60z59-hg002-grch38-v421	event-run-phase1a-60z59-hg002-grch38-v421-record-1790	run-phase1a-ru88n-hg002-grch38-v421	event-run-phase1a-ru88n-hg002-grch38-v421-record-1784	CROSS_RUN_EQUIVALENCE_UNRESOLVED	GRCh38|chr20|10995023|C|T	GRCh38|chr20|10995022|10995023|C|T	GRCh38|chr20|10995022|10995023|C|T	variant:sha256:0f93b1a201bee30bd656fcbd72952e77f236157dc400b8a8e7dfd5d8839b607a	variant:sha256:0f93b1a201bee30bd656fcbd72952e77f236157dc400b8a8e7dfd5d8839b607a	True	EXACT_NORMALIZED_ALLELE	PHASE1B_EXACT_NORMALIZED_ALLELE_V1	1.0.0	False	False
1652	run-phase1a-60z59-hg002-grch38-v421	event-run-phase1a-60z59-hg002-grch38-v421-record-1791	run-phase1a-ru88n-hg002-grch38-v421	event-run-phase1a-ru88n-hg002-grch38-v421-record-1785	CROSS_RUN_EQUIVALENCE_UNRESOLVED	GRCh38|chr20|10995398|C|G	GRCh38|chr20|10995397|10995398|C|G	GRCh38|chr20|10995397|10995398|C|G	variant:sha256:9ee9253e9cb2a4a30d2fe4c8e4980035db34283eecb102a45ee319de36ec68ab	variant:sha256:9ee9253e9cb2a4a30d2fe4c8e4980035db34283eecb102a45ee319de36ec68ab	True	EXACT_NORMALIZED_ALLELE	PHASE1B_EXACT_NORMALIZED_ALLELE_V1	1.0.0	False	False
1653	run-phase1a-60z59-hg002-grch38-v421	event-run-phase1a-60z59-hg002-grch38-v421-record-1792	run-phase1a-ru88n-hg002-grch38-v421	event-run-phase1a-ru88n-hg002-grch38-v421-record-1786	CROSS_RUN_EQUIVALENCE_UNRESOLVED	GRCh38|chr20|10996306|A|G	GRCh38|chr20|10996305|10996306|A|G	GRCh38|chr20|10996305|10996306|A|G	variant:sha256:e520d2e3503edeafe064c3adad9c48b5bce53231e9b2f62f4bada12215d61031	variant:sha256:e520d2e3503edeafe064c3adad9c48b5bce53231e9b2f62f4bada12215d61031	True	EXACT_NORMALIZED_ALLELE	PHASE1B_EXACT_NORMALIZED_ALLELE_V1	1.0.0	False	False
1654	run-phase1a-60z59-hg002-grch38-v421	event-run-phase1a-60z59-hg002-grch38-v421-record-1793	run-phase1a-ru88n-hg002-grch38-v421	event-run-phase1a-ru88n-hg002-grch38-v421-record-1787	CROSS_RUN_EQUIVALENCE_UNRESOLVED	GRCh38|chr20|10996902|A|G	GRCh38|chr20|10996901|10996902|A|G	GRCh38|chr20|10996901|10996902|A|G	variant:sha256:d60884f3ce7782e64fad57404d1e2607eab148383a8c89f53172054ec263b507	variant:sha256:d60884f3ce7782e64fad57404d1e2607eab148383a8c89f53172054ec263b507	True	EXACT_NORMALIZED_ALLELE	PHASE1B_EXACT_NORMALIZED_ALLELE_V1	1.0.0	False	False
1655	run-phase1a-60z59-hg002-grch38-v421	event-run-phase1a-60z59-hg002-grch38-v421-record-1794	run-phase1a-ru88n-hg002-grch38-v421	event-run-phase1a-ru88n-hg002-grch38-v421-record-1788	CROSS_RUN_EQUIVALENCE_UNRESOLVED	GRCh38|chr20|10996983|A|G	GRCh38|chr20|10996982|10996983|A|G	GRCh38|chr20|10996982|10996983|A|G	variant:sha256:35183a7feda791dde69a3803824aa5c195ade55484fe3b1ece89ffd7c9e3ad2b	variant:sha256:35183a7feda791dde69a3803824aa5c195ade55484fe3b1ece89ffd7c9e3ad2b	True	EXACT_NORMALIZED_ALLELE	PHASE1B_EXACT_NORMALIZED_ALLELE_V1	1.0.0	False	False
1656	run-phase1a-60z59-hg002-grch38-v421	event-run-phase1a-60z59-hg002-grch38-v421-record-1795	run-phase1a-ru88n-hg002-grch38-v421	event-run-phase1a-ru88n-hg002-grch38-v421-record-1789	CROSS_RUN_EQUIVALENCE_UNRESOLVED	GRCh38|chr20|10997230|G|A	GRCh38|chr20|10997229|10997230|G|A	GRCh38|chr20|10997229|10997230|G|A	variant:sha256:f8f7f68444fdedd851d6a11664923f0b4fc48bb3381e4432401e11cf10db5c3b	variant:sha256:f8f7f68444fdedd851d6a11664923f0b4fc48bb3381e4432401e11cf10db5c3b	True	EXACT_NORMALIZED_ALLELE	PHASE1B_EXACT_NORMALIZED_ALLELE_V1	1.0.0	False	False
1657	run-phase1a-60z59-hg002-grch38-v421	event-run-phase1a-60z59-hg002-grch38-v421-record-1796	run-phase1a-ru88n-hg002-grch38-v421	event-run-phase1a-ru88n-hg002-grch38-v421-record-1790	CROSS_RUN_EQUIVALENCE_UNRESOLVED	GRCh38|chr20|10997264|T|C	GRCh38|chr20|10997263|10997264|T|C	GRCh38|chr20|10997263|10997264|T|C	variant:sha256:8148a81c9c73449537a4852ed28fa08d4249ec761fcb894cfb452a45b91d5ff4	variant:sha256:8148a81c9c73449537a4852ed28fa08d4249ec761fcb894cfb452a45b91d5ff4	True	EXACT_NORMALIZED_ALLELE	PHASE1B_EXACT_NORMALIZED_ALLELE_V1	1.0.0	False	False
1658	run-phase1a-60z59-hg002-grch38-v421	event-run-phase1a-60z59-hg002-grch38-v421-record-1797	run-phase1a-ru88n-hg002-grch38-v421	event-run-phase1a-ru88n-hg002-grch38-v421-record-1791	CROSS_RUN_EQUIVALENCE_UNRESOLVED	GRCh38|chr20|10997299|G|GTATTTATT	GRCh38|chr20|10997298|10997299|G|GTATTTATT	GRCh38|chr20|10997298|10997299|G|GTATTTATT	variant:sha256:e1ed48cb8fbd39f4e94ee2746ca18063aeda9a0109a218a8fd45be457229da60	variant:sha256:e1ed48cb8fbd39f4e94ee2746ca18063aeda9a0109a218a8fd45be457229da60	True	EXACT_NORMALIZED_ALLELE	PHASE1B_EXACT_NORMALIZED_ALLELE_V1	1.0.0	False	False
1659	run-phase1a-60z59-hg002-grch38-v421	event-run-phase1a-60z59-hg002-grch38-v421-record-1798	run-phase1a-ru88n-hg002-grch38-v421	event-run-phase1a-ru88n-hg002-grch38-v421-record-1792	CROSS_RUN_EQUIVALENCE_UNRESOLVED	GRCh38|chr20|10998096|T|C	GRCh38|chr20|10998095|10998096|T|C	GRCh38|chr20|10998095|10998096|T|C	variant:sha256:c2993e1fddda626f3828244afc585276f27053f161560d1ac5d990e26b75010d	variant:sha256:c2993e1fddda626f3828244afc585276f27053f161560d1ac5d990e26b75010d	True	EXACT_NORMALIZED_ALLELE	PHASE1B_EXACT_NORMALIZED_ALLELE_V1	1.0.0	False	False
1660	run-phase1a-60z59-hg002-grch38-v421	event-run-phase1a-60z59-hg002-grch38-v421-record-1799	run-phase1a-ru88n-hg002-grch38-v421	event-run-phase1a-ru88n-hg002-grch38-v421-record-1793	CROSS_RUN_EQUIVALENCE_UNRESOLVED	GRCh38|chr20|10998362|C|A	GRCh38|chr20|10998361|10998362|C|A	GRCh38|chr20|10998361|10998362|C|A	variant:sha256:e4af1ceb02b0816c2356418b40adf69f1e144fc4cdf97819c0df9c065ae55983	variant:sha256:e4af1ceb02b0816c2356418b40adf69f1e144fc4cdf97819c0df9c065ae55983	True	EXACT_NORMALIZED_ALLELE	PHASE1B_EXACT_NORMALIZED_ALLELE_V1	1.0.0	False	False
1661	run-phase1a-60z59-hg002-grch38-v421	event-run-phase1a-60z59-hg002-grch38-v421-record-1800	run-phase1a-ru88n-hg002-grch38-v421	event-run-phase1a-ru88n-hg002-grch38-v421-record-1794	CROSS_RUN_EQUIVALENCE_UNRESOLVED	GRCh38|chr20|10998396|G|A	GRCh38|chr20|10998395|10998396|G|A	GRCh38|chr20|10998395|10998396|G|A	variant:sha256:4d93e9dcf52ba1200c603bce724104794109e66f07bd31c18221fc455779c003	variant:sha256:4d93e9dcf52ba1200c603bce724104794109e66f07bd31c18221fc455779c003	True	EXACT_NORMALIZED_ALLELE	PHASE1B_EXACT_NORMALIZED_ALLELE_V1	1.0.0	False	False
1662	run-phase1a-60z59-hg002-grch38-v421	event-run-phase1a-60z59-hg002-grch38-v421-record-1801	run-phase1a-ru88n-hg002-grch38-v421	event-run-phase1a-ru88n-hg002-grch38-v421-record-1795	CROSS_RUN_EQUIVALENCE_UNRESOLVED	GRCh38|chr20|10998441|G|T	GRCh38|chr20|10998440|10998441|G|T	GRCh38|chr20|10998440|10998441|G|T	variant:sha256:83471a8a9e904b3fa534e737c9aa26a88f7476cb7932ced51fb20ce94736cd6c	variant:sha256:83471a8a9e904b3fa534e737c9aa26a88f7476cb7932ced51fb20ce94736cd6c	True	EXACT_NORMALIZED_ALLELE	PHASE1B_EXACT_NORMALIZED_ALLELE_V1	1.0.0	False	False
1663	run-phase1a-60z59-hg002-grch38-v421	event-run-phase1a-60z59-hg002-grch38-v421-record-1802	run-phase1a-ru88n-hg002-grch38-v421	event-run-phase1a-ru88n-hg002-grch38-v421-record-1796	CROSS_RUN_EQUIVALENCE_UNRESOLVED	GRCh38|chr20|10998454|T|G	GRCh38|chr20|10998453|10998454|T|G	GRCh38|chr20|10998453|10998454|T|G	variant:sha256:587ad397c87153edcfc8941c73047c6d7b7fbd699a1608249f44af69662076aa	variant:sha256:587ad397c87153edcfc8941c73047c6d7b7fbd699a1608249f44af69662076aa	True	EXACT_NORMALIZED_ALLELE	PHASE1B_EXACT_NORMALIZED_ALLELE_V1	1.0.0	False	False
1664	run-phase1a-60z59-hg002-grch38-v421	event-run-phase1a-60z59-hg002-grch38-v421-record-1803	run-phase1a-ru88n-hg002-grch38-v421	event-run-phase1a-ru88n-hg002-grch38-v421-record-1797	CROSS_RUN_EQUIVALENCE_UNRESOLVED	GRCh38|chr20|10998873|G|A	GRCh38|chr20|10998872|10998873|G|A	GRCh38|chr20|10998872|10998873|G|A	variant:sha256:eb9d093f60049b708dc8c22a1cd23c06b8d7014a7ecd9faa671a610975cf8497	variant:sha256:eb9d093f60049b708dc8c22a1cd23c06b8d7014a7ecd9faa671a610975cf8497	True	EXACT_NORMALIZED_ALLELE	PHASE1B_EXACT_NORMALIZED_ALLELE_V1	1.0.0	False	False
1665	run-phase1a-60z59-hg002-grch38-v421	event-run-phase1a-60z59-hg002-grch38-v421-record-1804	run-phase1a-ru88n-hg002-grch38-v421	event-run-phase1a-ru88n-hg002-grch38-v421-record-1798	CROSS_RUN_EQUIVALENCE_UNRESOLVED	GRCh38|chr20|10999386|A|G	GRCh38|chr20|10999385|10999386|A|G	GRCh38|chr20|10999385|10999386|A|G	variant:sha256:d821bcbd1d1ab74eb29aeb89f7cbad7dc346fa6baa2cf6a1120d612f67259287	variant:sha256:d821bcbd1d1ab74eb29aeb89f7cbad7dc346fa6baa2cf6a1120d612f67259287	True	EXACT_NORMALIZED_ALLELE	PHASE1B_EXACT_NORMALIZED_ALLELE_V1	1.0.0	False	False
1666	run-phase1a-60z59-hg002-grch38-v421	event-run-phase1a-60z59-hg002-grch38-v421-record-1805	run-phase1a-ru88n-hg002-grch38-v421	event-run-phase1a-ru88n-hg002-grch38-v421-record-1799	CROSS_RUN_EQUIVALENCE_UNRESOLVED	GRCh38|chr20|10999539|G|A	GRCh38|chr20|10999538|10999539|G|A	GRCh38|chr20|10999538|10999539|G|A	variant:sha256:eaf52005ee44493b0b00078c5cde7c0764467da464abb702ec8f14b7bf66ca5f	variant:sha256:eaf52005ee44493b0b00078c5cde7c0764467da464abb702ec8f14b7bf66ca5f	True	EXACT_NORMALIZED_ALLELE	PHASE1B_EXACT_NORMALIZED_ALLELE_V1	1.0.0	False	False
