candidate_number	run_a	event_a	run_b	event_b	phase1a_candidate_status	candidate_lookup_key_matches_event_a	candidate_lookup_key_matches_event_b	run_a_matches_event_a	run_b_matches_event_b	event_a_observation_count	event_b_observation_count	event_a_unique_normalized_alleles	event_b_unique_normalized_alleles	event_a_structure	event_b_structure	candidate_structure	phase1b_identity_status
1	run-phase1a-60z59-hg002-grch38-v421	event-run-phase1a-60z59-hg002-grch38-v421-record-2	run-phase1a-ru88n-hg002-grch38-v421	event-run-phase1a-ru88n-hg002-grch38-v421-record-2	CROSS_RUN_EQUIVALENCE_UNRESOLVED	True	True	True	True	2	2	1	1	SINGLE_NORMALIZED_ALLELE	SINGLE_NORMALIZED_ALLELE	SINGLE_NORMALIZED_ALLELE__SINGLE_NORMALIZED_ALLELE	NOT_ASSIGNED_IN_STRUCTURE_AUDIT
2	run-phase1a-60z59-hg002-grch38-v421	event-run-phase1a-60z59-hg002-grch38-v421-record-3	run-phase1a-ru88n-hg002-grch38-v421	event-run-phase1a-ru88n-hg002-grch38-v421-record-3	CROSS_RUN_EQUIVALENCE_UNRESOLVED	True	True	True	True	2	2	1	1	SINGLE_NORMALIZED_ALLELE	SINGLE_NORMALIZED_ALLELE	SINGLE_NORMALIZED_ALLELE__SINGLE_NORMALIZED_ALLELE	NOT_ASSIGNED_IN_STRUCTURE_AUDIT
3	run-phase1a-60z59-hg002-grch38-v421	event-run-phase1a-60z59-hg002-grch38-v421-record-4	run-phase1a-ru88n-hg002-grch38-v421	event-run-phase1a-ru88n-hg002-grch38-v421-record-4	CROSS_RUN_EQUIVALENCE_UNRESOLVED	True	True	True	True	2	2	1	1	SINGLE_NORMALIZED_ALLELE	SINGLE_NORMALIZED_ALLELE	SINGLE_NORMALIZED_ALLELE__SINGLE_NORMALIZED_ALLELE	NOT_ASSIGNED_IN_STRUCTURE_AUDIT
4	run-phase1a-60z59-hg002-grch38-v421	event-run-phase1a-60z59-hg002-grch38-v421-record-5	run-phase1a-ru88n-hg002-grch38-v421	event-run-phase1a-ru88n-hg002-grch38-v421-record-5	CROSS_RUN_EQUIVALENCE_UNRESOLVED	True	True	True	True	2	2	1	1	SINGLE_NORMALIZED_ALLELE	SINGLE_NORMALIZED_ALLELE	SINGLE_NORMALIZED_ALLELE__SINGLE_NORMALIZED_ALLELE	NOT_ASSIGNED_IN_STRUCTURE_AUDIT
5	run-phase1a-60z59-hg002-grch38-v421	event-run-phase1a-60z59-hg002-grch38-v421-record-6	run-phase1a-ru88n-hg002-grch38-v421	event-run-phase1a-ru88n-hg002-grch38-v421-record-6	CROSS_RUN_EQUIVALENCE_UNRESOLVED	True	True	True	True	2	2	1	1	SINGLE_NORMALIZED_ALLELE	SINGLE_NORMALIZED_ALLELE	SINGLE_NORMALIZED_ALLELE__SINGLE_NORMALIZED_ALLELE	NOT_ASSIGNED_IN_STRUCTURE_AUDIT
6	run-phase1a-60z59-hg002-grch38-v421	event-run-phase1a-60z59-hg002-grch38-v421-record-7	run-phase1a-ru88n-hg002-grch38-v421	event-run-phase1a-ru88n-hg002-grch38-v421-record-7	CROSS_RUN_EQUIVALENCE_UNRESOLVED	True	True	True	True	2	2	1	1	SINGLE_NORMALIZED_ALLELE	SINGLE_NORMALIZED_ALLELE	SINGLE_NORMALIZED_ALLELE__SINGLE_NORMALIZED_ALLELE	NOT_ASSIGNED_IN_STRUCTURE_AUDIT
7	run-phase1a-60z59-hg002-grch38-v421	event-run-phase1a-60z59-hg002-grch38-v421-record-9	run-phase1a-ru88n-hg002-grch38-v421	event-run-phase1a-ru88n-hg002-grch38-v421-record-9	CROSS_RUN_EQUIVALENCE_UNRESOLVED	True	True	True	True	2	2	1	1	SINGLE_NORMALIZED_ALLELE	SINGLE_NORMALIZED_ALLELE	SINGLE_NORMALIZED_ALLELE__SINGLE_NORMALIZED_ALLELE	NOT_ASSIGNED_IN_STRUCTURE_AUDIT
8	run-phase1a-60z59-hg002-grch38-v421	event-run-phase1a-60z59-hg002-grch38-v421-record-10	run-phase1a-ru88n-hg002-grch38-v421	event-run-phase1a-ru88n-hg002-grch38-v421-record-10	CROSS_RUN_EQUIVALENCE_UNRESOLVED	True	True	True	True	2	2	1	1	SINGLE_NORMALIZED_ALLELE	SINGLE_NORMALIZED_ALLELE	SINGLE_NORMALIZED_ALLELE__SINGLE_NORMALIZED_ALLELE	NOT_ASSIGNED_IN_STRUCTURE_AUDIT
9	run-phase1a-60z59-hg002-grch38-v421	event-run-phase1a-60z59-hg002-grch38-v421-record-11	run-phase1a-ru88n-hg002-grch38-v421	event-run-phase1a-ru88n-hg002-grch38-v421-record-11	CROSS_RUN_EQUIVALENCE_UNRESOLVED	True	True	True	True	2	2	1	1	SINGLE_NORMALIZED_ALLELE	SINGLE_NORMALIZED_ALLELE	SINGLE_NORMALIZED_ALLELE__SINGLE_NORMALIZED_ALLELE	NOT_ASSIGNED_IN_STRUCTURE_AUDIT
10	run-phase1a-60z59-hg002-grch38-v421	event-run-phase1a-60z59-hg002-grch38-v421-record-12	run-phase1a-ru88n-hg002-grch38-v421	event-run-phase1a-ru88n-hg002-grch38-v421-record-12	CROSS_RUN_EQUIVALENCE_UNRESOLVED	True	True	True	True	2	2	1	1	SINGLE_NORMALIZED_ALLELE	SINGLE_NORMALIZED_ALLELE	SINGLE_NORMALIZED_ALLELE__SINGLE_NORMALIZED_ALLELE	NOT_ASSIGNED_IN_STRUCTURE_AUDIT
11	run-phase1a-60z59-hg002-grch38-v421	event-run-phase1a-60z59-hg002-grch38-v421-record-13	run-phase1a-ru88n-hg002-grch38-v421	event-run-phase1a-ru88n-hg002-grch38-v421-record-13	CROSS_RUN_EQUIVALENCE_UNRESOLVED	True	True	True	True	2	2	1	1	SINGLE_NORMALIZED_ALLELE	SINGLE_NORMALIZED_ALLELE	SINGLE_NORMALIZED_ALLELE__SINGLE_NORMALIZED_ALLELE	NOT_ASSIGNED_IN_STRUCTURE_AUDIT
12	run-phase1a-60z59-hg002-grch38-v421	event-run-phase1a-60z59-hg002-grch38-v421-record-14	run-phase1a-ru88n-hg002-grch38-v421	event-run-phase1a-ru88n-hg002-grch38-v421-record-14	CROSS_RUN_EQUIVALENCE_UNRESOLVED	True	True	True	True	2	2	1	1	SINGLE_NORMALIZED_ALLELE	SINGLE_NORMALIZED_ALLELE	SINGLE_NORMALIZED_ALLELE__SINGLE_NORMALIZED_ALLELE	NOT_ASSIGNED_IN_STRUCTURE_AUDIT
13	run-phase1a-60z59-hg002-grch38-v421	event-run-phase1a-60z59-hg002-grch38-v421-record-15	run-phase1a-ru88n-hg002-grch38-v421	event-run-phase1a-ru88n-hg002-grch38-v421-record-15	CROSS_RUN_EQUIVALENCE_UNRESOLVED	True	True	True	True	2	2	1	1	SINGLE_NORMALIZED_ALLELE	SINGLE_NORMALIZED_ALLELE	SINGLE_NORMALIZED_ALLELE__SINGLE_NORMALIZED_ALLELE	NOT_ASSIGNED_IN_STRUCTURE_AUDIT
14	run-phase1a-60z59-hg002-grch38-v421	event-run-phase1a-60z59-hg002-grch38-v421-record-16	run-phase1a-ru88n-hg002-grch38-v421	event-run-phase1a-ru88n-hg002-grch38-v421-record-16	CROSS_RUN_EQUIVALENCE_UNRESOLVED	True	True	True	True	2	2	1	1	SINGLE_NORMALIZED_ALLELE	SINGLE_NORMALIZED_ALLELE	SINGLE_NORMALIZED_ALLELE__SINGLE_NORMALIZED_ALLELE	NOT_ASSIGNED_IN_STRUCTURE_AUDIT
15	run-phase1a-60z59-hg002-grch38-v421	event-run-phase1a-60z59-hg002-grch38-v421-record-17	run-phase1a-ru88n-hg002-grch38-v421	event-run-phase1a-ru88n-hg002-grch38-v421-record-17	CROSS_RUN_EQUIVALENCE_UNRESOLVED	True	True	True	True	2	2	1	1	SINGLE_NORMALIZED_ALLELE	SINGLE_NORMALIZED_ALLELE	SINGLE_NORMALIZED_ALLELE__SINGLE_NORMALIZED_ALLELE	NOT_ASSIGNED_IN_STRUCTURE_AUDIT
16	run-phase1a-60z59-hg002-grch38-v421	event-run-phase1a-60z59-hg002-grch38-v421-record-18	run-phase1a-ru88n-hg002-grch38-v421	event-run-phase1a-ru88n-hg002-grch38-v421-record-18	CROSS_RUN_EQUIVALENCE_UNRESOLVED	True	True	True	True	2	2	1	1	SINGLE_NORMALIZED_ALLELE	SINGLE_NORMALIZED_ALLELE	SINGLE_NORMALIZED_ALLELE__SINGLE_NORMALIZED_ALLELE	NOT_ASSIGNED_IN_STRUCTURE_AUDIT
17	run-phase1a-60z59-hg002-grch38-v421	event-run-phase1a-60z59-hg002-grch38-v421-record-19	run-phase1a-ru88n-hg002-grch38-v421	event-run-phase1a-ru88n-hg002-grch38-v421-record-19	CROSS_RUN_EQUIVALENCE_UNRESOLVED	True	True	True	True	2	2	1	1	SINGLE_NORMALIZED_ALLELE	SINGLE_NORMALIZED_ALLELE	SINGLE_NORMALIZED_ALLELE__SINGLE_NORMALIZED_ALLELE	NOT_ASSIGNED_IN_STRUCTURE_AUDIT
18	run-phase1a-60z59-hg002-grch38-v421	event-run-phase1a-60z59-hg002-grch38-v421-record-20	run-phase1a-ru88n-hg002-grch38-v421	event-run-phase1a-ru88n-hg002-grch38-v421-record-20	CROSS_RUN_EQUIVALENCE_UNRESOLVED	True	True	True	True	2	2	1	1	SINGLE_NORMALIZED_ALLELE	SINGLE_NORMALIZED_ALLELE	SINGLE_NORMALIZED_ALLELE__SINGLE_NORMALIZED_ALLELE	NOT_ASSIGNED_IN_STRUCTURE_AUDIT
19	run-phase1a-60z59-hg002-grch38-v421	event-run-phase1a-60z59-hg002-grch38-v421-record-21	run-phase1a-ru88n-hg002-grch38-v421	event-run-phase1a-ru88n-hg002-grch38-v421-record-21	CROSS_RUN_EQUIVALENCE_UNRESOLVED	True	True	True	True	2	2	1	1	SINGLE_NORMALIZED_ALLELE	SINGLE_NORMALIZED_ALLELE	SINGLE_NORMALIZED_ALLELE__SINGLE_NORMALIZED_ALLELE	NOT_ASSIGNED_IN_STRUCTURE_AUDIT
20	run-phase1a-60z59-hg002-grch38-v421	event-run-phase1a-60z59-hg002-grch38-v421-record-22	run-phase1a-ru88n-hg002-grch38-v421	event-run-phase1a-ru88n-hg002-grch38-v421-record-22	CROSS_RUN_EQUIVALENCE_UNRESOLVED	True	True	True	True	2	2	1	1	SINGLE_NORMALIZED_ALLELE	SINGLE_NORMALIZED_ALLELE	SINGLE_NORMALIZED_ALLELE__SINGLE_NORMALIZED_ALLELE	NOT_ASSIGNED_IN_STRUCTURE_AUDIT
21	run-phase1a-60z59-hg002-grch38-v421	event-run-phase1a-60z59-hg002-grch38-v421-record-23	run-phase1a-ru88n-hg002-grch38-v421	event-run-phase1a-ru88n-hg002-grch38-v421-record-23	CROSS_RUN_EQUIVALENCE_UNRESOLVED	True	True	True	True	2	2	1	1	SINGLE_NORMALIZED_ALLELE	SINGLE_NORMALIZED_ALLELE	SINGLE_NORMALIZED_ALLELE__SINGLE_NORMALIZED_ALLELE	NOT_ASSIGNED_IN_STRUCTURE_AUDIT
22	run-phase1a-60z59-hg002-grch38-v421	event-run-phase1a-60z59-hg002-grch38-v421-record-24	run-phase1a-ru88n-hg002-grch38-v421	event-run-phase1a-ru88n-hg002-grch38-v421-record-24	CROSS_RUN_EQUIVALENCE_UNRESOLVED	True	True	True	True	2	2	1	1	SINGLE_NORMALIZED_ALLELE	SINGLE_NORMALIZED_ALLELE	SINGLE_NORMALIZED_ALLELE__SINGLE_NORMALIZED_ALLELE	NOT_ASSIGNED_IN_STRUCTURE_AUDIT
23	run-phase1a-60z59-hg002-grch38-v421	event-run-phase1a-60z59-hg002-grch38-v421-record-25	run-phase1a-ru88n-hg002-grch38-v421	event-run-phase1a-ru88n-hg002-grch38-v421-record-25	CROSS_RUN_EQUIVALENCE_UNRESOLVED	True	True	True	True	2	2	1	1	SINGLE_NORMALIZED_ALLELE	SINGLE_NORMALIZED_ALLELE	SINGLE_NORMALIZED_ALLELE__SINGLE_NORMALIZED_ALLELE	NOT_ASSIGNED_IN_STRUCTURE_AUDIT
24	run-phase1a-60z59-hg002-grch38-v421	event-run-phase1a-60z59-hg002-grch38-v421-record-26	run-phase1a-ru88n-hg002-grch38-v421	event-run-phase1a-ru88n-hg002-grch38-v421-record-26	CROSS_RUN_EQUIVALENCE_UNRESOLVED	True	True	True	True	2	2	1	1	SINGLE_NORMALIZED_ALLELE	SINGLE_NORMALIZED_ALLELE	SINGLE_NORMALIZED_ALLELE__SINGLE_NORMALIZED_ALLELE	NOT_ASSIGNED_IN_STRUCTURE_AUDIT
25	run-phase1a-60z59-hg002-grch38-v421	event-run-phase1a-60z59-hg002-grch38-v421-record-27	run-phase1a-ru88n-hg002-grch38-v421	event-run-phase1a-ru88n-hg002-grch38-v421-record-27	CROSS_RUN_EQUIVALENCE_UNRESOLVED	True	True	True	True	2	2	1	1	SINGLE_NORMALIZED_ALLELE	SINGLE_NORMALIZED_ALLELE	SINGLE_NORMALIZED_ALLELE__SINGLE_NORMALIZED_ALLELE	NOT_ASSIGNED_IN_STRUCTURE_AUDIT
26	run-phase1a-60z59-hg002-grch38-v421	event-run-phase1a-60z59-hg002-grch38-v421-record-28	run-phase1a-ru88n-hg002-grch38-v421	event-run-phase1a-ru88n-hg002-grch38-v421-record-28	CROSS_RUN_EQUIVALENCE_UNRESOLVED	True	True	True	True	2	2	1	1	SINGLE_NORMALIZED_ALLELE	SINGLE_NORMALIZED_ALLELE	SINGLE_NORMALIZED_ALLELE__SINGLE_NORMALIZED_ALLELE	NOT_ASSIGNED_IN_STRUCTURE_AUDIT
27	run-phase1a-60z59-hg002-grch38-v421	event-run-phase1a-60z59-hg002-grch38-v421-record-29	run-phase1a-ru88n-hg002-grch38-v421	event-run-phase1a-ru88n-hg002-grch38-v421-record-29	CROSS_RUN_EQUIVALENCE_UNRESOLVED	True	True	True	True	2	2	1	1	SINGLE_NORMALIZED_ALLELE	SINGLE_NORMALIZED_ALLELE	SINGLE_NORMALIZED_ALLELE__SINGLE_NORMALIZED_ALLELE	NOT_ASSIGNED_IN_STRUCTURE_AUDIT
28	run-phase1a-60z59-hg002-grch38-v421	event-run-phase1a-60z59-hg002-grch38-v421-record-30	run-phase1a-ru88n-hg002-grch38-v421	event-run-phase1a-ru88n-hg002-grch38-v421-record-30	CROSS_RUN_EQUIVALENCE_UNRESOLVED	True	True	True	True	2	2	1	1	SINGLE_NORMALIZED_ALLELE	SINGLE_NORMALIZED_ALLELE	SINGLE_NORMALIZED_ALLELE__SINGLE_NORMALIZED_ALLELE	NOT_ASSIGNED_IN_STRUCTURE_AUDIT
29	run-phase1a-60z59-hg002-grch38-v421	event-run-phase1a-60z59-hg002-grch38-v421-record-31	run-phase1a-ru88n-hg002-grch38-v421	event-run-phase1a-ru88n-hg002-grch38-v421-record-31	CROSS_RUN_EQUIVALENCE_UNRESOLVED	True	True	True	True	2	2	1	1	SINGLE_NORMALIZED_ALLELE	SINGLE_NORMALIZED_ALLELE	SINGLE_NORMALIZED_ALLELE__SINGLE_NORMALIZED_ALLELE	NOT_ASSIGNED_IN_STRUCTURE_AUDIT
30	run-phase1a-60z59-hg002-grch38-v421	event-run-phase1a-60z59-hg002-grch38-v421-record-32	run-phase1a-ru88n-hg002-grch38-v421	event-run-phase1a-ru88n-hg002-grch38-v421-record-32	CROSS_RUN_EQUIVALENCE_UNRESOLVED	True	True	True	True	2	2	1	1	SINGLE_NORMALIZED_ALLELE	SINGLE_NORMALIZED_ALLELE	SINGLE_NORMALIZED_ALLELE__SINGLE_NORMALIZED_ALLELE	NOT_ASSIGNED_IN_STRUCTURE_AUDIT
31	run-phase1a-60z59-hg002-grch38-v421	event-run-phase1a-60z59-hg002-grch38-v421-record-33	run-phase1a-ru88n-hg002-grch38-v421	event-run-phase1a-ru88n-hg002-grch38-v421-record-33	CROSS_RUN_EQUIVALENCE_UNRESOLVED	True	True	True	True	2	2	1	1	SINGLE_NORMALIZED_ALLELE	SINGLE_NORMALIZED_ALLELE	SINGLE_NORMALIZED_ALLELE__SINGLE_NORMALIZED_ALLELE	NOT_ASSIGNED_IN_STRUCTURE_AUDIT
32	run-phase1a-60z59-hg002-grch38-v421	event-run-phase1a-60z59-hg002-grch38-v421-record-34	run-phase1a-ru88n-hg002-grch38-v421	event-run-phase1a-ru88n-hg002-grch38-v421-record-34	CROSS_RUN_EQUIVALENCE_UNRESOLVED	True	True	True	True	2	2	1	1	SINGLE_NORMALIZED_ALLELE	SINGLE_NORMALIZED_ALLELE	SINGLE_NORMALIZED_ALLELE__SINGLE_NORMALIZED_ALLELE	NOT_ASSIGNED_IN_STRUCTURE_AUDIT
33	run-phase1a-60z59-hg002-grch38-v421	event-run-phase1a-60z59-hg002-grch38-v421-record-35	run-phase1a-ru88n-hg002-grch38-v421	event-run-phase1a-ru88n-hg002-grch38-v421-record-35	CROSS_RUN_EQUIVALENCE_UNRESOLVED	True	True	True	True	2	2	1	1	SINGLE_NORMALIZED_ALLELE	SINGLE_NORMALIZED_ALLELE	SINGLE_NORMALIZED_ALLELE__SINGLE_NORMALIZED_ALLELE	NOT_ASSIGNED_IN_STRUCTURE_AUDIT
34	run-phase1a-60z59-hg002-grch38-v421	event-run-phase1a-60z59-hg002-grch38-v421-record-36	run-phase1a-ru88n-hg002-grch38-v421	event-run-phase1a-ru88n-hg002-grch38-v421-record-36	CROSS_RUN_EQUIVALENCE_UNRESOLVED	True	True	True	True	2	2	1	1	SINGLE_NORMALIZED_ALLELE	SINGLE_NORMALIZED_ALLELE	SINGLE_NORMALIZED_ALLELE__SINGLE_NORMALIZED_ALLELE	NOT_ASSIGNED_IN_STRUCTURE_AUDIT
35	run-phase1a-60z59-hg002-grch38-v421	event-run-phase1a-60z59-hg002-grch38-v421-record-37	run-phase1a-ru88n-hg002-grch38-v421	event-run-phase1a-ru88n-hg002-grch38-v421-record-37	CROSS_RUN_EQUIVALENCE_UNRESOLVED	True	True	True	True	2	2	1	1	SINGLE_NORMALIZED_ALLELE	SINGLE_NORMALIZED_ALLELE	SINGLE_NORMALIZED_ALLELE__SINGLE_NORMALIZED_ALLELE	NOT_ASSIGNED_IN_STRUCTURE_AUDIT
36	run-phase1a-60z59-hg002-grch38-v421	event-run-phase1a-60z59-hg002-grch38-v421-record-38	run-phase1a-ru88n-hg002-grch38-v421	event-run-phase1a-ru88n-hg002-grch38-v421-record-38	CROSS_RUN_EQUIVALENCE_UNRESOLVED	True	True	True	True	2	2	1	1	SINGLE_NORMALIZED_ALLELE	SINGLE_NORMALIZED_ALLELE	SINGLE_NORMALIZED_ALLELE__SINGLE_NORMALIZED_ALLELE	NOT_ASSIGNED_IN_STRUCTURE_AUDIT
37	run-phase1a-60z59-hg002-grch38-v421	event-run-phase1a-60z59-hg002-grch38-v421-record-39	run-phase1a-ru88n-hg002-grch38-v421	event-run-phase1a-ru88n-hg002-grch38-v421-record-39	CROSS_RUN_EQUIVALENCE_UNRESOLVED	True	True	True	True	2	2	1	1	SINGLE_NORMALIZED_ALLELE	SINGLE_NORMALIZED_ALLELE	SINGLE_NORMALIZED_ALLELE__SINGLE_NORMALIZED_ALLELE	NOT_ASSIGNED_IN_STRUCTURE_AUDIT
38	run-phase1a-60z59-hg002-grch38-v421	event-run-phase1a-60z59-hg002-grch38-v421-record-40	run-phase1a-ru88n-hg002-grch38-v421	event-run-phase1a-ru88n-hg002-grch38-v421-record-40	CROSS_RUN_EQUIVALENCE_UNRESOLVED	True	True	True	True	2	2	1	1	SINGLE_NORMALIZED_ALLELE	SINGLE_NORMALIZED_ALLELE	SINGLE_NORMALIZED_ALLELE__SINGLE_NORMALIZED_ALLELE	NOT_ASSIGNED_IN_STRUCTURE_AUDIT
39	run-phase1a-60z59-hg002-grch38-v421	event-run-phase1a-60z59-hg002-grch38-v421-record-41	run-phase1a-ru88n-hg002-grch38-v421	event-run-phase1a-ru88n-hg002-grch38-v421-record-41	CROSS_RUN_EQUIVALENCE_UNRESOLVED	True	True	True	True	2	2	1	1	SINGLE_NORMALIZED_ALLELE	SINGLE_NORMALIZED_ALLELE	SINGLE_NORMALIZED_ALLELE__SINGLE_NORMALIZED_ALLELE	NOT_ASSIGNED_IN_STRUCTURE_AUDIT
40	run-phase1a-60z59-hg002-grch38-v421	event-run-phase1a-60z59-hg002-grch38-v421-record-42	run-phase1a-ru88n-hg002-grch38-v421	event-run-phase1a-ru88n-hg002-grch38-v421-record-42	CROSS_RUN_EQUIVALENCE_UNRESOLVED	True	True	True	True	2	2	1	1	SINGLE_NORMALIZED_ALLELE	SINGLE_NORMALIZED_ALLELE	SINGLE_NORMALIZED_ALLELE__SINGLE_NORMALIZED_ALLELE	NOT_ASSIGNED_IN_STRUCTURE_AUDIT
41	run-phase1a-60z59-hg002-grch38-v421	event-run-phase1a-60z59-hg002-grch38-v421-record-43	run-phase1a-ru88n-hg002-grch38-v421	event-run-phase1a-ru88n-hg002-grch38-v421-record-43	CROSS_RUN_EQUIVALENCE_UNRESOLVED	True	True	True	True	2	2	1	1	SINGLE_NORMALIZED_ALLELE	SINGLE_NORMALIZED_ALLELE	SINGLE_NORMALIZED_ALLELE__SINGLE_NORMALIZED_ALLELE	NOT_ASSIGNED_IN_STRUCTURE_AUDIT
42	run-phase1a-60z59-hg002-grch38-v421	event-run-phase1a-60z59-hg002-grch38-v421-record-44	run-phase1a-ru88n-hg002-grch38-v421	event-run-phase1a-ru88n-hg002-grch38-v421-record-44	CROSS_RUN_EQUIVALENCE_UNRESOLVED	True	True	True	True	2	2	1	1	SINGLE_NORMALIZED_ALLELE	SINGLE_NORMALIZED_ALLELE	SINGLE_NORMALIZED_ALLELE__SINGLE_NORMALIZED_ALLELE	NOT_ASSIGNED_IN_STRUCTURE_AUDIT
43	run-phase1a-60z59-hg002-grch38-v421	event-run-phase1a-60z59-hg002-grch38-v421-record-45	run-phase1a-ru88n-hg002-grch38-v421	event-run-phase1a-ru88n-hg002-grch38-v421-record-45	CROSS_RUN_EQUIVALENCE_UNRESOLVED	True	True	True	True	2	2	1	1	SINGLE_NORMALIZED_ALLELE	SINGLE_NORMALIZED_ALLELE	SINGLE_NORMALIZED_ALLELE__SINGLE_NORMALIZED_ALLELE	NOT_ASSIGNED_IN_STRUCTURE_AUDIT
44	run-phase1a-60z59-hg002-grch38-v421	event-run-phase1a-60z59-hg002-grch38-v421-record-46	run-phase1a-ru88n-hg002-grch38-v421	event-run-phase1a-ru88n-hg002-grch38-v421-record-46	CROSS_RUN_EQUIVALENCE_UNRESOLVED	True	True	True	True	2	2	1	1	SINGLE_NORMALIZED_ALLELE	SINGLE_NORMALIZED_ALLELE	SINGLE_NORMALIZED_ALLELE__SINGLE_NORMALIZED_ALLELE	NOT_ASSIGNED_IN_STRUCTURE_AUDIT
45	run-phase1a-60z59-hg002-grch38-v421	event-run-phase1a-60z59-hg002-grch38-v421-record-47	run-phase1a-ru88n-hg002-grch38-v421	event-run-phase1a-ru88n-hg002-grch38-v421-record-47	CROSS_RUN_EQUIVALENCE_UNRESOLVED	True	True	True	True	2	2	1	1	SINGLE_NORMALIZED_ALLELE	SINGLE_NORMALIZED_ALLELE	SINGLE_NORMALIZED_ALLELE__SINGLE_NORMALIZED_ALLELE	NOT_ASSIGNED_IN_STRUCTURE_AUDIT
46	run-phase1a-60z59-hg002-grch38-v421	event-run-phase1a-60z59-hg002-grch38-v421-record-48	run-phase1a-ru88n-hg002-grch38-v421	event-run-phase1a-ru88n-hg002-grch38-v421-record-48	CROSS_RUN_EQUIVALENCE_UNRESOLVED	True	True	True	True	2	2	1	1	SINGLE_NORMALIZED_ALLELE	SINGLE_NORMALIZED_ALLELE	SINGLE_NORMALIZED_ALLELE__SINGLE_NORMALIZED_ALLELE	NOT_ASSIGNED_IN_STRUCTURE_AUDIT
47	run-phase1a-60z59-hg002-grch38-v421	event-run-phase1a-60z59-hg002-grch38-v421-record-49	run-phase1a-ru88n-hg002-grch38-v421	event-run-phase1a-ru88n-hg002-grch38-v421-record-49	CROSS_RUN_EQUIVALENCE_UNRESOLVED	True	True	True	True	2	2	1	1	SINGLE_NORMALIZED_ALLELE	SINGLE_NORMALIZED_ALLELE	SINGLE_NORMALIZED_ALLELE__SINGLE_NORMALIZED_ALLELE	NOT_ASSIGNED_IN_STRUCTURE_AUDIT
48	run-phase1a-60z59-hg002-grch38-v421	event-run-phase1a-60z59-hg002-grch38-v421-record-50	run-phase1a-ru88n-hg002-grch38-v421	event-run-phase1a-ru88n-hg002-grch38-v421-record-50	CROSS_RUN_EQUIVALENCE_UNRESOLVED	True	True	True	True	2	2	1	1	SINGLE_NORMALIZED_ALLELE	SINGLE_NORMALIZED_ALLELE	SINGLE_NORMALIZED_ALLELE__SINGLE_NORMALIZED_ALLELE	NOT_ASSIGNED_IN_STRUCTURE_AUDIT
49	run-phase1a-60z59-hg002-grch38-v421	event-run-phase1a-60z59-hg002-grch38-v421-record-51	run-phase1a-ru88n-hg002-grch38-v421	event-run-phase1a-ru88n-hg002-grch38-v421-record-51	CROSS_RUN_EQUIVALENCE_UNRESOLVED	True	True	True	True	2	2	1	1	SINGLE_NORMALIZED_ALLELE	SINGLE_NORMALIZED_ALLELE	SINGLE_NORMALIZED_ALLELE__SINGLE_NORMALIZED_ALLELE	NOT_ASSIGNED_IN_STRUCTURE_AUDIT
50	run-phase1a-60z59-hg002-grch38-v421	event-run-phase1a-60z59-hg002-grch38-v421-record-52	run-phase1a-ru88n-hg002-grch38-v421	event-run-phase1a-ru88n-hg002-grch38-v421-record-52	CROSS_RUN_EQUIVALENCE_UNRESOLVED	True	True	True	True	2	2	1	1	SINGLE_NORMALIZED_ALLELE	SINGLE_NORMALIZED_ALLELE	SINGLE_NORMALIZED_ALLELE__SINGLE_NORMALIZED_ALLELE	NOT_ASSIGNED_IN_STRUCTURE_AUDIT
51	run-phase1a-60z59-hg002-grch38-v421	event-run-phase1a-60z59-hg002-grch38-v421-record-53	run-phase1a-ru88n-hg002-grch38-v421	event-run-phase1a-ru88n-hg002-grch38-v421-record-53	CROSS_RUN_EQUIVALENCE_UNRESOLVED	True	True	True	True	2	2	1	1	SINGLE_NORMALIZED_ALLELE	SINGLE_NORMALIZED_ALLELE	SINGLE_NORMALIZED_ALLELE__SINGLE_NORMALIZED_ALLELE	NOT_ASSIGNED_IN_STRUCTURE_AUDIT
52	run-phase1a-60z59-hg002-grch38-v421	event-run-phase1a-60z59-hg002-grch38-v421-record-54	run-phase1a-ru88n-hg002-grch38-v421	event-run-phase1a-ru88n-hg002-grch38-v421-record-54	CROSS_RUN_EQUIVALENCE_UNRESOLVED	True	True	True	True	2	2	1	1	SINGLE_NORMALIZED_ALLELE	SINGLE_NORMALIZED_ALLELE	SINGLE_NORMALIZED_ALLELE__SINGLE_NORMALIZED_ALLELE	NOT_ASSIGNED_IN_STRUCTURE_AUDIT
53	run-phase1a-60z59-hg002-grch38-v421	event-run-phase1a-60z59-hg002-grch38-v421-record-55	run-phase1a-ru88n-hg002-grch38-v421	event-run-phase1a-ru88n-hg002-grch38-v421-record-55	CROSS_RUN_EQUIVALENCE_UNRESOLVED	True	True	True	True	2	2	1	1	SINGLE_NORMALIZED_ALLELE	SINGLE_NORMALIZED_ALLELE	SINGLE_NORMALIZED_ALLELE__SINGLE_NORMALIZED_ALLELE	NOT_ASSIGNED_IN_STRUCTURE_AUDIT
54	run-phase1a-60z59-hg002-grch38-v421	event-run-phase1a-60z59-hg002-grch38-v421-record-56	run-phase1a-ru88n-hg002-grch38-v421	event-run-phase1a-ru88n-hg002-grch38-v421-record-56	CROSS_RUN_EQUIVALENCE_UNRESOLVED	True	True	True	True	2	2	1	1	SINGLE_NORMALIZED_ALLELE	SINGLE_NORMALIZED_ALLELE	SINGLE_NORMALIZED_ALLELE__SINGLE_NORMALIZED_ALLELE	NOT_ASSIGNED_IN_STRUCTURE_AUDIT
55	run-phase1a-60z59-hg002-grch38-v421	event-run-phase1a-60z59-hg002-grch38-v421-record-57	run-phase1a-ru88n-hg002-grch38-v421	event-run-phase1a-ru88n-hg002-grch38-v421-record-57	CROSS_RUN_EQUIVALENCE_UNRESOLVED	True	True	True	True	2	2	1	1	SINGLE_NORMALIZED_ALLELE	SINGLE_NORMALIZED_ALLELE	SINGLE_NORMALIZED_ALLELE__SINGLE_NORMALIZED_ALLELE	NOT_ASSIGNED_IN_STRUCTURE_AUDIT
56	run-phase1a-60z59-hg002-grch38-v421	event-run-phase1a-60z59-hg002-grch38-v421-record-58	run-phase1a-ru88n-hg002-grch38-v421	event-run-phase1a-ru88n-hg002-grch38-v421-record-58	CROSS_RUN_EQUIVALENCE_UNRESOLVED	True	True	True	True	2	2	1	1	SINGLE_NORMALIZED_ALLELE	SINGLE_NORMALIZED_ALLELE	SINGLE_NORMALIZED_ALLELE__SINGLE_NORMALIZED_ALLELE	NOT_ASSIGNED_IN_STRUCTURE_AUDIT
57	run-phase1a-60z59-hg002-grch38-v421	event-run-phase1a-60z59-hg002-grch38-v421-record-59	run-phase1a-ru88n-hg002-grch38-v421	event-run-phase1a-ru88n-hg002-grch38-v421-record-59	CROSS_RUN_EQUIVALENCE_UNRESOLVED	True	True	True	True	2	2	1	1	SINGLE_NORMALIZED_ALLELE	SINGLE_NORMALIZED_ALLELE	SINGLE_NORMALIZED_ALLELE__SINGLE_NORMALIZED_ALLELE	NOT_ASSIGNED_IN_STRUCTURE_AUDIT
58	run-phase1a-60z59-hg002-grch38-v421	event-run-phase1a-60z59-hg002-grch38-v421-record-60	run-phase1a-ru88n-hg002-grch38-v421	event-run-phase1a-ru88n-hg002-grch38-v421-record-60	CROSS_RUN_EQUIVALENCE_UNRESOLVED	True	True	True	True	2	2	1	1	SINGLE_NORMALIZED_ALLELE	SINGLE_NORMALIZED_ALLELE	SINGLE_NORMALIZED_ALLELE__SINGLE_NORMALIZED_ALLELE	NOT_ASSIGNED_IN_STRUCTURE_AUDIT
59	run-phase1a-60z59-hg002-grch38-v421	event-run-phase1a-60z59-hg002-grch38-v421-record-61	run-phase1a-ru88n-hg002-grch38-v421	event-run-phase1a-ru88n-hg002-grch38-v421-record-61	CROSS_RUN_EQUIVALENCE_UNRESOLVED	True	True	True	True	2	2	1	1	SINGLE_NORMALIZED_ALLELE	SINGLE_NORMALIZED_ALLELE	SINGLE_NORMALIZED_ALLELE__SINGLE_NORMALIZED_ALLELE	NOT_ASSIGNED_IN_STRUCTURE_AUDIT
60	run-phase1a-60z59-hg002-grch38-v421	event-run-phase1a-60z59-hg002-grch38-v421-record-62	run-phase1a-ru88n-hg002-grch38-v421	event-run-phase1a-ru88n-hg002-grch38-v421-record-62	CROSS_RUN_EQUIVALENCE_UNRESOLVED	True	True	True	True	2	2	1	1	SINGLE_NORMALIZED_ALLELE	SINGLE_NORMALIZED_ALLELE	SINGLE_NORMALIZED_ALLELE__SINGLE_NORMALIZED_ALLELE	NOT_ASSIGNED_IN_STRUCTURE_AUDIT
61	run-phase1a-60z59-hg002-grch38-v421	event-run-phase1a-60z59-hg002-grch38-v421-record-63	run-phase1a-ru88n-hg002-grch38-v421	event-run-phase1a-ru88n-hg002-grch38-v421-record-63	CROSS_RUN_EQUIVALENCE_UNRESOLVED	True	True	True	True	2	2	1	1	SINGLE_NORMALIZED_ALLELE	SINGLE_NORMALIZED_ALLELE	SINGLE_NORMALIZED_ALLELE__SINGLE_NORMALIZED_ALLELE	NOT_ASSIGNED_IN_STRUCTURE_AUDIT
62	run-phase1a-60z59-hg002-grch38-v421	event-run-phase1a-60z59-hg002-grch38-v421-record-64	run-phase1a-ru88n-hg002-grch38-v421	event-run-phase1a-ru88n-hg002-grch38-v421-record-64	CROSS_RUN_EQUIVALENCE_UNRESOLVED	True	True	True	True	2	2	1	1	SINGLE_NORMALIZED_ALLELE	SINGLE_NORMALIZED_ALLELE	SINGLE_NORMALIZED_ALLELE__SINGLE_NORMALIZED_ALLELE	NOT_ASSIGNED_IN_STRUCTURE_AUDIT
63	run-phase1a-60z59-hg002-grch38-v421	event-run-phase1a-60z59-hg002-grch38-v421-record-65	run-phase1a-ru88n-hg002-grch38-v421	event-run-phase1a-ru88n-hg002-grch38-v421-record-65	CROSS_RUN_EQUIVALENCE_UNRESOLVED	True	True	True	True	2	2	1	1	SINGLE_NORMALIZED_ALLELE	SINGLE_NORMALIZED_ALLELE	SINGLE_NORMALIZED_ALLELE__SINGLE_NORMALIZED_ALLELE	NOT_ASSIGNED_IN_STRUCTURE_AUDIT
64	run-phase1a-60z59-hg002-grch38-v421	event-run-phase1a-60z59-hg002-grch38-v421-record-66	run-phase1a-ru88n-hg002-grch38-v421	event-run-phase1a-ru88n-hg002-grch38-v421-record-66	CROSS_RUN_EQUIVALENCE_UNRESOLVED	True	True	True	True	2	2	1	1	SINGLE_NORMALIZED_ALLELE	SINGLE_NORMALIZED_ALLELE	SINGLE_NORMALIZED_ALLELE__SINGLE_NORMALIZED_ALLELE	NOT_ASSIGNED_IN_STRUCTURE_AUDIT
65	run-phase1a-60z59-hg002-grch38-v421	event-run-phase1a-60z59-hg002-grch38-v421-record-67	run-phase1a-ru88n-hg002-grch38-v421	event-run-phase1a-ru88n-hg002-grch38-v421-record-67	CROSS_RUN_EQUIVALENCE_UNRESOLVED	True	True	True	True	2	2	1	1	SINGLE_NORMALIZED_ALLELE	SINGLE_NORMALIZED_ALLELE	SINGLE_NORMALIZED_ALLELE__SINGLE_NORMALIZED_ALLELE	NOT_ASSIGNED_IN_STRUCTURE_AUDIT
66	run-phase1a-60z59-hg002-grch38-v421	event-run-phase1a-60z59-hg002-grch38-v421-record-68	run-phase1a-ru88n-hg002-grch38-v421	event-run-phase1a-ru88n-hg002-grch38-v421-record-68	CROSS_RUN_EQUIVALENCE_UNRESOLVED	True	True	True	True	2	2	1	1	SINGLE_NORMALIZED_ALLELE	SINGLE_NORMALIZED_ALLELE	SINGLE_NORMALIZED_ALLELE__SINGLE_NORMALIZED_ALLELE	NOT_ASSIGNED_IN_STRUCTURE_AUDIT
67	run-phase1a-60z59-hg002-grch38-v421	event-run-phase1a-60z59-hg002-grch38-v421-record-69	run-phase1a-ru88n-hg002-grch38-v421	event-run-phase1a-ru88n-hg002-grch38-v421-record-69	CROSS_RUN_EQUIVALENCE_UNRESOLVED	True	True	True	True	2	2	1	1	SINGLE_NORMALIZED_ALLELE	SINGLE_NORMALIZED_ALLELE	SINGLE_NORMALIZED_ALLELE__SINGLE_NORMALIZED_ALLELE	NOT_ASSIGNED_IN_STRUCTURE_AUDIT
68	run-phase1a-60z59-hg002-grch38-v421	event-run-phase1a-60z59-hg002-grch38-v421-record-70	run-phase1a-ru88n-hg002-grch38-v421	event-run-phase1a-ru88n-hg002-grch38-v421-record-70	CROSS_RUN_EQUIVALENCE_UNRESOLVED	True	True	True	True	2	2	1	1	SINGLE_NORMALIZED_ALLELE	SINGLE_NORMALIZED_ALLELE	SINGLE_NORMALIZED_ALLELE__SINGLE_NORMALIZED_ALLELE	NOT_ASSIGNED_IN_STRUCTURE_AUDIT
69	run-phase1a-60z59-hg002-grch38-v421	event-run-phase1a-60z59-hg002-grch38-v421-record-71	run-phase1a-ru88n-hg002-grch38-v421	event-run-phase1a-ru88n-hg002-grch38-v421-record-71	CROSS_RUN_EQUIVALENCE_UNRESOLVED	True	True	True	True	2	2	1	1	SINGLE_NORMALIZED_ALLELE	SINGLE_NORMALIZED_ALLELE	SINGLE_NORMALIZED_ALLELE__SINGLE_NORMALIZED_ALLELE	NOT_ASSIGNED_IN_STRUCTURE_AUDIT
70	run-phase1a-60z59-hg002-grch38-v421	event-run-phase1a-60z59-hg002-grch38-v421-record-72	run-phase1a-ru88n-hg002-grch38-v421	event-run-phase1a-ru88n-hg002-grch38-v421-record-72	CROSS_RUN_EQUIVALENCE_UNRESOLVED	True	True	True	True	2	2	1	1	SINGLE_NORMALIZED_ALLELE	SINGLE_NORMALIZED_ALLELE	SINGLE_NORMALIZED_ALLELE__SINGLE_NORMALIZED_ALLELE	NOT_ASSIGNED_IN_STRUCTURE_AUDIT
71	run-phase1a-60z59-hg002-grch38-v421	event-run-phase1a-60z59-hg002-grch38-v421-record-73	run-phase1a-ru88n-hg002-grch38-v421	event-run-phase1a-ru88n-hg002-grch38-v421-record-73	CROSS_RUN_EQUIVALENCE_UNRESOLVED	True	True	True	True	2	2	1	1	SINGLE_NORMALIZED_ALLELE	SINGLE_NORMALIZED_ALLELE	SINGLE_NORMALIZED_ALLELE__SINGLE_NORMALIZED_ALLELE	NOT_ASSIGNED_IN_STRUCTURE_AUDIT
72	run-phase1a-60z59-hg002-grch38-v421	event-run-phase1a-60z59-hg002-grch38-v421-record-75	run-phase1a-ru88n-hg002-grch38-v421	event-run-phase1a-ru88n-hg002-grch38-v421-record-74	CROSS_RUN_EQUIVALENCE_UNRESOLVED	True	True	True	True	2	2	1	1	SINGLE_NORMALIZED_ALLELE	SINGLE_NORMALIZED_ALLELE	SINGLE_NORMALIZED_ALLELE__SINGLE_NORMALIZED_ALLELE	NOT_ASSIGNED_IN_STRUCTURE_AUDIT
73	run-phase1a-60z59-hg002-grch38-v421	event-run-phase1a-60z59-hg002-grch38-v421-record-76	run-phase1a-ru88n-hg002-grch38-v421	event-run-phase1a-ru88n-hg002-grch38-v421-record-75	CROSS_RUN_EQUIVALENCE_UNRESOLVED	True	True	True	True	2	2	1	1	SINGLE_NORMALIZED_ALLELE	SINGLE_NORMALIZED_ALLELE	SINGLE_NORMALIZED_ALLELE__SINGLE_NORMALIZED_ALLELE	NOT_ASSIGNED_IN_STRUCTURE_AUDIT
74	run-phase1a-60z59-hg002-grch38-v421	event-run-phase1a-60z59-hg002-grch38-v421-record-77	run-phase1a-ru88n-hg002-grch38-v421	event-run-phase1a-ru88n-hg002-grch38-v421-record-76	CROSS_RUN_EQUIVALENCE_UNRESOLVED	True	True	True	True	2	2	1	1	SINGLE_NORMALIZED_ALLELE	SINGLE_NORMALIZED_ALLELE	SINGLE_NORMALIZED_ALLELE__SINGLE_NORMALIZED_ALLELE	NOT_ASSIGNED_IN_STRUCTURE_AUDIT
75	run-phase1a-60z59-hg002-grch38-v421	event-run-phase1a-60z59-hg002-grch38-v421-record-78	run-phase1a-ru88n-hg002-grch38-v421	event-run-phase1a-ru88n-hg002-grch38-v421-record-77	CROSS_RUN_EQUIVALENCE_UNRESOLVED	True	True	True	True	2	2	1	1	SINGLE_NORMALIZED_ALLELE	SINGLE_NORMALIZED_ALLELE	SINGLE_NORMALIZED_ALLELE__SINGLE_NORMALIZED_ALLELE	NOT_ASSIGNED_IN_STRUCTURE_AUDIT
76	run-phase1a-60z59-hg002-grch38-v421	event-run-phase1a-60z59-hg002-grch38-v421-record-79	run-phase1a-ru88n-hg002-grch38-v421	event-run-phase1a-ru88n-hg002-grch38-v421-record-78	CROSS_RUN_EQUIVALENCE_UNRESOLVED	True	True	True	True	2	2	1	1	SINGLE_NORMALIZED_ALLELE	SINGLE_NORMALIZED_ALLELE	SINGLE_NORMALIZED_ALLELE__SINGLE_NORMALIZED_ALLELE	NOT_ASSIGNED_IN_STRUCTURE_AUDIT
77	run-phase1a-60z59-hg002-grch38-v421	event-run-phase1a-60z59-hg002-grch38-v421-record-80	run-phase1a-ru88n-hg002-grch38-v421	event-run-phase1a-ru88n-hg002-grch38-v421-record-79	CROSS_RUN_EQUIVALENCE_UNRESOLVED	True	True	True	True	2	2	1	1	SINGLE_NORMALIZED_ALLELE	SINGLE_NORMALIZED_ALLELE	SINGLE_NORMALIZED_ALLELE__SINGLE_NORMALIZED_ALLELE	NOT_ASSIGNED_IN_STRUCTURE_AUDIT
78	run-phase1a-60z59-hg002-grch38-v421	event-run-phase1a-60z59-hg002-grch38-v421-record-81	run-phase1a-ru88n-hg002-grch38-v421	event-run-phase1a-ru88n-hg002-grch38-v421-record-80	CROSS_RUN_EQUIVALENCE_UNRESOLVED	True	True	True	True	2	2	1	1	SINGLE_NORMALIZED_ALLELE	SINGLE_NORMALIZED_ALLELE	SINGLE_NORMALIZED_ALLELE__SINGLE_NORMALIZED_ALLELE	NOT_ASSIGNED_IN_STRUCTURE_AUDIT
79	run-phase1a-60z59-hg002-grch38-v421	event-run-phase1a-60z59-hg002-grch38-v421-record-82	run-phase1a-ru88n-hg002-grch38-v421	event-run-phase1a-ru88n-hg002-grch38-v421-record-81	CROSS_RUN_EQUIVALENCE_UNRESOLVED	True	True	True	True	2	2	1	1	SINGLE_NORMALIZED_ALLELE	SINGLE_NORMALIZED_ALLELE	SINGLE_NORMALIZED_ALLELE__SINGLE_NORMALIZED_ALLELE	NOT_ASSIGNED_IN_STRUCTURE_AUDIT
80	run-phase1a-60z59-hg002-grch38-v421	event-run-phase1a-60z59-hg002-grch38-v421-record-83	run-phase1a-ru88n-hg002-grch38-v421	event-run-phase1a-ru88n-hg002-grch38-v421-record-82	CROSS_RUN_EQUIVALENCE_UNRESOLVED	True	True	True	True	2	2	1	1	SINGLE_NORMALIZED_ALLELE	SINGLE_NORMALIZED_ALLELE	SINGLE_NORMALIZED_ALLELE__SINGLE_NORMALIZED_ALLELE	NOT_ASSIGNED_IN_STRUCTURE_AUDIT
81	run-phase1a-60z59-hg002-grch38-v421	event-run-phase1a-60z59-hg002-grch38-v421-record-84	run-phase1a-ru88n-hg002-grch38-v421	event-run-phase1a-ru88n-hg002-grch38-v421-record-83	CROSS_RUN_EQUIVALENCE_UNRESOLVED	True	True	True	True	2	2	1	1	SINGLE_NORMALIZED_ALLELE	SINGLE_NORMALIZED_ALLELE	SINGLE_NORMALIZED_ALLELE__SINGLE_NORMALIZED_ALLELE	NOT_ASSIGNED_IN_STRUCTURE_AUDIT
82	run-phase1a-60z59-hg002-grch38-v421	event-run-phase1a-60z59-hg002-grch38-v421-record-85	run-phase1a-ru88n-hg002-grch38-v421	event-run-phase1a-ru88n-hg002-grch38-v421-record-84	CROSS_RUN_EQUIVALENCE_UNRESOLVED	True	True	True	True	2	2	1	1	SINGLE_NORMALIZED_ALLELE	SINGLE_NORMALIZED_ALLELE	SINGLE_NORMALIZED_ALLELE__SINGLE_NORMALIZED_ALLELE	NOT_ASSIGNED_IN_STRUCTURE_AUDIT
83	run-phase1a-60z59-hg002-grch38-v421	event-run-phase1a-60z59-hg002-grch38-v421-record-88	run-phase1a-ru88n-hg002-grch38-v421	event-run-phase1a-ru88n-hg002-grch38-v421-record-86	CROSS_RUN_EQUIVALENCE_UNRESOLVED	True	True	True	True	2	2	1	1	SINGLE_NORMALIZED_ALLELE	SINGLE_NORMALIZED_ALLELE	SINGLE_NORMALIZED_ALLELE__SINGLE_NORMALIZED_ALLELE	NOT_ASSIGNED_IN_STRUCTURE_AUDIT
84	run-phase1a-60z59-hg002-grch38-v421	event-run-phase1a-60z59-hg002-grch38-v421-record-89	run-phase1a-ru88n-hg002-grch38-v421	event-run-phase1a-ru88n-hg002-grch38-v421-record-87	CROSS_RUN_EQUIVALENCE_UNRESOLVED	True	True	True	True	2	2	1	1	SINGLE_NORMALIZED_ALLELE	SINGLE_NORMALIZED_ALLELE	SINGLE_NORMALIZED_ALLELE__SINGLE_NORMALIZED_ALLELE	NOT_ASSIGNED_IN_STRUCTURE_AUDIT
85	run-phase1a-60z59-hg002-grch38-v421	event-run-phase1a-60z59-hg002-grch38-v421-record-90	run-phase1a-ru88n-hg002-grch38-v421	event-run-phase1a-ru88n-hg002-grch38-v421-record-88	CROSS_RUN_EQUIVALENCE_UNRESOLVED	True	True	True	True	2	2	1	1	SINGLE_NORMALIZED_ALLELE	SINGLE_NORMALIZED_ALLELE	SINGLE_NORMALIZED_ALLELE__SINGLE_NORMALIZED_ALLELE	NOT_ASSIGNED_IN_STRUCTURE_AUDIT
86	run-phase1a-60z59-hg002-grch38-v421	event-run-phase1a-60z59-hg002-grch38-v421-record-91	run-phase1a-ru88n-hg002-grch38-v421	event-run-phase1a-ru88n-hg002-grch38-v421-record-89	CROSS_RUN_EQUIVALENCE_UNRESOLVED	True	True	True	True	2	2	1	1	SINGLE_NORMALIZED_ALLELE	SINGLE_NORMALIZED_ALLELE	SINGLE_NORMALIZED_ALLELE__SINGLE_NORMALIZED_ALLELE	NOT_ASSIGNED_IN_STRUCTURE_AUDIT
87	run-phase1a-60z59-hg002-grch38-v421	event-run-phase1a-60z59-hg002-grch38-v421-record-92	run-phase1a-ru88n-hg002-grch38-v421	event-run-phase1a-ru88n-hg002-grch38-v421-record-90	CROSS_RUN_EQUIVALENCE_UNRESOLVED	True	True	True	True	2	2	1	1	SINGLE_NORMALIZED_ALLELE	SINGLE_NORMALIZED_ALLELE	SINGLE_NORMALIZED_ALLELE__SINGLE_NORMALIZED_ALLELE	NOT_ASSIGNED_IN_STRUCTURE_AUDIT
88	run-phase1a-60z59-hg002-grch38-v421	event-run-phase1a-60z59-hg002-grch38-v421-record-93	run-phase1a-ru88n-hg002-grch38-v421	event-run-phase1a-ru88n-hg002-grch38-v421-record-91	CROSS_RUN_EQUIVALENCE_UNRESOLVED	True	True	True	True	2	2	1	1	SINGLE_NORMALIZED_ALLELE	SINGLE_NORMALIZED_ALLELE	SINGLE_NORMALIZED_ALLELE__SINGLE_NORMALIZED_ALLELE	NOT_ASSIGNED_IN_STRUCTURE_AUDIT
89	run-phase1a-60z59-hg002-grch38-v421	event-run-phase1a-60z59-hg002-grch38-v421-record-94	run-phase1a-ru88n-hg002-grch38-v421	event-run-phase1a-ru88n-hg002-grch38-v421-record-92	CROSS_RUN_EQUIVALENCE_UNRESOLVED	True	True	True	True	2	2	1	1	SINGLE_NORMALIZED_ALLELE	SINGLE_NORMALIZED_ALLELE	SINGLE_NORMALIZED_ALLELE__SINGLE_NORMALIZED_ALLELE	NOT_ASSIGNED_IN_STRUCTURE_AUDIT
90	run-phase1a-60z59-hg002-grch38-v421	event-run-phase1a-60z59-hg002-grch38-v421-record-95	run-phase1a-ru88n-hg002-grch38-v421	event-run-phase1a-ru88n-hg002-grch38-v421-record-93	CROSS_RUN_EQUIVALENCE_UNRESOLVED	True	True	True	True	2	2	1	1	SINGLE_NORMALIZED_ALLELE	SINGLE_NORMALIZED_ALLELE	SINGLE_NORMALIZED_ALLELE__SINGLE_NORMALIZED_ALLELE	NOT_ASSIGNED_IN_STRUCTURE_AUDIT
91	run-phase1a-60z59-hg002-grch38-v421	event-run-phase1a-60z59-hg002-grch38-v421-record-96	run-phase1a-ru88n-hg002-grch38-v421	event-run-phase1a-ru88n-hg002-grch38-v421-record-94	CROSS_RUN_EQUIVALENCE_UNRESOLVED	True	True	True	True	2	2	1	1	SINGLE_NORMALIZED_ALLELE	SINGLE_NORMALIZED_ALLELE	SINGLE_NORMALIZED_ALLELE__SINGLE_NORMALIZED_ALLELE	NOT_ASSIGNED_IN_STRUCTURE_AUDIT
92	run-phase1a-60z59-hg002-grch38-v421	event-run-phase1a-60z59-hg002-grch38-v421-record-97	run-phase1a-ru88n-hg002-grch38-v421	event-run-phase1a-ru88n-hg002-grch38-v421-record-95	CROSS_RUN_EQUIVALENCE_UNRESOLVED	True	True	True	True	2	2	1	1	SINGLE_NORMALIZED_ALLELE	SINGLE_NORMALIZED_ALLELE	SINGLE_NORMALIZED_ALLELE__SINGLE_NORMALIZED_ALLELE	NOT_ASSIGNED_IN_STRUCTURE_AUDIT
93	run-phase1a-60z59-hg002-grch38-v421	event-run-phase1a-60z59-hg002-grch38-v421-record-98	run-phase1a-ru88n-hg002-grch38-v421	event-run-phase1a-ru88n-hg002-grch38-v421-record-96	CROSS_RUN_EQUIVALENCE_UNRESOLVED	True	True	True	True	2	2	1	1	SINGLE_NORMALIZED_ALLELE	SINGLE_NORMALIZED_ALLELE	SINGLE_NORMALIZED_ALLELE__SINGLE_NORMALIZED_ALLELE	NOT_ASSIGNED_IN_STRUCTURE_AUDIT
94	run-phase1a-60z59-hg002-grch38-v421	event-run-phase1a-60z59-hg002-grch38-v421-record-99	run-phase1a-ru88n-hg002-grch38-v421	event-run-phase1a-ru88n-hg002-grch38-v421-record-97	CROSS_RUN_EQUIVALENCE_UNRESOLVED	True	True	True	True	2	2	1	1	SINGLE_NORMALIZED_ALLELE	SINGLE_NORMALIZED_ALLELE	SINGLE_NORMALIZED_ALLELE__SINGLE_NORMALIZED_ALLELE	NOT_ASSIGNED_IN_STRUCTURE_AUDIT
95	run-phase1a-60z59-hg002-grch38-v421	event-run-phase1a-60z59-hg002-grch38-v421-record-100	run-phase1a-ru88n-hg002-grch38-v421	event-run-phase1a-ru88n-hg002-grch38-v421-record-98	CROSS_RUN_EQUIVALENCE_UNRESOLVED	True	True	True	True	2	2	1	1	SINGLE_NORMALIZED_ALLELE	SINGLE_NORMALIZED_ALLELE	SINGLE_NORMALIZED_ALLELE__SINGLE_NORMALIZED_ALLELE	NOT_ASSIGNED_IN_STRUCTURE_AUDIT
96	run-phase1a-60z59-hg002-grch38-v421	event-run-phase1a-60z59-hg002-grch38-v421-record-101	run-phase1a-ru88n-hg002-grch38-v421	event-run-phase1a-ru88n-hg002-grch38-v421-record-99	CROSS_RUN_EQUIVALENCE_UNRESOLVED	True	True	True	True	2	2	1	1	SINGLE_NORMALIZED_ALLELE	SINGLE_NORMALIZED_ALLELE	SINGLE_NORMALIZED_ALLELE__SINGLE_NORMALIZED_ALLELE	NOT_ASSIGNED_IN_STRUCTURE_AUDIT
97	run-phase1a-60z59-hg002-grch38-v421	event-run-phase1a-60z59-hg002-grch38-v421-record-102	run-phase1a-ru88n-hg002-grch38-v421	event-run-phase1a-ru88n-hg002-grch38-v421-record-100	CROSS_RUN_EQUIVALENCE_UNRESOLVED	True	True	True	True	2	2	1	1	SINGLE_NORMALIZED_ALLELE	SINGLE_NORMALIZED_ALLELE	SINGLE_NORMALIZED_ALLELE__SINGLE_NORMALIZED_ALLELE	NOT_ASSIGNED_IN_STRUCTURE_AUDIT
98	run-phase1a-60z59-hg002-grch38-v421	event-run-phase1a-60z59-hg002-grch38-v421-record-103	run-phase1a-ru88n-hg002-grch38-v421	event-run-phase1a-ru88n-hg002-grch38-v421-record-101	CROSS_RUN_EQUIVALENCE_UNRESOLVED	True	True	True	True	2	2	1	1	SINGLE_NORMALIZED_ALLELE	SINGLE_NORMALIZED_ALLELE	SINGLE_NORMALIZED_ALLELE__SINGLE_NORMALIZED_ALLELE	NOT_ASSIGNED_IN_STRUCTURE_AUDIT
99	run-phase1a-60z59-hg002-grch38-v421	event-run-phase1a-60z59-hg002-grch38-v421-record-104	run-phase1a-ru88n-hg002-grch38-v421	event-run-phase1a-ru88n-hg002-grch38-v421-record-102	CROSS_RUN_EQUIVALENCE_UNRESOLVED	True	True	True	True	2	2	1	1	SINGLE_NORMALIZED_ALLELE	SINGLE_NORMALIZED_ALLELE	SINGLE_NORMALIZED_ALLELE__SINGLE_NORMALIZED_ALLELE	NOT_ASSIGNED_IN_STRUCTURE_AUDIT
100	run-phase1a-60z59-hg002-grch38-v421	event-run-phase1a-60z59-hg002-grch38-v421-record-105	run-phase1a-ru88n-hg002-grch38-v421	event-run-phase1a-ru88n-hg002-grch38-v421-record-103	CROSS_RUN_EQUIVALENCE_UNRESOLVED	True	True	True	True	2	2	1	1	SINGLE_NORMALIZED_ALLELE	SINGLE_NORMALIZED_ALLELE	SINGLE_NORMALIZED_ALLELE__SINGLE_NORMALIZED_ALLELE	NOT_ASSIGNED_IN_STRUCTURE_AUDIT
101	run-phase1a-60z59-hg002-grch38-v421	event-run-phase1a-60z59-hg002-grch38-v421-record-106	run-phase1a-ru88n-hg002-grch38-v421	event-run-phase1a-ru88n-hg002-grch38-v421-record-104	CROSS_RUN_EQUIVALENCE_UNRESOLVED	True	True	True	True	2	2	1	1	SINGLE_NORMALIZED_ALLELE	SINGLE_NORMALIZED_ALLELE	SINGLE_NORMALIZED_ALLELE__SINGLE_NORMALIZED_ALLELE	NOT_ASSIGNED_IN_STRUCTURE_AUDIT
102	run-phase1a-60z59-hg002-grch38-v421	event-run-phase1a-60z59-hg002-grch38-v421-record-107	run-phase1a-ru88n-hg002-grch38-v421	event-run-phase1a-ru88n-hg002-grch38-v421-record-105	CROSS_RUN_EQUIVALENCE_UNRESOLVED	True	True	True	True	2	2	1	1	SINGLE_NORMALIZED_ALLELE	SINGLE_NORMALIZED_ALLELE	SINGLE_NORMALIZED_ALLELE__SINGLE_NORMALIZED_ALLELE	NOT_ASSIGNED_IN_STRUCTURE_AUDIT
103	run-phase1a-60z59-hg002-grch38-v421	event-run-phase1a-60z59-hg002-grch38-v421-record-108	run-phase1a-ru88n-hg002-grch38-v421	event-run-phase1a-ru88n-hg002-grch38-v421-record-106	CROSS_RUN_EQUIVALENCE_UNRESOLVED	True	True	True	True	2	2	1	1	SINGLE_NORMALIZED_ALLELE	SINGLE_NORMALIZED_ALLELE	SINGLE_NORMALIZED_ALLELE__SINGLE_NORMALIZED_ALLELE	NOT_ASSIGNED_IN_STRUCTURE_AUDIT
104	run-phase1a-60z59-hg002-grch38-v421	event-run-phase1a-60z59-hg002-grch38-v421-record-110	run-phase1a-ru88n-hg002-grch38-v421	event-run-phase1a-ru88n-hg002-grch38-v421-record-108	CROSS_RUN_EQUIVALENCE_UNRESOLVED	True	True	True	True	2	2	1	1	SINGLE_NORMALIZED_ALLELE	SINGLE_NORMALIZED_ALLELE	SINGLE_NORMALIZED_ALLELE__SINGLE_NORMALIZED_ALLELE	NOT_ASSIGNED_IN_STRUCTURE_AUDIT
105	run-phase1a-60z59-hg002-grch38-v421	event-run-phase1a-60z59-hg002-grch38-v421-record-111	run-phase1a-ru88n-hg002-grch38-v421	event-run-phase1a-ru88n-hg002-grch38-v421-record-109	CROSS_RUN_EQUIVALENCE_UNRESOLVED	True	True	True	True	2	2	1	1	SINGLE_NORMALIZED_ALLELE	SINGLE_NORMALIZED_ALLELE	SINGLE_NORMALIZED_ALLELE__SINGLE_NORMALIZED_ALLELE	NOT_ASSIGNED_IN_STRUCTURE_AUDIT
106	run-phase1a-60z59-hg002-grch38-v421	event-run-phase1a-60z59-hg002-grch38-v421-record-112	run-phase1a-ru88n-hg002-grch38-v421	event-run-phase1a-ru88n-hg002-grch38-v421-record-110	CROSS_RUN_EQUIVALENCE_UNRESOLVED	True	True	True	True	2	2	1	1	SINGLE_NORMALIZED_ALLELE	SINGLE_NORMALIZED_ALLELE	SINGLE_NORMALIZED_ALLELE__SINGLE_NORMALIZED_ALLELE	NOT_ASSIGNED_IN_STRUCTURE_AUDIT
107	run-phase1a-60z59-hg002-grch38-v421	event-run-phase1a-60z59-hg002-grch38-v421-record-113	run-phase1a-ru88n-hg002-grch38-v421	event-run-phase1a-ru88n-hg002-grch38-v421-record-111	CROSS_RUN_EQUIVALENCE_UNRESOLVED	True	True	True	True	2	2	1	1	SINGLE_NORMALIZED_ALLELE	SINGLE_NORMALIZED_ALLELE	SINGLE_NORMALIZED_ALLELE__SINGLE_NORMALIZED_ALLELE	NOT_ASSIGNED_IN_STRUCTURE_AUDIT
108	run-phase1a-60z59-hg002-grch38-v421	event-run-phase1a-60z59-hg002-grch38-v421-record-115	run-phase1a-ru88n-hg002-grch38-v421	event-run-phase1a-ru88n-hg002-grch38-v421-record-112	CROSS_RUN_EQUIVALENCE_UNRESOLVED	True	True	True	True	2	2	1	1	SINGLE_NORMALIZED_ALLELE	SINGLE_NORMALIZED_ALLELE	SINGLE_NORMALIZED_ALLELE__SINGLE_NORMALIZED_ALLELE	NOT_ASSIGNED_IN_STRUCTURE_AUDIT
109	run-phase1a-60z59-hg002-grch38-v421	event-run-phase1a-60z59-hg002-grch38-v421-record-118	run-phase1a-ru88n-hg002-grch38-v421	event-run-phase1a-ru88n-hg002-grch38-v421-record-114	CROSS_RUN_EQUIVALENCE_UNRESOLVED	True	True	True	True	2	2	1	1	SINGLE_NORMALIZED_ALLELE	SINGLE_NORMALIZED_ALLELE	SINGLE_NORMALIZED_ALLELE__SINGLE_NORMALIZED_ALLELE	NOT_ASSIGNED_IN_STRUCTURE_AUDIT
110	run-phase1a-60z59-hg002-grch38-v421	event-run-phase1a-60z59-hg002-grch38-v421-record-119	run-phase1a-ru88n-hg002-grch38-v421	event-run-phase1a-ru88n-hg002-grch38-v421-record-115	CROSS_RUN_EQUIVALENCE_UNRESOLVED	True	True	True	True	2	2	1	1	SINGLE_NORMALIZED_ALLELE	SINGLE_NORMALIZED_ALLELE	SINGLE_NORMALIZED_ALLELE__SINGLE_NORMALIZED_ALLELE	NOT_ASSIGNED_IN_STRUCTURE_AUDIT
111	run-phase1a-60z59-hg002-grch38-v421	event-run-phase1a-60z59-hg002-grch38-v421-record-120	run-phase1a-ru88n-hg002-grch38-v421	event-run-phase1a-ru88n-hg002-grch38-v421-record-116	CROSS_RUN_EQUIVALENCE_UNRESOLVED	True	True	True	True	2	2	1	1	SINGLE_NORMALIZED_ALLELE	SINGLE_NORMALIZED_ALLELE	SINGLE_NORMALIZED_ALLELE__SINGLE_NORMALIZED_ALLELE	NOT_ASSIGNED_IN_STRUCTURE_AUDIT
112	run-phase1a-60z59-hg002-grch38-v421	event-run-phase1a-60z59-hg002-grch38-v421-record-121	run-phase1a-ru88n-hg002-grch38-v421	event-run-phase1a-ru88n-hg002-grch38-v421-record-117	CROSS_RUN_EQUIVALENCE_UNRESOLVED	True	True	True	True	2	2	1	1	SINGLE_NORMALIZED_ALLELE	SINGLE_NORMALIZED_ALLELE	SINGLE_NORMALIZED_ALLELE__SINGLE_NORMALIZED_ALLELE	NOT_ASSIGNED_IN_STRUCTURE_AUDIT
113	run-phase1a-60z59-hg002-grch38-v421	event-run-phase1a-60z59-hg002-grch38-v421-record-122	run-phase1a-ru88n-hg002-grch38-v421	event-run-phase1a-ru88n-hg002-grch38-v421-record-118	CROSS_RUN_EQUIVALENCE_UNRESOLVED	True	True	True	True	2	2	1	1	SINGLE_NORMALIZED_ALLELE	SINGLE_NORMALIZED_ALLELE	SINGLE_NORMALIZED_ALLELE__SINGLE_NORMALIZED_ALLELE	NOT_ASSIGNED_IN_STRUCTURE_AUDIT
114	run-phase1a-60z59-hg002-grch38-v421	event-run-phase1a-60z59-hg002-grch38-v421-record-123	run-phase1a-ru88n-hg002-grch38-v421	event-run-phase1a-ru88n-hg002-grch38-v421-record-119	CROSS_RUN_EQUIVALENCE_UNRESOLVED	True	True	True	True	2	2	1	1	SINGLE_NORMALIZED_ALLELE	SINGLE_NORMALIZED_ALLELE	SINGLE_NORMALIZED_ALLELE__SINGLE_NORMALIZED_ALLELE	NOT_ASSIGNED_IN_STRUCTURE_AUDIT
115	run-phase1a-60z59-hg002-grch38-v421	event-run-phase1a-60z59-hg002-grch38-v421-record-124	run-phase1a-ru88n-hg002-grch38-v421	event-run-phase1a-ru88n-hg002-grch38-v421-record-121	CROSS_RUN_EQUIVALENCE_UNRESOLVED	True	True	True	True	2	2	1	1	SINGLE_NORMALIZED_ALLELE	SINGLE_NORMALIZED_ALLELE	SINGLE_NORMALIZED_ALLELE__SINGLE_NORMALIZED_ALLELE	NOT_ASSIGNED_IN_STRUCTURE_AUDIT
116	run-phase1a-60z59-hg002-grch38-v421	event-run-phase1a-60z59-hg002-grch38-v421-record-125	run-phase1a-ru88n-hg002-grch38-v421	event-run-phase1a-ru88n-hg002-grch38-v421-record-122	CROSS_RUN_EQUIVALENCE_UNRESOLVED	True	True	True	True	2	2	1	1	SINGLE_NORMALIZED_ALLELE	SINGLE_NORMALIZED_ALLELE	SINGLE_NORMALIZED_ALLELE__SINGLE_NORMALIZED_ALLELE	NOT_ASSIGNED_IN_STRUCTURE_AUDIT
117	run-phase1a-60z59-hg002-grch38-v421	event-run-phase1a-60z59-hg002-grch38-v421-record-126	run-phase1a-ru88n-hg002-grch38-v421	event-run-phase1a-ru88n-hg002-grch38-v421-record-123	CROSS_RUN_EQUIVALENCE_UNRESOLVED	True	True	True	True	2	2	1	1	SINGLE_NORMALIZED_ALLELE	SINGLE_NORMALIZED_ALLELE	SINGLE_NORMALIZED_ALLELE__SINGLE_NORMALIZED_ALLELE	NOT_ASSIGNED_IN_STRUCTURE_AUDIT
118	run-phase1a-60z59-hg002-grch38-v421	event-run-phase1a-60z59-hg002-grch38-v421-record-127	run-phase1a-ru88n-hg002-grch38-v421	event-run-phase1a-ru88n-hg002-grch38-v421-record-124	CROSS_RUN_EQUIVALENCE_UNRESOLVED	True	True	True	True	2	2	1	1	SINGLE_NORMALIZED_ALLELE	SINGLE_NORMALIZED_ALLELE	SINGLE_NORMALIZED_ALLELE__SINGLE_NORMALIZED_ALLELE	NOT_ASSIGNED_IN_STRUCTURE_AUDIT
119	run-phase1a-60z59-hg002-grch38-v421	event-run-phase1a-60z59-hg002-grch38-v421-record-128	run-phase1a-ru88n-hg002-grch38-v421	event-run-phase1a-ru88n-hg002-grch38-v421-record-125	CROSS_RUN_EQUIVALENCE_UNRESOLVED	True	True	True	True	2	2	1	1	SINGLE_NORMALIZED_ALLELE	SINGLE_NORMALIZED_ALLELE	SINGLE_NORMALIZED_ALLELE__SINGLE_NORMALIZED_ALLELE	NOT_ASSIGNED_IN_STRUCTURE_AUDIT
120	run-phase1a-60z59-hg002-grch38-v421	event-run-phase1a-60z59-hg002-grch38-v421-record-129	run-phase1a-ru88n-hg002-grch38-v421	event-run-phase1a-ru88n-hg002-grch38-v421-record-126	CROSS_RUN_EQUIVALENCE_UNRESOLVED	True	True	True	True	2	2	1	1	SINGLE_NORMALIZED_ALLELE	SINGLE_NORMALIZED_ALLELE	SINGLE_NORMALIZED_ALLELE__SINGLE_NORMALIZED_ALLELE	NOT_ASSIGNED_IN_STRUCTURE_AUDIT
121	run-phase1a-60z59-hg002-grch38-v421	event-run-phase1a-60z59-hg002-grch38-v421-record-130	run-phase1a-ru88n-hg002-grch38-v421	event-run-phase1a-ru88n-hg002-grch38-v421-record-127	CROSS_RUN_EQUIVALENCE_UNRESOLVED	True	True	True	True	2	2	1	1	SINGLE_NORMALIZED_ALLELE	SINGLE_NORMALIZED_ALLELE	SINGLE_NORMALIZED_ALLELE__SINGLE_NORMALIZED_ALLELE	NOT_ASSIGNED_IN_STRUCTURE_AUDIT
122	run-phase1a-60z59-hg002-grch38-v421	event-run-phase1a-60z59-hg002-grch38-v421-record-131	run-phase1a-ru88n-hg002-grch38-v421	event-run-phase1a-ru88n-hg002-grch38-v421-record-128	CROSS_RUN_EQUIVALENCE_UNRESOLVED	True	True	True	True	2	2	1	1	SINGLE_NORMALIZED_ALLELE	SINGLE_NORMALIZED_ALLELE	SINGLE_NORMALIZED_ALLELE__SINGLE_NORMALIZED_ALLELE	NOT_ASSIGNED_IN_STRUCTURE_AUDIT
123	run-phase1a-60z59-hg002-grch38-v421	event-run-phase1a-60z59-hg002-grch38-v421-record-132	run-phase1a-ru88n-hg002-grch38-v421	event-run-phase1a-ru88n-hg002-grch38-v421-record-129	CROSS_RUN_EQUIVALENCE_UNRESOLVED	True	True	True	True	2	2	1	1	SINGLE_NORMALIZED_ALLELE	SINGLE_NORMALIZED_ALLELE	SINGLE_NORMALIZED_ALLELE__SINGLE_NORMALIZED_ALLELE	NOT_ASSIGNED_IN_STRUCTURE_AUDIT
124	run-phase1a-60z59-hg002-grch38-v421	event-run-phase1a-60z59-hg002-grch38-v421-record-133	run-phase1a-ru88n-hg002-grch38-v421	event-run-phase1a-ru88n-hg002-grch38-v421-record-130	CROSS_RUN_EQUIVALENCE_UNRESOLVED	True	True	True	True	2	2	1	1	SINGLE_NORMALIZED_ALLELE	SINGLE_NORMALIZED_ALLELE	SINGLE_NORMALIZED_ALLELE__SINGLE_NORMALIZED_ALLELE	NOT_ASSIGNED_IN_STRUCTURE_AUDIT
125	run-phase1a-60z59-hg002-grch38-v421	event-run-phase1a-60z59-hg002-grch38-v421-record-134	run-phase1a-ru88n-hg002-grch38-v421	event-run-phase1a-ru88n-hg002-grch38-v421-record-131	CROSS_RUN_EQUIVALENCE_UNRESOLVED	True	True	True	True	2	2	1	1	SINGLE_NORMALIZED_ALLELE	SINGLE_NORMALIZED_ALLELE	SINGLE_NORMALIZED_ALLELE__SINGLE_NORMALIZED_ALLELE	NOT_ASSIGNED_IN_STRUCTURE_AUDIT
126	run-phase1a-60z59-hg002-grch38-v421	event-run-phase1a-60z59-hg002-grch38-v421-record-135	run-phase1a-ru88n-hg002-grch38-v421	event-run-phase1a-ru88n-hg002-grch38-v421-record-132	CROSS_RUN_EQUIVALENCE_UNRESOLVED	True	True	True	True	2	2	1	1	SINGLE_NORMALIZED_ALLELE	SINGLE_NORMALIZED_ALLELE	SINGLE_NORMALIZED_ALLELE__SINGLE_NORMALIZED_ALLELE	NOT_ASSIGNED_IN_STRUCTURE_AUDIT
127	run-phase1a-60z59-hg002-grch38-v421	event-run-phase1a-60z59-hg002-grch38-v421-record-137	run-phase1a-ru88n-hg002-grch38-v421	event-run-phase1a-ru88n-hg002-grch38-v421-record-134	CROSS_RUN_EQUIVALENCE_UNRESOLVED	True	True	True	True	2	2	1	1	SINGLE_NORMALIZED_ALLELE	SINGLE_NORMALIZED_ALLELE	SINGLE_NORMALIZED_ALLELE__SINGLE_NORMALIZED_ALLELE	NOT_ASSIGNED_IN_STRUCTURE_AUDIT
128	run-phase1a-60z59-hg002-grch38-v421	event-run-phase1a-60z59-hg002-grch38-v421-record-138	run-phase1a-ru88n-hg002-grch38-v421	event-run-phase1a-ru88n-hg002-grch38-v421-record-135	CROSS_RUN_EQUIVALENCE_UNRESOLVED	True	True	True	True	2	2	1	1	SINGLE_NORMALIZED_ALLELE	SINGLE_NORMALIZED_ALLELE	SINGLE_NORMALIZED_ALLELE__SINGLE_NORMALIZED_ALLELE	NOT_ASSIGNED_IN_STRUCTURE_AUDIT
129	run-phase1a-60z59-hg002-grch38-v421	event-run-phase1a-60z59-hg002-grch38-v421-record-139	run-phase1a-ru88n-hg002-grch38-v421	event-run-phase1a-ru88n-hg002-grch38-v421-record-136	CROSS_RUN_EQUIVALENCE_UNRESOLVED	True	True	True	True	2	2	1	1	SINGLE_NORMALIZED_ALLELE	SINGLE_NORMALIZED_ALLELE	SINGLE_NORMALIZED_ALLELE__SINGLE_NORMALIZED_ALLELE	NOT_ASSIGNED_IN_STRUCTURE_AUDIT
130	run-phase1a-60z59-hg002-grch38-v421	event-run-phase1a-60z59-hg002-grch38-v421-record-140	run-phase1a-ru88n-hg002-grch38-v421	event-run-phase1a-ru88n-hg002-grch38-v421-record-137	CROSS_RUN_EQUIVALENCE_UNRESOLVED	True	True	True	True	2	2	1	1	SINGLE_NORMALIZED_ALLELE	SINGLE_NORMALIZED_ALLELE	SINGLE_NORMALIZED_ALLELE__SINGLE_NORMALIZED_ALLELE	NOT_ASSIGNED_IN_STRUCTURE_AUDIT
131	run-phase1a-60z59-hg002-grch38-v421	event-run-phase1a-60z59-hg002-grch38-v421-record-141	run-phase1a-ru88n-hg002-grch38-v421	event-run-phase1a-ru88n-hg002-grch38-v421-record-138	CROSS_RUN_EQUIVALENCE_UNRESOLVED	True	True	True	True	2	2	1	1	SINGLE_NORMALIZED_ALLELE	SINGLE_NORMALIZED_ALLELE	SINGLE_NORMALIZED_ALLELE__SINGLE_NORMALIZED_ALLELE	NOT_ASSIGNED_IN_STRUCTURE_AUDIT
132	run-phase1a-60z59-hg002-grch38-v421	event-run-phase1a-60z59-hg002-grch38-v421-record-142	run-phase1a-ru88n-hg002-grch38-v421	event-run-phase1a-ru88n-hg002-grch38-v421-record-139	CROSS_RUN_EQUIVALENCE_UNRESOLVED	True	True	True	True	2	2	1	1	SINGLE_NORMALIZED_ALLELE	SINGLE_NORMALIZED_ALLELE	SINGLE_NORMALIZED_ALLELE__SINGLE_NORMALIZED_ALLELE	NOT_ASSIGNED_IN_STRUCTURE_AUDIT
133	run-phase1a-60z59-hg002-grch38-v421	event-run-phase1a-60z59-hg002-grch38-v421-record-143	run-phase1a-ru88n-hg002-grch38-v421	event-run-phase1a-ru88n-hg002-grch38-v421-record-140	CROSS_RUN_EQUIVALENCE_UNRESOLVED	True	True	True	True	2	2	1	1	SINGLE_NORMALIZED_ALLELE	SINGLE_NORMALIZED_ALLELE	SINGLE_NORMALIZED_ALLELE__SINGLE_NORMALIZED_ALLELE	NOT_ASSIGNED_IN_STRUCTURE_AUDIT
134	run-phase1a-60z59-hg002-grch38-v421	event-run-phase1a-60z59-hg002-grch38-v421-record-144	run-phase1a-ru88n-hg002-grch38-v421	event-run-phase1a-ru88n-hg002-grch38-v421-record-141	CROSS_RUN_EQUIVALENCE_UNRESOLVED	True	True	True	True	2	2	1	1	SINGLE_NORMALIZED_ALLELE	SINGLE_NORMALIZED_ALLELE	SINGLE_NORMALIZED_ALLELE__SINGLE_NORMALIZED_ALLELE	NOT_ASSIGNED_IN_STRUCTURE_AUDIT
135	run-phase1a-60z59-hg002-grch38-v421	event-run-phase1a-60z59-hg002-grch38-v421-record-145	run-phase1a-ru88n-hg002-grch38-v421	event-run-phase1a-ru88n-hg002-grch38-v421-record-143	CROSS_RUN_EQUIVALENCE_UNRESOLVED	True	True	True	True	2	2	1	1	SINGLE_NORMALIZED_ALLELE	SINGLE_NORMALIZED_ALLELE	SINGLE_NORMALIZED_ALLELE__SINGLE_NORMALIZED_ALLELE	NOT_ASSIGNED_IN_STRUCTURE_AUDIT
136	run-phase1a-60z59-hg002-grch38-v421	event-run-phase1a-60z59-hg002-grch38-v421-record-146	run-phase1a-ru88n-hg002-grch38-v421	event-run-phase1a-ru88n-hg002-grch38-v421-record-144	CROSS_RUN_EQUIVALENCE_UNRESOLVED	True	True	True	True	2	2	1	1	SINGLE_NORMALIZED_ALLELE	SINGLE_NORMALIZED_ALLELE	SINGLE_NORMALIZED_ALLELE__SINGLE_NORMALIZED_ALLELE	NOT_ASSIGNED_IN_STRUCTURE_AUDIT
137	run-phase1a-60z59-hg002-grch38-v421	event-run-phase1a-60z59-hg002-grch38-v421-record-147	run-phase1a-ru88n-hg002-grch38-v421	event-run-phase1a-ru88n-hg002-grch38-v421-record-145	CROSS_RUN_EQUIVALENCE_UNRESOLVED	True	True	True	True	2	2	1	1	SINGLE_NORMALIZED_ALLELE	SINGLE_NORMALIZED_ALLELE	SINGLE_NORMALIZED_ALLELE__SINGLE_NORMALIZED_ALLELE	NOT_ASSIGNED_IN_STRUCTURE_AUDIT
138	run-phase1a-60z59-hg002-grch38-v421	event-run-phase1a-60z59-hg002-grch38-v421-record-148	run-phase1a-ru88n-hg002-grch38-v421	event-run-phase1a-ru88n-hg002-grch38-v421-record-146	CROSS_RUN_EQUIVALENCE_UNRESOLVED	True	True	True	True	2	2	1	1	SINGLE_NORMALIZED_ALLELE	SINGLE_NORMALIZED_ALLELE	SINGLE_NORMALIZED_ALLELE__SINGLE_NORMALIZED_ALLELE	NOT_ASSIGNED_IN_STRUCTURE_AUDIT
139	run-phase1a-60z59-hg002-grch38-v421	event-run-phase1a-60z59-hg002-grch38-v421-record-149	run-phase1a-ru88n-hg002-grch38-v421	event-run-phase1a-ru88n-hg002-grch38-v421-record-147	CROSS_RUN_EQUIVALENCE_UNRESOLVED	True	True	True	True	2	2	1	1	SINGLE_NORMALIZED_ALLELE	SINGLE_NORMALIZED_ALLELE	SINGLE_NORMALIZED_ALLELE__SINGLE_NORMALIZED_ALLELE	NOT_ASSIGNED_IN_STRUCTURE_AUDIT
140	run-phase1a-60z59-hg002-grch38-v421	event-run-phase1a-60z59-hg002-grch38-v421-record-150	run-phase1a-ru88n-hg002-grch38-v421	event-run-phase1a-ru88n-hg002-grch38-v421-record-148	CROSS_RUN_EQUIVALENCE_UNRESOLVED	True	True	True	True	2	2	1	1	SINGLE_NORMALIZED_ALLELE	SINGLE_NORMALIZED_ALLELE	SINGLE_NORMALIZED_ALLELE__SINGLE_NORMALIZED_ALLELE	NOT_ASSIGNED_IN_STRUCTURE_AUDIT
141	run-phase1a-60z59-hg002-grch38-v421	event-run-phase1a-60z59-hg002-grch38-v421-record-151	run-phase1a-ru88n-hg002-grch38-v421	event-run-phase1a-ru88n-hg002-grch38-v421-record-149	CROSS_RUN_EQUIVALENCE_UNRESOLVED	True	True	True	True	2	2	1	1	SINGLE_NORMALIZED_ALLELE	SINGLE_NORMALIZED_ALLELE	SINGLE_NORMALIZED_ALLELE__SINGLE_NORMALIZED_ALLELE	NOT_ASSIGNED_IN_STRUCTURE_AUDIT
142	run-phase1a-60z59-hg002-grch38-v421	event-run-phase1a-60z59-hg002-grch38-v421-record-152	run-phase1a-ru88n-hg002-grch38-v421	event-run-phase1a-ru88n-hg002-grch38-v421-record-150	CROSS_RUN_EQUIVALENCE_UNRESOLVED	True	True	True	True	2	2	1	1	SINGLE_NORMALIZED_ALLELE	SINGLE_NORMALIZED_ALLELE	SINGLE_NORMALIZED_ALLELE__SINGLE_NORMALIZED_ALLELE	NOT_ASSIGNED_IN_STRUCTURE_AUDIT
143	run-phase1a-60z59-hg002-grch38-v421	event-run-phase1a-60z59-hg002-grch38-v421-record-153	run-phase1a-ru88n-hg002-grch38-v421	event-run-phase1a-ru88n-hg002-grch38-v421-record-151	CROSS_RUN_EQUIVALENCE_UNRESOLVED	True	True	True	True	2	2	1	1	SINGLE_NORMALIZED_ALLELE	SINGLE_NORMALIZED_ALLELE	SINGLE_NORMALIZED_ALLELE__SINGLE_NORMALIZED_ALLELE	NOT_ASSIGNED_IN_STRUCTURE_AUDIT
144	run-phase1a-60z59-hg002-grch38-v421	event-run-phase1a-60z59-hg002-grch38-v421-record-157	run-phase1a-ru88n-hg002-grch38-v421	event-run-phase1a-ru88n-hg002-grch38-v421-record-152	CROSS_RUN_EQUIVALENCE_UNRESOLVED	True	True	True	True	2	2	1	1	SINGLE_NORMALIZED_ALLELE	SINGLE_NORMALIZED_ALLELE	SINGLE_NORMALIZED_ALLELE__SINGLE_NORMALIZED_ALLELE	NOT_ASSIGNED_IN_STRUCTURE_AUDIT
145	run-phase1a-60z59-hg002-grch38-v421	event-run-phase1a-60z59-hg002-grch38-v421-record-158	run-phase1a-ru88n-hg002-grch38-v421	event-run-phase1a-ru88n-hg002-grch38-v421-record-153	CROSS_RUN_EQUIVALENCE_UNRESOLVED	True	True	True	True	2	2	1	1	SINGLE_NORMALIZED_ALLELE	SINGLE_NORMALIZED_ALLELE	SINGLE_NORMALIZED_ALLELE__SINGLE_NORMALIZED_ALLELE	NOT_ASSIGNED_IN_STRUCTURE_AUDIT
146	run-phase1a-60z59-hg002-grch38-v421	event-run-phase1a-60z59-hg002-grch38-v421-record-159	run-phase1a-ru88n-hg002-grch38-v421	event-run-phase1a-ru88n-hg002-grch38-v421-record-154	CROSS_RUN_EQUIVALENCE_UNRESOLVED	True	True	True	True	2	2	1	1	SINGLE_NORMALIZED_ALLELE	SINGLE_NORMALIZED_ALLELE	SINGLE_NORMALIZED_ALLELE__SINGLE_NORMALIZED_ALLELE	NOT_ASSIGNED_IN_STRUCTURE_AUDIT
147	run-phase1a-60z59-hg002-grch38-v421	event-run-phase1a-60z59-hg002-grch38-v421-record-160	run-phase1a-ru88n-hg002-grch38-v421	event-run-phase1a-ru88n-hg002-grch38-v421-record-155	CROSS_RUN_EQUIVALENCE_UNRESOLVED	True	True	True	True	2	2	1	1	SINGLE_NORMALIZED_ALLELE	SINGLE_NORMALIZED_ALLELE	SINGLE_NORMALIZED_ALLELE__SINGLE_NORMALIZED_ALLELE	NOT_ASSIGNED_IN_STRUCTURE_AUDIT
148	run-phase1a-60z59-hg002-grch38-v421	event-run-phase1a-60z59-hg002-grch38-v421-record-161	run-phase1a-ru88n-hg002-grch38-v421	event-run-phase1a-ru88n-hg002-grch38-v421-record-156	CROSS_RUN_EQUIVALENCE_UNRESOLVED	True	True	True	True	2	2	1	1	SINGLE_NORMALIZED_ALLELE	SINGLE_NORMALIZED_ALLELE	SINGLE_NORMALIZED_ALLELE__SINGLE_NORMALIZED_ALLELE	NOT_ASSIGNED_IN_STRUCTURE_AUDIT
149	run-phase1a-60z59-hg002-grch38-v421	event-run-phase1a-60z59-hg002-grch38-v421-record-162	run-phase1a-ru88n-hg002-grch38-v421	event-run-phase1a-ru88n-hg002-grch38-v421-record-157	CROSS_RUN_EQUIVALENCE_UNRESOLVED	True	True	True	True	2	2	1	1	SINGLE_NORMALIZED_ALLELE	SINGLE_NORMALIZED_ALLELE	SINGLE_NORMALIZED_ALLELE__SINGLE_NORMALIZED_ALLELE	NOT_ASSIGNED_IN_STRUCTURE_AUDIT
150	run-phase1a-60z59-hg002-grch38-v421	event-run-phase1a-60z59-hg002-grch38-v421-record-163	run-phase1a-ru88n-hg002-grch38-v421	event-run-phase1a-ru88n-hg002-grch38-v421-record-158	CROSS_RUN_EQUIVALENCE_UNRESOLVED	True	True	True	True	2	2	1	1	SINGLE_NORMALIZED_ALLELE	SINGLE_NORMALIZED_ALLELE	SINGLE_NORMALIZED_ALLELE__SINGLE_NORMALIZED_ALLELE	NOT_ASSIGNED_IN_STRUCTURE_AUDIT
151	run-phase1a-60z59-hg002-grch38-v421	event-run-phase1a-60z59-hg002-grch38-v421-record-164	run-phase1a-ru88n-hg002-grch38-v421	event-run-phase1a-ru88n-hg002-grch38-v421-record-159	CROSS_RUN_EQUIVALENCE_UNRESOLVED	True	True	True	True	2	2	1	1	SINGLE_NORMALIZED_ALLELE	SINGLE_NORMALIZED_ALLELE	SINGLE_NORMALIZED_ALLELE__SINGLE_NORMALIZED_ALLELE	NOT_ASSIGNED_IN_STRUCTURE_AUDIT
152	run-phase1a-60z59-hg002-grch38-v421	event-run-phase1a-60z59-hg002-grch38-v421-record-165	run-phase1a-ru88n-hg002-grch38-v421	event-run-phase1a-ru88n-hg002-grch38-v421-record-160	CROSS_RUN_EQUIVALENCE_UNRESOLVED	True	True	True	True	2	2	1	1	SINGLE_NORMALIZED_ALLELE	SINGLE_NORMALIZED_ALLELE	SINGLE_NORMALIZED_ALLELE__SINGLE_NORMALIZED_ALLELE	NOT_ASSIGNED_IN_STRUCTURE_AUDIT
153	run-phase1a-60z59-hg002-grch38-v421	event-run-phase1a-60z59-hg002-grch38-v421-record-166	run-phase1a-ru88n-hg002-grch38-v421	event-run-phase1a-ru88n-hg002-grch38-v421-record-161	CROSS_RUN_EQUIVALENCE_UNRESOLVED	True	True	True	True	2	2	1	1	SINGLE_NORMALIZED_ALLELE	SINGLE_NORMALIZED_ALLELE	SINGLE_NORMALIZED_ALLELE__SINGLE_NORMALIZED_ALLELE	NOT_ASSIGNED_IN_STRUCTURE_AUDIT
154	run-phase1a-60z59-hg002-grch38-v421	event-run-phase1a-60z59-hg002-grch38-v421-record-168	run-phase1a-ru88n-hg002-grch38-v421	event-run-phase1a-ru88n-hg002-grch38-v421-record-162	CROSS_RUN_EQUIVALENCE_UNRESOLVED	True	True	True	True	2	2	1	1	SINGLE_NORMALIZED_ALLELE	SINGLE_NORMALIZED_ALLELE	SINGLE_NORMALIZED_ALLELE__SINGLE_NORMALIZED_ALLELE	NOT_ASSIGNED_IN_STRUCTURE_AUDIT
155	run-phase1a-60z59-hg002-grch38-v421	event-run-phase1a-60z59-hg002-grch38-v421-record-169	run-phase1a-ru88n-hg002-grch38-v421	event-run-phase1a-ru88n-hg002-grch38-v421-record-163	CROSS_RUN_EQUIVALENCE_UNRESOLVED	True	True	True	True	2	2	1	1	SINGLE_NORMALIZED_ALLELE	SINGLE_NORMALIZED_ALLELE	SINGLE_NORMALIZED_ALLELE__SINGLE_NORMALIZED_ALLELE	NOT_ASSIGNED_IN_STRUCTURE_AUDIT
156	run-phase1a-60z59-hg002-grch38-v421	event-run-phase1a-60z59-hg002-grch38-v421-record-170	run-phase1a-ru88n-hg002-grch38-v421	event-run-phase1a-ru88n-hg002-grch38-v421-record-164	CROSS_RUN_EQUIVALENCE_UNRESOLVED	True	True	True	True	2	2	1	1	SINGLE_NORMALIZED_ALLELE	SINGLE_NORMALIZED_ALLELE	SINGLE_NORMALIZED_ALLELE__SINGLE_NORMALIZED_ALLELE	NOT_ASSIGNED_IN_STRUCTURE_AUDIT
157	run-phase1a-60z59-hg002-grch38-v421	event-run-phase1a-60z59-hg002-grch38-v421-record-171	run-phase1a-ru88n-hg002-grch38-v421	event-run-phase1a-ru88n-hg002-grch38-v421-record-165	CROSS_RUN_EQUIVALENCE_UNRESOLVED	True	True	True	True	2	2	1	1	SINGLE_NORMALIZED_ALLELE	SINGLE_NORMALIZED_ALLELE	SINGLE_NORMALIZED_ALLELE__SINGLE_NORMALIZED_ALLELE	NOT_ASSIGNED_IN_STRUCTURE_AUDIT
158	run-phase1a-60z59-hg002-grch38-v421	event-run-phase1a-60z59-hg002-grch38-v421-record-172	run-phase1a-ru88n-hg002-grch38-v421	event-run-phase1a-ru88n-hg002-grch38-v421-record-166	CROSS_RUN_EQUIVALENCE_UNRESOLVED	True	True	True	True	2	2	1	1	SINGLE_NORMALIZED_ALLELE	SINGLE_NORMALIZED_ALLELE	SINGLE_NORMALIZED_ALLELE__SINGLE_NORMALIZED_ALLELE	NOT_ASSIGNED_IN_STRUCTURE_AUDIT
159	run-phase1a-60z59-hg002-grch38-v421	event-run-phase1a-60z59-hg002-grch38-v421-record-173	run-phase1a-ru88n-hg002-grch38-v421	event-run-phase1a-ru88n-hg002-grch38-v421-record-167	CROSS_RUN_EQUIVALENCE_UNRESOLVED	True	True	True	True	2	2	1	1	SINGLE_NORMALIZED_ALLELE	SINGLE_NORMALIZED_ALLELE	SINGLE_NORMALIZED_ALLELE__SINGLE_NORMALIZED_ALLELE	NOT_ASSIGNED_IN_STRUCTURE_AUDIT
160	run-phase1a-60z59-hg002-grch38-v421	event-run-phase1a-60z59-hg002-grch38-v421-record-174	run-phase1a-ru88n-hg002-grch38-v421	event-run-phase1a-ru88n-hg002-grch38-v421-record-168	CROSS_RUN_EQUIVALENCE_UNRESOLVED	True	True	True	True	2	2	1	1	SINGLE_NORMALIZED_ALLELE	SINGLE_NORMALIZED_ALLELE	SINGLE_NORMALIZED_ALLELE__SINGLE_NORMALIZED_ALLELE	NOT_ASSIGNED_IN_STRUCTURE_AUDIT
161	run-phase1a-60z59-hg002-grch38-v421	event-run-phase1a-60z59-hg002-grch38-v421-record-175	run-phase1a-ru88n-hg002-grch38-v421	event-run-phase1a-ru88n-hg002-grch38-v421-record-169	CROSS_RUN_EQUIVALENCE_UNRESOLVED	True	True	True	True	2	2	1	1	SINGLE_NORMALIZED_ALLELE	SINGLE_NORMALIZED_ALLELE	SINGLE_NORMALIZED_ALLELE__SINGLE_NORMALIZED_ALLELE	NOT_ASSIGNED_IN_STRUCTURE_AUDIT
162	run-phase1a-60z59-hg002-grch38-v421	event-run-phase1a-60z59-hg002-grch38-v421-record-176	run-phase1a-ru88n-hg002-grch38-v421	event-run-phase1a-ru88n-hg002-grch38-v421-record-170	CROSS_RUN_EQUIVALENCE_UNRESOLVED	True	True	True	True	2	2	1	1	SINGLE_NORMALIZED_ALLELE	SINGLE_NORMALIZED_ALLELE	SINGLE_NORMALIZED_ALLELE__SINGLE_NORMALIZED_ALLELE	NOT_ASSIGNED_IN_STRUCTURE_AUDIT
163	run-phase1a-60z59-hg002-grch38-v421	event-run-phase1a-60z59-hg002-grch38-v421-record-177	run-phase1a-ru88n-hg002-grch38-v421	event-run-phase1a-ru88n-hg002-grch38-v421-record-171	CROSS_RUN_EQUIVALENCE_UNRESOLVED	True	True	True	True	2	2	1	1	SINGLE_NORMALIZED_ALLELE	SINGLE_NORMALIZED_ALLELE	SINGLE_NORMALIZED_ALLELE__SINGLE_NORMALIZED_ALLELE	NOT_ASSIGNED_IN_STRUCTURE_AUDIT
164	run-phase1a-60z59-hg002-grch38-v421	event-run-phase1a-60z59-hg002-grch38-v421-record-178	run-phase1a-ru88n-hg002-grch38-v421	event-run-phase1a-ru88n-hg002-grch38-v421-record-172	CROSS_RUN_EQUIVALENCE_UNRESOLVED	True	True	True	True	2	2	1	1	SINGLE_NORMALIZED_ALLELE	SINGLE_NORMALIZED_ALLELE	SINGLE_NORMALIZED_ALLELE__SINGLE_NORMALIZED_ALLELE	NOT_ASSIGNED_IN_STRUCTURE_AUDIT
165	run-phase1a-60z59-hg002-grch38-v421	event-run-phase1a-60z59-hg002-grch38-v421-record-179	run-phase1a-ru88n-hg002-grch38-v421	event-run-phase1a-ru88n-hg002-grch38-v421-record-173	CROSS_RUN_EQUIVALENCE_UNRESOLVED	True	True	True	True	2	2	1	1	SINGLE_NORMALIZED_ALLELE	SINGLE_NORMALIZED_ALLELE	SINGLE_NORMALIZED_ALLELE__SINGLE_NORMALIZED_ALLELE	NOT_ASSIGNED_IN_STRUCTURE_AUDIT
166	run-phase1a-60z59-hg002-grch38-v421	event-run-phase1a-60z59-hg002-grch38-v421-record-180	run-phase1a-ru88n-hg002-grch38-v421	event-run-phase1a-ru88n-hg002-grch38-v421-record-174	CROSS_RUN_EQUIVALENCE_UNRESOLVED	True	True	True	True	2	2	1	1	SINGLE_NORMALIZED_ALLELE	SINGLE_NORMALIZED_ALLELE	SINGLE_NORMALIZED_ALLELE__SINGLE_NORMALIZED_ALLELE	NOT_ASSIGNED_IN_STRUCTURE_AUDIT
167	run-phase1a-60z59-hg002-grch38-v421	event-run-phase1a-60z59-hg002-grch38-v421-record-181	run-phase1a-ru88n-hg002-grch38-v421	event-run-phase1a-ru88n-hg002-grch38-v421-record-175	CROSS_RUN_EQUIVALENCE_UNRESOLVED	True	True	True	True	2	2	1	1	SINGLE_NORMALIZED_ALLELE	SINGLE_NORMALIZED_ALLELE	SINGLE_NORMALIZED_ALLELE__SINGLE_NORMALIZED_ALLELE	NOT_ASSIGNED_IN_STRUCTURE_AUDIT
168	run-phase1a-60z59-hg002-grch38-v421	event-run-phase1a-60z59-hg002-grch38-v421-record-182	run-phase1a-ru88n-hg002-grch38-v421	event-run-phase1a-ru88n-hg002-grch38-v421-record-176	CROSS_RUN_EQUIVALENCE_UNRESOLVED	True	True	True	True	2	2	1	1	SINGLE_NORMALIZED_ALLELE	SINGLE_NORMALIZED_ALLELE	SINGLE_NORMALIZED_ALLELE__SINGLE_NORMALIZED_ALLELE	NOT_ASSIGNED_IN_STRUCTURE_AUDIT
169	run-phase1a-60z59-hg002-grch38-v421	event-run-phase1a-60z59-hg002-grch38-v421-record-183	run-phase1a-ru88n-hg002-grch38-v421	event-run-phase1a-ru88n-hg002-grch38-v421-record-177	CROSS_RUN_EQUIVALENCE_UNRESOLVED	True	True	True	True	2	2	1	1	SINGLE_NORMALIZED_ALLELE	SINGLE_NORMALIZED_ALLELE	SINGLE_NORMALIZED_ALLELE__SINGLE_NORMALIZED_ALLELE	NOT_ASSIGNED_IN_STRUCTURE_AUDIT
170	run-phase1a-60z59-hg002-grch38-v421	event-run-phase1a-60z59-hg002-grch38-v421-record-184	run-phase1a-ru88n-hg002-grch38-v421	event-run-phase1a-ru88n-hg002-grch38-v421-record-178	CROSS_RUN_EQUIVALENCE_UNRESOLVED	True	True	True	True	2	2	1	1	SINGLE_NORMALIZED_ALLELE	SINGLE_NORMALIZED_ALLELE	SINGLE_NORMALIZED_ALLELE__SINGLE_NORMALIZED_ALLELE	NOT_ASSIGNED_IN_STRUCTURE_AUDIT
171	run-phase1a-60z59-hg002-grch38-v421	event-run-phase1a-60z59-hg002-grch38-v421-record-185	run-phase1a-ru88n-hg002-grch38-v421	event-run-phase1a-ru88n-hg002-grch38-v421-record-179	CROSS_RUN_EQUIVALENCE_UNRESOLVED	True	True	True	True	2	2	1	1	SINGLE_NORMALIZED_ALLELE	SINGLE_NORMALIZED_ALLELE	SINGLE_NORMALIZED_ALLELE__SINGLE_NORMALIZED_ALLELE	NOT_ASSIGNED_IN_STRUCTURE_AUDIT
172	run-phase1a-60z59-hg002-grch38-v421	event-run-phase1a-60z59-hg002-grch38-v421-record-186	run-phase1a-ru88n-hg002-grch38-v421	event-run-phase1a-ru88n-hg002-grch38-v421-record-180	CROSS_RUN_EQUIVALENCE_UNRESOLVED	True	True	True	True	2	2	1	1	SINGLE_NORMALIZED_ALLELE	SINGLE_NORMALIZED_ALLELE	SINGLE_NORMALIZED_ALLELE__SINGLE_NORMALIZED_ALLELE	NOT_ASSIGNED_IN_STRUCTURE_AUDIT
173	run-phase1a-60z59-hg002-grch38-v421	event-run-phase1a-60z59-hg002-grch38-v421-record-187	run-phase1a-ru88n-hg002-grch38-v421	event-run-phase1a-ru88n-hg002-grch38-v421-record-181	CROSS_RUN_EQUIVALENCE_UNRESOLVED	True	True	True	True	2	2	1	1	SINGLE_NORMALIZED_ALLELE	SINGLE_NORMALIZED_ALLELE	SINGLE_NORMALIZED_ALLELE__SINGLE_NORMALIZED_ALLELE	NOT_ASSIGNED_IN_STRUCTURE_AUDIT
174	run-phase1a-60z59-hg002-grch38-v421	event-run-phase1a-60z59-hg002-grch38-v421-record-190	run-phase1a-ru88n-hg002-grch38-v421	event-run-phase1a-ru88n-hg002-grch38-v421-record-184	CROSS_RUN_EQUIVALENCE_UNRESOLVED	True	True	True	True	2	2	1	1	SINGLE_NORMALIZED_ALLELE	SINGLE_NORMALIZED_ALLELE	SINGLE_NORMALIZED_ALLELE__SINGLE_NORMALIZED_ALLELE	NOT_ASSIGNED_IN_STRUCTURE_AUDIT
175	run-phase1a-60z59-hg002-grch38-v421	event-run-phase1a-60z59-hg002-grch38-v421-record-191	run-phase1a-ru88n-hg002-grch38-v421	event-run-phase1a-ru88n-hg002-grch38-v421-record-185	CROSS_RUN_EQUIVALENCE_UNRESOLVED	True	True	True	True	2	2	1	1	SINGLE_NORMALIZED_ALLELE	SINGLE_NORMALIZED_ALLELE	SINGLE_NORMALIZED_ALLELE__SINGLE_NORMALIZED_ALLELE	NOT_ASSIGNED_IN_STRUCTURE_AUDIT
176	run-phase1a-60z59-hg002-grch38-v421	event-run-phase1a-60z59-hg002-grch38-v421-record-192	run-phase1a-ru88n-hg002-grch38-v421	event-run-phase1a-ru88n-hg002-grch38-v421-record-186	CROSS_RUN_EQUIVALENCE_UNRESOLVED	True	True	True	True	2	2	1	1	SINGLE_NORMALIZED_ALLELE	SINGLE_NORMALIZED_ALLELE	SINGLE_NORMALIZED_ALLELE__SINGLE_NORMALIZED_ALLELE	NOT_ASSIGNED_IN_STRUCTURE_AUDIT
177	run-phase1a-60z59-hg002-grch38-v421	event-run-phase1a-60z59-hg002-grch38-v421-record-193	run-phase1a-ru88n-hg002-grch38-v421	event-run-phase1a-ru88n-hg002-grch38-v421-record-187	CROSS_RUN_EQUIVALENCE_UNRESOLVED	True	True	True	True	2	2	1	1	SINGLE_NORMALIZED_ALLELE	SINGLE_NORMALIZED_ALLELE	SINGLE_NORMALIZED_ALLELE__SINGLE_NORMALIZED_ALLELE	NOT_ASSIGNED_IN_STRUCTURE_AUDIT
178	run-phase1a-60z59-hg002-grch38-v421	event-run-phase1a-60z59-hg002-grch38-v421-record-194	run-phase1a-ru88n-hg002-grch38-v421	event-run-phase1a-ru88n-hg002-grch38-v421-record-188	CROSS_RUN_EQUIVALENCE_UNRESOLVED	True	True	True	True	2	2	1	1	SINGLE_NORMALIZED_ALLELE	SINGLE_NORMALIZED_ALLELE	SINGLE_NORMALIZED_ALLELE__SINGLE_NORMALIZED_ALLELE	NOT_ASSIGNED_IN_STRUCTURE_AUDIT
179	run-phase1a-60z59-hg002-grch38-v421	event-run-phase1a-60z59-hg002-grch38-v421-record-195	run-phase1a-ru88n-hg002-grch38-v421	event-run-phase1a-ru88n-hg002-grch38-v421-record-189	CROSS_RUN_EQUIVALENCE_UNRESOLVED	True	True	True	True	2	2	1	1	SINGLE_NORMALIZED_ALLELE	SINGLE_NORMALIZED_ALLELE	SINGLE_NORMALIZED_ALLELE__SINGLE_NORMALIZED_ALLELE	NOT_ASSIGNED_IN_STRUCTURE_AUDIT
180	run-phase1a-60z59-hg002-grch38-v421	event-run-phase1a-60z59-hg002-grch38-v421-record-196	run-phase1a-ru88n-hg002-grch38-v421	event-run-phase1a-ru88n-hg002-grch38-v421-record-190	CROSS_RUN_EQUIVALENCE_UNRESOLVED	True	True	True	True	2	2	1	1	SINGLE_NORMALIZED_ALLELE	SINGLE_NORMALIZED_ALLELE	SINGLE_NORMALIZED_ALLELE__SINGLE_NORMALIZED_ALLELE	NOT_ASSIGNED_IN_STRUCTURE_AUDIT
181	run-phase1a-60z59-hg002-grch38-v421	event-run-phase1a-60z59-hg002-grch38-v421-record-197	run-phase1a-ru88n-hg002-grch38-v421	event-run-phase1a-ru88n-hg002-grch38-v421-record-191	CROSS_RUN_EQUIVALENCE_UNRESOLVED	True	True	True	True	2	2	1	1	SINGLE_NORMALIZED_ALLELE	SINGLE_NORMALIZED_ALLELE	SINGLE_NORMALIZED_ALLELE__SINGLE_NORMALIZED_ALLELE	NOT_ASSIGNED_IN_STRUCTURE_AUDIT
182	run-phase1a-60z59-hg002-grch38-v421	event-run-phase1a-60z59-hg002-grch38-v421-record-198	run-phase1a-ru88n-hg002-grch38-v421	event-run-phase1a-ru88n-hg002-grch38-v421-record-192	CROSS_RUN_EQUIVALENCE_UNRESOLVED	True	True	True	True	2	2	1	1	SINGLE_NORMALIZED_ALLELE	SINGLE_NORMALIZED_ALLELE	SINGLE_NORMALIZED_ALLELE__SINGLE_NORMALIZED_ALLELE	NOT_ASSIGNED_IN_STRUCTURE_AUDIT
183	run-phase1a-60z59-hg002-grch38-v421	event-run-phase1a-60z59-hg002-grch38-v421-record-199	run-phase1a-ru88n-hg002-grch38-v421	event-run-phase1a-ru88n-hg002-grch38-v421-record-193	CROSS_RUN_EQUIVALENCE_UNRESOLVED	True	True	True	True	2	2	1	1	SINGLE_NORMALIZED_ALLELE	SINGLE_NORMALIZED_ALLELE	SINGLE_NORMALIZED_ALLELE__SINGLE_NORMALIZED_ALLELE	NOT_ASSIGNED_IN_STRUCTURE_AUDIT
184	run-phase1a-60z59-hg002-grch38-v421	event-run-phase1a-60z59-hg002-grch38-v421-record-200	run-phase1a-ru88n-hg002-grch38-v421	event-run-phase1a-ru88n-hg002-grch38-v421-record-194	CROSS_RUN_EQUIVALENCE_UNRESOLVED	True	True	True	True	2	2	1	1	SINGLE_NORMALIZED_ALLELE	SINGLE_NORMALIZED_ALLELE	SINGLE_NORMALIZED_ALLELE__SINGLE_NORMALIZED_ALLELE	NOT_ASSIGNED_IN_STRUCTURE_AUDIT
185	run-phase1a-60z59-hg002-grch38-v421	event-run-phase1a-60z59-hg002-grch38-v421-record-201	run-phase1a-ru88n-hg002-grch38-v421	event-run-phase1a-ru88n-hg002-grch38-v421-record-195	CROSS_RUN_EQUIVALENCE_UNRESOLVED	True	True	True	True	2	2	1	1	SINGLE_NORMALIZED_ALLELE	SINGLE_NORMALIZED_ALLELE	SINGLE_NORMALIZED_ALLELE__SINGLE_NORMALIZED_ALLELE	NOT_ASSIGNED_IN_STRUCTURE_AUDIT
186	run-phase1a-60z59-hg002-grch38-v421	event-run-phase1a-60z59-hg002-grch38-v421-record-202	run-phase1a-ru88n-hg002-grch38-v421	event-run-phase1a-ru88n-hg002-grch38-v421-record-196	CROSS_RUN_EQUIVALENCE_UNRESOLVED	True	True	True	True	2	2	1	1	SINGLE_NORMALIZED_ALLELE	SINGLE_NORMALIZED_ALLELE	SINGLE_NORMALIZED_ALLELE__SINGLE_NORMALIZED_ALLELE	NOT_ASSIGNED_IN_STRUCTURE_AUDIT
187	run-phase1a-60z59-hg002-grch38-v421	event-run-phase1a-60z59-hg002-grch38-v421-record-203	run-phase1a-ru88n-hg002-grch38-v421	event-run-phase1a-ru88n-hg002-grch38-v421-record-197	CROSS_RUN_EQUIVALENCE_UNRESOLVED	True	True	True	True	2	2	1	1	SINGLE_NORMALIZED_ALLELE	SINGLE_NORMALIZED_ALLELE	SINGLE_NORMALIZED_ALLELE__SINGLE_NORMALIZED_ALLELE	NOT_ASSIGNED_IN_STRUCTURE_AUDIT
188	run-phase1a-60z59-hg002-grch38-v421	event-run-phase1a-60z59-hg002-grch38-v421-record-204	run-phase1a-ru88n-hg002-grch38-v421	event-run-phase1a-ru88n-hg002-grch38-v421-record-198	CROSS_RUN_EQUIVALENCE_UNRESOLVED	True	True	True	True	2	2	1	1	SINGLE_NORMALIZED_ALLELE	SINGLE_NORMALIZED_ALLELE	SINGLE_NORMALIZED_ALLELE__SINGLE_NORMALIZED_ALLELE	NOT_ASSIGNED_IN_STRUCTURE_AUDIT
189	run-phase1a-60z59-hg002-grch38-v421	event-run-phase1a-60z59-hg002-grch38-v421-record-205	run-phase1a-ru88n-hg002-grch38-v421	event-run-phase1a-ru88n-hg002-grch38-v421-record-199	CROSS_RUN_EQUIVALENCE_UNRESOLVED	True	True	True	True	2	2	1	1	SINGLE_NORMALIZED_ALLELE	SINGLE_NORMALIZED_ALLELE	SINGLE_NORMALIZED_ALLELE__SINGLE_NORMALIZED_ALLELE	NOT_ASSIGNED_IN_STRUCTURE_AUDIT
190	run-phase1a-60z59-hg002-grch38-v421	event-run-phase1a-60z59-hg002-grch38-v421-record-206	run-phase1a-ru88n-hg002-grch38-v421	event-run-phase1a-ru88n-hg002-grch38-v421-record-200	CROSS_RUN_EQUIVALENCE_UNRESOLVED	True	True	True	True	2	2	1	1	SINGLE_NORMALIZED_ALLELE	SINGLE_NORMALIZED_ALLELE	SINGLE_NORMALIZED_ALLELE__SINGLE_NORMALIZED_ALLELE	NOT_ASSIGNED_IN_STRUCTURE_AUDIT
191	run-phase1a-60z59-hg002-grch38-v421	event-run-phase1a-60z59-hg002-grch38-v421-record-207	run-phase1a-ru88n-hg002-grch38-v421	event-run-phase1a-ru88n-hg002-grch38-v421-record-201	CROSS_RUN_EQUIVALENCE_UNRESOLVED	True	True	True	True	2	2	1	1	SINGLE_NORMALIZED_ALLELE	SINGLE_NORMALIZED_ALLELE	SINGLE_NORMALIZED_ALLELE__SINGLE_NORMALIZED_ALLELE	NOT_ASSIGNED_IN_STRUCTURE_AUDIT
192	run-phase1a-60z59-hg002-grch38-v421	event-run-phase1a-60z59-hg002-grch38-v421-record-208	run-phase1a-ru88n-hg002-grch38-v421	event-run-phase1a-ru88n-hg002-grch38-v421-record-202	CROSS_RUN_EQUIVALENCE_UNRESOLVED	True	True	True	True	2	2	1	1	SINGLE_NORMALIZED_ALLELE	SINGLE_NORMALIZED_ALLELE	SINGLE_NORMALIZED_ALLELE__SINGLE_NORMALIZED_ALLELE	NOT_ASSIGNED_IN_STRUCTURE_AUDIT
193	run-phase1a-60z59-hg002-grch38-v421	event-run-phase1a-60z59-hg002-grch38-v421-record-209	run-phase1a-ru88n-hg002-grch38-v421	event-run-phase1a-ru88n-hg002-grch38-v421-record-203	CROSS_RUN_EQUIVALENCE_UNRESOLVED	True	True	True	True	2	2	1	1	SINGLE_NORMALIZED_ALLELE	SINGLE_NORMALIZED_ALLELE	SINGLE_NORMALIZED_ALLELE__SINGLE_NORMALIZED_ALLELE	NOT_ASSIGNED_IN_STRUCTURE_AUDIT
194	run-phase1a-60z59-hg002-grch38-v421	event-run-phase1a-60z59-hg002-grch38-v421-record-210	run-phase1a-ru88n-hg002-grch38-v421	event-run-phase1a-ru88n-hg002-grch38-v421-record-204	CROSS_RUN_EQUIVALENCE_UNRESOLVED	True	True	True	True	2	2	1	1	SINGLE_NORMALIZED_ALLELE	SINGLE_NORMALIZED_ALLELE	SINGLE_NORMALIZED_ALLELE__SINGLE_NORMALIZED_ALLELE	NOT_ASSIGNED_IN_STRUCTURE_AUDIT
195	run-phase1a-60z59-hg002-grch38-v421	event-run-phase1a-60z59-hg002-grch38-v421-record-211	run-phase1a-ru88n-hg002-grch38-v421	event-run-phase1a-ru88n-hg002-grch38-v421-record-205	CROSS_RUN_EQUIVALENCE_UNRESOLVED	True	True	True	True	2	2	1	1	SINGLE_NORMALIZED_ALLELE	SINGLE_NORMALIZED_ALLELE	SINGLE_NORMALIZED_ALLELE__SINGLE_NORMALIZED_ALLELE	NOT_ASSIGNED_IN_STRUCTURE_AUDIT
196	run-phase1a-60z59-hg002-grch38-v421	event-run-phase1a-60z59-hg002-grch38-v421-record-212	run-phase1a-ru88n-hg002-grch38-v421	event-run-phase1a-ru88n-hg002-grch38-v421-record-206	CROSS_RUN_EQUIVALENCE_UNRESOLVED	True	True	True	True	2	2	1	1	SINGLE_NORMALIZED_ALLELE	SINGLE_NORMALIZED_ALLELE	SINGLE_NORMALIZED_ALLELE__SINGLE_NORMALIZED_ALLELE	NOT_ASSIGNED_IN_STRUCTURE_AUDIT
197	run-phase1a-60z59-hg002-grch38-v421	event-run-phase1a-60z59-hg002-grch38-v421-record-213	run-phase1a-ru88n-hg002-grch38-v421	event-run-phase1a-ru88n-hg002-grch38-v421-record-207	CROSS_RUN_EQUIVALENCE_UNRESOLVED	True	True	True	True	2	2	1	1	SINGLE_NORMALIZED_ALLELE	SINGLE_NORMALIZED_ALLELE	SINGLE_NORMALIZED_ALLELE__SINGLE_NORMALIZED_ALLELE	NOT_ASSIGNED_IN_STRUCTURE_AUDIT
198	run-phase1a-60z59-hg002-grch38-v421	event-run-phase1a-60z59-hg002-grch38-v421-record-214	run-phase1a-ru88n-hg002-grch38-v421	event-run-phase1a-ru88n-hg002-grch38-v421-record-208	CROSS_RUN_EQUIVALENCE_UNRESOLVED	True	True	True	True	2	2	1	1	SINGLE_NORMALIZED_ALLELE	SINGLE_NORMALIZED_ALLELE	SINGLE_NORMALIZED_ALLELE__SINGLE_NORMALIZED_ALLELE	NOT_ASSIGNED_IN_STRUCTURE_AUDIT
199	run-phase1a-60z59-hg002-grch38-v421	event-run-phase1a-60z59-hg002-grch38-v421-record-215	run-phase1a-ru88n-hg002-grch38-v421	event-run-phase1a-ru88n-hg002-grch38-v421-record-209	CROSS_RUN_EQUIVALENCE_UNRESOLVED	True	True	True	True	2	2	1	1	SINGLE_NORMALIZED_ALLELE	SINGLE_NORMALIZED_ALLELE	SINGLE_NORMALIZED_ALLELE__SINGLE_NORMALIZED_ALLELE	NOT_ASSIGNED_IN_STRUCTURE_AUDIT
200	run-phase1a-60z59-hg002-grch38-v421	event-run-phase1a-60z59-hg002-grch38-v421-record-216	run-phase1a-ru88n-hg002-grch38-v421	event-run-phase1a-ru88n-hg002-grch38-v421-record-210	CROSS_RUN_EQUIVALENCE_UNRESOLVED	True	True	True	True	2	2	1	1	SINGLE_NORMALIZED_ALLELE	SINGLE_NORMALIZED_ALLELE	SINGLE_NORMALIZED_ALLELE__SINGLE_NORMALIZED_ALLELE	NOT_ASSIGNED_IN_STRUCTURE_AUDIT
201	run-phase1a-60z59-hg002-grch38-v421	event-run-phase1a-60z59-hg002-grch38-v421-record-217	run-phase1a-ru88n-hg002-grch38-v421	event-run-phase1a-ru88n-hg002-grch38-v421-record-211	CROSS_RUN_EQUIVALENCE_UNRESOLVED	True	True	True	True	2	2	1	1	SINGLE_NORMALIZED_ALLELE	SINGLE_NORMALIZED_ALLELE	SINGLE_NORMALIZED_ALLELE__SINGLE_NORMALIZED_ALLELE	NOT_ASSIGNED_IN_STRUCTURE_AUDIT
202	run-phase1a-60z59-hg002-grch38-v421	event-run-phase1a-60z59-hg002-grch38-v421-record-218	run-phase1a-ru88n-hg002-grch38-v421	event-run-phase1a-ru88n-hg002-grch38-v421-record-212	CROSS_RUN_EQUIVALENCE_UNRESOLVED	True	True	True	True	2	2	1	1	SINGLE_NORMALIZED_ALLELE	SINGLE_NORMALIZED_ALLELE	SINGLE_NORMALIZED_ALLELE__SINGLE_NORMALIZED_ALLELE	NOT_ASSIGNED_IN_STRUCTURE_AUDIT
203	run-phase1a-60z59-hg002-grch38-v421	event-run-phase1a-60z59-hg002-grch38-v421-record-219	run-phase1a-ru88n-hg002-grch38-v421	event-run-phase1a-ru88n-hg002-grch38-v421-record-213	CROSS_RUN_EQUIVALENCE_UNRESOLVED	True	True	True	True	2	2	1	1	SINGLE_NORMALIZED_ALLELE	SINGLE_NORMALIZED_ALLELE	SINGLE_NORMALIZED_ALLELE__SINGLE_NORMALIZED_ALLELE	NOT_ASSIGNED_IN_STRUCTURE_AUDIT
204	run-phase1a-60z59-hg002-grch38-v421	event-run-phase1a-60z59-hg002-grch38-v421-record-220	run-phase1a-ru88n-hg002-grch38-v421	event-run-phase1a-ru88n-hg002-grch38-v421-record-214	CROSS_RUN_EQUIVALENCE_UNRESOLVED	True	True	True	True	2	2	1	1	SINGLE_NORMALIZED_ALLELE	SINGLE_NORMALIZED_ALLELE	SINGLE_NORMALIZED_ALLELE__SINGLE_NORMALIZED_ALLELE	NOT_ASSIGNED_IN_STRUCTURE_AUDIT
205	run-phase1a-60z59-hg002-grch38-v421	event-run-phase1a-60z59-hg002-grch38-v421-record-221	run-phase1a-ru88n-hg002-grch38-v421	event-run-phase1a-ru88n-hg002-grch38-v421-record-215	CROSS_RUN_EQUIVALENCE_UNRESOLVED	True	True	True	True	2	2	1	1	SINGLE_NORMALIZED_ALLELE	SINGLE_NORMALIZED_ALLELE	SINGLE_NORMALIZED_ALLELE__SINGLE_NORMALIZED_ALLELE	NOT_ASSIGNED_IN_STRUCTURE_AUDIT
206	run-phase1a-60z59-hg002-grch38-v421	event-run-phase1a-60z59-hg002-grch38-v421-record-222	run-phase1a-ru88n-hg002-grch38-v421	event-run-phase1a-ru88n-hg002-grch38-v421-record-216	CROSS_RUN_EQUIVALENCE_UNRESOLVED	True	True	True	True	2	2	1	1	SINGLE_NORMALIZED_ALLELE	SINGLE_NORMALIZED_ALLELE	SINGLE_NORMALIZED_ALLELE__SINGLE_NORMALIZED_ALLELE	NOT_ASSIGNED_IN_STRUCTURE_AUDIT
207	run-phase1a-60z59-hg002-grch38-v421	event-run-phase1a-60z59-hg002-grch38-v421-record-223	run-phase1a-ru88n-hg002-grch38-v421	event-run-phase1a-ru88n-hg002-grch38-v421-record-217	CROSS_RUN_EQUIVALENCE_UNRESOLVED	True	True	True	True	2	2	1	1	SINGLE_NORMALIZED_ALLELE	SINGLE_NORMALIZED_ALLELE	SINGLE_NORMALIZED_ALLELE__SINGLE_NORMALIZED_ALLELE	NOT_ASSIGNED_IN_STRUCTURE_AUDIT
208	run-phase1a-60z59-hg002-grch38-v421	event-run-phase1a-60z59-hg002-grch38-v421-record-224	run-phase1a-ru88n-hg002-grch38-v421	event-run-phase1a-ru88n-hg002-grch38-v421-record-218	CROSS_RUN_EQUIVALENCE_UNRESOLVED	True	True	True	True	2	2	1	1	SINGLE_NORMALIZED_ALLELE	SINGLE_NORMALIZED_ALLELE	SINGLE_NORMALIZED_ALLELE__SINGLE_NORMALIZED_ALLELE	NOT_ASSIGNED_IN_STRUCTURE_AUDIT
209	run-phase1a-60z59-hg002-grch38-v421	event-run-phase1a-60z59-hg002-grch38-v421-record-225	run-phase1a-ru88n-hg002-grch38-v421	event-run-phase1a-ru88n-hg002-grch38-v421-record-219	CROSS_RUN_EQUIVALENCE_UNRESOLVED	True	True	True	True	2	2	1	1	SINGLE_NORMALIZED_ALLELE	SINGLE_NORMALIZED_ALLELE	SINGLE_NORMALIZED_ALLELE__SINGLE_NORMALIZED_ALLELE	NOT_ASSIGNED_IN_STRUCTURE_AUDIT
210	run-phase1a-60z59-hg002-grch38-v421	event-run-phase1a-60z59-hg002-grch38-v421-record-226	run-phase1a-ru88n-hg002-grch38-v421	event-run-phase1a-ru88n-hg002-grch38-v421-record-220	CROSS_RUN_EQUIVALENCE_UNRESOLVED	True	True	True	True	2	2	1	1	SINGLE_NORMALIZED_ALLELE	SINGLE_NORMALIZED_ALLELE	SINGLE_NORMALIZED_ALLELE__SINGLE_NORMALIZED_ALLELE	NOT_ASSIGNED_IN_STRUCTURE_AUDIT
211	run-phase1a-60z59-hg002-grch38-v421	event-run-phase1a-60z59-hg002-grch38-v421-record-227	run-phase1a-ru88n-hg002-grch38-v421	event-run-phase1a-ru88n-hg002-grch38-v421-record-221	CROSS_RUN_EQUIVALENCE_UNRESOLVED	True	True	True	True	2	2	1	1	SINGLE_NORMALIZED_ALLELE	SINGLE_NORMALIZED_ALLELE	SINGLE_NORMALIZED_ALLELE__SINGLE_NORMALIZED_ALLELE	NOT_ASSIGNED_IN_STRUCTURE_AUDIT
212	run-phase1a-60z59-hg002-grch38-v421	event-run-phase1a-60z59-hg002-grch38-v421-record-228	run-phase1a-ru88n-hg002-grch38-v421	event-run-phase1a-ru88n-hg002-grch38-v421-record-222	CROSS_RUN_EQUIVALENCE_UNRESOLVED	True	True	True	True	2	2	1	1	SINGLE_NORMALIZED_ALLELE	SINGLE_NORMALIZED_ALLELE	SINGLE_NORMALIZED_ALLELE__SINGLE_NORMALIZED_ALLELE	NOT_ASSIGNED_IN_STRUCTURE_AUDIT
213	run-phase1a-60z59-hg002-grch38-v421	event-run-phase1a-60z59-hg002-grch38-v421-record-229	run-phase1a-ru88n-hg002-grch38-v421	event-run-phase1a-ru88n-hg002-grch38-v421-record-223	CROSS_RUN_EQUIVALENCE_UNRESOLVED	True	True	True	True	2	2	1	1	SINGLE_NORMALIZED_ALLELE	SINGLE_NORMALIZED_ALLELE	SINGLE_NORMALIZED_ALLELE__SINGLE_NORMALIZED_ALLELE	NOT_ASSIGNED_IN_STRUCTURE_AUDIT
214	run-phase1a-60z59-hg002-grch38-v421	event-run-phase1a-60z59-hg002-grch38-v421-record-230	run-phase1a-ru88n-hg002-grch38-v421	event-run-phase1a-ru88n-hg002-grch38-v421-record-224	CROSS_RUN_EQUIVALENCE_UNRESOLVED	True	True	True	True	2	2	1	1	SINGLE_NORMALIZED_ALLELE	SINGLE_NORMALIZED_ALLELE	SINGLE_NORMALIZED_ALLELE__SINGLE_NORMALIZED_ALLELE	NOT_ASSIGNED_IN_STRUCTURE_AUDIT
215	run-phase1a-60z59-hg002-grch38-v421	event-run-phase1a-60z59-hg002-grch38-v421-record-231	run-phase1a-ru88n-hg002-grch38-v421	event-run-phase1a-ru88n-hg002-grch38-v421-record-225	CROSS_RUN_EQUIVALENCE_UNRESOLVED	True	True	True	True	2	2	1	1	SINGLE_NORMALIZED_ALLELE	SINGLE_NORMALIZED_ALLELE	SINGLE_NORMALIZED_ALLELE__SINGLE_NORMALIZED_ALLELE	NOT_ASSIGNED_IN_STRUCTURE_AUDIT
216	run-phase1a-60z59-hg002-grch38-v421	event-run-phase1a-60z59-hg002-grch38-v421-record-232	run-phase1a-ru88n-hg002-grch38-v421	event-run-phase1a-ru88n-hg002-grch38-v421-record-226	CROSS_RUN_EQUIVALENCE_UNRESOLVED	True	True	True	True	2	2	1	1	SINGLE_NORMALIZED_ALLELE	SINGLE_NORMALIZED_ALLELE	SINGLE_NORMALIZED_ALLELE__SINGLE_NORMALIZED_ALLELE	NOT_ASSIGNED_IN_STRUCTURE_AUDIT
217	run-phase1a-60z59-hg002-grch38-v421	event-run-phase1a-60z59-hg002-grch38-v421-record-233	run-phase1a-ru88n-hg002-grch38-v421	event-run-phase1a-ru88n-hg002-grch38-v421-record-227	CROSS_RUN_EQUIVALENCE_UNRESOLVED	True	True	True	True	2	2	1	1	SINGLE_NORMALIZED_ALLELE	SINGLE_NORMALIZED_ALLELE	SINGLE_NORMALIZED_ALLELE__SINGLE_NORMALIZED_ALLELE	NOT_ASSIGNED_IN_STRUCTURE_AUDIT
218	run-phase1a-60z59-hg002-grch38-v421	event-run-phase1a-60z59-hg002-grch38-v421-record-235	run-phase1a-ru88n-hg002-grch38-v421	event-run-phase1a-ru88n-hg002-grch38-v421-record-229	CROSS_RUN_EQUIVALENCE_UNRESOLVED	True	True	True	True	2	2	1	1	SINGLE_NORMALIZED_ALLELE	SINGLE_NORMALIZED_ALLELE	SINGLE_NORMALIZED_ALLELE__SINGLE_NORMALIZED_ALLELE	NOT_ASSIGNED_IN_STRUCTURE_AUDIT
219	run-phase1a-60z59-hg002-grch38-v421	event-run-phase1a-60z59-hg002-grch38-v421-record-236	run-phase1a-ru88n-hg002-grch38-v421	event-run-phase1a-ru88n-hg002-grch38-v421-record-230	CROSS_RUN_EQUIVALENCE_UNRESOLVED	True	True	True	True	2	2	1	1	SINGLE_NORMALIZED_ALLELE	SINGLE_NORMALIZED_ALLELE	SINGLE_NORMALIZED_ALLELE__SINGLE_NORMALIZED_ALLELE	NOT_ASSIGNED_IN_STRUCTURE_AUDIT
220	run-phase1a-60z59-hg002-grch38-v421	event-run-phase1a-60z59-hg002-grch38-v421-record-237	run-phase1a-ru88n-hg002-grch38-v421	event-run-phase1a-ru88n-hg002-grch38-v421-record-231	CROSS_RUN_EQUIVALENCE_UNRESOLVED	True	True	True	True	2	2	1	1	SINGLE_NORMALIZED_ALLELE	SINGLE_NORMALIZED_ALLELE	SINGLE_NORMALIZED_ALLELE__SINGLE_NORMALIZED_ALLELE	NOT_ASSIGNED_IN_STRUCTURE_AUDIT
221	run-phase1a-60z59-hg002-grch38-v421	event-run-phase1a-60z59-hg002-grch38-v421-record-238	run-phase1a-ru88n-hg002-grch38-v421	event-run-phase1a-ru88n-hg002-grch38-v421-record-232	CROSS_RUN_EQUIVALENCE_UNRESOLVED	True	True	True	True	2	2	1	1	SINGLE_NORMALIZED_ALLELE	SINGLE_NORMALIZED_ALLELE	SINGLE_NORMALIZED_ALLELE__SINGLE_NORMALIZED_ALLELE	NOT_ASSIGNED_IN_STRUCTURE_AUDIT
222	run-phase1a-60z59-hg002-grch38-v421	event-run-phase1a-60z59-hg002-grch38-v421-record-239	run-phase1a-ru88n-hg002-grch38-v421	event-run-phase1a-ru88n-hg002-grch38-v421-record-233	CROSS_RUN_EQUIVALENCE_UNRESOLVED	True	True	True	True	2	2	1	1	SINGLE_NORMALIZED_ALLELE	SINGLE_NORMALIZED_ALLELE	SINGLE_NORMALIZED_ALLELE__SINGLE_NORMALIZED_ALLELE	NOT_ASSIGNED_IN_STRUCTURE_AUDIT
223	run-phase1a-60z59-hg002-grch38-v421	event-run-phase1a-60z59-hg002-grch38-v421-record-240	run-phase1a-ru88n-hg002-grch38-v421	event-run-phase1a-ru88n-hg002-grch38-v421-record-234	CROSS_RUN_EQUIVALENCE_UNRESOLVED	True	True	True	True	2	2	1	1	SINGLE_NORMALIZED_ALLELE	SINGLE_NORMALIZED_ALLELE	SINGLE_NORMALIZED_ALLELE__SINGLE_NORMALIZED_ALLELE	NOT_ASSIGNED_IN_STRUCTURE_AUDIT
224	run-phase1a-60z59-hg002-grch38-v421	event-run-phase1a-60z59-hg002-grch38-v421-record-241	run-phase1a-ru88n-hg002-grch38-v421	event-run-phase1a-ru88n-hg002-grch38-v421-record-235	CROSS_RUN_EQUIVALENCE_UNRESOLVED	True	True	True	True	2	2	1	1	SINGLE_NORMALIZED_ALLELE	SINGLE_NORMALIZED_ALLELE	SINGLE_NORMALIZED_ALLELE__SINGLE_NORMALIZED_ALLELE	NOT_ASSIGNED_IN_STRUCTURE_AUDIT
225	run-phase1a-60z59-hg002-grch38-v421	event-run-phase1a-60z59-hg002-grch38-v421-record-242	run-phase1a-ru88n-hg002-grch38-v421	event-run-phase1a-ru88n-hg002-grch38-v421-record-236	CROSS_RUN_EQUIVALENCE_UNRESOLVED	True	True	True	True	2	2	1	1	SINGLE_NORMALIZED_ALLELE	SINGLE_NORMALIZED_ALLELE	SINGLE_NORMALIZED_ALLELE__SINGLE_NORMALIZED_ALLELE	NOT_ASSIGNED_IN_STRUCTURE_AUDIT
226	run-phase1a-60z59-hg002-grch38-v421	event-run-phase1a-60z59-hg002-grch38-v421-record-243	run-phase1a-ru88n-hg002-grch38-v421	event-run-phase1a-ru88n-hg002-grch38-v421-record-237	CROSS_RUN_EQUIVALENCE_UNRESOLVED	True	True	True	True	2	2	1	1	SINGLE_NORMALIZED_ALLELE	SINGLE_NORMALIZED_ALLELE	SINGLE_NORMALIZED_ALLELE__SINGLE_NORMALIZED_ALLELE	NOT_ASSIGNED_IN_STRUCTURE_AUDIT
227	run-phase1a-60z59-hg002-grch38-v421	event-run-phase1a-60z59-hg002-grch38-v421-record-244	run-phase1a-ru88n-hg002-grch38-v421	event-run-phase1a-ru88n-hg002-grch38-v421-record-238	CROSS_RUN_EQUIVALENCE_UNRESOLVED	True	True	True	True	2	2	1	1	SINGLE_NORMALIZED_ALLELE	SINGLE_NORMALIZED_ALLELE	SINGLE_NORMALIZED_ALLELE__SINGLE_NORMALIZED_ALLELE	NOT_ASSIGNED_IN_STRUCTURE_AUDIT
228	run-phase1a-60z59-hg002-grch38-v421	event-run-phase1a-60z59-hg002-grch38-v421-record-245	run-phase1a-ru88n-hg002-grch38-v421	event-run-phase1a-ru88n-hg002-grch38-v421-record-239	CROSS_RUN_EQUIVALENCE_UNRESOLVED	True	True	True	True	2	2	1	1	SINGLE_NORMALIZED_ALLELE	SINGLE_NORMALIZED_ALLELE	SINGLE_NORMALIZED_ALLELE__SINGLE_NORMALIZED_ALLELE	NOT_ASSIGNED_IN_STRUCTURE_AUDIT
229	run-phase1a-60z59-hg002-grch38-v421	event-run-phase1a-60z59-hg002-grch38-v421-record-246	run-phase1a-ru88n-hg002-grch38-v421	event-run-phase1a-ru88n-hg002-grch38-v421-record-240	CROSS_RUN_EQUIVALENCE_UNRESOLVED	True	True	True	True	2	2	1	1	SINGLE_NORMALIZED_ALLELE	SINGLE_NORMALIZED_ALLELE	SINGLE_NORMALIZED_ALLELE__SINGLE_NORMALIZED_ALLELE	NOT_ASSIGNED_IN_STRUCTURE_AUDIT
230	run-phase1a-60z59-hg002-grch38-v421	event-run-phase1a-60z59-hg002-grch38-v421-record-247	run-phase1a-ru88n-hg002-grch38-v421	event-run-phase1a-ru88n-hg002-grch38-v421-record-241	CROSS_RUN_EQUIVALENCE_UNRESOLVED	True	True	True	True	2	2	1	1	SINGLE_NORMALIZED_ALLELE	SINGLE_NORMALIZED_ALLELE	SINGLE_NORMALIZED_ALLELE__SINGLE_NORMALIZED_ALLELE	NOT_ASSIGNED_IN_STRUCTURE_AUDIT
231	run-phase1a-60z59-hg002-grch38-v421	event-run-phase1a-60z59-hg002-grch38-v421-record-248	run-phase1a-ru88n-hg002-grch38-v421	event-run-phase1a-ru88n-hg002-grch38-v421-record-242	CROSS_RUN_EQUIVALENCE_UNRESOLVED	True	True	True	True	2	2	1	1	SINGLE_NORMALIZED_ALLELE	SINGLE_NORMALIZED_ALLELE	SINGLE_NORMALIZED_ALLELE__SINGLE_NORMALIZED_ALLELE	NOT_ASSIGNED_IN_STRUCTURE_AUDIT
232	run-phase1a-60z59-hg002-grch38-v421	event-run-phase1a-60z59-hg002-grch38-v421-record-249	run-phase1a-ru88n-hg002-grch38-v421	event-run-phase1a-ru88n-hg002-grch38-v421-record-244	CROSS_RUN_EQUIVALENCE_UNRESOLVED	True	True	True	True	2	2	1	1	SINGLE_NORMALIZED_ALLELE	SINGLE_NORMALIZED_ALLELE	SINGLE_NORMALIZED_ALLELE__SINGLE_NORMALIZED_ALLELE	NOT_ASSIGNED_IN_STRUCTURE_AUDIT
233	run-phase1a-60z59-hg002-grch38-v421	event-run-phase1a-60z59-hg002-grch38-v421-record-250	run-phase1a-ru88n-hg002-grch38-v421	event-run-phase1a-ru88n-hg002-grch38-v421-record-245	CROSS_RUN_EQUIVALENCE_UNRESOLVED	True	True	True	True	2	2	1	1	SINGLE_NORMALIZED_ALLELE	SINGLE_NORMALIZED_ALLELE	SINGLE_NORMALIZED_ALLELE__SINGLE_NORMALIZED_ALLELE	NOT_ASSIGNED_IN_STRUCTURE_AUDIT
234	run-phase1a-60z59-hg002-grch38-v421	event-run-phase1a-60z59-hg002-grch38-v421-record-251	run-phase1a-ru88n-hg002-grch38-v421	event-run-phase1a-ru88n-hg002-grch38-v421-record-246	CROSS_RUN_EQUIVALENCE_UNRESOLVED	True	True	True	True	2	2	1	1	SINGLE_NORMALIZED_ALLELE	SINGLE_NORMALIZED_ALLELE	SINGLE_NORMALIZED_ALLELE__SINGLE_NORMALIZED_ALLELE	NOT_ASSIGNED_IN_STRUCTURE_AUDIT
235	run-phase1a-60z59-hg002-grch38-v421	event-run-phase1a-60z59-hg002-grch38-v421-record-252	run-phase1a-ru88n-hg002-grch38-v421	event-run-phase1a-ru88n-hg002-grch38-v421-record-247	CROSS_RUN_EQUIVALENCE_UNRESOLVED	True	True	True	True	2	2	1	1	SINGLE_NORMALIZED_ALLELE	SINGLE_NORMALIZED_ALLELE	SINGLE_NORMALIZED_ALLELE__SINGLE_NORMALIZED_ALLELE	NOT_ASSIGNED_IN_STRUCTURE_AUDIT
236	run-phase1a-60z59-hg002-grch38-v421	event-run-phase1a-60z59-hg002-grch38-v421-record-253	run-phase1a-ru88n-hg002-grch38-v421	event-run-phase1a-ru88n-hg002-grch38-v421-record-248	CROSS_RUN_EQUIVALENCE_UNRESOLVED	True	True	True	True	2	2	1	1	SINGLE_NORMALIZED_ALLELE	SINGLE_NORMALIZED_ALLELE	SINGLE_NORMALIZED_ALLELE__SINGLE_NORMALIZED_ALLELE	NOT_ASSIGNED_IN_STRUCTURE_AUDIT
237	run-phase1a-60z59-hg002-grch38-v421	event-run-phase1a-60z59-hg002-grch38-v421-record-254	run-phase1a-ru88n-hg002-grch38-v421	event-run-phase1a-ru88n-hg002-grch38-v421-record-249	CROSS_RUN_EQUIVALENCE_UNRESOLVED	True	True	True	True	2	2	1	1	SINGLE_NORMALIZED_ALLELE	SINGLE_NORMALIZED_ALLELE	SINGLE_NORMALIZED_ALLELE__SINGLE_NORMALIZED_ALLELE	NOT_ASSIGNED_IN_STRUCTURE_AUDIT
238	run-phase1a-60z59-hg002-grch38-v421	event-run-phase1a-60z59-hg002-grch38-v421-record-256	run-phase1a-ru88n-hg002-grch38-v421	event-run-phase1a-ru88n-hg002-grch38-v421-record-250	CROSS_RUN_EQUIVALENCE_UNRESOLVED	True	True	True	True	2	2	1	1	SINGLE_NORMALIZED_ALLELE	SINGLE_NORMALIZED_ALLELE	SINGLE_NORMALIZED_ALLELE__SINGLE_NORMALIZED_ALLELE	NOT_ASSIGNED_IN_STRUCTURE_AUDIT
239	run-phase1a-60z59-hg002-grch38-v421	event-run-phase1a-60z59-hg002-grch38-v421-record-258	run-phase1a-ru88n-hg002-grch38-v421	event-run-phase1a-ru88n-hg002-grch38-v421-record-252	CROSS_RUN_EQUIVALENCE_UNRESOLVED	True	True	True	True	2	2	1	1	SINGLE_NORMALIZED_ALLELE	SINGLE_NORMALIZED_ALLELE	SINGLE_NORMALIZED_ALLELE__SINGLE_NORMALIZED_ALLELE	NOT_ASSIGNED_IN_STRUCTURE_AUDIT
240	run-phase1a-60z59-hg002-grch38-v421	event-run-phase1a-60z59-hg002-grch38-v421-record-259	run-phase1a-ru88n-hg002-grch38-v421	event-run-phase1a-ru88n-hg002-grch38-v421-record-253	CROSS_RUN_EQUIVALENCE_UNRESOLVED	True	True	True	True	2	2	1	1	SINGLE_NORMALIZED_ALLELE	SINGLE_NORMALIZED_ALLELE	SINGLE_NORMALIZED_ALLELE__SINGLE_NORMALIZED_ALLELE	NOT_ASSIGNED_IN_STRUCTURE_AUDIT
241	run-phase1a-60z59-hg002-grch38-v421	event-run-phase1a-60z59-hg002-grch38-v421-record-260	run-phase1a-ru88n-hg002-grch38-v421	event-run-phase1a-ru88n-hg002-grch38-v421-record-254	CROSS_RUN_EQUIVALENCE_UNRESOLVED	True	True	True	True	2	2	1	1	SINGLE_NORMALIZED_ALLELE	SINGLE_NORMALIZED_ALLELE	SINGLE_NORMALIZED_ALLELE__SINGLE_NORMALIZED_ALLELE	NOT_ASSIGNED_IN_STRUCTURE_AUDIT
242	run-phase1a-60z59-hg002-grch38-v421	event-run-phase1a-60z59-hg002-grch38-v421-record-261	run-phase1a-ru88n-hg002-grch38-v421	event-run-phase1a-ru88n-hg002-grch38-v421-record-255	CROSS_RUN_EQUIVALENCE_UNRESOLVED	True	True	True	True	2	2	1	1	SINGLE_NORMALIZED_ALLELE	SINGLE_NORMALIZED_ALLELE	SINGLE_NORMALIZED_ALLELE__SINGLE_NORMALIZED_ALLELE	NOT_ASSIGNED_IN_STRUCTURE_AUDIT
243	run-phase1a-60z59-hg002-grch38-v421	event-run-phase1a-60z59-hg002-grch38-v421-record-262	run-phase1a-ru88n-hg002-grch38-v421	event-run-phase1a-ru88n-hg002-grch38-v421-record-256	CROSS_RUN_EQUIVALENCE_UNRESOLVED	True	True	True	True	2	2	1	1	SINGLE_NORMALIZED_ALLELE	SINGLE_NORMALIZED_ALLELE	SINGLE_NORMALIZED_ALLELE__SINGLE_NORMALIZED_ALLELE	NOT_ASSIGNED_IN_STRUCTURE_AUDIT
244	run-phase1a-60z59-hg002-grch38-v421	event-run-phase1a-60z59-hg002-grch38-v421-record-263	run-phase1a-ru88n-hg002-grch38-v421	event-run-phase1a-ru88n-hg002-grch38-v421-record-257	CROSS_RUN_EQUIVALENCE_UNRESOLVED	True	True	True	True	2	2	1	1	SINGLE_NORMALIZED_ALLELE	SINGLE_NORMALIZED_ALLELE	SINGLE_NORMALIZED_ALLELE__SINGLE_NORMALIZED_ALLELE	NOT_ASSIGNED_IN_STRUCTURE_AUDIT
245	run-phase1a-60z59-hg002-grch38-v421	event-run-phase1a-60z59-hg002-grch38-v421-record-264	run-phase1a-ru88n-hg002-grch38-v421	event-run-phase1a-ru88n-hg002-grch38-v421-record-258	CROSS_RUN_EQUIVALENCE_UNRESOLVED	True	True	True	True	2	2	1	1	SINGLE_NORMALIZED_ALLELE	SINGLE_NORMALIZED_ALLELE	SINGLE_NORMALIZED_ALLELE__SINGLE_NORMALIZED_ALLELE	NOT_ASSIGNED_IN_STRUCTURE_AUDIT
246	run-phase1a-60z59-hg002-grch38-v421	event-run-phase1a-60z59-hg002-grch38-v421-record-265	run-phase1a-ru88n-hg002-grch38-v421	event-run-phase1a-ru88n-hg002-grch38-v421-record-259	CROSS_RUN_EQUIVALENCE_UNRESOLVED	True	True	True	True	2	2	1	1	SINGLE_NORMALIZED_ALLELE	SINGLE_NORMALIZED_ALLELE	SINGLE_NORMALIZED_ALLELE__SINGLE_NORMALIZED_ALLELE	NOT_ASSIGNED_IN_STRUCTURE_AUDIT
247	run-phase1a-60z59-hg002-grch38-v421	event-run-phase1a-60z59-hg002-grch38-v421-record-266	run-phase1a-ru88n-hg002-grch38-v421	event-run-phase1a-ru88n-hg002-grch38-v421-record-260	CROSS_RUN_EQUIVALENCE_UNRESOLVED	True	True	True	True	2	2	1	1	SINGLE_NORMALIZED_ALLELE	SINGLE_NORMALIZED_ALLELE	SINGLE_NORMALIZED_ALLELE__SINGLE_NORMALIZED_ALLELE	NOT_ASSIGNED_IN_STRUCTURE_AUDIT
248	run-phase1a-60z59-hg002-grch38-v421	event-run-phase1a-60z59-hg002-grch38-v421-record-267	run-phase1a-ru88n-hg002-grch38-v421	event-run-phase1a-ru88n-hg002-grch38-v421-record-261	CROSS_RUN_EQUIVALENCE_UNRESOLVED	True	True	True	True	2	2	1	1	SINGLE_NORMALIZED_ALLELE	SINGLE_NORMALIZED_ALLELE	SINGLE_NORMALIZED_ALLELE__SINGLE_NORMALIZED_ALLELE	NOT_ASSIGNED_IN_STRUCTURE_AUDIT
249	run-phase1a-60z59-hg002-grch38-v421	event-run-phase1a-60z59-hg002-grch38-v421-record-268	run-phase1a-ru88n-hg002-grch38-v421	event-run-phase1a-ru88n-hg002-grch38-v421-record-262	CROSS_RUN_EQUIVALENCE_UNRESOLVED	True	True	True	True	2	2	1	1	SINGLE_NORMALIZED_ALLELE	SINGLE_NORMALIZED_ALLELE	SINGLE_NORMALIZED_ALLELE__SINGLE_NORMALIZED_ALLELE	NOT_ASSIGNED_IN_STRUCTURE_AUDIT
250	run-phase1a-60z59-hg002-grch38-v421	event-run-phase1a-60z59-hg002-grch38-v421-record-269	run-phase1a-ru88n-hg002-grch38-v421	event-run-phase1a-ru88n-hg002-grch38-v421-record-263	CROSS_RUN_EQUIVALENCE_UNRESOLVED	True	True	True	True	2	2	1	1	SINGLE_NORMALIZED_ALLELE	SINGLE_NORMALIZED_ALLELE	SINGLE_NORMALIZED_ALLELE__SINGLE_NORMALIZED_ALLELE	NOT_ASSIGNED_IN_STRUCTURE_AUDIT
251	run-phase1a-60z59-hg002-grch38-v421	event-run-phase1a-60z59-hg002-grch38-v421-record-270	run-phase1a-ru88n-hg002-grch38-v421	event-run-phase1a-ru88n-hg002-grch38-v421-record-264	CROSS_RUN_EQUIVALENCE_UNRESOLVED	True	True	True	True	2	2	1	1	SINGLE_NORMALIZED_ALLELE	SINGLE_NORMALIZED_ALLELE	SINGLE_NORMALIZED_ALLELE__SINGLE_NORMALIZED_ALLELE	NOT_ASSIGNED_IN_STRUCTURE_AUDIT
252	run-phase1a-60z59-hg002-grch38-v421	event-run-phase1a-60z59-hg002-grch38-v421-record-271	run-phase1a-ru88n-hg002-grch38-v421	event-run-phase1a-ru88n-hg002-grch38-v421-record-265	CROSS_RUN_EQUIVALENCE_UNRESOLVED	True	True	True	True	2	2	1	1	SINGLE_NORMALIZED_ALLELE	SINGLE_NORMALIZED_ALLELE	SINGLE_NORMALIZED_ALLELE__SINGLE_NORMALIZED_ALLELE	NOT_ASSIGNED_IN_STRUCTURE_AUDIT
253	run-phase1a-60z59-hg002-grch38-v421	event-run-phase1a-60z59-hg002-grch38-v421-record-272	run-phase1a-ru88n-hg002-grch38-v421	event-run-phase1a-ru88n-hg002-grch38-v421-record-266	CROSS_RUN_EQUIVALENCE_UNRESOLVED	True	True	True	True	2	2	1	1	SINGLE_NORMALIZED_ALLELE	SINGLE_NORMALIZED_ALLELE	SINGLE_NORMALIZED_ALLELE__SINGLE_NORMALIZED_ALLELE	NOT_ASSIGNED_IN_STRUCTURE_AUDIT
254	run-phase1a-60z59-hg002-grch38-v421	event-run-phase1a-60z59-hg002-grch38-v421-record-273	run-phase1a-ru88n-hg002-grch38-v421	event-run-phase1a-ru88n-hg002-grch38-v421-record-267	CROSS_RUN_EQUIVALENCE_UNRESOLVED	True	True	True	True	2	2	1	1	SINGLE_NORMALIZED_ALLELE	SINGLE_NORMALIZED_ALLELE	SINGLE_NORMALIZED_ALLELE__SINGLE_NORMALIZED_ALLELE	NOT_ASSIGNED_IN_STRUCTURE_AUDIT
255	run-phase1a-60z59-hg002-grch38-v421	event-run-phase1a-60z59-hg002-grch38-v421-record-274	run-phase1a-ru88n-hg002-grch38-v421	event-run-phase1a-ru88n-hg002-grch38-v421-record-268	CROSS_RUN_EQUIVALENCE_UNRESOLVED	True	True	True	True	2	2	1	1	SINGLE_NORMALIZED_ALLELE	SINGLE_NORMALIZED_ALLELE	SINGLE_NORMALIZED_ALLELE__SINGLE_NORMALIZED_ALLELE	NOT_ASSIGNED_IN_STRUCTURE_AUDIT
256	run-phase1a-60z59-hg002-grch38-v421	event-run-phase1a-60z59-hg002-grch38-v421-record-275	run-phase1a-ru88n-hg002-grch38-v421	event-run-phase1a-ru88n-hg002-grch38-v421-record-269	CROSS_RUN_EQUIVALENCE_UNRESOLVED	True	True	True	True	2	2	1	1	SINGLE_NORMALIZED_ALLELE	SINGLE_NORMALIZED_ALLELE	SINGLE_NORMALIZED_ALLELE__SINGLE_NORMALIZED_ALLELE	NOT_ASSIGNED_IN_STRUCTURE_AUDIT
257	run-phase1a-60z59-hg002-grch38-v421	event-run-phase1a-60z59-hg002-grch38-v421-record-276	run-phase1a-ru88n-hg002-grch38-v421	event-run-phase1a-ru88n-hg002-grch38-v421-record-270	CROSS_RUN_EQUIVALENCE_UNRESOLVED	True	True	True	True	2	2	1	1	SINGLE_NORMALIZED_ALLELE	SINGLE_NORMALIZED_ALLELE	SINGLE_NORMALIZED_ALLELE__SINGLE_NORMALIZED_ALLELE	NOT_ASSIGNED_IN_STRUCTURE_AUDIT
258	run-phase1a-60z59-hg002-grch38-v421	event-run-phase1a-60z59-hg002-grch38-v421-record-277	run-phase1a-ru88n-hg002-grch38-v421	event-run-phase1a-ru88n-hg002-grch38-v421-record-271	CROSS_RUN_EQUIVALENCE_UNRESOLVED	True	True	True	True	2	2	1	1	SINGLE_NORMALIZED_ALLELE	SINGLE_NORMALIZED_ALLELE	SINGLE_NORMALIZED_ALLELE__SINGLE_NORMALIZED_ALLELE	NOT_ASSIGNED_IN_STRUCTURE_AUDIT
259	run-phase1a-60z59-hg002-grch38-v421	event-run-phase1a-60z59-hg002-grch38-v421-record-278	run-phase1a-ru88n-hg002-grch38-v421	event-run-phase1a-ru88n-hg002-grch38-v421-record-272	CROSS_RUN_EQUIVALENCE_UNRESOLVED	True	True	True	True	2	2	1	1	SINGLE_NORMALIZED_ALLELE	SINGLE_NORMALIZED_ALLELE	SINGLE_NORMALIZED_ALLELE__SINGLE_NORMALIZED_ALLELE	NOT_ASSIGNED_IN_STRUCTURE_AUDIT
260	run-phase1a-60z59-hg002-grch38-v421	event-run-phase1a-60z59-hg002-grch38-v421-record-279	run-phase1a-ru88n-hg002-grch38-v421	event-run-phase1a-ru88n-hg002-grch38-v421-record-273	CROSS_RUN_EQUIVALENCE_UNRESOLVED	True	True	True	True	2	2	1	1	SINGLE_NORMALIZED_ALLELE	SINGLE_NORMALIZED_ALLELE	SINGLE_NORMALIZED_ALLELE__SINGLE_NORMALIZED_ALLELE	NOT_ASSIGNED_IN_STRUCTURE_AUDIT
261	run-phase1a-60z59-hg002-grch38-v421	event-run-phase1a-60z59-hg002-grch38-v421-record-280	run-phase1a-ru88n-hg002-grch38-v421	event-run-phase1a-ru88n-hg002-grch38-v421-record-274	CROSS_RUN_EQUIVALENCE_UNRESOLVED	True	True	True	True	2	2	1	1	SINGLE_NORMALIZED_ALLELE	SINGLE_NORMALIZED_ALLELE	SINGLE_NORMALIZED_ALLELE__SINGLE_NORMALIZED_ALLELE	NOT_ASSIGNED_IN_STRUCTURE_AUDIT
262	run-phase1a-60z59-hg002-grch38-v421	event-run-phase1a-60z59-hg002-grch38-v421-record-281	run-phase1a-ru88n-hg002-grch38-v421	event-run-phase1a-ru88n-hg002-grch38-v421-record-275	CROSS_RUN_EQUIVALENCE_UNRESOLVED	True	True	True	True	2	2	1	1	SINGLE_NORMALIZED_ALLELE	SINGLE_NORMALIZED_ALLELE	SINGLE_NORMALIZED_ALLELE__SINGLE_NORMALIZED_ALLELE	NOT_ASSIGNED_IN_STRUCTURE_AUDIT
263	run-phase1a-60z59-hg002-grch38-v421	event-run-phase1a-60z59-hg002-grch38-v421-record-282	run-phase1a-ru88n-hg002-grch38-v421	event-run-phase1a-ru88n-hg002-grch38-v421-record-276	CROSS_RUN_EQUIVALENCE_UNRESOLVED	True	True	True	True	2	2	1	1	SINGLE_NORMALIZED_ALLELE	SINGLE_NORMALIZED_ALLELE	SINGLE_NORMALIZED_ALLELE__SINGLE_NORMALIZED_ALLELE	NOT_ASSIGNED_IN_STRUCTURE_AUDIT
264	run-phase1a-60z59-hg002-grch38-v421	event-run-phase1a-60z59-hg002-grch38-v421-record-283	run-phase1a-ru88n-hg002-grch38-v421	event-run-phase1a-ru88n-hg002-grch38-v421-record-277	CROSS_RUN_EQUIVALENCE_UNRESOLVED	True	True	True	True	2	2	1	1	SINGLE_NORMALIZED_ALLELE	SINGLE_NORMALIZED_ALLELE	SINGLE_NORMALIZED_ALLELE__SINGLE_NORMALIZED_ALLELE	NOT_ASSIGNED_IN_STRUCTURE_AUDIT
265	run-phase1a-60z59-hg002-grch38-v421	event-run-phase1a-60z59-hg002-grch38-v421-record-284	run-phase1a-ru88n-hg002-grch38-v421	event-run-phase1a-ru88n-hg002-grch38-v421-record-278	CROSS_RUN_EQUIVALENCE_UNRESOLVED	True	True	True	True	2	2	1	1	SINGLE_NORMALIZED_ALLELE	SINGLE_NORMALIZED_ALLELE	SINGLE_NORMALIZED_ALLELE__SINGLE_NORMALIZED_ALLELE	NOT_ASSIGNED_IN_STRUCTURE_AUDIT
266	run-phase1a-60z59-hg002-grch38-v421	event-run-phase1a-60z59-hg002-grch38-v421-record-285	run-phase1a-ru88n-hg002-grch38-v421	event-run-phase1a-ru88n-hg002-grch38-v421-record-279	CROSS_RUN_EQUIVALENCE_UNRESOLVED	True	True	True	True	2	2	1	1	SINGLE_NORMALIZED_ALLELE	SINGLE_NORMALIZED_ALLELE	SINGLE_NORMALIZED_ALLELE__SINGLE_NORMALIZED_ALLELE	NOT_ASSIGNED_IN_STRUCTURE_AUDIT
267	run-phase1a-60z59-hg002-grch38-v421	event-run-phase1a-60z59-hg002-grch38-v421-record-286	run-phase1a-ru88n-hg002-grch38-v421	event-run-phase1a-ru88n-hg002-grch38-v421-record-280	CROSS_RUN_EQUIVALENCE_UNRESOLVED	True	True	True	True	2	2	1	1	SINGLE_NORMALIZED_ALLELE	SINGLE_NORMALIZED_ALLELE	SINGLE_NORMALIZED_ALLELE__SINGLE_NORMALIZED_ALLELE	NOT_ASSIGNED_IN_STRUCTURE_AUDIT
268	run-phase1a-60z59-hg002-grch38-v421	event-run-phase1a-60z59-hg002-grch38-v421-record-287	run-phase1a-ru88n-hg002-grch38-v421	event-run-phase1a-ru88n-hg002-grch38-v421-record-281	CROSS_RUN_EQUIVALENCE_UNRESOLVED	True	True	True	True	2	2	1	1	SINGLE_NORMALIZED_ALLELE	SINGLE_NORMALIZED_ALLELE	SINGLE_NORMALIZED_ALLELE__SINGLE_NORMALIZED_ALLELE	NOT_ASSIGNED_IN_STRUCTURE_AUDIT
269	run-phase1a-60z59-hg002-grch38-v421	event-run-phase1a-60z59-hg002-grch38-v421-record-288	run-phase1a-ru88n-hg002-grch38-v421	event-run-phase1a-ru88n-hg002-grch38-v421-record-282	CROSS_RUN_EQUIVALENCE_UNRESOLVED	True	True	True	True	2	2	1	1	SINGLE_NORMALIZED_ALLELE	SINGLE_NORMALIZED_ALLELE	SINGLE_NORMALIZED_ALLELE__SINGLE_NORMALIZED_ALLELE	NOT_ASSIGNED_IN_STRUCTURE_AUDIT
270	run-phase1a-60z59-hg002-grch38-v421	event-run-phase1a-60z59-hg002-grch38-v421-record-289	run-phase1a-ru88n-hg002-grch38-v421	event-run-phase1a-ru88n-hg002-grch38-v421-record-283	CROSS_RUN_EQUIVALENCE_UNRESOLVED	True	True	True	True	2	2	1	1	SINGLE_NORMALIZED_ALLELE	SINGLE_NORMALIZED_ALLELE	SINGLE_NORMALIZED_ALLELE__SINGLE_NORMALIZED_ALLELE	NOT_ASSIGNED_IN_STRUCTURE_AUDIT
271	run-phase1a-60z59-hg002-grch38-v421	event-run-phase1a-60z59-hg002-grch38-v421-record-290	run-phase1a-ru88n-hg002-grch38-v421	event-run-phase1a-ru88n-hg002-grch38-v421-record-284	CROSS_RUN_EQUIVALENCE_UNRESOLVED	True	True	True	True	2	2	1	1	SINGLE_NORMALIZED_ALLELE	SINGLE_NORMALIZED_ALLELE	SINGLE_NORMALIZED_ALLELE__SINGLE_NORMALIZED_ALLELE	NOT_ASSIGNED_IN_STRUCTURE_AUDIT
272	run-phase1a-60z59-hg002-grch38-v421	event-run-phase1a-60z59-hg002-grch38-v421-record-291	run-phase1a-ru88n-hg002-grch38-v421	event-run-phase1a-ru88n-hg002-grch38-v421-record-285	CROSS_RUN_EQUIVALENCE_UNRESOLVED	True	True	True	True	2	2	1	1	SINGLE_NORMALIZED_ALLELE	SINGLE_NORMALIZED_ALLELE	SINGLE_NORMALIZED_ALLELE__SINGLE_NORMALIZED_ALLELE	NOT_ASSIGNED_IN_STRUCTURE_AUDIT
273	run-phase1a-60z59-hg002-grch38-v421	event-run-phase1a-60z59-hg002-grch38-v421-record-292	run-phase1a-ru88n-hg002-grch38-v421	event-run-phase1a-ru88n-hg002-grch38-v421-record-286	CROSS_RUN_EQUIVALENCE_UNRESOLVED	True	True	True	True	2	2	1	1	SINGLE_NORMALIZED_ALLELE	SINGLE_NORMALIZED_ALLELE	SINGLE_NORMALIZED_ALLELE__SINGLE_NORMALIZED_ALLELE	NOT_ASSIGNED_IN_STRUCTURE_AUDIT
274	run-phase1a-60z59-hg002-grch38-v421	event-run-phase1a-60z59-hg002-grch38-v421-record-293	run-phase1a-ru88n-hg002-grch38-v421	event-run-phase1a-ru88n-hg002-grch38-v421-record-287	CROSS_RUN_EQUIVALENCE_UNRESOLVED	True	True	True	True	2	2	1	1	SINGLE_NORMALIZED_ALLELE	SINGLE_NORMALIZED_ALLELE	SINGLE_NORMALIZED_ALLELE__SINGLE_NORMALIZED_ALLELE	NOT_ASSIGNED_IN_STRUCTURE_AUDIT
275	run-phase1a-60z59-hg002-grch38-v421	event-run-phase1a-60z59-hg002-grch38-v421-record-294	run-phase1a-ru88n-hg002-grch38-v421	event-run-phase1a-ru88n-hg002-grch38-v421-record-288	CROSS_RUN_EQUIVALENCE_UNRESOLVED	True	True	True	True	2	2	1	1	SINGLE_NORMALIZED_ALLELE	SINGLE_NORMALIZED_ALLELE	SINGLE_NORMALIZED_ALLELE__SINGLE_NORMALIZED_ALLELE	NOT_ASSIGNED_IN_STRUCTURE_AUDIT
276	run-phase1a-60z59-hg002-grch38-v421	event-run-phase1a-60z59-hg002-grch38-v421-record-295	run-phase1a-ru88n-hg002-grch38-v421	event-run-phase1a-ru88n-hg002-grch38-v421-record-289	CROSS_RUN_EQUIVALENCE_UNRESOLVED	True	True	True	True	2	2	1	1	SINGLE_NORMALIZED_ALLELE	SINGLE_NORMALIZED_ALLELE	SINGLE_NORMALIZED_ALLELE__SINGLE_NORMALIZED_ALLELE	NOT_ASSIGNED_IN_STRUCTURE_AUDIT
277	run-phase1a-60z59-hg002-grch38-v421	event-run-phase1a-60z59-hg002-grch38-v421-record-296	run-phase1a-ru88n-hg002-grch38-v421	event-run-phase1a-ru88n-hg002-grch38-v421-record-290	CROSS_RUN_EQUIVALENCE_UNRESOLVED	True	True	True	True	2	2	1	1	SINGLE_NORMALIZED_ALLELE	SINGLE_NORMALIZED_ALLELE	SINGLE_NORMALIZED_ALLELE__SINGLE_NORMALIZED_ALLELE	NOT_ASSIGNED_IN_STRUCTURE_AUDIT
278	run-phase1a-60z59-hg002-grch38-v421	event-run-phase1a-60z59-hg002-grch38-v421-record-297	run-phase1a-ru88n-hg002-grch38-v421	event-run-phase1a-ru88n-hg002-grch38-v421-record-291	CROSS_RUN_EQUIVALENCE_UNRESOLVED	True	True	True	True	2	2	1	1	SINGLE_NORMALIZED_ALLELE	SINGLE_NORMALIZED_ALLELE	SINGLE_NORMALIZED_ALLELE__SINGLE_NORMALIZED_ALLELE	NOT_ASSIGNED_IN_STRUCTURE_AUDIT
279	run-phase1a-60z59-hg002-grch38-v421	event-run-phase1a-60z59-hg002-grch38-v421-record-298	run-phase1a-ru88n-hg002-grch38-v421	event-run-phase1a-ru88n-hg002-grch38-v421-record-292	CROSS_RUN_EQUIVALENCE_UNRESOLVED	True	True	True	True	2	2	1	1	SINGLE_NORMALIZED_ALLELE	SINGLE_NORMALIZED_ALLELE	SINGLE_NORMALIZED_ALLELE__SINGLE_NORMALIZED_ALLELE	NOT_ASSIGNED_IN_STRUCTURE_AUDIT
280	run-phase1a-60z59-hg002-grch38-v421	event-run-phase1a-60z59-hg002-grch38-v421-record-299	run-phase1a-ru88n-hg002-grch38-v421	event-run-phase1a-ru88n-hg002-grch38-v421-record-293	CROSS_RUN_EQUIVALENCE_UNRESOLVED	True	True	True	True	2	2	1	1	SINGLE_NORMALIZED_ALLELE	SINGLE_NORMALIZED_ALLELE	SINGLE_NORMALIZED_ALLELE__SINGLE_NORMALIZED_ALLELE	NOT_ASSIGNED_IN_STRUCTURE_AUDIT
281	run-phase1a-60z59-hg002-grch38-v421	event-run-phase1a-60z59-hg002-grch38-v421-record-300	run-phase1a-ru88n-hg002-grch38-v421	event-run-phase1a-ru88n-hg002-grch38-v421-record-294	CROSS_RUN_EQUIVALENCE_UNRESOLVED	True	True	True	True	2	2	1	1	SINGLE_NORMALIZED_ALLELE	SINGLE_NORMALIZED_ALLELE	SINGLE_NORMALIZED_ALLELE__SINGLE_NORMALIZED_ALLELE	NOT_ASSIGNED_IN_STRUCTURE_AUDIT
282	run-phase1a-60z59-hg002-grch38-v421	event-run-phase1a-60z59-hg002-grch38-v421-record-301	run-phase1a-ru88n-hg002-grch38-v421	event-run-phase1a-ru88n-hg002-grch38-v421-record-295	CROSS_RUN_EQUIVALENCE_UNRESOLVED	True	True	True	True	2	2	1	1	SINGLE_NORMALIZED_ALLELE	SINGLE_NORMALIZED_ALLELE	SINGLE_NORMALIZED_ALLELE__SINGLE_NORMALIZED_ALLELE	NOT_ASSIGNED_IN_STRUCTURE_AUDIT
283	run-phase1a-60z59-hg002-grch38-v421	event-run-phase1a-60z59-hg002-grch38-v421-record-302	run-phase1a-ru88n-hg002-grch38-v421	event-run-phase1a-ru88n-hg002-grch38-v421-record-296	CROSS_RUN_EQUIVALENCE_UNRESOLVED	True	True	True	True	2	2	1	1	SINGLE_NORMALIZED_ALLELE	SINGLE_NORMALIZED_ALLELE	SINGLE_NORMALIZED_ALLELE__SINGLE_NORMALIZED_ALLELE	NOT_ASSIGNED_IN_STRUCTURE_AUDIT
284	run-phase1a-60z59-hg002-grch38-v421	event-run-phase1a-60z59-hg002-grch38-v421-record-303	run-phase1a-ru88n-hg002-grch38-v421	event-run-phase1a-ru88n-hg002-grch38-v421-record-297	CROSS_RUN_EQUIVALENCE_UNRESOLVED	True	True	True	True	2	2	1	1	SINGLE_NORMALIZED_ALLELE	SINGLE_NORMALIZED_ALLELE	SINGLE_NORMALIZED_ALLELE__SINGLE_NORMALIZED_ALLELE	NOT_ASSIGNED_IN_STRUCTURE_AUDIT
285	run-phase1a-60z59-hg002-grch38-v421	event-run-phase1a-60z59-hg002-grch38-v421-record-304	run-phase1a-ru88n-hg002-grch38-v421	event-run-phase1a-ru88n-hg002-grch38-v421-record-298	CROSS_RUN_EQUIVALENCE_UNRESOLVED	True	True	True	True	2	2	1	1	SINGLE_NORMALIZED_ALLELE	SINGLE_NORMALIZED_ALLELE	SINGLE_NORMALIZED_ALLELE__SINGLE_NORMALIZED_ALLELE	NOT_ASSIGNED_IN_STRUCTURE_AUDIT
286	run-phase1a-60z59-hg002-grch38-v421	event-run-phase1a-60z59-hg002-grch38-v421-record-305	run-phase1a-ru88n-hg002-grch38-v421	event-run-phase1a-ru88n-hg002-grch38-v421-record-299	CROSS_RUN_EQUIVALENCE_UNRESOLVED	True	True	True	True	2	2	1	1	SINGLE_NORMALIZED_ALLELE	SINGLE_NORMALIZED_ALLELE	SINGLE_NORMALIZED_ALLELE__SINGLE_NORMALIZED_ALLELE	NOT_ASSIGNED_IN_STRUCTURE_AUDIT
287	run-phase1a-60z59-hg002-grch38-v421	event-run-phase1a-60z59-hg002-grch38-v421-record-306	run-phase1a-ru88n-hg002-grch38-v421	event-run-phase1a-ru88n-hg002-grch38-v421-record-300	CROSS_RUN_EQUIVALENCE_UNRESOLVED	True	True	True	True	2	2	1	1	SINGLE_NORMALIZED_ALLELE	SINGLE_NORMALIZED_ALLELE	SINGLE_NORMALIZED_ALLELE__SINGLE_NORMALIZED_ALLELE	NOT_ASSIGNED_IN_STRUCTURE_AUDIT
288	run-phase1a-60z59-hg002-grch38-v421	event-run-phase1a-60z59-hg002-grch38-v421-record-307	run-phase1a-ru88n-hg002-grch38-v421	event-run-phase1a-ru88n-hg002-grch38-v421-record-301	CROSS_RUN_EQUIVALENCE_UNRESOLVED	True	True	True	True	2	2	1	1	SINGLE_NORMALIZED_ALLELE	SINGLE_NORMALIZED_ALLELE	SINGLE_NORMALIZED_ALLELE__SINGLE_NORMALIZED_ALLELE	NOT_ASSIGNED_IN_STRUCTURE_AUDIT
289	run-phase1a-60z59-hg002-grch38-v421	event-run-phase1a-60z59-hg002-grch38-v421-record-308	run-phase1a-ru88n-hg002-grch38-v421	event-run-phase1a-ru88n-hg002-grch38-v421-record-302	CROSS_RUN_EQUIVALENCE_UNRESOLVED	True	True	True	True	2	2	1	1	SINGLE_NORMALIZED_ALLELE	SINGLE_NORMALIZED_ALLELE	SINGLE_NORMALIZED_ALLELE__SINGLE_NORMALIZED_ALLELE	NOT_ASSIGNED_IN_STRUCTURE_AUDIT
290	run-phase1a-60z59-hg002-grch38-v421	event-run-phase1a-60z59-hg002-grch38-v421-record-309	run-phase1a-ru88n-hg002-grch38-v421	event-run-phase1a-ru88n-hg002-grch38-v421-record-303	CROSS_RUN_EQUIVALENCE_UNRESOLVED	True	True	True	True	2	2	1	1	SINGLE_NORMALIZED_ALLELE	SINGLE_NORMALIZED_ALLELE	SINGLE_NORMALIZED_ALLELE__SINGLE_NORMALIZED_ALLELE	NOT_ASSIGNED_IN_STRUCTURE_AUDIT
291	run-phase1a-60z59-hg002-grch38-v421	event-run-phase1a-60z59-hg002-grch38-v421-record-310	run-phase1a-ru88n-hg002-grch38-v421	event-run-phase1a-ru88n-hg002-grch38-v421-record-304	CROSS_RUN_EQUIVALENCE_UNRESOLVED	True	True	True	True	2	2	1	1	SINGLE_NORMALIZED_ALLELE	SINGLE_NORMALIZED_ALLELE	SINGLE_NORMALIZED_ALLELE__SINGLE_NORMALIZED_ALLELE	NOT_ASSIGNED_IN_STRUCTURE_AUDIT
292	run-phase1a-60z59-hg002-grch38-v421	event-run-phase1a-60z59-hg002-grch38-v421-record-311	run-phase1a-ru88n-hg002-grch38-v421	event-run-phase1a-ru88n-hg002-grch38-v421-record-305	CROSS_RUN_EQUIVALENCE_UNRESOLVED	True	True	True	True	2	2	1	1	SINGLE_NORMALIZED_ALLELE	SINGLE_NORMALIZED_ALLELE	SINGLE_NORMALIZED_ALLELE__SINGLE_NORMALIZED_ALLELE	NOT_ASSIGNED_IN_STRUCTURE_AUDIT
293	run-phase1a-60z59-hg002-grch38-v421	event-run-phase1a-60z59-hg002-grch38-v421-record-312	run-phase1a-ru88n-hg002-grch38-v421	event-run-phase1a-ru88n-hg002-grch38-v421-record-306	CROSS_RUN_EQUIVALENCE_UNRESOLVED	True	True	True	True	2	2	1	1	SINGLE_NORMALIZED_ALLELE	SINGLE_NORMALIZED_ALLELE	SINGLE_NORMALIZED_ALLELE__SINGLE_NORMALIZED_ALLELE	NOT_ASSIGNED_IN_STRUCTURE_AUDIT
294	run-phase1a-60z59-hg002-grch38-v421	event-run-phase1a-60z59-hg002-grch38-v421-record-313	run-phase1a-ru88n-hg002-grch38-v421	event-run-phase1a-ru88n-hg002-grch38-v421-record-307	CROSS_RUN_EQUIVALENCE_UNRESOLVED	True	True	True	True	2	2	1	1	SINGLE_NORMALIZED_ALLELE	SINGLE_NORMALIZED_ALLELE	SINGLE_NORMALIZED_ALLELE__SINGLE_NORMALIZED_ALLELE	NOT_ASSIGNED_IN_STRUCTURE_AUDIT
295	run-phase1a-60z59-hg002-grch38-v421	event-run-phase1a-60z59-hg002-grch38-v421-record-314	run-phase1a-ru88n-hg002-grch38-v421	event-run-phase1a-ru88n-hg002-grch38-v421-record-308	CROSS_RUN_EQUIVALENCE_UNRESOLVED	True	True	True	True	2	2	1	1	SINGLE_NORMALIZED_ALLELE	SINGLE_NORMALIZED_ALLELE	SINGLE_NORMALIZED_ALLELE__SINGLE_NORMALIZED_ALLELE	NOT_ASSIGNED_IN_STRUCTURE_AUDIT
296	run-phase1a-60z59-hg002-grch38-v421	event-run-phase1a-60z59-hg002-grch38-v421-record-315	run-phase1a-ru88n-hg002-grch38-v421	event-run-phase1a-ru88n-hg002-grch38-v421-record-309	CROSS_RUN_EQUIVALENCE_UNRESOLVED	True	True	True	True	2	2	1	1	SINGLE_NORMALIZED_ALLELE	SINGLE_NORMALIZED_ALLELE	SINGLE_NORMALIZED_ALLELE__SINGLE_NORMALIZED_ALLELE	NOT_ASSIGNED_IN_STRUCTURE_AUDIT
297	run-phase1a-60z59-hg002-grch38-v421	event-run-phase1a-60z59-hg002-grch38-v421-record-317	run-phase1a-ru88n-hg002-grch38-v421	event-run-phase1a-ru88n-hg002-grch38-v421-record-311	CROSS_RUN_EQUIVALENCE_UNRESOLVED	True	True	True	True	2	2	1	1	SINGLE_NORMALIZED_ALLELE	SINGLE_NORMALIZED_ALLELE	SINGLE_NORMALIZED_ALLELE__SINGLE_NORMALIZED_ALLELE	NOT_ASSIGNED_IN_STRUCTURE_AUDIT
298	run-phase1a-60z59-hg002-grch38-v421	event-run-phase1a-60z59-hg002-grch38-v421-record-319	run-phase1a-ru88n-hg002-grch38-v421	event-run-phase1a-ru88n-hg002-grch38-v421-record-313	CROSS_RUN_EQUIVALENCE_UNRESOLVED	True	True	True	True	2	2	1	1	SINGLE_NORMALIZED_ALLELE	SINGLE_NORMALIZED_ALLELE	SINGLE_NORMALIZED_ALLELE__SINGLE_NORMALIZED_ALLELE	NOT_ASSIGNED_IN_STRUCTURE_AUDIT
299	run-phase1a-60z59-hg002-grch38-v421	event-run-phase1a-60z59-hg002-grch38-v421-record-320	run-phase1a-ru88n-hg002-grch38-v421	event-run-phase1a-ru88n-hg002-grch38-v421-record-314	CROSS_RUN_EQUIVALENCE_UNRESOLVED	True	True	True	True	2	2	1	1	SINGLE_NORMALIZED_ALLELE	SINGLE_NORMALIZED_ALLELE	SINGLE_NORMALIZED_ALLELE__SINGLE_NORMALIZED_ALLELE	NOT_ASSIGNED_IN_STRUCTURE_AUDIT
300	run-phase1a-60z59-hg002-grch38-v421	event-run-phase1a-60z59-hg002-grch38-v421-record-321	run-phase1a-ru88n-hg002-grch38-v421	event-run-phase1a-ru88n-hg002-grch38-v421-record-315	CROSS_RUN_EQUIVALENCE_UNRESOLVED	True	True	True	True	2	2	1	1	SINGLE_NORMALIZED_ALLELE	SINGLE_NORMALIZED_ALLELE	SINGLE_NORMALIZED_ALLELE__SINGLE_NORMALIZED_ALLELE	NOT_ASSIGNED_IN_STRUCTURE_AUDIT
301	run-phase1a-60z59-hg002-grch38-v421	event-run-phase1a-60z59-hg002-grch38-v421-record-322	run-phase1a-ru88n-hg002-grch38-v421	event-run-phase1a-ru88n-hg002-grch38-v421-record-316	CROSS_RUN_EQUIVALENCE_UNRESOLVED	True	True	True	True	2	2	1	1	SINGLE_NORMALIZED_ALLELE	SINGLE_NORMALIZED_ALLELE	SINGLE_NORMALIZED_ALLELE__SINGLE_NORMALIZED_ALLELE	NOT_ASSIGNED_IN_STRUCTURE_AUDIT
302	run-phase1a-60z59-hg002-grch38-v421	event-run-phase1a-60z59-hg002-grch38-v421-record-323	run-phase1a-ru88n-hg002-grch38-v421	event-run-phase1a-ru88n-hg002-grch38-v421-record-317	CROSS_RUN_EQUIVALENCE_UNRESOLVED	True	True	True	True	2	2	1	1	SINGLE_NORMALIZED_ALLELE	SINGLE_NORMALIZED_ALLELE	SINGLE_NORMALIZED_ALLELE__SINGLE_NORMALIZED_ALLELE	NOT_ASSIGNED_IN_STRUCTURE_AUDIT
303	run-phase1a-60z59-hg002-grch38-v421	event-run-phase1a-60z59-hg002-grch38-v421-record-327	run-phase1a-ru88n-hg002-grch38-v421	event-run-phase1a-ru88n-hg002-grch38-v421-record-321	CROSS_RUN_EQUIVALENCE_UNRESOLVED	True	True	True	True	2	2	1	1	SINGLE_NORMALIZED_ALLELE	SINGLE_NORMALIZED_ALLELE	SINGLE_NORMALIZED_ALLELE__SINGLE_NORMALIZED_ALLELE	NOT_ASSIGNED_IN_STRUCTURE_AUDIT
304	run-phase1a-60z59-hg002-grch38-v421	event-run-phase1a-60z59-hg002-grch38-v421-record-329	run-phase1a-ru88n-hg002-grch38-v421	event-run-phase1a-ru88n-hg002-grch38-v421-record-349	CROSS_RUN_EQUIVALENCE_UNRESOLVED	True	True	True	True	2	2	1	1	SINGLE_NORMALIZED_ALLELE	SINGLE_NORMALIZED_ALLELE	SINGLE_NORMALIZED_ALLELE__SINGLE_NORMALIZED_ALLELE	NOT_ASSIGNED_IN_STRUCTURE_AUDIT
305	run-phase1a-60z59-hg002-grch38-v421	event-run-phase1a-60z59-hg002-grch38-v421-record-331	run-phase1a-ru88n-hg002-grch38-v421	event-run-phase1a-ru88n-hg002-grch38-v421-record-353	CROSS_RUN_EQUIVALENCE_UNRESOLVED	True	True	True	True	2	2	1	1	SINGLE_NORMALIZED_ALLELE	SINGLE_NORMALIZED_ALLELE	SINGLE_NORMALIZED_ALLELE__SINGLE_NORMALIZED_ALLELE	NOT_ASSIGNED_IN_STRUCTURE_AUDIT
306	run-phase1a-60z59-hg002-grch38-v421	event-run-phase1a-60z59-hg002-grch38-v421-record-334	run-phase1a-ru88n-hg002-grch38-v421	event-run-phase1a-ru88n-hg002-grch38-v421-record-356	CROSS_RUN_EQUIVALENCE_UNRESOLVED	True	True	True	True	2	2	1	1	SINGLE_NORMALIZED_ALLELE	SINGLE_NORMALIZED_ALLELE	SINGLE_NORMALIZED_ALLELE__SINGLE_NORMALIZED_ALLELE	NOT_ASSIGNED_IN_STRUCTURE_AUDIT
307	run-phase1a-60z59-hg002-grch38-v421	event-run-phase1a-60z59-hg002-grch38-v421-record-335	run-phase1a-ru88n-hg002-grch38-v421	event-run-phase1a-ru88n-hg002-grch38-v421-record-357	CROSS_RUN_EQUIVALENCE_UNRESOLVED	True	True	True	True	2	2	1	1	SINGLE_NORMALIZED_ALLELE	SINGLE_NORMALIZED_ALLELE	SINGLE_NORMALIZED_ALLELE__SINGLE_NORMALIZED_ALLELE	NOT_ASSIGNED_IN_STRUCTURE_AUDIT
308	run-phase1a-60z59-hg002-grch38-v421	event-run-phase1a-60z59-hg002-grch38-v421-record-336	run-phase1a-ru88n-hg002-grch38-v421	event-run-phase1a-ru88n-hg002-grch38-v421-record-358	CROSS_RUN_EQUIVALENCE_UNRESOLVED	True	True	True	True	2	2	1	1	SINGLE_NORMALIZED_ALLELE	SINGLE_NORMALIZED_ALLELE	SINGLE_NORMALIZED_ALLELE__SINGLE_NORMALIZED_ALLELE	NOT_ASSIGNED_IN_STRUCTURE_AUDIT
309	run-phase1a-60z59-hg002-grch38-v421	event-run-phase1a-60z59-hg002-grch38-v421-record-337	run-phase1a-ru88n-hg002-grch38-v421	event-run-phase1a-ru88n-hg002-grch38-v421-record-359	CROSS_RUN_EQUIVALENCE_UNRESOLVED	True	True	True	True	2	2	1	1	SINGLE_NORMALIZED_ALLELE	SINGLE_NORMALIZED_ALLELE	SINGLE_NORMALIZED_ALLELE__SINGLE_NORMALIZED_ALLELE	NOT_ASSIGNED_IN_STRUCTURE_AUDIT
310	run-phase1a-60z59-hg002-grch38-v421	event-run-phase1a-60z59-hg002-grch38-v421-record-338	run-phase1a-ru88n-hg002-grch38-v421	event-run-phase1a-ru88n-hg002-grch38-v421-record-360	CROSS_RUN_EQUIVALENCE_UNRESOLVED	True	True	True	True	2	2	1	1	SINGLE_NORMALIZED_ALLELE	SINGLE_NORMALIZED_ALLELE	SINGLE_NORMALIZED_ALLELE__SINGLE_NORMALIZED_ALLELE	NOT_ASSIGNED_IN_STRUCTURE_AUDIT
311	run-phase1a-60z59-hg002-grch38-v421	event-run-phase1a-60z59-hg002-grch38-v421-record-339	run-phase1a-ru88n-hg002-grch38-v421	event-run-phase1a-ru88n-hg002-grch38-v421-record-361	CROSS_RUN_EQUIVALENCE_UNRESOLVED	True	True	True	True	2	2	1	1	SINGLE_NORMALIZED_ALLELE	SINGLE_NORMALIZED_ALLELE	SINGLE_NORMALIZED_ALLELE__SINGLE_NORMALIZED_ALLELE	NOT_ASSIGNED_IN_STRUCTURE_AUDIT
312	run-phase1a-60z59-hg002-grch38-v421	event-run-phase1a-60z59-hg002-grch38-v421-record-340	run-phase1a-ru88n-hg002-grch38-v421	event-run-phase1a-ru88n-hg002-grch38-v421-record-362	CROSS_RUN_EQUIVALENCE_UNRESOLVED	True	True	True	True	2	2	1	1	SINGLE_NORMALIZED_ALLELE	SINGLE_NORMALIZED_ALLELE	SINGLE_NORMALIZED_ALLELE__SINGLE_NORMALIZED_ALLELE	NOT_ASSIGNED_IN_STRUCTURE_AUDIT
313	run-phase1a-60z59-hg002-grch38-v421	event-run-phase1a-60z59-hg002-grch38-v421-record-341	run-phase1a-ru88n-hg002-grch38-v421	event-run-phase1a-ru88n-hg002-grch38-v421-record-363	CROSS_RUN_EQUIVALENCE_UNRESOLVED	True	True	True	True	2	2	1	1	SINGLE_NORMALIZED_ALLELE	SINGLE_NORMALIZED_ALLELE	SINGLE_NORMALIZED_ALLELE__SINGLE_NORMALIZED_ALLELE	NOT_ASSIGNED_IN_STRUCTURE_AUDIT
314	run-phase1a-60z59-hg002-grch38-v421	event-run-phase1a-60z59-hg002-grch38-v421-record-342	run-phase1a-ru88n-hg002-grch38-v421	event-run-phase1a-ru88n-hg002-grch38-v421-record-364	CROSS_RUN_EQUIVALENCE_UNRESOLVED	True	True	True	True	2	2	1	1	SINGLE_NORMALIZED_ALLELE	SINGLE_NORMALIZED_ALLELE	SINGLE_NORMALIZED_ALLELE__SINGLE_NORMALIZED_ALLELE	NOT_ASSIGNED_IN_STRUCTURE_AUDIT
315	run-phase1a-60z59-hg002-grch38-v421	event-run-phase1a-60z59-hg002-grch38-v421-record-343	run-phase1a-ru88n-hg002-grch38-v421	event-run-phase1a-ru88n-hg002-grch38-v421-record-365	CROSS_RUN_EQUIVALENCE_UNRESOLVED	True	True	True	True	2	2	1	1	SINGLE_NORMALIZED_ALLELE	SINGLE_NORMALIZED_ALLELE	SINGLE_NORMALIZED_ALLELE__SINGLE_NORMALIZED_ALLELE	NOT_ASSIGNED_IN_STRUCTURE_AUDIT
316	run-phase1a-60z59-hg002-grch38-v421	event-run-phase1a-60z59-hg002-grch38-v421-record-344	run-phase1a-ru88n-hg002-grch38-v421	event-run-phase1a-ru88n-hg002-grch38-v421-record-366	CROSS_RUN_EQUIVALENCE_UNRESOLVED	True	True	True	True	2	2	1	1	SINGLE_NORMALIZED_ALLELE	SINGLE_NORMALIZED_ALLELE	SINGLE_NORMALIZED_ALLELE__SINGLE_NORMALIZED_ALLELE	NOT_ASSIGNED_IN_STRUCTURE_AUDIT
317	run-phase1a-60z59-hg002-grch38-v421	event-run-phase1a-60z59-hg002-grch38-v421-record-345	run-phase1a-ru88n-hg002-grch38-v421	event-run-phase1a-ru88n-hg002-grch38-v421-record-367	CROSS_RUN_EQUIVALENCE_UNRESOLVED	True	True	True	True	2	2	1	1	SINGLE_NORMALIZED_ALLELE	SINGLE_NORMALIZED_ALLELE	SINGLE_NORMALIZED_ALLELE__SINGLE_NORMALIZED_ALLELE	NOT_ASSIGNED_IN_STRUCTURE_AUDIT
318	run-phase1a-60z59-hg002-grch38-v421	event-run-phase1a-60z59-hg002-grch38-v421-record-346	run-phase1a-ru88n-hg002-grch38-v421	event-run-phase1a-ru88n-hg002-grch38-v421-record-368	CROSS_RUN_EQUIVALENCE_UNRESOLVED	True	True	True	True	2	2	1	1	SINGLE_NORMALIZED_ALLELE	SINGLE_NORMALIZED_ALLELE	SINGLE_NORMALIZED_ALLELE__SINGLE_NORMALIZED_ALLELE	NOT_ASSIGNED_IN_STRUCTURE_AUDIT
319	run-phase1a-60z59-hg002-grch38-v421	event-run-phase1a-60z59-hg002-grch38-v421-record-347	run-phase1a-ru88n-hg002-grch38-v421	event-run-phase1a-ru88n-hg002-grch38-v421-record-369	CROSS_RUN_EQUIVALENCE_UNRESOLVED	True	True	True	True	2	2	1	1	SINGLE_NORMALIZED_ALLELE	SINGLE_NORMALIZED_ALLELE	SINGLE_NORMALIZED_ALLELE__SINGLE_NORMALIZED_ALLELE	NOT_ASSIGNED_IN_STRUCTURE_AUDIT
320	run-phase1a-60z59-hg002-grch38-v421	event-run-phase1a-60z59-hg002-grch38-v421-record-348	run-phase1a-ru88n-hg002-grch38-v421	event-run-phase1a-ru88n-hg002-grch38-v421-record-370	CROSS_RUN_EQUIVALENCE_UNRESOLVED	True	True	True	True	2	2	1	1	SINGLE_NORMALIZED_ALLELE	SINGLE_NORMALIZED_ALLELE	SINGLE_NORMALIZED_ALLELE__SINGLE_NORMALIZED_ALLELE	NOT_ASSIGNED_IN_STRUCTURE_AUDIT
321	run-phase1a-60z59-hg002-grch38-v421	event-run-phase1a-60z59-hg002-grch38-v421-record-349	run-phase1a-ru88n-hg002-grch38-v421	event-run-phase1a-ru88n-hg002-grch38-v421-record-371	CROSS_RUN_EQUIVALENCE_UNRESOLVED	True	True	True	True	2	2	1	1	SINGLE_NORMALIZED_ALLELE	SINGLE_NORMALIZED_ALLELE	SINGLE_NORMALIZED_ALLELE__SINGLE_NORMALIZED_ALLELE	NOT_ASSIGNED_IN_STRUCTURE_AUDIT
322	run-phase1a-60z59-hg002-grch38-v421	event-run-phase1a-60z59-hg002-grch38-v421-record-350	run-phase1a-ru88n-hg002-grch38-v421	event-run-phase1a-ru88n-hg002-grch38-v421-record-372	CROSS_RUN_EQUIVALENCE_UNRESOLVED	True	True	True	True	2	2	1	1	SINGLE_NORMALIZED_ALLELE	SINGLE_NORMALIZED_ALLELE	SINGLE_NORMALIZED_ALLELE__SINGLE_NORMALIZED_ALLELE	NOT_ASSIGNED_IN_STRUCTURE_AUDIT
323	run-phase1a-60z59-hg002-grch38-v421	event-run-phase1a-60z59-hg002-grch38-v421-record-351	run-phase1a-ru88n-hg002-grch38-v421	event-run-phase1a-ru88n-hg002-grch38-v421-record-373	CROSS_RUN_EQUIVALENCE_UNRESOLVED	True	True	True	True	2	2	1	1	SINGLE_NORMALIZED_ALLELE	SINGLE_NORMALIZED_ALLELE	SINGLE_NORMALIZED_ALLELE__SINGLE_NORMALIZED_ALLELE	NOT_ASSIGNED_IN_STRUCTURE_AUDIT
324	run-phase1a-60z59-hg002-grch38-v421	event-run-phase1a-60z59-hg002-grch38-v421-record-352	run-phase1a-ru88n-hg002-grch38-v421	event-run-phase1a-ru88n-hg002-grch38-v421-record-374	CROSS_RUN_EQUIVALENCE_UNRESOLVED	True	True	True	True	2	2	1	1	SINGLE_NORMALIZED_ALLELE	SINGLE_NORMALIZED_ALLELE	SINGLE_NORMALIZED_ALLELE__SINGLE_NORMALIZED_ALLELE	NOT_ASSIGNED_IN_STRUCTURE_AUDIT
325	run-phase1a-60z59-hg002-grch38-v421	event-run-phase1a-60z59-hg002-grch38-v421-record-353	run-phase1a-ru88n-hg002-grch38-v421	event-run-phase1a-ru88n-hg002-grch38-v421-record-375	CROSS_RUN_EQUIVALENCE_UNRESOLVED	True	True	True	True	2	2	1	1	SINGLE_NORMALIZED_ALLELE	SINGLE_NORMALIZED_ALLELE	SINGLE_NORMALIZED_ALLELE__SINGLE_NORMALIZED_ALLELE	NOT_ASSIGNED_IN_STRUCTURE_AUDIT
326	run-phase1a-60z59-hg002-grch38-v421	event-run-phase1a-60z59-hg002-grch38-v421-record-354	run-phase1a-ru88n-hg002-grch38-v421	event-run-phase1a-ru88n-hg002-grch38-v421-record-376	CROSS_RUN_EQUIVALENCE_UNRESOLVED	True	True	True	True	2	2	1	1	SINGLE_NORMALIZED_ALLELE	SINGLE_NORMALIZED_ALLELE	SINGLE_NORMALIZED_ALLELE__SINGLE_NORMALIZED_ALLELE	NOT_ASSIGNED_IN_STRUCTURE_AUDIT
327	run-phase1a-60z59-hg002-grch38-v421	event-run-phase1a-60z59-hg002-grch38-v421-record-355	run-phase1a-ru88n-hg002-grch38-v421	event-run-phase1a-ru88n-hg002-grch38-v421-record-377	CROSS_RUN_EQUIVALENCE_UNRESOLVED	True	True	True	True	2	2	1	1	SINGLE_NORMALIZED_ALLELE	SINGLE_NORMALIZED_ALLELE	SINGLE_NORMALIZED_ALLELE__SINGLE_NORMALIZED_ALLELE	NOT_ASSIGNED_IN_STRUCTURE_AUDIT
328	run-phase1a-60z59-hg002-grch38-v421	event-run-phase1a-60z59-hg002-grch38-v421-record-356	run-phase1a-ru88n-hg002-grch38-v421	event-run-phase1a-ru88n-hg002-grch38-v421-record-378	CROSS_RUN_EQUIVALENCE_UNRESOLVED	True	True	True	True	2	2	1	1	SINGLE_NORMALIZED_ALLELE	SINGLE_NORMALIZED_ALLELE	SINGLE_NORMALIZED_ALLELE__SINGLE_NORMALIZED_ALLELE	NOT_ASSIGNED_IN_STRUCTURE_AUDIT
329	run-phase1a-60z59-hg002-grch38-v421	event-run-phase1a-60z59-hg002-grch38-v421-record-357	run-phase1a-ru88n-hg002-grch38-v421	event-run-phase1a-ru88n-hg002-grch38-v421-record-379	CROSS_RUN_EQUIVALENCE_UNRESOLVED	True	True	True	True	2	2	1	1	SINGLE_NORMALIZED_ALLELE	SINGLE_NORMALIZED_ALLELE	SINGLE_NORMALIZED_ALLELE__SINGLE_NORMALIZED_ALLELE	NOT_ASSIGNED_IN_STRUCTURE_AUDIT
330	run-phase1a-60z59-hg002-grch38-v421	event-run-phase1a-60z59-hg002-grch38-v421-record-359	run-phase1a-ru88n-hg002-grch38-v421	event-run-phase1a-ru88n-hg002-grch38-v421-record-381	CROSS_RUN_EQUIVALENCE_UNRESOLVED	True	True	True	True	2	2	1	1	SINGLE_NORMALIZED_ALLELE	SINGLE_NORMALIZED_ALLELE	SINGLE_NORMALIZED_ALLELE__SINGLE_NORMALIZED_ALLELE	NOT_ASSIGNED_IN_STRUCTURE_AUDIT
331	run-phase1a-60z59-hg002-grch38-v421	event-run-phase1a-60z59-hg002-grch38-v421-record-360	run-phase1a-ru88n-hg002-grch38-v421	event-run-phase1a-ru88n-hg002-grch38-v421-record-382	CROSS_RUN_EQUIVALENCE_UNRESOLVED	True	True	True	True	2	2	1	1	SINGLE_NORMALIZED_ALLELE	SINGLE_NORMALIZED_ALLELE	SINGLE_NORMALIZED_ALLELE__SINGLE_NORMALIZED_ALLELE	NOT_ASSIGNED_IN_STRUCTURE_AUDIT
332	run-phase1a-60z59-hg002-grch38-v421	event-run-phase1a-60z59-hg002-grch38-v421-record-361	run-phase1a-ru88n-hg002-grch38-v421	event-run-phase1a-ru88n-hg002-grch38-v421-record-383	CROSS_RUN_EQUIVALENCE_UNRESOLVED	True	True	True	True	2	2	1	1	SINGLE_NORMALIZED_ALLELE	SINGLE_NORMALIZED_ALLELE	SINGLE_NORMALIZED_ALLELE__SINGLE_NORMALIZED_ALLELE	NOT_ASSIGNED_IN_STRUCTURE_AUDIT
333	run-phase1a-60z59-hg002-grch38-v421	event-run-phase1a-60z59-hg002-grch38-v421-record-362	run-phase1a-ru88n-hg002-grch38-v421	event-run-phase1a-ru88n-hg002-grch38-v421-record-384	CROSS_RUN_EQUIVALENCE_UNRESOLVED	True	True	True	True	2	2	1	1	SINGLE_NORMALIZED_ALLELE	SINGLE_NORMALIZED_ALLELE	SINGLE_NORMALIZED_ALLELE__SINGLE_NORMALIZED_ALLELE	NOT_ASSIGNED_IN_STRUCTURE_AUDIT
334	run-phase1a-60z59-hg002-grch38-v421	event-run-phase1a-60z59-hg002-grch38-v421-record-363	run-phase1a-ru88n-hg002-grch38-v421	event-run-phase1a-ru88n-hg002-grch38-v421-record-385	CROSS_RUN_EQUIVALENCE_UNRESOLVED	True	True	True	True	2	2	1	1	SINGLE_NORMALIZED_ALLELE	SINGLE_NORMALIZED_ALLELE	SINGLE_NORMALIZED_ALLELE__SINGLE_NORMALIZED_ALLELE	NOT_ASSIGNED_IN_STRUCTURE_AUDIT
335	run-phase1a-60z59-hg002-grch38-v421	event-run-phase1a-60z59-hg002-grch38-v421-record-364	run-phase1a-ru88n-hg002-grch38-v421	event-run-phase1a-ru88n-hg002-grch38-v421-record-386	CROSS_RUN_EQUIVALENCE_UNRESOLVED	True	True	True	True	2	2	1	1	SINGLE_NORMALIZED_ALLELE	SINGLE_NORMALIZED_ALLELE	SINGLE_NORMALIZED_ALLELE__SINGLE_NORMALIZED_ALLELE	NOT_ASSIGNED_IN_STRUCTURE_AUDIT
336	run-phase1a-60z59-hg002-grch38-v421	event-run-phase1a-60z59-hg002-grch38-v421-record-365	run-phase1a-ru88n-hg002-grch38-v421	event-run-phase1a-ru88n-hg002-grch38-v421-record-387	CROSS_RUN_EQUIVALENCE_UNRESOLVED	True	True	True	True	2	2	1	1	SINGLE_NORMALIZED_ALLELE	SINGLE_NORMALIZED_ALLELE	SINGLE_NORMALIZED_ALLELE__SINGLE_NORMALIZED_ALLELE	NOT_ASSIGNED_IN_STRUCTURE_AUDIT
337	run-phase1a-60z59-hg002-grch38-v421	event-run-phase1a-60z59-hg002-grch38-v421-record-366	run-phase1a-ru88n-hg002-grch38-v421	event-run-phase1a-ru88n-hg002-grch38-v421-record-388	CROSS_RUN_EQUIVALENCE_UNRESOLVED	True	True	True	True	2	2	1	1	SINGLE_NORMALIZED_ALLELE	SINGLE_NORMALIZED_ALLELE	SINGLE_NORMALIZED_ALLELE__SINGLE_NORMALIZED_ALLELE	NOT_ASSIGNED_IN_STRUCTURE_AUDIT
338	run-phase1a-60z59-hg002-grch38-v421	event-run-phase1a-60z59-hg002-grch38-v421-record-367	run-phase1a-ru88n-hg002-grch38-v421	event-run-phase1a-ru88n-hg002-grch38-v421-record-389	CROSS_RUN_EQUIVALENCE_UNRESOLVED	True	True	True	True	2	2	1	1	SINGLE_NORMALIZED_ALLELE	SINGLE_NORMALIZED_ALLELE	SINGLE_NORMALIZED_ALLELE__SINGLE_NORMALIZED_ALLELE	NOT_ASSIGNED_IN_STRUCTURE_AUDIT
339	run-phase1a-60z59-hg002-grch38-v421	event-run-phase1a-60z59-hg002-grch38-v421-record-368	run-phase1a-ru88n-hg002-grch38-v421	event-run-phase1a-ru88n-hg002-grch38-v421-record-390	CROSS_RUN_EQUIVALENCE_UNRESOLVED	True	True	True	True	2	2	1	1	SINGLE_NORMALIZED_ALLELE	SINGLE_NORMALIZED_ALLELE	SINGLE_NORMALIZED_ALLELE__SINGLE_NORMALIZED_ALLELE	NOT_ASSIGNED_IN_STRUCTURE_AUDIT
340	run-phase1a-60z59-hg002-grch38-v421	event-run-phase1a-60z59-hg002-grch38-v421-record-369	run-phase1a-ru88n-hg002-grch38-v421	event-run-phase1a-ru88n-hg002-grch38-v421-record-391	CROSS_RUN_EQUIVALENCE_UNRESOLVED	True	True	True	True	2	2	1	1	SINGLE_NORMALIZED_ALLELE	SINGLE_NORMALIZED_ALLELE	SINGLE_NORMALIZED_ALLELE__SINGLE_NORMALIZED_ALLELE	NOT_ASSIGNED_IN_STRUCTURE_AUDIT
341	run-phase1a-60z59-hg002-grch38-v421	event-run-phase1a-60z59-hg002-grch38-v421-record-370	run-phase1a-ru88n-hg002-grch38-v421	event-run-phase1a-ru88n-hg002-grch38-v421-record-392	CROSS_RUN_EQUIVALENCE_UNRESOLVED	True	True	True	True	2	2	1	1	SINGLE_NORMALIZED_ALLELE	SINGLE_NORMALIZED_ALLELE	SINGLE_NORMALIZED_ALLELE__SINGLE_NORMALIZED_ALLELE	NOT_ASSIGNED_IN_STRUCTURE_AUDIT
342	run-phase1a-60z59-hg002-grch38-v421	event-run-phase1a-60z59-hg002-grch38-v421-record-371	run-phase1a-ru88n-hg002-grch38-v421	event-run-phase1a-ru88n-hg002-grch38-v421-record-393	CROSS_RUN_EQUIVALENCE_UNRESOLVED	True	True	True	True	2	2	1	1	SINGLE_NORMALIZED_ALLELE	SINGLE_NORMALIZED_ALLELE	SINGLE_NORMALIZED_ALLELE__SINGLE_NORMALIZED_ALLELE	NOT_ASSIGNED_IN_STRUCTURE_AUDIT
343	run-phase1a-60z59-hg002-grch38-v421	event-run-phase1a-60z59-hg002-grch38-v421-record-372	run-phase1a-ru88n-hg002-grch38-v421	event-run-phase1a-ru88n-hg002-grch38-v421-record-394	CROSS_RUN_EQUIVALENCE_UNRESOLVED	True	True	True	True	2	2	1	1	SINGLE_NORMALIZED_ALLELE	SINGLE_NORMALIZED_ALLELE	SINGLE_NORMALIZED_ALLELE__SINGLE_NORMALIZED_ALLELE	NOT_ASSIGNED_IN_STRUCTURE_AUDIT
344	run-phase1a-60z59-hg002-grch38-v421	event-run-phase1a-60z59-hg002-grch38-v421-record-373	run-phase1a-ru88n-hg002-grch38-v421	event-run-phase1a-ru88n-hg002-grch38-v421-record-395	CROSS_RUN_EQUIVALENCE_UNRESOLVED	True	True	True	True	2	2	1	1	SINGLE_NORMALIZED_ALLELE	SINGLE_NORMALIZED_ALLELE	SINGLE_NORMALIZED_ALLELE__SINGLE_NORMALIZED_ALLELE	NOT_ASSIGNED_IN_STRUCTURE_AUDIT
345	run-phase1a-60z59-hg002-grch38-v421	event-run-phase1a-60z59-hg002-grch38-v421-record-374	run-phase1a-ru88n-hg002-grch38-v421	event-run-phase1a-ru88n-hg002-grch38-v421-record-396	CROSS_RUN_EQUIVALENCE_UNRESOLVED	True	True	True	True	2	2	1	1	SINGLE_NORMALIZED_ALLELE	SINGLE_NORMALIZED_ALLELE	SINGLE_NORMALIZED_ALLELE__SINGLE_NORMALIZED_ALLELE	NOT_ASSIGNED_IN_STRUCTURE_AUDIT
346	run-phase1a-60z59-hg002-grch38-v421	event-run-phase1a-60z59-hg002-grch38-v421-record-375	run-phase1a-ru88n-hg002-grch38-v421	event-run-phase1a-ru88n-hg002-grch38-v421-record-397	CROSS_RUN_EQUIVALENCE_UNRESOLVED	True	True	True	True	2	2	1	1	SINGLE_NORMALIZED_ALLELE	SINGLE_NORMALIZED_ALLELE	SINGLE_NORMALIZED_ALLELE__SINGLE_NORMALIZED_ALLELE	NOT_ASSIGNED_IN_STRUCTURE_AUDIT
347	run-phase1a-60z59-hg002-grch38-v421	event-run-phase1a-60z59-hg002-grch38-v421-record-376	run-phase1a-ru88n-hg002-grch38-v421	event-run-phase1a-ru88n-hg002-grch38-v421-record-398	CROSS_RUN_EQUIVALENCE_UNRESOLVED	True	True	True	True	2	2	1	1	SINGLE_NORMALIZED_ALLELE	SINGLE_NORMALIZED_ALLELE	SINGLE_NORMALIZED_ALLELE__SINGLE_NORMALIZED_ALLELE	NOT_ASSIGNED_IN_STRUCTURE_AUDIT
348	run-phase1a-60z59-hg002-grch38-v421	event-run-phase1a-60z59-hg002-grch38-v421-record-377	run-phase1a-ru88n-hg002-grch38-v421	event-run-phase1a-ru88n-hg002-grch38-v421-record-399	CROSS_RUN_EQUIVALENCE_UNRESOLVED	True	True	True	True	2	2	1	1	SINGLE_NORMALIZED_ALLELE	SINGLE_NORMALIZED_ALLELE	SINGLE_NORMALIZED_ALLELE__SINGLE_NORMALIZED_ALLELE	NOT_ASSIGNED_IN_STRUCTURE_AUDIT
349	run-phase1a-60z59-hg002-grch38-v421	event-run-phase1a-60z59-hg002-grch38-v421-record-378	run-phase1a-ru88n-hg002-grch38-v421	event-run-phase1a-ru88n-hg002-grch38-v421-record-400	CROSS_RUN_EQUIVALENCE_UNRESOLVED	True	True	True	True	2	2	1	1	SINGLE_NORMALIZED_ALLELE	SINGLE_NORMALIZED_ALLELE	SINGLE_NORMALIZED_ALLELE__SINGLE_NORMALIZED_ALLELE	NOT_ASSIGNED_IN_STRUCTURE_AUDIT
350	run-phase1a-60z59-hg002-grch38-v421	event-run-phase1a-60z59-hg002-grch38-v421-record-379	run-phase1a-ru88n-hg002-grch38-v421	event-run-phase1a-ru88n-hg002-grch38-v421-record-401	CROSS_RUN_EQUIVALENCE_UNRESOLVED	True	True	True	True	2	2	1	1	SINGLE_NORMALIZED_ALLELE	SINGLE_NORMALIZED_ALLELE	SINGLE_NORMALIZED_ALLELE__SINGLE_NORMALIZED_ALLELE	NOT_ASSIGNED_IN_STRUCTURE_AUDIT
351	run-phase1a-60z59-hg002-grch38-v421	event-run-phase1a-60z59-hg002-grch38-v421-record-380	run-phase1a-ru88n-hg002-grch38-v421	event-run-phase1a-ru88n-hg002-grch38-v421-record-402	CROSS_RUN_EQUIVALENCE_UNRESOLVED	True	True	True	True	2	2	1	1	SINGLE_NORMALIZED_ALLELE	SINGLE_NORMALIZED_ALLELE	SINGLE_NORMALIZED_ALLELE__SINGLE_NORMALIZED_ALLELE	NOT_ASSIGNED_IN_STRUCTURE_AUDIT
352	run-phase1a-60z59-hg002-grch38-v421	event-run-phase1a-60z59-hg002-grch38-v421-record-381	run-phase1a-ru88n-hg002-grch38-v421	event-run-phase1a-ru88n-hg002-grch38-v421-record-403	CROSS_RUN_EQUIVALENCE_UNRESOLVED	True	True	True	True	2	2	1	1	SINGLE_NORMALIZED_ALLELE	SINGLE_NORMALIZED_ALLELE	SINGLE_NORMALIZED_ALLELE__SINGLE_NORMALIZED_ALLELE	NOT_ASSIGNED_IN_STRUCTURE_AUDIT
353	run-phase1a-60z59-hg002-grch38-v421	event-run-phase1a-60z59-hg002-grch38-v421-record-382	run-phase1a-ru88n-hg002-grch38-v421	event-run-phase1a-ru88n-hg002-grch38-v421-record-404	CROSS_RUN_EQUIVALENCE_UNRESOLVED	True	True	True	True	2	2	1	1	SINGLE_NORMALIZED_ALLELE	SINGLE_NORMALIZED_ALLELE	SINGLE_NORMALIZED_ALLELE__SINGLE_NORMALIZED_ALLELE	NOT_ASSIGNED_IN_STRUCTURE_AUDIT
354	run-phase1a-60z59-hg002-grch38-v421	event-run-phase1a-60z59-hg002-grch38-v421-record-383	run-phase1a-ru88n-hg002-grch38-v421	event-run-phase1a-ru88n-hg002-grch38-v421-record-405	CROSS_RUN_EQUIVALENCE_UNRESOLVED	True	True	True	True	2	2	1	1	SINGLE_NORMALIZED_ALLELE	SINGLE_NORMALIZED_ALLELE	SINGLE_NORMALIZED_ALLELE__SINGLE_NORMALIZED_ALLELE	NOT_ASSIGNED_IN_STRUCTURE_AUDIT
355	run-phase1a-60z59-hg002-grch38-v421	event-run-phase1a-60z59-hg002-grch38-v421-record-384	run-phase1a-ru88n-hg002-grch38-v421	event-run-phase1a-ru88n-hg002-grch38-v421-record-406	CROSS_RUN_EQUIVALENCE_UNRESOLVED	True	True	True	True	2	2	1	1	SINGLE_NORMALIZED_ALLELE	SINGLE_NORMALIZED_ALLELE	SINGLE_NORMALIZED_ALLELE__SINGLE_NORMALIZED_ALLELE	NOT_ASSIGNED_IN_STRUCTURE_AUDIT
356	run-phase1a-60z59-hg002-grch38-v421	event-run-phase1a-60z59-hg002-grch38-v421-record-385	run-phase1a-ru88n-hg002-grch38-v421	event-run-phase1a-ru88n-hg002-grch38-v421-record-408	CROSS_RUN_EQUIVALENCE_UNRESOLVED	True	True	True	True	2	2	1	1	SINGLE_NORMALIZED_ALLELE	SINGLE_NORMALIZED_ALLELE	SINGLE_NORMALIZED_ALLELE__SINGLE_NORMALIZED_ALLELE	NOT_ASSIGNED_IN_STRUCTURE_AUDIT
357	run-phase1a-60z59-hg002-grch38-v421	event-run-phase1a-60z59-hg002-grch38-v421-record-386	run-phase1a-ru88n-hg002-grch38-v421	event-run-phase1a-ru88n-hg002-grch38-v421-record-409	CROSS_RUN_EQUIVALENCE_UNRESOLVED	True	True	True	True	2	2	1	1	SINGLE_NORMALIZED_ALLELE	SINGLE_NORMALIZED_ALLELE	SINGLE_NORMALIZED_ALLELE__SINGLE_NORMALIZED_ALLELE	NOT_ASSIGNED_IN_STRUCTURE_AUDIT
358	run-phase1a-60z59-hg002-grch38-v421	event-run-phase1a-60z59-hg002-grch38-v421-record-387	run-phase1a-ru88n-hg002-grch38-v421	event-run-phase1a-ru88n-hg002-grch38-v421-record-410	CROSS_RUN_EQUIVALENCE_UNRESOLVED	True	True	True	True	2	2	1	1	SINGLE_NORMALIZED_ALLELE	SINGLE_NORMALIZED_ALLELE	SINGLE_NORMALIZED_ALLELE__SINGLE_NORMALIZED_ALLELE	NOT_ASSIGNED_IN_STRUCTURE_AUDIT
359	run-phase1a-60z59-hg002-grch38-v421	event-run-phase1a-60z59-hg002-grch38-v421-record-388	run-phase1a-ru88n-hg002-grch38-v421	event-run-phase1a-ru88n-hg002-grch38-v421-record-411	CROSS_RUN_EQUIVALENCE_UNRESOLVED	True	True	True	True	2	2	1	1	SINGLE_NORMALIZED_ALLELE	SINGLE_NORMALIZED_ALLELE	SINGLE_NORMALIZED_ALLELE__SINGLE_NORMALIZED_ALLELE	NOT_ASSIGNED_IN_STRUCTURE_AUDIT
360	run-phase1a-60z59-hg002-grch38-v421	event-run-phase1a-60z59-hg002-grch38-v421-record-389	run-phase1a-ru88n-hg002-grch38-v421	event-run-phase1a-ru88n-hg002-grch38-v421-record-412	CROSS_RUN_EQUIVALENCE_UNRESOLVED	True	True	True	True	2	2	1	1	SINGLE_NORMALIZED_ALLELE	SINGLE_NORMALIZED_ALLELE	SINGLE_NORMALIZED_ALLELE__SINGLE_NORMALIZED_ALLELE	NOT_ASSIGNED_IN_STRUCTURE_AUDIT
361	run-phase1a-60z59-hg002-grch38-v421	event-run-phase1a-60z59-hg002-grch38-v421-record-390	run-phase1a-ru88n-hg002-grch38-v421	event-run-phase1a-ru88n-hg002-grch38-v421-record-413	CROSS_RUN_EQUIVALENCE_UNRESOLVED	True	True	True	True	2	2	1	1	SINGLE_NORMALIZED_ALLELE	SINGLE_NORMALIZED_ALLELE	SINGLE_NORMALIZED_ALLELE__SINGLE_NORMALIZED_ALLELE	NOT_ASSIGNED_IN_STRUCTURE_AUDIT
362	run-phase1a-60z59-hg002-grch38-v421	event-run-phase1a-60z59-hg002-grch38-v421-record-391	run-phase1a-ru88n-hg002-grch38-v421	event-run-phase1a-ru88n-hg002-grch38-v421-record-414	CROSS_RUN_EQUIVALENCE_UNRESOLVED	True	True	True	True	2	2	1	1	SINGLE_NORMALIZED_ALLELE	SINGLE_NORMALIZED_ALLELE	SINGLE_NORMALIZED_ALLELE__SINGLE_NORMALIZED_ALLELE	NOT_ASSIGNED_IN_STRUCTURE_AUDIT
363	run-phase1a-60z59-hg002-grch38-v421	event-run-phase1a-60z59-hg002-grch38-v421-record-392	run-phase1a-ru88n-hg002-grch38-v421	event-run-phase1a-ru88n-hg002-grch38-v421-record-415	CROSS_RUN_EQUIVALENCE_UNRESOLVED	True	True	True	True	2	2	1	1	SINGLE_NORMALIZED_ALLELE	SINGLE_NORMALIZED_ALLELE	SINGLE_NORMALIZED_ALLELE__SINGLE_NORMALIZED_ALLELE	NOT_ASSIGNED_IN_STRUCTURE_AUDIT
364	run-phase1a-60z59-hg002-grch38-v421	event-run-phase1a-60z59-hg002-grch38-v421-record-393	run-phase1a-ru88n-hg002-grch38-v421	event-run-phase1a-ru88n-hg002-grch38-v421-record-416	CROSS_RUN_EQUIVALENCE_UNRESOLVED	True	True	True	True	2	2	1	1	SINGLE_NORMALIZED_ALLELE	SINGLE_NORMALIZED_ALLELE	SINGLE_NORMALIZED_ALLELE__SINGLE_NORMALIZED_ALLELE	NOT_ASSIGNED_IN_STRUCTURE_AUDIT
365	run-phase1a-60z59-hg002-grch38-v421	event-run-phase1a-60z59-hg002-grch38-v421-record-394	run-phase1a-ru88n-hg002-grch38-v421	event-run-phase1a-ru88n-hg002-grch38-v421-record-417	CROSS_RUN_EQUIVALENCE_UNRESOLVED	True	True	True	True	2	2	1	1	SINGLE_NORMALIZED_ALLELE	SINGLE_NORMALIZED_ALLELE	SINGLE_NORMALIZED_ALLELE__SINGLE_NORMALIZED_ALLELE	NOT_ASSIGNED_IN_STRUCTURE_AUDIT
366	run-phase1a-60z59-hg002-grch38-v421	event-run-phase1a-60z59-hg002-grch38-v421-record-395	run-phase1a-ru88n-hg002-grch38-v421	event-run-phase1a-ru88n-hg002-grch38-v421-record-418	CROSS_RUN_EQUIVALENCE_UNRESOLVED	True	True	True	True	2	2	1	1	SINGLE_NORMALIZED_ALLELE	SINGLE_NORMALIZED_ALLELE	SINGLE_NORMALIZED_ALLELE__SINGLE_NORMALIZED_ALLELE	NOT_ASSIGNED_IN_STRUCTURE_AUDIT
367	run-phase1a-60z59-hg002-grch38-v421	event-run-phase1a-60z59-hg002-grch38-v421-record-396	run-phase1a-ru88n-hg002-grch38-v421	event-run-phase1a-ru88n-hg002-grch38-v421-record-419	CROSS_RUN_EQUIVALENCE_UNRESOLVED	True	True	True	True	2	2	1	1	SINGLE_NORMALIZED_ALLELE	SINGLE_NORMALIZED_ALLELE	SINGLE_NORMALIZED_ALLELE__SINGLE_NORMALIZED_ALLELE	NOT_ASSIGNED_IN_STRUCTURE_AUDIT
368	run-phase1a-60z59-hg002-grch38-v421	event-run-phase1a-60z59-hg002-grch38-v421-record-398	run-phase1a-ru88n-hg002-grch38-v421	event-run-phase1a-ru88n-hg002-grch38-v421-record-421	CROSS_RUN_EQUIVALENCE_UNRESOLVED	True	True	True	True	2	2	1	1	SINGLE_NORMALIZED_ALLELE	SINGLE_NORMALIZED_ALLELE	SINGLE_NORMALIZED_ALLELE__SINGLE_NORMALIZED_ALLELE	NOT_ASSIGNED_IN_STRUCTURE_AUDIT
369	run-phase1a-60z59-hg002-grch38-v421	event-run-phase1a-60z59-hg002-grch38-v421-record-399	run-phase1a-ru88n-hg002-grch38-v421	event-run-phase1a-ru88n-hg002-grch38-v421-record-422	CROSS_RUN_EQUIVALENCE_UNRESOLVED	True	True	True	True	2	2	1	1	SINGLE_NORMALIZED_ALLELE	SINGLE_NORMALIZED_ALLELE	SINGLE_NORMALIZED_ALLELE__SINGLE_NORMALIZED_ALLELE	NOT_ASSIGNED_IN_STRUCTURE_AUDIT
370	run-phase1a-60z59-hg002-grch38-v421	event-run-phase1a-60z59-hg002-grch38-v421-record-400	run-phase1a-ru88n-hg002-grch38-v421	event-run-phase1a-ru88n-hg002-grch38-v421-record-423	CROSS_RUN_EQUIVALENCE_UNRESOLVED	True	True	True	True	2	2	1	1	SINGLE_NORMALIZED_ALLELE	SINGLE_NORMALIZED_ALLELE	SINGLE_NORMALIZED_ALLELE__SINGLE_NORMALIZED_ALLELE	NOT_ASSIGNED_IN_STRUCTURE_AUDIT
371	run-phase1a-60z59-hg002-grch38-v421	event-run-phase1a-60z59-hg002-grch38-v421-record-401	run-phase1a-ru88n-hg002-grch38-v421	event-run-phase1a-ru88n-hg002-grch38-v421-record-424	CROSS_RUN_EQUIVALENCE_UNRESOLVED	True	True	True	True	2	2	1	1	SINGLE_NORMALIZED_ALLELE	SINGLE_NORMALIZED_ALLELE	SINGLE_NORMALIZED_ALLELE__SINGLE_NORMALIZED_ALLELE	NOT_ASSIGNED_IN_STRUCTURE_AUDIT
372	run-phase1a-60z59-hg002-grch38-v421	event-run-phase1a-60z59-hg002-grch38-v421-record-402	run-phase1a-ru88n-hg002-grch38-v421	event-run-phase1a-ru88n-hg002-grch38-v421-record-425	CROSS_RUN_EQUIVALENCE_UNRESOLVED	True	True	True	True	2	2	1	1	SINGLE_NORMALIZED_ALLELE	SINGLE_NORMALIZED_ALLELE	SINGLE_NORMALIZED_ALLELE__SINGLE_NORMALIZED_ALLELE	NOT_ASSIGNED_IN_STRUCTURE_AUDIT
373	run-phase1a-60z59-hg002-grch38-v421	event-run-phase1a-60z59-hg002-grch38-v421-record-403	run-phase1a-ru88n-hg002-grch38-v421	event-run-phase1a-ru88n-hg002-grch38-v421-record-426	CROSS_RUN_EQUIVALENCE_UNRESOLVED	True	True	True	True	2	2	1	1	SINGLE_NORMALIZED_ALLELE	SINGLE_NORMALIZED_ALLELE	SINGLE_NORMALIZED_ALLELE__SINGLE_NORMALIZED_ALLELE	NOT_ASSIGNED_IN_STRUCTURE_AUDIT
374	run-phase1a-60z59-hg002-grch38-v421	event-run-phase1a-60z59-hg002-grch38-v421-record-404	run-phase1a-ru88n-hg002-grch38-v421	event-run-phase1a-ru88n-hg002-grch38-v421-record-427	CROSS_RUN_EQUIVALENCE_UNRESOLVED	True	True	True	True	2	2	1	1	SINGLE_NORMALIZED_ALLELE	SINGLE_NORMALIZED_ALLELE	SINGLE_NORMALIZED_ALLELE__SINGLE_NORMALIZED_ALLELE	NOT_ASSIGNED_IN_STRUCTURE_AUDIT
375	run-phase1a-60z59-hg002-grch38-v421	event-run-phase1a-60z59-hg002-grch38-v421-record-405	run-phase1a-ru88n-hg002-grch38-v421	event-run-phase1a-ru88n-hg002-grch38-v421-record-428	CROSS_RUN_EQUIVALENCE_UNRESOLVED	True	True	True	True	2	2	1	1	SINGLE_NORMALIZED_ALLELE	SINGLE_NORMALIZED_ALLELE	SINGLE_NORMALIZED_ALLELE__SINGLE_NORMALIZED_ALLELE	NOT_ASSIGNED_IN_STRUCTURE_AUDIT
376	run-phase1a-60z59-hg002-grch38-v421	event-run-phase1a-60z59-hg002-grch38-v421-record-406	run-phase1a-ru88n-hg002-grch38-v421	event-run-phase1a-ru88n-hg002-grch38-v421-record-429	CROSS_RUN_EQUIVALENCE_UNRESOLVED	True	True	True	True	2	2	1	1	SINGLE_NORMALIZED_ALLELE	SINGLE_NORMALIZED_ALLELE	SINGLE_NORMALIZED_ALLELE__SINGLE_NORMALIZED_ALLELE	NOT_ASSIGNED_IN_STRUCTURE_AUDIT
377	run-phase1a-60z59-hg002-grch38-v421	event-run-phase1a-60z59-hg002-grch38-v421-record-407	run-phase1a-ru88n-hg002-grch38-v421	event-run-phase1a-ru88n-hg002-grch38-v421-record-430	CROSS_RUN_EQUIVALENCE_UNRESOLVED	True	True	True	True	2	2	1	1	SINGLE_NORMALIZED_ALLELE	SINGLE_NORMALIZED_ALLELE	SINGLE_NORMALIZED_ALLELE__SINGLE_NORMALIZED_ALLELE	NOT_ASSIGNED_IN_STRUCTURE_AUDIT
378	run-phase1a-60z59-hg002-grch38-v421	event-run-phase1a-60z59-hg002-grch38-v421-record-408	run-phase1a-ru88n-hg002-grch38-v421	event-run-phase1a-ru88n-hg002-grch38-v421-record-431	CROSS_RUN_EQUIVALENCE_UNRESOLVED	True	True	True	True	2	2	1	1	SINGLE_NORMALIZED_ALLELE	SINGLE_NORMALIZED_ALLELE	SINGLE_NORMALIZED_ALLELE__SINGLE_NORMALIZED_ALLELE	NOT_ASSIGNED_IN_STRUCTURE_AUDIT
379	run-phase1a-60z59-hg002-grch38-v421	event-run-phase1a-60z59-hg002-grch38-v421-record-409	run-phase1a-ru88n-hg002-grch38-v421	event-run-phase1a-ru88n-hg002-grch38-v421-record-432	CROSS_RUN_EQUIVALENCE_UNRESOLVED	True	True	True	True	2	2	1	1	SINGLE_NORMALIZED_ALLELE	SINGLE_NORMALIZED_ALLELE	SINGLE_NORMALIZED_ALLELE__SINGLE_NORMALIZED_ALLELE	NOT_ASSIGNED_IN_STRUCTURE_AUDIT
380	run-phase1a-60z59-hg002-grch38-v421	event-run-phase1a-60z59-hg002-grch38-v421-record-410	run-phase1a-ru88n-hg002-grch38-v421	event-run-phase1a-ru88n-hg002-grch38-v421-record-433	CROSS_RUN_EQUIVALENCE_UNRESOLVED	True	True	True	True	2	2	1	1	SINGLE_NORMALIZED_ALLELE	SINGLE_NORMALIZED_ALLELE	SINGLE_NORMALIZED_ALLELE__SINGLE_NORMALIZED_ALLELE	NOT_ASSIGNED_IN_STRUCTURE_AUDIT
381	run-phase1a-60z59-hg002-grch38-v421	event-run-phase1a-60z59-hg002-grch38-v421-record-411	run-phase1a-ru88n-hg002-grch38-v421	event-run-phase1a-ru88n-hg002-grch38-v421-record-434	CROSS_RUN_EQUIVALENCE_UNRESOLVED	True	True	True	True	2	2	1	1	SINGLE_NORMALIZED_ALLELE	SINGLE_NORMALIZED_ALLELE	SINGLE_NORMALIZED_ALLELE__SINGLE_NORMALIZED_ALLELE	NOT_ASSIGNED_IN_STRUCTURE_AUDIT
382	run-phase1a-60z59-hg002-grch38-v421	event-run-phase1a-60z59-hg002-grch38-v421-record-412	run-phase1a-ru88n-hg002-grch38-v421	event-run-phase1a-ru88n-hg002-grch38-v421-record-435	CROSS_RUN_EQUIVALENCE_UNRESOLVED	True	True	True	True	2	2	1	1	SINGLE_NORMALIZED_ALLELE	SINGLE_NORMALIZED_ALLELE	SINGLE_NORMALIZED_ALLELE__SINGLE_NORMALIZED_ALLELE	NOT_ASSIGNED_IN_STRUCTURE_AUDIT
383	run-phase1a-60z59-hg002-grch38-v421	event-run-phase1a-60z59-hg002-grch38-v421-record-413	run-phase1a-ru88n-hg002-grch38-v421	event-run-phase1a-ru88n-hg002-grch38-v421-record-436	CROSS_RUN_EQUIVALENCE_UNRESOLVED	True	True	True	True	2	2	1	1	SINGLE_NORMALIZED_ALLELE	SINGLE_NORMALIZED_ALLELE	SINGLE_NORMALIZED_ALLELE__SINGLE_NORMALIZED_ALLELE	NOT_ASSIGNED_IN_STRUCTURE_AUDIT
384	run-phase1a-60z59-hg002-grch38-v421	event-run-phase1a-60z59-hg002-grch38-v421-record-414	run-phase1a-ru88n-hg002-grch38-v421	event-run-phase1a-ru88n-hg002-grch38-v421-record-437	CROSS_RUN_EQUIVALENCE_UNRESOLVED	True	True	True	True	2	2	1	1	SINGLE_NORMALIZED_ALLELE	SINGLE_NORMALIZED_ALLELE	SINGLE_NORMALIZED_ALLELE__SINGLE_NORMALIZED_ALLELE	NOT_ASSIGNED_IN_STRUCTURE_AUDIT
385	run-phase1a-60z59-hg002-grch38-v421	event-run-phase1a-60z59-hg002-grch38-v421-record-415	run-phase1a-ru88n-hg002-grch38-v421	event-run-phase1a-ru88n-hg002-grch38-v421-record-438	CROSS_RUN_EQUIVALENCE_UNRESOLVED	True	True	True	True	2	2	1	1	SINGLE_NORMALIZED_ALLELE	SINGLE_NORMALIZED_ALLELE	SINGLE_NORMALIZED_ALLELE__SINGLE_NORMALIZED_ALLELE	NOT_ASSIGNED_IN_STRUCTURE_AUDIT
386	run-phase1a-60z59-hg002-grch38-v421	event-run-phase1a-60z59-hg002-grch38-v421-record-416	run-phase1a-ru88n-hg002-grch38-v421	event-run-phase1a-ru88n-hg002-grch38-v421-record-439	CROSS_RUN_EQUIVALENCE_UNRESOLVED	True	True	True	True	2	2	1	1	SINGLE_NORMALIZED_ALLELE	SINGLE_NORMALIZED_ALLELE	SINGLE_NORMALIZED_ALLELE__SINGLE_NORMALIZED_ALLELE	NOT_ASSIGNED_IN_STRUCTURE_AUDIT
387	run-phase1a-60z59-hg002-grch38-v421	event-run-phase1a-60z59-hg002-grch38-v421-record-417	run-phase1a-ru88n-hg002-grch38-v421	event-run-phase1a-ru88n-hg002-grch38-v421-record-440	CROSS_RUN_EQUIVALENCE_UNRESOLVED	True	True	True	True	2	2	1	1	SINGLE_NORMALIZED_ALLELE	SINGLE_NORMALIZED_ALLELE	SINGLE_NORMALIZED_ALLELE__SINGLE_NORMALIZED_ALLELE	NOT_ASSIGNED_IN_STRUCTURE_AUDIT
388	run-phase1a-60z59-hg002-grch38-v421	event-run-phase1a-60z59-hg002-grch38-v421-record-418	run-phase1a-ru88n-hg002-grch38-v421	event-run-phase1a-ru88n-hg002-grch38-v421-record-441	CROSS_RUN_EQUIVALENCE_UNRESOLVED	True	True	True	True	2	2	1	1	SINGLE_NORMALIZED_ALLELE	SINGLE_NORMALIZED_ALLELE	SINGLE_NORMALIZED_ALLELE__SINGLE_NORMALIZED_ALLELE	NOT_ASSIGNED_IN_STRUCTURE_AUDIT
389	run-phase1a-60z59-hg002-grch38-v421	event-run-phase1a-60z59-hg002-grch38-v421-record-419	run-phase1a-ru88n-hg002-grch38-v421	event-run-phase1a-ru88n-hg002-grch38-v421-record-442	CROSS_RUN_EQUIVALENCE_UNRESOLVED	True	True	True	True	2	2	1	1	SINGLE_NORMALIZED_ALLELE	SINGLE_NORMALIZED_ALLELE	SINGLE_NORMALIZED_ALLELE__SINGLE_NORMALIZED_ALLELE	NOT_ASSIGNED_IN_STRUCTURE_AUDIT
390	run-phase1a-60z59-hg002-grch38-v421	event-run-phase1a-60z59-hg002-grch38-v421-record-420	run-phase1a-ru88n-hg002-grch38-v421	event-run-phase1a-ru88n-hg002-grch38-v421-record-443	CROSS_RUN_EQUIVALENCE_UNRESOLVED	True	True	True	True	2	2	1	1	SINGLE_NORMALIZED_ALLELE	SINGLE_NORMALIZED_ALLELE	SINGLE_NORMALIZED_ALLELE__SINGLE_NORMALIZED_ALLELE	NOT_ASSIGNED_IN_STRUCTURE_AUDIT
391	run-phase1a-60z59-hg002-grch38-v421	event-run-phase1a-60z59-hg002-grch38-v421-record-421	run-phase1a-ru88n-hg002-grch38-v421	event-run-phase1a-ru88n-hg002-grch38-v421-record-444	CROSS_RUN_EQUIVALENCE_UNRESOLVED	True	True	True	True	2	2	1	1	SINGLE_NORMALIZED_ALLELE	SINGLE_NORMALIZED_ALLELE	SINGLE_NORMALIZED_ALLELE__SINGLE_NORMALIZED_ALLELE	NOT_ASSIGNED_IN_STRUCTURE_AUDIT
392	run-phase1a-60z59-hg002-grch38-v421	event-run-phase1a-60z59-hg002-grch38-v421-record-422	run-phase1a-ru88n-hg002-grch38-v421	event-run-phase1a-ru88n-hg002-grch38-v421-record-445	CROSS_RUN_EQUIVALENCE_UNRESOLVED	True	True	True	True	2	2	1	1	SINGLE_NORMALIZED_ALLELE	SINGLE_NORMALIZED_ALLELE	SINGLE_NORMALIZED_ALLELE__SINGLE_NORMALIZED_ALLELE	NOT_ASSIGNED_IN_STRUCTURE_AUDIT
393	run-phase1a-60z59-hg002-grch38-v421	event-run-phase1a-60z59-hg002-grch38-v421-record-423	run-phase1a-ru88n-hg002-grch38-v421	event-run-phase1a-ru88n-hg002-grch38-v421-record-446	CROSS_RUN_EQUIVALENCE_UNRESOLVED	True	True	True	True	2	2	1	1	SINGLE_NORMALIZED_ALLELE	SINGLE_NORMALIZED_ALLELE	SINGLE_NORMALIZED_ALLELE__SINGLE_NORMALIZED_ALLELE	NOT_ASSIGNED_IN_STRUCTURE_AUDIT
394	run-phase1a-60z59-hg002-grch38-v421	event-run-phase1a-60z59-hg002-grch38-v421-record-424	run-phase1a-ru88n-hg002-grch38-v421	event-run-phase1a-ru88n-hg002-grch38-v421-record-447	CROSS_RUN_EQUIVALENCE_UNRESOLVED	True	True	True	True	2	2	1	1	SINGLE_NORMALIZED_ALLELE	SINGLE_NORMALIZED_ALLELE	SINGLE_NORMALIZED_ALLELE__SINGLE_NORMALIZED_ALLELE	NOT_ASSIGNED_IN_STRUCTURE_AUDIT
395	run-phase1a-60z59-hg002-grch38-v421	event-run-phase1a-60z59-hg002-grch38-v421-record-425	run-phase1a-ru88n-hg002-grch38-v421	event-run-phase1a-ru88n-hg002-grch38-v421-record-448	CROSS_RUN_EQUIVALENCE_UNRESOLVED	True	True	True	True	2	2	1	1	SINGLE_NORMALIZED_ALLELE	SINGLE_NORMALIZED_ALLELE	SINGLE_NORMALIZED_ALLELE__SINGLE_NORMALIZED_ALLELE	NOT_ASSIGNED_IN_STRUCTURE_AUDIT
396	run-phase1a-60z59-hg002-grch38-v421	event-run-phase1a-60z59-hg002-grch38-v421-record-427	run-phase1a-ru88n-hg002-grch38-v421	event-run-phase1a-ru88n-hg002-grch38-v421-record-449	CROSS_RUN_EQUIVALENCE_UNRESOLVED	True	True	True	True	2	2	1	1	SINGLE_NORMALIZED_ALLELE	SINGLE_NORMALIZED_ALLELE	SINGLE_NORMALIZED_ALLELE__SINGLE_NORMALIZED_ALLELE	NOT_ASSIGNED_IN_STRUCTURE_AUDIT
397	run-phase1a-60z59-hg002-grch38-v421	event-run-phase1a-60z59-hg002-grch38-v421-record-428	run-phase1a-ru88n-hg002-grch38-v421	event-run-phase1a-ru88n-hg002-grch38-v421-record-450	CROSS_RUN_EQUIVALENCE_UNRESOLVED	True	True	True	True	2	2	1	1	SINGLE_NORMALIZED_ALLELE	SINGLE_NORMALIZED_ALLELE	SINGLE_NORMALIZED_ALLELE__SINGLE_NORMALIZED_ALLELE	NOT_ASSIGNED_IN_STRUCTURE_AUDIT
398	run-phase1a-60z59-hg002-grch38-v421	event-run-phase1a-60z59-hg002-grch38-v421-record-429	run-phase1a-ru88n-hg002-grch38-v421	event-run-phase1a-ru88n-hg002-grch38-v421-record-451	CROSS_RUN_EQUIVALENCE_UNRESOLVED	True	True	True	True	2	2	1	1	SINGLE_NORMALIZED_ALLELE	SINGLE_NORMALIZED_ALLELE	SINGLE_NORMALIZED_ALLELE__SINGLE_NORMALIZED_ALLELE	NOT_ASSIGNED_IN_STRUCTURE_AUDIT
399	run-phase1a-60z59-hg002-grch38-v421	event-run-phase1a-60z59-hg002-grch38-v421-record-430	run-phase1a-ru88n-hg002-grch38-v421	event-run-phase1a-ru88n-hg002-grch38-v421-record-452	CROSS_RUN_EQUIVALENCE_UNRESOLVED	True	True	True	True	2	2	1	1	SINGLE_NORMALIZED_ALLELE	SINGLE_NORMALIZED_ALLELE	SINGLE_NORMALIZED_ALLELE__SINGLE_NORMALIZED_ALLELE	NOT_ASSIGNED_IN_STRUCTURE_AUDIT
400	run-phase1a-60z59-hg002-grch38-v421	event-run-phase1a-60z59-hg002-grch38-v421-record-431	run-phase1a-ru88n-hg002-grch38-v421	event-run-phase1a-ru88n-hg002-grch38-v421-record-453	CROSS_RUN_EQUIVALENCE_UNRESOLVED	True	True	True	True	2	2	1	1	SINGLE_NORMALIZED_ALLELE	SINGLE_NORMALIZED_ALLELE	SINGLE_NORMALIZED_ALLELE__SINGLE_NORMALIZED_ALLELE	NOT_ASSIGNED_IN_STRUCTURE_AUDIT
401	run-phase1a-60z59-hg002-grch38-v421	event-run-phase1a-60z59-hg002-grch38-v421-record-432	run-phase1a-ru88n-hg002-grch38-v421	event-run-phase1a-ru88n-hg002-grch38-v421-record-454	CROSS_RUN_EQUIVALENCE_UNRESOLVED	True	True	True	True	2	2	1	1	SINGLE_NORMALIZED_ALLELE	SINGLE_NORMALIZED_ALLELE	SINGLE_NORMALIZED_ALLELE__SINGLE_NORMALIZED_ALLELE	NOT_ASSIGNED_IN_STRUCTURE_AUDIT
402	run-phase1a-60z59-hg002-grch38-v421	event-run-phase1a-60z59-hg002-grch38-v421-record-433	run-phase1a-ru88n-hg002-grch38-v421	event-run-phase1a-ru88n-hg002-grch38-v421-record-455	CROSS_RUN_EQUIVALENCE_UNRESOLVED	True	True	True	True	2	2	1	1	SINGLE_NORMALIZED_ALLELE	SINGLE_NORMALIZED_ALLELE	SINGLE_NORMALIZED_ALLELE__SINGLE_NORMALIZED_ALLELE	NOT_ASSIGNED_IN_STRUCTURE_AUDIT
403	run-phase1a-60z59-hg002-grch38-v421	event-run-phase1a-60z59-hg002-grch38-v421-record-434	run-phase1a-ru88n-hg002-grch38-v421	event-run-phase1a-ru88n-hg002-grch38-v421-record-456	CROSS_RUN_EQUIVALENCE_UNRESOLVED	True	True	True	True	2	2	1	1	SINGLE_NORMALIZED_ALLELE	SINGLE_NORMALIZED_ALLELE	SINGLE_NORMALIZED_ALLELE__SINGLE_NORMALIZED_ALLELE	NOT_ASSIGNED_IN_STRUCTURE_AUDIT
404	run-phase1a-60z59-hg002-grch38-v421	event-run-phase1a-60z59-hg002-grch38-v421-record-435	run-phase1a-ru88n-hg002-grch38-v421	event-run-phase1a-ru88n-hg002-grch38-v421-record-457	CROSS_RUN_EQUIVALENCE_UNRESOLVED	True	True	True	True	2	2	1	1	SINGLE_NORMALIZED_ALLELE	SINGLE_NORMALIZED_ALLELE	SINGLE_NORMALIZED_ALLELE__SINGLE_NORMALIZED_ALLELE	NOT_ASSIGNED_IN_STRUCTURE_AUDIT
405	run-phase1a-60z59-hg002-grch38-v421	event-run-phase1a-60z59-hg002-grch38-v421-record-436	run-phase1a-ru88n-hg002-grch38-v421	event-run-phase1a-ru88n-hg002-grch38-v421-record-458	CROSS_RUN_EQUIVALENCE_UNRESOLVED	True	True	True	True	2	2	1	1	SINGLE_NORMALIZED_ALLELE	SINGLE_NORMALIZED_ALLELE	SINGLE_NORMALIZED_ALLELE__SINGLE_NORMALIZED_ALLELE	NOT_ASSIGNED_IN_STRUCTURE_AUDIT
406	run-phase1a-60z59-hg002-grch38-v421	event-run-phase1a-60z59-hg002-grch38-v421-record-437	run-phase1a-ru88n-hg002-grch38-v421	event-run-phase1a-ru88n-hg002-grch38-v421-record-459	CROSS_RUN_EQUIVALENCE_UNRESOLVED	True	True	True	True	2	2	1	1	SINGLE_NORMALIZED_ALLELE	SINGLE_NORMALIZED_ALLELE	SINGLE_NORMALIZED_ALLELE__SINGLE_NORMALIZED_ALLELE	NOT_ASSIGNED_IN_STRUCTURE_AUDIT
407	run-phase1a-60z59-hg002-grch38-v421	event-run-phase1a-60z59-hg002-grch38-v421-record-438	run-phase1a-ru88n-hg002-grch38-v421	event-run-phase1a-ru88n-hg002-grch38-v421-record-460	CROSS_RUN_EQUIVALENCE_UNRESOLVED	True	True	True	True	2	2	1	1	SINGLE_NORMALIZED_ALLELE	SINGLE_NORMALIZED_ALLELE	SINGLE_NORMALIZED_ALLELE__SINGLE_NORMALIZED_ALLELE	NOT_ASSIGNED_IN_STRUCTURE_AUDIT
408	run-phase1a-60z59-hg002-grch38-v421	event-run-phase1a-60z59-hg002-grch38-v421-record-439	run-phase1a-ru88n-hg002-grch38-v421	event-run-phase1a-ru88n-hg002-grch38-v421-record-461	CROSS_RUN_EQUIVALENCE_UNRESOLVED	True	True	True	True	2	2	1	1	SINGLE_NORMALIZED_ALLELE	SINGLE_NORMALIZED_ALLELE	SINGLE_NORMALIZED_ALLELE__SINGLE_NORMALIZED_ALLELE	NOT_ASSIGNED_IN_STRUCTURE_AUDIT
409	run-phase1a-60z59-hg002-grch38-v421	event-run-phase1a-60z59-hg002-grch38-v421-record-440	run-phase1a-ru88n-hg002-grch38-v421	event-run-phase1a-ru88n-hg002-grch38-v421-record-462	CROSS_RUN_EQUIVALENCE_UNRESOLVED	True	True	True	True	2	2	1	1	SINGLE_NORMALIZED_ALLELE	SINGLE_NORMALIZED_ALLELE	SINGLE_NORMALIZED_ALLELE__SINGLE_NORMALIZED_ALLELE	NOT_ASSIGNED_IN_STRUCTURE_AUDIT
410	run-phase1a-60z59-hg002-grch38-v421	event-run-phase1a-60z59-hg002-grch38-v421-record-441	run-phase1a-ru88n-hg002-grch38-v421	event-run-phase1a-ru88n-hg002-grch38-v421-record-463	CROSS_RUN_EQUIVALENCE_UNRESOLVED	True	True	True	True	2	2	1	1	SINGLE_NORMALIZED_ALLELE	SINGLE_NORMALIZED_ALLELE	SINGLE_NORMALIZED_ALLELE__SINGLE_NORMALIZED_ALLELE	NOT_ASSIGNED_IN_STRUCTURE_AUDIT
411	run-phase1a-60z59-hg002-grch38-v421	event-run-phase1a-60z59-hg002-grch38-v421-record-442	run-phase1a-ru88n-hg002-grch38-v421	event-run-phase1a-ru88n-hg002-grch38-v421-record-464	CROSS_RUN_EQUIVALENCE_UNRESOLVED	True	True	True	True	2	2	1	1	SINGLE_NORMALIZED_ALLELE	SINGLE_NORMALIZED_ALLELE	SINGLE_NORMALIZED_ALLELE__SINGLE_NORMALIZED_ALLELE	NOT_ASSIGNED_IN_STRUCTURE_AUDIT
412	run-phase1a-60z59-hg002-grch38-v421	event-run-phase1a-60z59-hg002-grch38-v421-record-443	run-phase1a-ru88n-hg002-grch38-v421	event-run-phase1a-ru88n-hg002-grch38-v421-record-465	CROSS_RUN_EQUIVALENCE_UNRESOLVED	True	True	True	True	2	2	1	1	SINGLE_NORMALIZED_ALLELE	SINGLE_NORMALIZED_ALLELE	SINGLE_NORMALIZED_ALLELE__SINGLE_NORMALIZED_ALLELE	NOT_ASSIGNED_IN_STRUCTURE_AUDIT
413	run-phase1a-60z59-hg002-grch38-v421	event-run-phase1a-60z59-hg002-grch38-v421-record-451	run-phase1a-ru88n-hg002-grch38-v421	event-run-phase1a-ru88n-hg002-grch38-v421-record-466	CROSS_RUN_EQUIVALENCE_UNRESOLVED	True	True	True	True	2	2	1	1	SINGLE_NORMALIZED_ALLELE	SINGLE_NORMALIZED_ALLELE	SINGLE_NORMALIZED_ALLELE__SINGLE_NORMALIZED_ALLELE	NOT_ASSIGNED_IN_STRUCTURE_AUDIT
414	run-phase1a-60z59-hg002-grch38-v421	event-run-phase1a-60z59-hg002-grch38-v421-record-452	run-phase1a-ru88n-hg002-grch38-v421	event-run-phase1a-ru88n-hg002-grch38-v421-record-467	CROSS_RUN_EQUIVALENCE_UNRESOLVED	True	True	True	True	2	2	1	1	SINGLE_NORMALIZED_ALLELE	SINGLE_NORMALIZED_ALLELE	SINGLE_NORMALIZED_ALLELE__SINGLE_NORMALIZED_ALLELE	NOT_ASSIGNED_IN_STRUCTURE_AUDIT
415	run-phase1a-60z59-hg002-grch38-v421	event-run-phase1a-60z59-hg002-grch38-v421-record-453	run-phase1a-ru88n-hg002-grch38-v421	event-run-phase1a-ru88n-hg002-grch38-v421-record-468	CROSS_RUN_EQUIVALENCE_UNRESOLVED	True	True	True	True	2	2	1	1	SINGLE_NORMALIZED_ALLELE	SINGLE_NORMALIZED_ALLELE	SINGLE_NORMALIZED_ALLELE__SINGLE_NORMALIZED_ALLELE	NOT_ASSIGNED_IN_STRUCTURE_AUDIT
416	run-phase1a-60z59-hg002-grch38-v421	event-run-phase1a-60z59-hg002-grch38-v421-record-454	run-phase1a-ru88n-hg002-grch38-v421	event-run-phase1a-ru88n-hg002-grch38-v421-record-469	CROSS_RUN_EQUIVALENCE_UNRESOLVED	True	True	True	True	2	2	1	1	SINGLE_NORMALIZED_ALLELE	SINGLE_NORMALIZED_ALLELE	SINGLE_NORMALIZED_ALLELE__SINGLE_NORMALIZED_ALLELE	NOT_ASSIGNED_IN_STRUCTURE_AUDIT
417	run-phase1a-60z59-hg002-grch38-v421	event-run-phase1a-60z59-hg002-grch38-v421-record-456	run-phase1a-ru88n-hg002-grch38-v421	event-run-phase1a-ru88n-hg002-grch38-v421-record-471	CROSS_RUN_EQUIVALENCE_UNRESOLVED	True	True	True	True	2	2	1	1	SINGLE_NORMALIZED_ALLELE	SINGLE_NORMALIZED_ALLELE	SINGLE_NORMALIZED_ALLELE__SINGLE_NORMALIZED_ALLELE	NOT_ASSIGNED_IN_STRUCTURE_AUDIT
418	run-phase1a-60z59-hg002-grch38-v421	event-run-phase1a-60z59-hg002-grch38-v421-record-457	run-phase1a-ru88n-hg002-grch38-v421	event-run-phase1a-ru88n-hg002-grch38-v421-record-472	CROSS_RUN_EQUIVALENCE_UNRESOLVED	True	True	True	True	2	2	1	1	SINGLE_NORMALIZED_ALLELE	SINGLE_NORMALIZED_ALLELE	SINGLE_NORMALIZED_ALLELE__SINGLE_NORMALIZED_ALLELE	NOT_ASSIGNED_IN_STRUCTURE_AUDIT
419	run-phase1a-60z59-hg002-grch38-v421	event-run-phase1a-60z59-hg002-grch38-v421-record-458	run-phase1a-ru88n-hg002-grch38-v421	event-run-phase1a-ru88n-hg002-grch38-v421-record-473	CROSS_RUN_EQUIVALENCE_UNRESOLVED	True	True	True	True	2	2	1	1	SINGLE_NORMALIZED_ALLELE	SINGLE_NORMALIZED_ALLELE	SINGLE_NORMALIZED_ALLELE__SINGLE_NORMALIZED_ALLELE	NOT_ASSIGNED_IN_STRUCTURE_AUDIT
420	run-phase1a-60z59-hg002-grch38-v421	event-run-phase1a-60z59-hg002-grch38-v421-record-459	run-phase1a-ru88n-hg002-grch38-v421	event-run-phase1a-ru88n-hg002-grch38-v421-record-474	CROSS_RUN_EQUIVALENCE_UNRESOLVED	True	True	True	True	2	2	1	1	SINGLE_NORMALIZED_ALLELE	SINGLE_NORMALIZED_ALLELE	SINGLE_NORMALIZED_ALLELE__SINGLE_NORMALIZED_ALLELE	NOT_ASSIGNED_IN_STRUCTURE_AUDIT
421	run-phase1a-60z59-hg002-grch38-v421	event-run-phase1a-60z59-hg002-grch38-v421-record-460	run-phase1a-ru88n-hg002-grch38-v421	event-run-phase1a-ru88n-hg002-grch38-v421-record-475	CROSS_RUN_EQUIVALENCE_UNRESOLVED	True	True	True	True	2	2	1	1	SINGLE_NORMALIZED_ALLELE	SINGLE_NORMALIZED_ALLELE	SINGLE_NORMALIZED_ALLELE__SINGLE_NORMALIZED_ALLELE	NOT_ASSIGNED_IN_STRUCTURE_AUDIT
422	run-phase1a-60z59-hg002-grch38-v421	event-run-phase1a-60z59-hg002-grch38-v421-record-463	run-phase1a-ru88n-hg002-grch38-v421	event-run-phase1a-ru88n-hg002-grch38-v421-record-477	CROSS_RUN_EQUIVALENCE_UNRESOLVED	True	True	True	True	2	2	1	1	SINGLE_NORMALIZED_ALLELE	SINGLE_NORMALIZED_ALLELE	SINGLE_NORMALIZED_ALLELE__SINGLE_NORMALIZED_ALLELE	NOT_ASSIGNED_IN_STRUCTURE_AUDIT
423	run-phase1a-60z59-hg002-grch38-v421	event-run-phase1a-60z59-hg002-grch38-v421-record-464	run-phase1a-ru88n-hg002-grch38-v421	event-run-phase1a-ru88n-hg002-grch38-v421-record-478	CROSS_RUN_EQUIVALENCE_UNRESOLVED	True	True	True	True	2	2	1	1	SINGLE_NORMALIZED_ALLELE	SINGLE_NORMALIZED_ALLELE	SINGLE_NORMALIZED_ALLELE__SINGLE_NORMALIZED_ALLELE	NOT_ASSIGNED_IN_STRUCTURE_AUDIT
424	run-phase1a-60z59-hg002-grch38-v421	event-run-phase1a-60z59-hg002-grch38-v421-record-465	run-phase1a-ru88n-hg002-grch38-v421	event-run-phase1a-ru88n-hg002-grch38-v421-record-479	CROSS_RUN_EQUIVALENCE_UNRESOLVED	True	True	True	True	2	2	1	1	SINGLE_NORMALIZED_ALLELE	SINGLE_NORMALIZED_ALLELE	SINGLE_NORMALIZED_ALLELE__SINGLE_NORMALIZED_ALLELE	NOT_ASSIGNED_IN_STRUCTURE_AUDIT
425	run-phase1a-60z59-hg002-grch38-v421	event-run-phase1a-60z59-hg002-grch38-v421-record-466	run-phase1a-ru88n-hg002-grch38-v421	event-run-phase1a-ru88n-hg002-grch38-v421-record-480	CROSS_RUN_EQUIVALENCE_UNRESOLVED	True	True	True	True	2	2	1	1	SINGLE_NORMALIZED_ALLELE	SINGLE_NORMALIZED_ALLELE	SINGLE_NORMALIZED_ALLELE__SINGLE_NORMALIZED_ALLELE	NOT_ASSIGNED_IN_STRUCTURE_AUDIT
426	run-phase1a-60z59-hg002-grch38-v421	event-run-phase1a-60z59-hg002-grch38-v421-record-467	run-phase1a-ru88n-hg002-grch38-v421	event-run-phase1a-ru88n-hg002-grch38-v421-record-481	CROSS_RUN_EQUIVALENCE_UNRESOLVED	True	True	True	True	2	2	1	1	SINGLE_NORMALIZED_ALLELE	SINGLE_NORMALIZED_ALLELE	SINGLE_NORMALIZED_ALLELE__SINGLE_NORMALIZED_ALLELE	NOT_ASSIGNED_IN_STRUCTURE_AUDIT
427	run-phase1a-60z59-hg002-grch38-v421	event-run-phase1a-60z59-hg002-grch38-v421-record-468	run-phase1a-ru88n-hg002-grch38-v421	event-run-phase1a-ru88n-hg002-grch38-v421-record-482	CROSS_RUN_EQUIVALENCE_UNRESOLVED	True	True	True	True	2	2	1	1	SINGLE_NORMALIZED_ALLELE	SINGLE_NORMALIZED_ALLELE	SINGLE_NORMALIZED_ALLELE__SINGLE_NORMALIZED_ALLELE	NOT_ASSIGNED_IN_STRUCTURE_AUDIT
428	run-phase1a-60z59-hg002-grch38-v421	event-run-phase1a-60z59-hg002-grch38-v421-record-469	run-phase1a-ru88n-hg002-grch38-v421	event-run-phase1a-ru88n-hg002-grch38-v421-record-483	CROSS_RUN_EQUIVALENCE_UNRESOLVED	True	True	True	True	2	2	1	1	SINGLE_NORMALIZED_ALLELE	SINGLE_NORMALIZED_ALLELE	SINGLE_NORMALIZED_ALLELE__SINGLE_NORMALIZED_ALLELE	NOT_ASSIGNED_IN_STRUCTURE_AUDIT
429	run-phase1a-60z59-hg002-grch38-v421	event-run-phase1a-60z59-hg002-grch38-v421-record-470	run-phase1a-ru88n-hg002-grch38-v421	event-run-phase1a-ru88n-hg002-grch38-v421-record-484	CROSS_RUN_EQUIVALENCE_UNRESOLVED	True	True	True	True	2	2	1	1	SINGLE_NORMALIZED_ALLELE	SINGLE_NORMALIZED_ALLELE	SINGLE_NORMALIZED_ALLELE__SINGLE_NORMALIZED_ALLELE	NOT_ASSIGNED_IN_STRUCTURE_AUDIT
430	run-phase1a-60z59-hg002-grch38-v421	event-run-phase1a-60z59-hg002-grch38-v421-record-471	run-phase1a-ru88n-hg002-grch38-v421	event-run-phase1a-ru88n-hg002-grch38-v421-record-485	CROSS_RUN_EQUIVALENCE_UNRESOLVED	True	True	True	True	2	2	1	1	SINGLE_NORMALIZED_ALLELE	SINGLE_NORMALIZED_ALLELE	SINGLE_NORMALIZED_ALLELE__SINGLE_NORMALIZED_ALLELE	NOT_ASSIGNED_IN_STRUCTURE_AUDIT
431	run-phase1a-60z59-hg002-grch38-v421	event-run-phase1a-60z59-hg002-grch38-v421-record-472	run-phase1a-ru88n-hg002-grch38-v421	event-run-phase1a-ru88n-hg002-grch38-v421-record-486	CROSS_RUN_EQUIVALENCE_UNRESOLVED	True	True	True	True	2	2	1	1	SINGLE_NORMALIZED_ALLELE	SINGLE_NORMALIZED_ALLELE	SINGLE_NORMALIZED_ALLELE__SINGLE_NORMALIZED_ALLELE	NOT_ASSIGNED_IN_STRUCTURE_AUDIT
432	run-phase1a-60z59-hg002-grch38-v421	event-run-phase1a-60z59-hg002-grch38-v421-record-473	run-phase1a-ru88n-hg002-grch38-v421	event-run-phase1a-ru88n-hg002-grch38-v421-record-487	CROSS_RUN_EQUIVALENCE_UNRESOLVED	True	True	True	True	2	2	1	1	SINGLE_NORMALIZED_ALLELE	SINGLE_NORMALIZED_ALLELE	SINGLE_NORMALIZED_ALLELE__SINGLE_NORMALIZED_ALLELE	NOT_ASSIGNED_IN_STRUCTURE_AUDIT
433	run-phase1a-60z59-hg002-grch38-v421	event-run-phase1a-60z59-hg002-grch38-v421-record-474	run-phase1a-ru88n-hg002-grch38-v421	event-run-phase1a-ru88n-hg002-grch38-v421-record-488	CROSS_RUN_EQUIVALENCE_UNRESOLVED	True	True	True	True	2	2	1	1	SINGLE_NORMALIZED_ALLELE	SINGLE_NORMALIZED_ALLELE	SINGLE_NORMALIZED_ALLELE__SINGLE_NORMALIZED_ALLELE	NOT_ASSIGNED_IN_STRUCTURE_AUDIT
434	run-phase1a-60z59-hg002-grch38-v421	event-run-phase1a-60z59-hg002-grch38-v421-record-475	run-phase1a-ru88n-hg002-grch38-v421	event-run-phase1a-ru88n-hg002-grch38-v421-record-489	CROSS_RUN_EQUIVALENCE_UNRESOLVED	True	True	True	True	2	2	1	1	SINGLE_NORMALIZED_ALLELE	SINGLE_NORMALIZED_ALLELE	SINGLE_NORMALIZED_ALLELE__SINGLE_NORMALIZED_ALLELE	NOT_ASSIGNED_IN_STRUCTURE_AUDIT
435	run-phase1a-60z59-hg002-grch38-v421	event-run-phase1a-60z59-hg002-grch38-v421-record-476	run-phase1a-ru88n-hg002-grch38-v421	event-run-phase1a-ru88n-hg002-grch38-v421-record-490	CROSS_RUN_EQUIVALENCE_UNRESOLVED	True	True	True	True	2	2	1	1	SINGLE_NORMALIZED_ALLELE	SINGLE_NORMALIZED_ALLELE	SINGLE_NORMALIZED_ALLELE__SINGLE_NORMALIZED_ALLELE	NOT_ASSIGNED_IN_STRUCTURE_AUDIT
436	run-phase1a-60z59-hg002-grch38-v421	event-run-phase1a-60z59-hg002-grch38-v421-record-479	run-phase1a-ru88n-hg002-grch38-v421	event-run-phase1a-ru88n-hg002-grch38-v421-record-492	CROSS_RUN_EQUIVALENCE_UNRESOLVED	True	True	True	True	2	2	1	1	SINGLE_NORMALIZED_ALLELE	SINGLE_NORMALIZED_ALLELE	SINGLE_NORMALIZED_ALLELE__SINGLE_NORMALIZED_ALLELE	NOT_ASSIGNED_IN_STRUCTURE_AUDIT
437	run-phase1a-60z59-hg002-grch38-v421	event-run-phase1a-60z59-hg002-grch38-v421-record-480	run-phase1a-ru88n-hg002-grch38-v421	event-run-phase1a-ru88n-hg002-grch38-v421-record-493	CROSS_RUN_EQUIVALENCE_UNRESOLVED	True	True	True	True	2	2	1	1	SINGLE_NORMALIZED_ALLELE	SINGLE_NORMALIZED_ALLELE	SINGLE_NORMALIZED_ALLELE__SINGLE_NORMALIZED_ALLELE	NOT_ASSIGNED_IN_STRUCTURE_AUDIT
438	run-phase1a-60z59-hg002-grch38-v421	event-run-phase1a-60z59-hg002-grch38-v421-record-481	run-phase1a-ru88n-hg002-grch38-v421	event-run-phase1a-ru88n-hg002-grch38-v421-record-494	CROSS_RUN_EQUIVALENCE_UNRESOLVED	True	True	True	True	2	2	1	1	SINGLE_NORMALIZED_ALLELE	SINGLE_NORMALIZED_ALLELE	SINGLE_NORMALIZED_ALLELE__SINGLE_NORMALIZED_ALLELE	NOT_ASSIGNED_IN_STRUCTURE_AUDIT
439	run-phase1a-60z59-hg002-grch38-v421	event-run-phase1a-60z59-hg002-grch38-v421-record-482	run-phase1a-ru88n-hg002-grch38-v421	event-run-phase1a-ru88n-hg002-grch38-v421-record-495	CROSS_RUN_EQUIVALENCE_UNRESOLVED	True	True	True	True	2	2	1	1	SINGLE_NORMALIZED_ALLELE	SINGLE_NORMALIZED_ALLELE	SINGLE_NORMALIZED_ALLELE__SINGLE_NORMALIZED_ALLELE	NOT_ASSIGNED_IN_STRUCTURE_AUDIT
440	run-phase1a-60z59-hg002-grch38-v421	event-run-phase1a-60z59-hg002-grch38-v421-record-483	run-phase1a-ru88n-hg002-grch38-v421	event-run-phase1a-ru88n-hg002-grch38-v421-record-496	CROSS_RUN_EQUIVALENCE_UNRESOLVED	True	True	True	True	2	2	1	1	SINGLE_NORMALIZED_ALLELE	SINGLE_NORMALIZED_ALLELE	SINGLE_NORMALIZED_ALLELE__SINGLE_NORMALIZED_ALLELE	NOT_ASSIGNED_IN_STRUCTURE_AUDIT
441	run-phase1a-60z59-hg002-grch38-v421	event-run-phase1a-60z59-hg002-grch38-v421-record-484	run-phase1a-ru88n-hg002-grch38-v421	event-run-phase1a-ru88n-hg002-grch38-v421-record-497	CROSS_RUN_EQUIVALENCE_UNRESOLVED	True	True	True	True	2	2	1	1	SINGLE_NORMALIZED_ALLELE	SINGLE_NORMALIZED_ALLELE	SINGLE_NORMALIZED_ALLELE__SINGLE_NORMALIZED_ALLELE	NOT_ASSIGNED_IN_STRUCTURE_AUDIT
442	run-phase1a-60z59-hg002-grch38-v421	event-run-phase1a-60z59-hg002-grch38-v421-record-485	run-phase1a-ru88n-hg002-grch38-v421	event-run-phase1a-ru88n-hg002-grch38-v421-record-498	CROSS_RUN_EQUIVALENCE_UNRESOLVED	True	True	True	True	2	2	1	1	SINGLE_NORMALIZED_ALLELE	SINGLE_NORMALIZED_ALLELE	SINGLE_NORMALIZED_ALLELE__SINGLE_NORMALIZED_ALLELE	NOT_ASSIGNED_IN_STRUCTURE_AUDIT
443	run-phase1a-60z59-hg002-grch38-v421	event-run-phase1a-60z59-hg002-grch38-v421-record-486	run-phase1a-ru88n-hg002-grch38-v421	event-run-phase1a-ru88n-hg002-grch38-v421-record-499	CROSS_RUN_EQUIVALENCE_UNRESOLVED	True	True	True	True	2	2	1	1	SINGLE_NORMALIZED_ALLELE	SINGLE_NORMALIZED_ALLELE	SINGLE_NORMALIZED_ALLELE__SINGLE_NORMALIZED_ALLELE	NOT_ASSIGNED_IN_STRUCTURE_AUDIT
444	run-phase1a-60z59-hg002-grch38-v421	event-run-phase1a-60z59-hg002-grch38-v421-record-487	run-phase1a-ru88n-hg002-grch38-v421	event-run-phase1a-ru88n-hg002-grch38-v421-record-500	CROSS_RUN_EQUIVALENCE_UNRESOLVED	True	True	True	True	2	2	1	1	SINGLE_NORMALIZED_ALLELE	SINGLE_NORMALIZED_ALLELE	SINGLE_NORMALIZED_ALLELE__SINGLE_NORMALIZED_ALLELE	NOT_ASSIGNED_IN_STRUCTURE_AUDIT
445	run-phase1a-60z59-hg002-grch38-v421	event-run-phase1a-60z59-hg002-grch38-v421-record-488	run-phase1a-ru88n-hg002-grch38-v421	event-run-phase1a-ru88n-hg002-grch38-v421-record-501	CROSS_RUN_EQUIVALENCE_UNRESOLVED	True	True	True	True	2	2	1	1	SINGLE_NORMALIZED_ALLELE	SINGLE_NORMALIZED_ALLELE	SINGLE_NORMALIZED_ALLELE__SINGLE_NORMALIZED_ALLELE	NOT_ASSIGNED_IN_STRUCTURE_AUDIT
446	run-phase1a-60z59-hg002-grch38-v421	event-run-phase1a-60z59-hg002-grch38-v421-record-489	run-phase1a-ru88n-hg002-grch38-v421	event-run-phase1a-ru88n-hg002-grch38-v421-record-502	CROSS_RUN_EQUIVALENCE_UNRESOLVED	True	True	True	True	2	2	1	1	SINGLE_NORMALIZED_ALLELE	SINGLE_NORMALIZED_ALLELE	SINGLE_NORMALIZED_ALLELE__SINGLE_NORMALIZED_ALLELE	NOT_ASSIGNED_IN_STRUCTURE_AUDIT
447	run-phase1a-60z59-hg002-grch38-v421	event-run-phase1a-60z59-hg002-grch38-v421-record-490	run-phase1a-ru88n-hg002-grch38-v421	event-run-phase1a-ru88n-hg002-grch38-v421-record-503	CROSS_RUN_EQUIVALENCE_UNRESOLVED	True	True	True	True	2	2	1	1	SINGLE_NORMALIZED_ALLELE	SINGLE_NORMALIZED_ALLELE	SINGLE_NORMALIZED_ALLELE__SINGLE_NORMALIZED_ALLELE	NOT_ASSIGNED_IN_STRUCTURE_AUDIT
448	run-phase1a-60z59-hg002-grch38-v421	event-run-phase1a-60z59-hg002-grch38-v421-record-491	run-phase1a-ru88n-hg002-grch38-v421	event-run-phase1a-ru88n-hg002-grch38-v421-record-504	CROSS_RUN_EQUIVALENCE_UNRESOLVED	True	True	True	True	2	2	1	1	SINGLE_NORMALIZED_ALLELE	SINGLE_NORMALIZED_ALLELE	SINGLE_NORMALIZED_ALLELE__SINGLE_NORMALIZED_ALLELE	NOT_ASSIGNED_IN_STRUCTURE_AUDIT
449	run-phase1a-60z59-hg002-grch38-v421	event-run-phase1a-60z59-hg002-grch38-v421-record-492	run-phase1a-ru88n-hg002-grch38-v421	event-run-phase1a-ru88n-hg002-grch38-v421-record-505	CROSS_RUN_EQUIVALENCE_UNRESOLVED	True	True	True	True	2	2	1	1	SINGLE_NORMALIZED_ALLELE	SINGLE_NORMALIZED_ALLELE	SINGLE_NORMALIZED_ALLELE__SINGLE_NORMALIZED_ALLELE	NOT_ASSIGNED_IN_STRUCTURE_AUDIT
450	run-phase1a-60z59-hg002-grch38-v421	event-run-phase1a-60z59-hg002-grch38-v421-record-493	run-phase1a-ru88n-hg002-grch38-v421	event-run-phase1a-ru88n-hg002-grch38-v421-record-506	CROSS_RUN_EQUIVALENCE_UNRESOLVED	True	True	True	True	2	2	1	1	SINGLE_NORMALIZED_ALLELE	SINGLE_NORMALIZED_ALLELE	SINGLE_NORMALIZED_ALLELE__SINGLE_NORMALIZED_ALLELE	NOT_ASSIGNED_IN_STRUCTURE_AUDIT
451	run-phase1a-60z59-hg002-grch38-v421	event-run-phase1a-60z59-hg002-grch38-v421-record-494	run-phase1a-ru88n-hg002-grch38-v421	event-run-phase1a-ru88n-hg002-grch38-v421-record-507	CROSS_RUN_EQUIVALENCE_UNRESOLVED	True	True	True	True	2	2	1	1	SINGLE_NORMALIZED_ALLELE	SINGLE_NORMALIZED_ALLELE	SINGLE_NORMALIZED_ALLELE__SINGLE_NORMALIZED_ALLELE	NOT_ASSIGNED_IN_STRUCTURE_AUDIT
452	run-phase1a-60z59-hg002-grch38-v421	event-run-phase1a-60z59-hg002-grch38-v421-record-495	run-phase1a-ru88n-hg002-grch38-v421	event-run-phase1a-ru88n-hg002-grch38-v421-record-508	CROSS_RUN_EQUIVALENCE_UNRESOLVED	True	True	True	True	2	2	1	1	SINGLE_NORMALIZED_ALLELE	SINGLE_NORMALIZED_ALLELE	SINGLE_NORMALIZED_ALLELE__SINGLE_NORMALIZED_ALLELE	NOT_ASSIGNED_IN_STRUCTURE_AUDIT
453	run-phase1a-60z59-hg002-grch38-v421	event-run-phase1a-60z59-hg002-grch38-v421-record-496	run-phase1a-ru88n-hg002-grch38-v421	event-run-phase1a-ru88n-hg002-grch38-v421-record-509	CROSS_RUN_EQUIVALENCE_UNRESOLVED	True	True	True	True	2	2	1	1	SINGLE_NORMALIZED_ALLELE	SINGLE_NORMALIZED_ALLELE	SINGLE_NORMALIZED_ALLELE__SINGLE_NORMALIZED_ALLELE	NOT_ASSIGNED_IN_STRUCTURE_AUDIT
454	run-phase1a-60z59-hg002-grch38-v421	event-run-phase1a-60z59-hg002-grch38-v421-record-497	run-phase1a-ru88n-hg002-grch38-v421	event-run-phase1a-ru88n-hg002-grch38-v421-record-510	CROSS_RUN_EQUIVALENCE_UNRESOLVED	True	True	True	True	2	2	1	1	SINGLE_NORMALIZED_ALLELE	SINGLE_NORMALIZED_ALLELE	SINGLE_NORMALIZED_ALLELE__SINGLE_NORMALIZED_ALLELE	NOT_ASSIGNED_IN_STRUCTURE_AUDIT
455	run-phase1a-60z59-hg002-grch38-v421	event-run-phase1a-60z59-hg002-grch38-v421-record-498	run-phase1a-ru88n-hg002-grch38-v421	event-run-phase1a-ru88n-hg002-grch38-v421-record-511	CROSS_RUN_EQUIVALENCE_UNRESOLVED	True	True	True	True	2	2	1	1	SINGLE_NORMALIZED_ALLELE	SINGLE_NORMALIZED_ALLELE	SINGLE_NORMALIZED_ALLELE__SINGLE_NORMALIZED_ALLELE	NOT_ASSIGNED_IN_STRUCTURE_AUDIT
456	run-phase1a-60z59-hg002-grch38-v421	event-run-phase1a-60z59-hg002-grch38-v421-record-499	run-phase1a-ru88n-hg002-grch38-v421	event-run-phase1a-ru88n-hg002-grch38-v421-record-512	CROSS_RUN_EQUIVALENCE_UNRESOLVED	True	True	True	True	2	2	1	1	SINGLE_NORMALIZED_ALLELE	SINGLE_NORMALIZED_ALLELE	SINGLE_NORMALIZED_ALLELE__SINGLE_NORMALIZED_ALLELE	NOT_ASSIGNED_IN_STRUCTURE_AUDIT
457	run-phase1a-60z59-hg002-grch38-v421	event-run-phase1a-60z59-hg002-grch38-v421-record-500	run-phase1a-ru88n-hg002-grch38-v421	event-run-phase1a-ru88n-hg002-grch38-v421-record-513	CROSS_RUN_EQUIVALENCE_UNRESOLVED	True	True	True	True	2	2	1	1	SINGLE_NORMALIZED_ALLELE	SINGLE_NORMALIZED_ALLELE	SINGLE_NORMALIZED_ALLELE__SINGLE_NORMALIZED_ALLELE	NOT_ASSIGNED_IN_STRUCTURE_AUDIT
458	run-phase1a-60z59-hg002-grch38-v421	event-run-phase1a-60z59-hg002-grch38-v421-record-501	run-phase1a-ru88n-hg002-grch38-v421	event-run-phase1a-ru88n-hg002-grch38-v421-record-514	CROSS_RUN_EQUIVALENCE_UNRESOLVED	True	True	True	True	2	2	1	1	SINGLE_NORMALIZED_ALLELE	SINGLE_NORMALIZED_ALLELE	SINGLE_NORMALIZED_ALLELE__SINGLE_NORMALIZED_ALLELE	NOT_ASSIGNED_IN_STRUCTURE_AUDIT
459	run-phase1a-60z59-hg002-grch38-v421	event-run-phase1a-60z59-hg002-grch38-v421-record-502	run-phase1a-ru88n-hg002-grch38-v421	event-run-phase1a-ru88n-hg002-grch38-v421-record-515	CROSS_RUN_EQUIVALENCE_UNRESOLVED	True	True	True	True	2	2	1	1	SINGLE_NORMALIZED_ALLELE	SINGLE_NORMALIZED_ALLELE	SINGLE_NORMALIZED_ALLELE__SINGLE_NORMALIZED_ALLELE	NOT_ASSIGNED_IN_STRUCTURE_AUDIT
460	run-phase1a-60z59-hg002-grch38-v421	event-run-phase1a-60z59-hg002-grch38-v421-record-503	run-phase1a-ru88n-hg002-grch38-v421	event-run-phase1a-ru88n-hg002-grch38-v421-record-516	CROSS_RUN_EQUIVALENCE_UNRESOLVED	True	True	True	True	2	2	1	1	SINGLE_NORMALIZED_ALLELE	SINGLE_NORMALIZED_ALLELE	SINGLE_NORMALIZED_ALLELE__SINGLE_NORMALIZED_ALLELE	NOT_ASSIGNED_IN_STRUCTURE_AUDIT
461	run-phase1a-60z59-hg002-grch38-v421	event-run-phase1a-60z59-hg002-grch38-v421-record-504	run-phase1a-ru88n-hg002-grch38-v421	event-run-phase1a-ru88n-hg002-grch38-v421-record-517	CROSS_RUN_EQUIVALENCE_UNRESOLVED	True	True	True	True	2	2	1	1	SINGLE_NORMALIZED_ALLELE	SINGLE_NORMALIZED_ALLELE	SINGLE_NORMALIZED_ALLELE__SINGLE_NORMALIZED_ALLELE	NOT_ASSIGNED_IN_STRUCTURE_AUDIT
462	run-phase1a-60z59-hg002-grch38-v421	event-run-phase1a-60z59-hg002-grch38-v421-record-505	run-phase1a-ru88n-hg002-grch38-v421	event-run-phase1a-ru88n-hg002-grch38-v421-record-518	CROSS_RUN_EQUIVALENCE_UNRESOLVED	True	True	True	True	2	2	1	1	SINGLE_NORMALIZED_ALLELE	SINGLE_NORMALIZED_ALLELE	SINGLE_NORMALIZED_ALLELE__SINGLE_NORMALIZED_ALLELE	NOT_ASSIGNED_IN_STRUCTURE_AUDIT
463	run-phase1a-60z59-hg002-grch38-v421	event-run-phase1a-60z59-hg002-grch38-v421-record-507	run-phase1a-ru88n-hg002-grch38-v421	event-run-phase1a-ru88n-hg002-grch38-v421-record-519	CROSS_RUN_EQUIVALENCE_UNRESOLVED	True	True	True	True	2	2	1	1	SINGLE_NORMALIZED_ALLELE	SINGLE_NORMALIZED_ALLELE	SINGLE_NORMALIZED_ALLELE__SINGLE_NORMALIZED_ALLELE	NOT_ASSIGNED_IN_STRUCTURE_AUDIT
464	run-phase1a-60z59-hg002-grch38-v421	event-run-phase1a-60z59-hg002-grch38-v421-record-508	run-phase1a-ru88n-hg002-grch38-v421	event-run-phase1a-ru88n-hg002-grch38-v421-record-520	CROSS_RUN_EQUIVALENCE_UNRESOLVED	True	True	True	True	2	2	1	1	SINGLE_NORMALIZED_ALLELE	SINGLE_NORMALIZED_ALLELE	SINGLE_NORMALIZED_ALLELE__SINGLE_NORMALIZED_ALLELE	NOT_ASSIGNED_IN_STRUCTURE_AUDIT
465	run-phase1a-60z59-hg002-grch38-v421	event-run-phase1a-60z59-hg002-grch38-v421-record-509	run-phase1a-ru88n-hg002-grch38-v421	event-run-phase1a-ru88n-hg002-grch38-v421-record-521	CROSS_RUN_EQUIVALENCE_UNRESOLVED	True	True	True	True	2	2	1	1	SINGLE_NORMALIZED_ALLELE	SINGLE_NORMALIZED_ALLELE	SINGLE_NORMALIZED_ALLELE__SINGLE_NORMALIZED_ALLELE	NOT_ASSIGNED_IN_STRUCTURE_AUDIT
466	run-phase1a-60z59-hg002-grch38-v421	event-run-phase1a-60z59-hg002-grch38-v421-record-510	run-phase1a-ru88n-hg002-grch38-v421	event-run-phase1a-ru88n-hg002-grch38-v421-record-522	CROSS_RUN_EQUIVALENCE_UNRESOLVED	True	True	True	True	2	2	1	1	SINGLE_NORMALIZED_ALLELE	SINGLE_NORMALIZED_ALLELE	SINGLE_NORMALIZED_ALLELE__SINGLE_NORMALIZED_ALLELE	NOT_ASSIGNED_IN_STRUCTURE_AUDIT
467	run-phase1a-60z59-hg002-grch38-v421	event-run-phase1a-60z59-hg002-grch38-v421-record-511	run-phase1a-ru88n-hg002-grch38-v421	event-run-phase1a-ru88n-hg002-grch38-v421-record-523	CROSS_RUN_EQUIVALENCE_UNRESOLVED	True	True	True	True	2	2	1	1	SINGLE_NORMALIZED_ALLELE	SINGLE_NORMALIZED_ALLELE	SINGLE_NORMALIZED_ALLELE__SINGLE_NORMALIZED_ALLELE	NOT_ASSIGNED_IN_STRUCTURE_AUDIT
468	run-phase1a-60z59-hg002-grch38-v421	event-run-phase1a-60z59-hg002-grch38-v421-record-512	run-phase1a-ru88n-hg002-grch38-v421	event-run-phase1a-ru88n-hg002-grch38-v421-record-524	CROSS_RUN_EQUIVALENCE_UNRESOLVED	True	True	True	True	2	2	1	1	SINGLE_NORMALIZED_ALLELE	SINGLE_NORMALIZED_ALLELE	SINGLE_NORMALIZED_ALLELE__SINGLE_NORMALIZED_ALLELE	NOT_ASSIGNED_IN_STRUCTURE_AUDIT
469	run-phase1a-60z59-hg002-grch38-v421	event-run-phase1a-60z59-hg002-grch38-v421-record-513	run-phase1a-ru88n-hg002-grch38-v421	event-run-phase1a-ru88n-hg002-grch38-v421-record-525	CROSS_RUN_EQUIVALENCE_UNRESOLVED	True	True	True	True	2	2	1	1	SINGLE_NORMALIZED_ALLELE	SINGLE_NORMALIZED_ALLELE	SINGLE_NORMALIZED_ALLELE__SINGLE_NORMALIZED_ALLELE	NOT_ASSIGNED_IN_STRUCTURE_AUDIT
470	run-phase1a-60z59-hg002-grch38-v421	event-run-phase1a-60z59-hg002-grch38-v421-record-514	run-phase1a-ru88n-hg002-grch38-v421	event-run-phase1a-ru88n-hg002-grch38-v421-record-526	CROSS_RUN_EQUIVALENCE_UNRESOLVED	True	True	True	True	2	2	1	1	SINGLE_NORMALIZED_ALLELE	SINGLE_NORMALIZED_ALLELE	SINGLE_NORMALIZED_ALLELE__SINGLE_NORMALIZED_ALLELE	NOT_ASSIGNED_IN_STRUCTURE_AUDIT
471	run-phase1a-60z59-hg002-grch38-v421	event-run-phase1a-60z59-hg002-grch38-v421-record-515	run-phase1a-ru88n-hg002-grch38-v421	event-run-phase1a-ru88n-hg002-grch38-v421-record-527	CROSS_RUN_EQUIVALENCE_UNRESOLVED	True	True	True	True	2	2	1	1	SINGLE_NORMALIZED_ALLELE	SINGLE_NORMALIZED_ALLELE	SINGLE_NORMALIZED_ALLELE__SINGLE_NORMALIZED_ALLELE	NOT_ASSIGNED_IN_STRUCTURE_AUDIT
472	run-phase1a-60z59-hg002-grch38-v421	event-run-phase1a-60z59-hg002-grch38-v421-record-516	run-phase1a-ru88n-hg002-grch38-v421	event-run-phase1a-ru88n-hg002-grch38-v421-record-528	CROSS_RUN_EQUIVALENCE_UNRESOLVED	True	True	True	True	2	2	1	1	SINGLE_NORMALIZED_ALLELE	SINGLE_NORMALIZED_ALLELE	SINGLE_NORMALIZED_ALLELE__SINGLE_NORMALIZED_ALLELE	NOT_ASSIGNED_IN_STRUCTURE_AUDIT
473	run-phase1a-60z59-hg002-grch38-v421	event-run-phase1a-60z59-hg002-grch38-v421-record-517	run-phase1a-ru88n-hg002-grch38-v421	event-run-phase1a-ru88n-hg002-grch38-v421-record-529	CROSS_RUN_EQUIVALENCE_UNRESOLVED	True	True	True	True	2	2	1	1	SINGLE_NORMALIZED_ALLELE	SINGLE_NORMALIZED_ALLELE	SINGLE_NORMALIZED_ALLELE__SINGLE_NORMALIZED_ALLELE	NOT_ASSIGNED_IN_STRUCTURE_AUDIT
474	run-phase1a-60z59-hg002-grch38-v421	event-run-phase1a-60z59-hg002-grch38-v421-record-518	run-phase1a-ru88n-hg002-grch38-v421	event-run-phase1a-ru88n-hg002-grch38-v421-record-530	CROSS_RUN_EQUIVALENCE_UNRESOLVED	True	True	True	True	2	2	1	1	SINGLE_NORMALIZED_ALLELE	SINGLE_NORMALIZED_ALLELE	SINGLE_NORMALIZED_ALLELE__SINGLE_NORMALIZED_ALLELE	NOT_ASSIGNED_IN_STRUCTURE_AUDIT
475	run-phase1a-60z59-hg002-grch38-v421	event-run-phase1a-60z59-hg002-grch38-v421-record-519	run-phase1a-ru88n-hg002-grch38-v421	event-run-phase1a-ru88n-hg002-grch38-v421-record-531	CROSS_RUN_EQUIVALENCE_UNRESOLVED	True	True	True	True	2	2	1	1	SINGLE_NORMALIZED_ALLELE	SINGLE_NORMALIZED_ALLELE	SINGLE_NORMALIZED_ALLELE__SINGLE_NORMALIZED_ALLELE	NOT_ASSIGNED_IN_STRUCTURE_AUDIT
476	run-phase1a-60z59-hg002-grch38-v421	event-run-phase1a-60z59-hg002-grch38-v421-record-520	run-phase1a-ru88n-hg002-grch38-v421	event-run-phase1a-ru88n-hg002-grch38-v421-record-532	CROSS_RUN_EQUIVALENCE_UNRESOLVED	True	True	True	True	2	2	1	1	SINGLE_NORMALIZED_ALLELE	SINGLE_NORMALIZED_ALLELE	SINGLE_NORMALIZED_ALLELE__SINGLE_NORMALIZED_ALLELE	NOT_ASSIGNED_IN_STRUCTURE_AUDIT
477	run-phase1a-60z59-hg002-grch38-v421	event-run-phase1a-60z59-hg002-grch38-v421-record-521	run-phase1a-ru88n-hg002-grch38-v421	event-run-phase1a-ru88n-hg002-grch38-v421-record-533	CROSS_RUN_EQUIVALENCE_UNRESOLVED	True	True	True	True	2	2	1	1	SINGLE_NORMALIZED_ALLELE	SINGLE_NORMALIZED_ALLELE	SINGLE_NORMALIZED_ALLELE__SINGLE_NORMALIZED_ALLELE	NOT_ASSIGNED_IN_STRUCTURE_AUDIT
478	run-phase1a-60z59-hg002-grch38-v421	event-run-phase1a-60z59-hg002-grch38-v421-record-522	run-phase1a-ru88n-hg002-grch38-v421	event-run-phase1a-ru88n-hg002-grch38-v421-record-534	CROSS_RUN_EQUIVALENCE_UNRESOLVED	True	True	True	True	2	2	1	1	SINGLE_NORMALIZED_ALLELE	SINGLE_NORMALIZED_ALLELE	SINGLE_NORMALIZED_ALLELE__SINGLE_NORMALIZED_ALLELE	NOT_ASSIGNED_IN_STRUCTURE_AUDIT
479	run-phase1a-60z59-hg002-grch38-v421	event-run-phase1a-60z59-hg002-grch38-v421-record-523	run-phase1a-ru88n-hg002-grch38-v421	event-run-phase1a-ru88n-hg002-grch38-v421-record-535	CROSS_RUN_EQUIVALENCE_UNRESOLVED	True	True	True	True	2	2	1	1	SINGLE_NORMALIZED_ALLELE	SINGLE_NORMALIZED_ALLELE	SINGLE_NORMALIZED_ALLELE__SINGLE_NORMALIZED_ALLELE	NOT_ASSIGNED_IN_STRUCTURE_AUDIT
480	run-phase1a-60z59-hg002-grch38-v421	event-run-phase1a-60z59-hg002-grch38-v421-record-524	run-phase1a-ru88n-hg002-grch38-v421	event-run-phase1a-ru88n-hg002-grch38-v421-record-536	CROSS_RUN_EQUIVALENCE_UNRESOLVED	True	True	True	True	2	2	1	1	SINGLE_NORMALIZED_ALLELE	SINGLE_NORMALIZED_ALLELE	SINGLE_NORMALIZED_ALLELE__SINGLE_NORMALIZED_ALLELE	NOT_ASSIGNED_IN_STRUCTURE_AUDIT
481	run-phase1a-60z59-hg002-grch38-v421	event-run-phase1a-60z59-hg002-grch38-v421-record-525	run-phase1a-ru88n-hg002-grch38-v421	event-run-phase1a-ru88n-hg002-grch38-v421-record-537	CROSS_RUN_EQUIVALENCE_UNRESOLVED	True	True	True	True	2	2	1	1	SINGLE_NORMALIZED_ALLELE	SINGLE_NORMALIZED_ALLELE	SINGLE_NORMALIZED_ALLELE__SINGLE_NORMALIZED_ALLELE	NOT_ASSIGNED_IN_STRUCTURE_AUDIT
482	run-phase1a-60z59-hg002-grch38-v421	event-run-phase1a-60z59-hg002-grch38-v421-record-526	run-phase1a-ru88n-hg002-grch38-v421	event-run-phase1a-ru88n-hg002-grch38-v421-record-538	CROSS_RUN_EQUIVALENCE_UNRESOLVED	True	True	True	True	2	2	1	1	SINGLE_NORMALIZED_ALLELE	SINGLE_NORMALIZED_ALLELE	SINGLE_NORMALIZED_ALLELE__SINGLE_NORMALIZED_ALLELE	NOT_ASSIGNED_IN_STRUCTURE_AUDIT
483	run-phase1a-60z59-hg002-grch38-v421	event-run-phase1a-60z59-hg002-grch38-v421-record-527	run-phase1a-ru88n-hg002-grch38-v421	event-run-phase1a-ru88n-hg002-grch38-v421-record-539	CROSS_RUN_EQUIVALENCE_UNRESOLVED	True	True	True	True	2	2	1	1	SINGLE_NORMALIZED_ALLELE	SINGLE_NORMALIZED_ALLELE	SINGLE_NORMALIZED_ALLELE__SINGLE_NORMALIZED_ALLELE	NOT_ASSIGNED_IN_STRUCTURE_AUDIT
484	run-phase1a-60z59-hg002-grch38-v421	event-run-phase1a-60z59-hg002-grch38-v421-record-528	run-phase1a-ru88n-hg002-grch38-v421	event-run-phase1a-ru88n-hg002-grch38-v421-record-540	CROSS_RUN_EQUIVALENCE_UNRESOLVED	True	True	True	True	2	2	1	1	SINGLE_NORMALIZED_ALLELE	SINGLE_NORMALIZED_ALLELE	SINGLE_NORMALIZED_ALLELE__SINGLE_NORMALIZED_ALLELE	NOT_ASSIGNED_IN_STRUCTURE_AUDIT
485	run-phase1a-60z59-hg002-grch38-v421	event-run-phase1a-60z59-hg002-grch38-v421-record-529	run-phase1a-ru88n-hg002-grch38-v421	event-run-phase1a-ru88n-hg002-grch38-v421-record-541	CROSS_RUN_EQUIVALENCE_UNRESOLVED	True	True	True	True	2	2	1	1	SINGLE_NORMALIZED_ALLELE	SINGLE_NORMALIZED_ALLELE	SINGLE_NORMALIZED_ALLELE__SINGLE_NORMALIZED_ALLELE	NOT_ASSIGNED_IN_STRUCTURE_AUDIT
486	run-phase1a-60z59-hg002-grch38-v421	event-run-phase1a-60z59-hg002-grch38-v421-record-530	run-phase1a-ru88n-hg002-grch38-v421	event-run-phase1a-ru88n-hg002-grch38-v421-record-542	CROSS_RUN_EQUIVALENCE_UNRESOLVED	True	True	True	True	2	2	1	1	SINGLE_NORMALIZED_ALLELE	SINGLE_NORMALIZED_ALLELE	SINGLE_NORMALIZED_ALLELE__SINGLE_NORMALIZED_ALLELE	NOT_ASSIGNED_IN_STRUCTURE_AUDIT
487	run-phase1a-60z59-hg002-grch38-v421	event-run-phase1a-60z59-hg002-grch38-v421-record-531	run-phase1a-ru88n-hg002-grch38-v421	event-run-phase1a-ru88n-hg002-grch38-v421-record-543	CROSS_RUN_EQUIVALENCE_UNRESOLVED	True	True	True	True	2	2	1	1	SINGLE_NORMALIZED_ALLELE	SINGLE_NORMALIZED_ALLELE	SINGLE_NORMALIZED_ALLELE__SINGLE_NORMALIZED_ALLELE	NOT_ASSIGNED_IN_STRUCTURE_AUDIT
488	run-phase1a-60z59-hg002-grch38-v421	event-run-phase1a-60z59-hg002-grch38-v421-record-532	run-phase1a-ru88n-hg002-grch38-v421	event-run-phase1a-ru88n-hg002-grch38-v421-record-544	CROSS_RUN_EQUIVALENCE_UNRESOLVED	True	True	True	True	2	2	1	1	SINGLE_NORMALIZED_ALLELE	SINGLE_NORMALIZED_ALLELE	SINGLE_NORMALIZED_ALLELE__SINGLE_NORMALIZED_ALLELE	NOT_ASSIGNED_IN_STRUCTURE_AUDIT
489	run-phase1a-60z59-hg002-grch38-v421	event-run-phase1a-60z59-hg002-grch38-v421-record-533	run-phase1a-ru88n-hg002-grch38-v421	event-run-phase1a-ru88n-hg002-grch38-v421-record-545	CROSS_RUN_EQUIVALENCE_UNRESOLVED	True	True	True	True	2	2	1	1	SINGLE_NORMALIZED_ALLELE	SINGLE_NORMALIZED_ALLELE	SINGLE_NORMALIZED_ALLELE__SINGLE_NORMALIZED_ALLELE	NOT_ASSIGNED_IN_STRUCTURE_AUDIT
490	run-phase1a-60z59-hg002-grch38-v421	event-run-phase1a-60z59-hg002-grch38-v421-record-534	run-phase1a-ru88n-hg002-grch38-v421	event-run-phase1a-ru88n-hg002-grch38-v421-record-546	CROSS_RUN_EQUIVALENCE_UNRESOLVED	True	True	True	True	2	2	1	1	SINGLE_NORMALIZED_ALLELE	SINGLE_NORMALIZED_ALLELE	SINGLE_NORMALIZED_ALLELE__SINGLE_NORMALIZED_ALLELE	NOT_ASSIGNED_IN_STRUCTURE_AUDIT
491	run-phase1a-60z59-hg002-grch38-v421	event-run-phase1a-60z59-hg002-grch38-v421-record-535	run-phase1a-ru88n-hg002-grch38-v421	event-run-phase1a-ru88n-hg002-grch38-v421-record-547	CROSS_RUN_EQUIVALENCE_UNRESOLVED	True	True	True	True	2	2	1	1	SINGLE_NORMALIZED_ALLELE	SINGLE_NORMALIZED_ALLELE	SINGLE_NORMALIZED_ALLELE__SINGLE_NORMALIZED_ALLELE	NOT_ASSIGNED_IN_STRUCTURE_AUDIT
492	run-phase1a-60z59-hg002-grch38-v421	event-run-phase1a-60z59-hg002-grch38-v421-record-536	run-phase1a-ru88n-hg002-grch38-v421	event-run-phase1a-ru88n-hg002-grch38-v421-record-548	CROSS_RUN_EQUIVALENCE_UNRESOLVED	True	True	True	True	2	2	1	1	SINGLE_NORMALIZED_ALLELE	SINGLE_NORMALIZED_ALLELE	SINGLE_NORMALIZED_ALLELE__SINGLE_NORMALIZED_ALLELE	NOT_ASSIGNED_IN_STRUCTURE_AUDIT
493	run-phase1a-60z59-hg002-grch38-v421	event-run-phase1a-60z59-hg002-grch38-v421-record-537	run-phase1a-ru88n-hg002-grch38-v421	event-run-phase1a-ru88n-hg002-grch38-v421-record-549	CROSS_RUN_EQUIVALENCE_UNRESOLVED	True	True	True	True	2	2	1	1	SINGLE_NORMALIZED_ALLELE	SINGLE_NORMALIZED_ALLELE	SINGLE_NORMALIZED_ALLELE__SINGLE_NORMALIZED_ALLELE	NOT_ASSIGNED_IN_STRUCTURE_AUDIT
494	run-phase1a-60z59-hg002-grch38-v421	event-run-phase1a-60z59-hg002-grch38-v421-record-538	run-phase1a-ru88n-hg002-grch38-v421	event-run-phase1a-ru88n-hg002-grch38-v421-record-550	CROSS_RUN_EQUIVALENCE_UNRESOLVED	True	True	True	True	2	2	1	1	SINGLE_NORMALIZED_ALLELE	SINGLE_NORMALIZED_ALLELE	SINGLE_NORMALIZED_ALLELE__SINGLE_NORMALIZED_ALLELE	NOT_ASSIGNED_IN_STRUCTURE_AUDIT
495	run-phase1a-60z59-hg002-grch38-v421	event-run-phase1a-60z59-hg002-grch38-v421-record-539	run-phase1a-ru88n-hg002-grch38-v421	event-run-phase1a-ru88n-hg002-grch38-v421-record-551	CROSS_RUN_EQUIVALENCE_UNRESOLVED	True	True	True	True	2	2	1	1	SINGLE_NORMALIZED_ALLELE	SINGLE_NORMALIZED_ALLELE	SINGLE_NORMALIZED_ALLELE__SINGLE_NORMALIZED_ALLELE	NOT_ASSIGNED_IN_STRUCTURE_AUDIT
496	run-phase1a-60z59-hg002-grch38-v421	event-run-phase1a-60z59-hg002-grch38-v421-record-540	run-phase1a-ru88n-hg002-grch38-v421	event-run-phase1a-ru88n-hg002-grch38-v421-record-552	CROSS_RUN_EQUIVALENCE_UNRESOLVED	True	True	True	True	2	2	1	1	SINGLE_NORMALIZED_ALLELE	SINGLE_NORMALIZED_ALLELE	SINGLE_NORMALIZED_ALLELE__SINGLE_NORMALIZED_ALLELE	NOT_ASSIGNED_IN_STRUCTURE_AUDIT
497	run-phase1a-60z59-hg002-grch38-v421	event-run-phase1a-60z59-hg002-grch38-v421-record-541	run-phase1a-ru88n-hg002-grch38-v421	event-run-phase1a-ru88n-hg002-grch38-v421-record-553	CROSS_RUN_EQUIVALENCE_UNRESOLVED	True	True	True	True	2	2	1	1	SINGLE_NORMALIZED_ALLELE	SINGLE_NORMALIZED_ALLELE	SINGLE_NORMALIZED_ALLELE__SINGLE_NORMALIZED_ALLELE	NOT_ASSIGNED_IN_STRUCTURE_AUDIT
498	run-phase1a-60z59-hg002-grch38-v421	event-run-phase1a-60z59-hg002-grch38-v421-record-542	run-phase1a-ru88n-hg002-grch38-v421	event-run-phase1a-ru88n-hg002-grch38-v421-record-554	CROSS_RUN_EQUIVALENCE_UNRESOLVED	True	True	True	True	2	2	1	1	SINGLE_NORMALIZED_ALLELE	SINGLE_NORMALIZED_ALLELE	SINGLE_NORMALIZED_ALLELE__SINGLE_NORMALIZED_ALLELE	NOT_ASSIGNED_IN_STRUCTURE_AUDIT
499	run-phase1a-60z59-hg002-grch38-v421	event-run-phase1a-60z59-hg002-grch38-v421-record-543	run-phase1a-ru88n-hg002-grch38-v421	event-run-phase1a-ru88n-hg002-grch38-v421-record-555	CROSS_RUN_EQUIVALENCE_UNRESOLVED	True	True	True	True	2	2	1	1	SINGLE_NORMALIZED_ALLELE	SINGLE_NORMALIZED_ALLELE	SINGLE_NORMALIZED_ALLELE__SINGLE_NORMALIZED_ALLELE	NOT_ASSIGNED_IN_STRUCTURE_AUDIT
500	run-phase1a-60z59-hg002-grch38-v421	event-run-phase1a-60z59-hg002-grch38-v421-record-544	run-phase1a-ru88n-hg002-grch38-v421	event-run-phase1a-ru88n-hg002-grch38-v421-record-556	CROSS_RUN_EQUIVALENCE_UNRESOLVED	True	True	True	True	2	2	1	1	SINGLE_NORMALIZED_ALLELE	SINGLE_NORMALIZED_ALLELE	SINGLE_NORMALIZED_ALLELE__SINGLE_NORMALIZED_ALLELE	NOT_ASSIGNED_IN_STRUCTURE_AUDIT
501	run-phase1a-60z59-hg002-grch38-v421	event-run-phase1a-60z59-hg002-grch38-v421-record-545	run-phase1a-ru88n-hg002-grch38-v421	event-run-phase1a-ru88n-hg002-grch38-v421-record-557	CROSS_RUN_EQUIVALENCE_UNRESOLVED	True	True	True	True	2	2	1	1	SINGLE_NORMALIZED_ALLELE	SINGLE_NORMALIZED_ALLELE	SINGLE_NORMALIZED_ALLELE__SINGLE_NORMALIZED_ALLELE	NOT_ASSIGNED_IN_STRUCTURE_AUDIT
502	run-phase1a-60z59-hg002-grch38-v421	event-run-phase1a-60z59-hg002-grch38-v421-record-546	run-phase1a-ru88n-hg002-grch38-v421	event-run-phase1a-ru88n-hg002-grch38-v421-record-558	CROSS_RUN_EQUIVALENCE_UNRESOLVED	True	True	True	True	2	2	1	1	SINGLE_NORMALIZED_ALLELE	SINGLE_NORMALIZED_ALLELE	SINGLE_NORMALIZED_ALLELE__SINGLE_NORMALIZED_ALLELE	NOT_ASSIGNED_IN_STRUCTURE_AUDIT
503	run-phase1a-60z59-hg002-grch38-v421	event-run-phase1a-60z59-hg002-grch38-v421-record-550	run-phase1a-ru88n-hg002-grch38-v421	event-run-phase1a-ru88n-hg002-grch38-v421-record-563	CROSS_RUN_EQUIVALENCE_UNRESOLVED	True	True	True	True	2	2	1	1	SINGLE_NORMALIZED_ALLELE	SINGLE_NORMALIZED_ALLELE	SINGLE_NORMALIZED_ALLELE__SINGLE_NORMALIZED_ALLELE	NOT_ASSIGNED_IN_STRUCTURE_AUDIT
504	run-phase1a-60z59-hg002-grch38-v421	event-run-phase1a-60z59-hg002-grch38-v421-record-551	run-phase1a-ru88n-hg002-grch38-v421	event-run-phase1a-ru88n-hg002-grch38-v421-record-564	CROSS_RUN_EQUIVALENCE_UNRESOLVED	True	True	True	True	2	2	1	1	SINGLE_NORMALIZED_ALLELE	SINGLE_NORMALIZED_ALLELE	SINGLE_NORMALIZED_ALLELE__SINGLE_NORMALIZED_ALLELE	NOT_ASSIGNED_IN_STRUCTURE_AUDIT
505	run-phase1a-60z59-hg002-grch38-v421	event-run-phase1a-60z59-hg002-grch38-v421-record-552	run-phase1a-ru88n-hg002-grch38-v421	event-run-phase1a-ru88n-hg002-grch38-v421-record-565	CROSS_RUN_EQUIVALENCE_UNRESOLVED	True	True	True	True	2	2	1	1	SINGLE_NORMALIZED_ALLELE	SINGLE_NORMALIZED_ALLELE	SINGLE_NORMALIZED_ALLELE__SINGLE_NORMALIZED_ALLELE	NOT_ASSIGNED_IN_STRUCTURE_AUDIT
506	run-phase1a-60z59-hg002-grch38-v421	event-run-phase1a-60z59-hg002-grch38-v421-record-553	run-phase1a-ru88n-hg002-grch38-v421	event-run-phase1a-ru88n-hg002-grch38-v421-record-566	CROSS_RUN_EQUIVALENCE_UNRESOLVED	True	True	True	True	2	2	1	1	SINGLE_NORMALIZED_ALLELE	SINGLE_NORMALIZED_ALLELE	SINGLE_NORMALIZED_ALLELE__SINGLE_NORMALIZED_ALLELE	NOT_ASSIGNED_IN_STRUCTURE_AUDIT
507	run-phase1a-60z59-hg002-grch38-v421	event-run-phase1a-60z59-hg002-grch38-v421-record-554	run-phase1a-ru88n-hg002-grch38-v421	event-run-phase1a-ru88n-hg002-grch38-v421-record-567	CROSS_RUN_EQUIVALENCE_UNRESOLVED	True	True	True	True	2	2	1	1	SINGLE_NORMALIZED_ALLELE	SINGLE_NORMALIZED_ALLELE	SINGLE_NORMALIZED_ALLELE__SINGLE_NORMALIZED_ALLELE	NOT_ASSIGNED_IN_STRUCTURE_AUDIT
508	run-phase1a-60z59-hg002-grch38-v421	event-run-phase1a-60z59-hg002-grch38-v421-record-555	run-phase1a-ru88n-hg002-grch38-v421	event-run-phase1a-ru88n-hg002-grch38-v421-record-568	CROSS_RUN_EQUIVALENCE_UNRESOLVED	True	True	True	True	2	2	1	1	SINGLE_NORMALIZED_ALLELE	SINGLE_NORMALIZED_ALLELE	SINGLE_NORMALIZED_ALLELE__SINGLE_NORMALIZED_ALLELE	NOT_ASSIGNED_IN_STRUCTURE_AUDIT
509	run-phase1a-60z59-hg002-grch38-v421	event-run-phase1a-60z59-hg002-grch38-v421-record-556	run-phase1a-ru88n-hg002-grch38-v421	event-run-phase1a-ru88n-hg002-grch38-v421-record-569	CROSS_RUN_EQUIVALENCE_UNRESOLVED	True	True	True	True	2	2	1	1	SINGLE_NORMALIZED_ALLELE	SINGLE_NORMALIZED_ALLELE	SINGLE_NORMALIZED_ALLELE__SINGLE_NORMALIZED_ALLELE	NOT_ASSIGNED_IN_STRUCTURE_AUDIT
510	run-phase1a-60z59-hg002-grch38-v421	event-run-phase1a-60z59-hg002-grch38-v421-record-557	run-phase1a-ru88n-hg002-grch38-v421	event-run-phase1a-ru88n-hg002-grch38-v421-record-570	CROSS_RUN_EQUIVALENCE_UNRESOLVED	True	True	True	True	2	2	1	1	SINGLE_NORMALIZED_ALLELE	SINGLE_NORMALIZED_ALLELE	SINGLE_NORMALIZED_ALLELE__SINGLE_NORMALIZED_ALLELE	NOT_ASSIGNED_IN_STRUCTURE_AUDIT
511	run-phase1a-60z59-hg002-grch38-v421	event-run-phase1a-60z59-hg002-grch38-v421-record-558	run-phase1a-ru88n-hg002-grch38-v421	event-run-phase1a-ru88n-hg002-grch38-v421-record-571	CROSS_RUN_EQUIVALENCE_UNRESOLVED	True	True	True	True	2	2	1	1	SINGLE_NORMALIZED_ALLELE	SINGLE_NORMALIZED_ALLELE	SINGLE_NORMALIZED_ALLELE__SINGLE_NORMALIZED_ALLELE	NOT_ASSIGNED_IN_STRUCTURE_AUDIT
512	run-phase1a-60z59-hg002-grch38-v421	event-run-phase1a-60z59-hg002-grch38-v421-record-559	run-phase1a-ru88n-hg002-grch38-v421	event-run-phase1a-ru88n-hg002-grch38-v421-record-572	CROSS_RUN_EQUIVALENCE_UNRESOLVED	True	True	True	True	2	2	1	1	SINGLE_NORMALIZED_ALLELE	SINGLE_NORMALIZED_ALLELE	SINGLE_NORMALIZED_ALLELE__SINGLE_NORMALIZED_ALLELE	NOT_ASSIGNED_IN_STRUCTURE_AUDIT
513	run-phase1a-60z59-hg002-grch38-v421	event-run-phase1a-60z59-hg002-grch38-v421-record-560	run-phase1a-ru88n-hg002-grch38-v421	event-run-phase1a-ru88n-hg002-grch38-v421-record-573	CROSS_RUN_EQUIVALENCE_UNRESOLVED	True	True	True	True	2	2	1	1	SINGLE_NORMALIZED_ALLELE	SINGLE_NORMALIZED_ALLELE	SINGLE_NORMALIZED_ALLELE__SINGLE_NORMALIZED_ALLELE	NOT_ASSIGNED_IN_STRUCTURE_AUDIT
514	run-phase1a-60z59-hg002-grch38-v421	event-run-phase1a-60z59-hg002-grch38-v421-record-561	run-phase1a-ru88n-hg002-grch38-v421	event-run-phase1a-ru88n-hg002-grch38-v421-record-574	CROSS_RUN_EQUIVALENCE_UNRESOLVED	True	True	True	True	2	2	1	1	SINGLE_NORMALIZED_ALLELE	SINGLE_NORMALIZED_ALLELE	SINGLE_NORMALIZED_ALLELE__SINGLE_NORMALIZED_ALLELE	NOT_ASSIGNED_IN_STRUCTURE_AUDIT
515	run-phase1a-60z59-hg002-grch38-v421	event-run-phase1a-60z59-hg002-grch38-v421-record-562	run-phase1a-ru88n-hg002-grch38-v421	event-run-phase1a-ru88n-hg002-grch38-v421-record-575	CROSS_RUN_EQUIVALENCE_UNRESOLVED	True	True	True	True	2	2	1	1	SINGLE_NORMALIZED_ALLELE	SINGLE_NORMALIZED_ALLELE	SINGLE_NORMALIZED_ALLELE__SINGLE_NORMALIZED_ALLELE	NOT_ASSIGNED_IN_STRUCTURE_AUDIT
516	run-phase1a-60z59-hg002-grch38-v421	event-run-phase1a-60z59-hg002-grch38-v421-record-563	run-phase1a-ru88n-hg002-grch38-v421	event-run-phase1a-ru88n-hg002-grch38-v421-record-576	CROSS_RUN_EQUIVALENCE_UNRESOLVED	True	True	True	True	2	2	1	1	SINGLE_NORMALIZED_ALLELE	SINGLE_NORMALIZED_ALLELE	SINGLE_NORMALIZED_ALLELE__SINGLE_NORMALIZED_ALLELE	NOT_ASSIGNED_IN_STRUCTURE_AUDIT
517	run-phase1a-60z59-hg002-grch38-v421	event-run-phase1a-60z59-hg002-grch38-v421-record-564	run-phase1a-ru88n-hg002-grch38-v421	event-run-phase1a-ru88n-hg002-grch38-v421-record-577	CROSS_RUN_EQUIVALENCE_UNRESOLVED	True	True	True	True	2	2	1	1	SINGLE_NORMALIZED_ALLELE	SINGLE_NORMALIZED_ALLELE	SINGLE_NORMALIZED_ALLELE__SINGLE_NORMALIZED_ALLELE	NOT_ASSIGNED_IN_STRUCTURE_AUDIT
518	run-phase1a-60z59-hg002-grch38-v421	event-run-phase1a-60z59-hg002-grch38-v421-record-565	run-phase1a-ru88n-hg002-grch38-v421	event-run-phase1a-ru88n-hg002-grch38-v421-record-578	CROSS_RUN_EQUIVALENCE_UNRESOLVED	True	True	True	True	2	2	1	1	SINGLE_NORMALIZED_ALLELE	SINGLE_NORMALIZED_ALLELE	SINGLE_NORMALIZED_ALLELE__SINGLE_NORMALIZED_ALLELE	NOT_ASSIGNED_IN_STRUCTURE_AUDIT
519	run-phase1a-60z59-hg002-grch38-v421	event-run-phase1a-60z59-hg002-grch38-v421-record-566	run-phase1a-ru88n-hg002-grch38-v421	event-run-phase1a-ru88n-hg002-grch38-v421-record-579	CROSS_RUN_EQUIVALENCE_UNRESOLVED	True	True	True	True	2	2	1	1	SINGLE_NORMALIZED_ALLELE	SINGLE_NORMALIZED_ALLELE	SINGLE_NORMALIZED_ALLELE__SINGLE_NORMALIZED_ALLELE	NOT_ASSIGNED_IN_STRUCTURE_AUDIT
520	run-phase1a-60z59-hg002-grch38-v421	event-run-phase1a-60z59-hg002-grch38-v421-record-567	run-phase1a-ru88n-hg002-grch38-v421	event-run-phase1a-ru88n-hg002-grch38-v421-record-580	CROSS_RUN_EQUIVALENCE_UNRESOLVED	True	True	True	True	2	2	1	1	SINGLE_NORMALIZED_ALLELE	SINGLE_NORMALIZED_ALLELE	SINGLE_NORMALIZED_ALLELE__SINGLE_NORMALIZED_ALLELE	NOT_ASSIGNED_IN_STRUCTURE_AUDIT
521	run-phase1a-60z59-hg002-grch38-v421	event-run-phase1a-60z59-hg002-grch38-v421-record-568	run-phase1a-ru88n-hg002-grch38-v421	event-run-phase1a-ru88n-hg002-grch38-v421-record-581	CROSS_RUN_EQUIVALENCE_UNRESOLVED	True	True	True	True	2	2	1	1	SINGLE_NORMALIZED_ALLELE	SINGLE_NORMALIZED_ALLELE	SINGLE_NORMALIZED_ALLELE__SINGLE_NORMALIZED_ALLELE	NOT_ASSIGNED_IN_STRUCTURE_AUDIT
522	run-phase1a-60z59-hg002-grch38-v421	event-run-phase1a-60z59-hg002-grch38-v421-record-569	run-phase1a-ru88n-hg002-grch38-v421	event-run-phase1a-ru88n-hg002-grch38-v421-record-582	CROSS_RUN_EQUIVALENCE_UNRESOLVED	True	True	True	True	2	2	1	1	SINGLE_NORMALIZED_ALLELE	SINGLE_NORMALIZED_ALLELE	SINGLE_NORMALIZED_ALLELE__SINGLE_NORMALIZED_ALLELE	NOT_ASSIGNED_IN_STRUCTURE_AUDIT
523	run-phase1a-60z59-hg002-grch38-v421	event-run-phase1a-60z59-hg002-grch38-v421-record-570	run-phase1a-ru88n-hg002-grch38-v421	event-run-phase1a-ru88n-hg002-grch38-v421-record-583	CROSS_RUN_EQUIVALENCE_UNRESOLVED	True	True	True	True	2	2	1	1	SINGLE_NORMALIZED_ALLELE	SINGLE_NORMALIZED_ALLELE	SINGLE_NORMALIZED_ALLELE__SINGLE_NORMALIZED_ALLELE	NOT_ASSIGNED_IN_STRUCTURE_AUDIT
524	run-phase1a-60z59-hg002-grch38-v421	event-run-phase1a-60z59-hg002-grch38-v421-record-571	run-phase1a-ru88n-hg002-grch38-v421	event-run-phase1a-ru88n-hg002-grch38-v421-record-584	CROSS_RUN_EQUIVALENCE_UNRESOLVED	True	True	True	True	2	2	1	1	SINGLE_NORMALIZED_ALLELE	SINGLE_NORMALIZED_ALLELE	SINGLE_NORMALIZED_ALLELE__SINGLE_NORMALIZED_ALLELE	NOT_ASSIGNED_IN_STRUCTURE_AUDIT
525	run-phase1a-60z59-hg002-grch38-v421	event-run-phase1a-60z59-hg002-grch38-v421-record-572	run-phase1a-ru88n-hg002-grch38-v421	event-run-phase1a-ru88n-hg002-grch38-v421-record-585	CROSS_RUN_EQUIVALENCE_UNRESOLVED	True	True	True	True	2	2	1	1	SINGLE_NORMALIZED_ALLELE	SINGLE_NORMALIZED_ALLELE	SINGLE_NORMALIZED_ALLELE__SINGLE_NORMALIZED_ALLELE	NOT_ASSIGNED_IN_STRUCTURE_AUDIT
526	run-phase1a-60z59-hg002-grch38-v421	event-run-phase1a-60z59-hg002-grch38-v421-record-573	run-phase1a-ru88n-hg002-grch38-v421	event-run-phase1a-ru88n-hg002-grch38-v421-record-586	CROSS_RUN_EQUIVALENCE_UNRESOLVED	True	True	True	True	2	2	1	1	SINGLE_NORMALIZED_ALLELE	SINGLE_NORMALIZED_ALLELE	SINGLE_NORMALIZED_ALLELE__SINGLE_NORMALIZED_ALLELE	NOT_ASSIGNED_IN_STRUCTURE_AUDIT
527	run-phase1a-60z59-hg002-grch38-v421	event-run-phase1a-60z59-hg002-grch38-v421-record-574	run-phase1a-ru88n-hg002-grch38-v421	event-run-phase1a-ru88n-hg002-grch38-v421-record-587	CROSS_RUN_EQUIVALENCE_UNRESOLVED	True	True	True	True	2	2	1	1	SINGLE_NORMALIZED_ALLELE	SINGLE_NORMALIZED_ALLELE	SINGLE_NORMALIZED_ALLELE__SINGLE_NORMALIZED_ALLELE	NOT_ASSIGNED_IN_STRUCTURE_AUDIT
528	run-phase1a-60z59-hg002-grch38-v421	event-run-phase1a-60z59-hg002-grch38-v421-record-575	run-phase1a-ru88n-hg002-grch38-v421	event-run-phase1a-ru88n-hg002-grch38-v421-record-588	CROSS_RUN_EQUIVALENCE_UNRESOLVED	True	True	True	True	2	2	1	1	SINGLE_NORMALIZED_ALLELE	SINGLE_NORMALIZED_ALLELE	SINGLE_NORMALIZED_ALLELE__SINGLE_NORMALIZED_ALLELE	NOT_ASSIGNED_IN_STRUCTURE_AUDIT
529	run-phase1a-60z59-hg002-grch38-v421	event-run-phase1a-60z59-hg002-grch38-v421-record-576	run-phase1a-ru88n-hg002-grch38-v421	event-run-phase1a-ru88n-hg002-grch38-v421-record-589	CROSS_RUN_EQUIVALENCE_UNRESOLVED	True	True	True	True	2	2	1	1	SINGLE_NORMALIZED_ALLELE	SINGLE_NORMALIZED_ALLELE	SINGLE_NORMALIZED_ALLELE__SINGLE_NORMALIZED_ALLELE	NOT_ASSIGNED_IN_STRUCTURE_AUDIT
530	run-phase1a-60z59-hg002-grch38-v421	event-run-phase1a-60z59-hg002-grch38-v421-record-577	run-phase1a-ru88n-hg002-grch38-v421	event-run-phase1a-ru88n-hg002-grch38-v421-record-590	CROSS_RUN_EQUIVALENCE_UNRESOLVED	True	True	True	True	2	2	1	1	SINGLE_NORMALIZED_ALLELE	SINGLE_NORMALIZED_ALLELE	SINGLE_NORMALIZED_ALLELE__SINGLE_NORMALIZED_ALLELE	NOT_ASSIGNED_IN_STRUCTURE_AUDIT
531	run-phase1a-60z59-hg002-grch38-v421	event-run-phase1a-60z59-hg002-grch38-v421-record-578	run-phase1a-ru88n-hg002-grch38-v421	event-run-phase1a-ru88n-hg002-grch38-v421-record-591	CROSS_RUN_EQUIVALENCE_UNRESOLVED	True	True	True	True	2	2	1	1	SINGLE_NORMALIZED_ALLELE	SINGLE_NORMALIZED_ALLELE	SINGLE_NORMALIZED_ALLELE__SINGLE_NORMALIZED_ALLELE	NOT_ASSIGNED_IN_STRUCTURE_AUDIT
532	run-phase1a-60z59-hg002-grch38-v421	event-run-phase1a-60z59-hg002-grch38-v421-record-579	run-phase1a-ru88n-hg002-grch38-v421	event-run-phase1a-ru88n-hg002-grch38-v421-record-592	CROSS_RUN_EQUIVALENCE_UNRESOLVED	True	True	True	True	2	2	1	1	SINGLE_NORMALIZED_ALLELE	SINGLE_NORMALIZED_ALLELE	SINGLE_NORMALIZED_ALLELE__SINGLE_NORMALIZED_ALLELE	NOT_ASSIGNED_IN_STRUCTURE_AUDIT
533	run-phase1a-60z59-hg002-grch38-v421	event-run-phase1a-60z59-hg002-grch38-v421-record-580	run-phase1a-ru88n-hg002-grch38-v421	event-run-phase1a-ru88n-hg002-grch38-v421-record-593	CROSS_RUN_EQUIVALENCE_UNRESOLVED	True	True	True	True	2	2	1	1	SINGLE_NORMALIZED_ALLELE	SINGLE_NORMALIZED_ALLELE	SINGLE_NORMALIZED_ALLELE__SINGLE_NORMALIZED_ALLELE	NOT_ASSIGNED_IN_STRUCTURE_AUDIT
534	run-phase1a-60z59-hg002-grch38-v421	event-run-phase1a-60z59-hg002-grch38-v421-record-581	run-phase1a-ru88n-hg002-grch38-v421	event-run-phase1a-ru88n-hg002-grch38-v421-record-594	CROSS_RUN_EQUIVALENCE_UNRESOLVED	True	True	True	True	2	2	1	1	SINGLE_NORMALIZED_ALLELE	SINGLE_NORMALIZED_ALLELE	SINGLE_NORMALIZED_ALLELE__SINGLE_NORMALIZED_ALLELE	NOT_ASSIGNED_IN_STRUCTURE_AUDIT
535	run-phase1a-60z59-hg002-grch38-v421	event-run-phase1a-60z59-hg002-grch38-v421-record-582	run-phase1a-ru88n-hg002-grch38-v421	event-run-phase1a-ru88n-hg002-grch38-v421-record-595	CROSS_RUN_EQUIVALENCE_UNRESOLVED	True	True	True	True	2	2	1	1	SINGLE_NORMALIZED_ALLELE	SINGLE_NORMALIZED_ALLELE	SINGLE_NORMALIZED_ALLELE__SINGLE_NORMALIZED_ALLELE	NOT_ASSIGNED_IN_STRUCTURE_AUDIT
536	run-phase1a-60z59-hg002-grch38-v421	event-run-phase1a-60z59-hg002-grch38-v421-record-583	run-phase1a-ru88n-hg002-grch38-v421	event-run-phase1a-ru88n-hg002-grch38-v421-record-596	CROSS_RUN_EQUIVALENCE_UNRESOLVED	True	True	True	True	2	2	1	1	SINGLE_NORMALIZED_ALLELE	SINGLE_NORMALIZED_ALLELE	SINGLE_NORMALIZED_ALLELE__SINGLE_NORMALIZED_ALLELE	NOT_ASSIGNED_IN_STRUCTURE_AUDIT
537	run-phase1a-60z59-hg002-grch38-v421	event-run-phase1a-60z59-hg002-grch38-v421-record-584	run-phase1a-ru88n-hg002-grch38-v421	event-run-phase1a-ru88n-hg002-grch38-v421-record-597	CROSS_RUN_EQUIVALENCE_UNRESOLVED	True	True	True	True	2	2	1	1	SINGLE_NORMALIZED_ALLELE	SINGLE_NORMALIZED_ALLELE	SINGLE_NORMALIZED_ALLELE__SINGLE_NORMALIZED_ALLELE	NOT_ASSIGNED_IN_STRUCTURE_AUDIT
538	run-phase1a-60z59-hg002-grch38-v421	event-run-phase1a-60z59-hg002-grch38-v421-record-585	run-phase1a-ru88n-hg002-grch38-v421	event-run-phase1a-ru88n-hg002-grch38-v421-record-598	CROSS_RUN_EQUIVALENCE_UNRESOLVED	True	True	True	True	2	2	1	1	SINGLE_NORMALIZED_ALLELE	SINGLE_NORMALIZED_ALLELE	SINGLE_NORMALIZED_ALLELE__SINGLE_NORMALIZED_ALLELE	NOT_ASSIGNED_IN_STRUCTURE_AUDIT
539	run-phase1a-60z59-hg002-grch38-v421	event-run-phase1a-60z59-hg002-grch38-v421-record-586	run-phase1a-ru88n-hg002-grch38-v421	event-run-phase1a-ru88n-hg002-grch38-v421-record-599	CROSS_RUN_EQUIVALENCE_UNRESOLVED	True	True	True	True	2	2	1	1	SINGLE_NORMALIZED_ALLELE	SINGLE_NORMALIZED_ALLELE	SINGLE_NORMALIZED_ALLELE__SINGLE_NORMALIZED_ALLELE	NOT_ASSIGNED_IN_STRUCTURE_AUDIT
540	run-phase1a-60z59-hg002-grch38-v421	event-run-phase1a-60z59-hg002-grch38-v421-record-588	run-phase1a-ru88n-hg002-grch38-v421	event-run-phase1a-ru88n-hg002-grch38-v421-record-602	CROSS_RUN_EQUIVALENCE_UNRESOLVED	True	True	True	True	2	2	1	1	SINGLE_NORMALIZED_ALLELE	SINGLE_NORMALIZED_ALLELE	SINGLE_NORMALIZED_ALLELE__SINGLE_NORMALIZED_ALLELE	NOT_ASSIGNED_IN_STRUCTURE_AUDIT
541	run-phase1a-60z59-hg002-grch38-v421	event-run-phase1a-60z59-hg002-grch38-v421-record-589	run-phase1a-ru88n-hg002-grch38-v421	event-run-phase1a-ru88n-hg002-grch38-v421-record-603	CROSS_RUN_EQUIVALENCE_UNRESOLVED	True	True	True	True	2	2	1	1	SINGLE_NORMALIZED_ALLELE	SINGLE_NORMALIZED_ALLELE	SINGLE_NORMALIZED_ALLELE__SINGLE_NORMALIZED_ALLELE	NOT_ASSIGNED_IN_STRUCTURE_AUDIT
542	run-phase1a-60z59-hg002-grch38-v421	event-run-phase1a-60z59-hg002-grch38-v421-record-590	run-phase1a-ru88n-hg002-grch38-v421	event-run-phase1a-ru88n-hg002-grch38-v421-record-604	CROSS_RUN_EQUIVALENCE_UNRESOLVED	True	True	True	True	2	2	1	1	SINGLE_NORMALIZED_ALLELE	SINGLE_NORMALIZED_ALLELE	SINGLE_NORMALIZED_ALLELE__SINGLE_NORMALIZED_ALLELE	NOT_ASSIGNED_IN_STRUCTURE_AUDIT
543	run-phase1a-60z59-hg002-grch38-v421	event-run-phase1a-60z59-hg002-grch38-v421-record-591	run-phase1a-ru88n-hg002-grch38-v421	event-run-phase1a-ru88n-hg002-grch38-v421-record-605	CROSS_RUN_EQUIVALENCE_UNRESOLVED	True	True	True	True	2	2	1	1	SINGLE_NORMALIZED_ALLELE	SINGLE_NORMALIZED_ALLELE	SINGLE_NORMALIZED_ALLELE__SINGLE_NORMALIZED_ALLELE	NOT_ASSIGNED_IN_STRUCTURE_AUDIT
544	run-phase1a-60z59-hg002-grch38-v421	event-run-phase1a-60z59-hg002-grch38-v421-record-593	run-phase1a-ru88n-hg002-grch38-v421	event-run-phase1a-ru88n-hg002-grch38-v421-record-607	CROSS_RUN_EQUIVALENCE_UNRESOLVED	True	True	True	True	2	2	1	1	SINGLE_NORMALIZED_ALLELE	SINGLE_NORMALIZED_ALLELE	SINGLE_NORMALIZED_ALLELE__SINGLE_NORMALIZED_ALLELE	NOT_ASSIGNED_IN_STRUCTURE_AUDIT
545	run-phase1a-60z59-hg002-grch38-v421	event-run-phase1a-60z59-hg002-grch38-v421-record-594	run-phase1a-ru88n-hg002-grch38-v421	event-run-phase1a-ru88n-hg002-grch38-v421-record-608	CROSS_RUN_EQUIVALENCE_UNRESOLVED	True	True	True	True	2	2	1	1	SINGLE_NORMALIZED_ALLELE	SINGLE_NORMALIZED_ALLELE	SINGLE_NORMALIZED_ALLELE__SINGLE_NORMALIZED_ALLELE	NOT_ASSIGNED_IN_STRUCTURE_AUDIT
546	run-phase1a-60z59-hg002-grch38-v421	event-run-phase1a-60z59-hg002-grch38-v421-record-595	run-phase1a-ru88n-hg002-grch38-v421	event-run-phase1a-ru88n-hg002-grch38-v421-record-609	CROSS_RUN_EQUIVALENCE_UNRESOLVED	True	True	True	True	2	2	1	1	SINGLE_NORMALIZED_ALLELE	SINGLE_NORMALIZED_ALLELE	SINGLE_NORMALIZED_ALLELE__SINGLE_NORMALIZED_ALLELE	NOT_ASSIGNED_IN_STRUCTURE_AUDIT
547	run-phase1a-60z59-hg002-grch38-v421	event-run-phase1a-60z59-hg002-grch38-v421-record-597	run-phase1a-ru88n-hg002-grch38-v421	event-run-phase1a-ru88n-hg002-grch38-v421-record-610	CROSS_RUN_EQUIVALENCE_UNRESOLVED	True	True	True	True	2	2	1	1	SINGLE_NORMALIZED_ALLELE	SINGLE_NORMALIZED_ALLELE	SINGLE_NORMALIZED_ALLELE__SINGLE_NORMALIZED_ALLELE	NOT_ASSIGNED_IN_STRUCTURE_AUDIT
548	run-phase1a-60z59-hg002-grch38-v421	event-run-phase1a-60z59-hg002-grch38-v421-record-598	run-phase1a-ru88n-hg002-grch38-v421	event-run-phase1a-ru88n-hg002-grch38-v421-record-611	CROSS_RUN_EQUIVALENCE_UNRESOLVED	True	True	True	True	2	2	1	1	SINGLE_NORMALIZED_ALLELE	SINGLE_NORMALIZED_ALLELE	SINGLE_NORMALIZED_ALLELE__SINGLE_NORMALIZED_ALLELE	NOT_ASSIGNED_IN_STRUCTURE_AUDIT
549	run-phase1a-60z59-hg002-grch38-v421	event-run-phase1a-60z59-hg002-grch38-v421-record-599	run-phase1a-ru88n-hg002-grch38-v421	event-run-phase1a-ru88n-hg002-grch38-v421-record-612	CROSS_RUN_EQUIVALENCE_UNRESOLVED	True	True	True	True	2	2	1	1	SINGLE_NORMALIZED_ALLELE	SINGLE_NORMALIZED_ALLELE	SINGLE_NORMALIZED_ALLELE__SINGLE_NORMALIZED_ALLELE	NOT_ASSIGNED_IN_STRUCTURE_AUDIT
550	run-phase1a-60z59-hg002-grch38-v421	event-run-phase1a-60z59-hg002-grch38-v421-record-600	run-phase1a-ru88n-hg002-grch38-v421	event-run-phase1a-ru88n-hg002-grch38-v421-record-613	CROSS_RUN_EQUIVALENCE_UNRESOLVED	True	True	True	True	2	2	1	1	SINGLE_NORMALIZED_ALLELE	SINGLE_NORMALIZED_ALLELE	SINGLE_NORMALIZED_ALLELE__SINGLE_NORMALIZED_ALLELE	NOT_ASSIGNED_IN_STRUCTURE_AUDIT
551	run-phase1a-60z59-hg002-grch38-v421	event-run-phase1a-60z59-hg002-grch38-v421-record-601	run-phase1a-ru88n-hg002-grch38-v421	event-run-phase1a-ru88n-hg002-grch38-v421-record-614	CROSS_RUN_EQUIVALENCE_UNRESOLVED	True	True	True	True	2	2	1	1	SINGLE_NORMALIZED_ALLELE	SINGLE_NORMALIZED_ALLELE	SINGLE_NORMALIZED_ALLELE__SINGLE_NORMALIZED_ALLELE	NOT_ASSIGNED_IN_STRUCTURE_AUDIT
552	run-phase1a-60z59-hg002-grch38-v421	event-run-phase1a-60z59-hg002-grch38-v421-record-602	run-phase1a-ru88n-hg002-grch38-v421	event-run-phase1a-ru88n-hg002-grch38-v421-record-615	CROSS_RUN_EQUIVALENCE_UNRESOLVED	True	True	True	True	2	2	1	1	SINGLE_NORMALIZED_ALLELE	SINGLE_NORMALIZED_ALLELE	SINGLE_NORMALIZED_ALLELE__SINGLE_NORMALIZED_ALLELE	NOT_ASSIGNED_IN_STRUCTURE_AUDIT
553	run-phase1a-60z59-hg002-grch38-v421	event-run-phase1a-60z59-hg002-grch38-v421-record-603	run-phase1a-ru88n-hg002-grch38-v421	event-run-phase1a-ru88n-hg002-grch38-v421-record-616	CROSS_RUN_EQUIVALENCE_UNRESOLVED	True	True	True	True	2	2	1	1	SINGLE_NORMALIZED_ALLELE	SINGLE_NORMALIZED_ALLELE	SINGLE_NORMALIZED_ALLELE__SINGLE_NORMALIZED_ALLELE	NOT_ASSIGNED_IN_STRUCTURE_AUDIT
554	run-phase1a-60z59-hg002-grch38-v421	event-run-phase1a-60z59-hg002-grch38-v421-record-604	run-phase1a-ru88n-hg002-grch38-v421	event-run-phase1a-ru88n-hg002-grch38-v421-record-617	CROSS_RUN_EQUIVALENCE_UNRESOLVED	True	True	True	True	2	2	1	1	SINGLE_NORMALIZED_ALLELE	SINGLE_NORMALIZED_ALLELE	SINGLE_NORMALIZED_ALLELE__SINGLE_NORMALIZED_ALLELE	NOT_ASSIGNED_IN_STRUCTURE_AUDIT
555	run-phase1a-60z59-hg002-grch38-v421	event-run-phase1a-60z59-hg002-grch38-v421-record-605	run-phase1a-ru88n-hg002-grch38-v421	event-run-phase1a-ru88n-hg002-grch38-v421-record-618	CROSS_RUN_EQUIVALENCE_UNRESOLVED	True	True	True	True	2	2	1	1	SINGLE_NORMALIZED_ALLELE	SINGLE_NORMALIZED_ALLELE	SINGLE_NORMALIZED_ALLELE__SINGLE_NORMALIZED_ALLELE	NOT_ASSIGNED_IN_STRUCTURE_AUDIT
556	run-phase1a-60z59-hg002-grch38-v421	event-run-phase1a-60z59-hg002-grch38-v421-record-606	run-phase1a-ru88n-hg002-grch38-v421	event-run-phase1a-ru88n-hg002-grch38-v421-record-619	CROSS_RUN_EQUIVALENCE_UNRESOLVED	True	True	True	True	2	2	1	1	SINGLE_NORMALIZED_ALLELE	SINGLE_NORMALIZED_ALLELE	SINGLE_NORMALIZED_ALLELE__SINGLE_NORMALIZED_ALLELE	NOT_ASSIGNED_IN_STRUCTURE_AUDIT
557	run-phase1a-60z59-hg002-grch38-v421	event-run-phase1a-60z59-hg002-grch38-v421-record-610	run-phase1a-ru88n-hg002-grch38-v421	event-run-phase1a-ru88n-hg002-grch38-v421-record-620	CROSS_RUN_EQUIVALENCE_UNRESOLVED	True	True	True	True	2	2	1	1	SINGLE_NORMALIZED_ALLELE	SINGLE_NORMALIZED_ALLELE	SINGLE_NORMALIZED_ALLELE__SINGLE_NORMALIZED_ALLELE	NOT_ASSIGNED_IN_STRUCTURE_AUDIT
558	run-phase1a-60z59-hg002-grch38-v421	event-run-phase1a-60z59-hg002-grch38-v421-record-611	run-phase1a-ru88n-hg002-grch38-v421	event-run-phase1a-ru88n-hg002-grch38-v421-record-621	CROSS_RUN_EQUIVALENCE_UNRESOLVED	True	True	True	True	2	2	1	1	SINGLE_NORMALIZED_ALLELE	SINGLE_NORMALIZED_ALLELE	SINGLE_NORMALIZED_ALLELE__SINGLE_NORMALIZED_ALLELE	NOT_ASSIGNED_IN_STRUCTURE_AUDIT
559	run-phase1a-60z59-hg002-grch38-v421	event-run-phase1a-60z59-hg002-grch38-v421-record-612	run-phase1a-ru88n-hg002-grch38-v421	event-run-phase1a-ru88n-hg002-grch38-v421-record-622	CROSS_RUN_EQUIVALENCE_UNRESOLVED	True	True	True	True	2	2	1	1	SINGLE_NORMALIZED_ALLELE	SINGLE_NORMALIZED_ALLELE	SINGLE_NORMALIZED_ALLELE__SINGLE_NORMALIZED_ALLELE	NOT_ASSIGNED_IN_STRUCTURE_AUDIT
560	run-phase1a-60z59-hg002-grch38-v421	event-run-phase1a-60z59-hg002-grch38-v421-record-613	run-phase1a-ru88n-hg002-grch38-v421	event-run-phase1a-ru88n-hg002-grch38-v421-record-623	CROSS_RUN_EQUIVALENCE_UNRESOLVED	True	True	True	True	2	2	1	1	SINGLE_NORMALIZED_ALLELE	SINGLE_NORMALIZED_ALLELE	SINGLE_NORMALIZED_ALLELE__SINGLE_NORMALIZED_ALLELE	NOT_ASSIGNED_IN_STRUCTURE_AUDIT
561	run-phase1a-60z59-hg002-grch38-v421	event-run-phase1a-60z59-hg002-grch38-v421-record-614	run-phase1a-ru88n-hg002-grch38-v421	event-run-phase1a-ru88n-hg002-grch38-v421-record-624	CROSS_RUN_EQUIVALENCE_UNRESOLVED	True	True	True	True	2	2	1	1	SINGLE_NORMALIZED_ALLELE	SINGLE_NORMALIZED_ALLELE	SINGLE_NORMALIZED_ALLELE__SINGLE_NORMALIZED_ALLELE	NOT_ASSIGNED_IN_STRUCTURE_AUDIT
562	run-phase1a-60z59-hg002-grch38-v421	event-run-phase1a-60z59-hg002-grch38-v421-record-615	run-phase1a-ru88n-hg002-grch38-v421	event-run-phase1a-ru88n-hg002-grch38-v421-record-625	CROSS_RUN_EQUIVALENCE_UNRESOLVED	True	True	True	True	2	2	1	1	SINGLE_NORMALIZED_ALLELE	SINGLE_NORMALIZED_ALLELE	SINGLE_NORMALIZED_ALLELE__SINGLE_NORMALIZED_ALLELE	NOT_ASSIGNED_IN_STRUCTURE_AUDIT
563	run-phase1a-60z59-hg002-grch38-v421	event-run-phase1a-60z59-hg002-grch38-v421-record-616	run-phase1a-ru88n-hg002-grch38-v421	event-run-phase1a-ru88n-hg002-grch38-v421-record-626	CROSS_RUN_EQUIVALENCE_UNRESOLVED	True	True	True	True	2	2	1	1	SINGLE_NORMALIZED_ALLELE	SINGLE_NORMALIZED_ALLELE	SINGLE_NORMALIZED_ALLELE__SINGLE_NORMALIZED_ALLELE	NOT_ASSIGNED_IN_STRUCTURE_AUDIT
564	run-phase1a-60z59-hg002-grch38-v421	event-run-phase1a-60z59-hg002-grch38-v421-record-617	run-phase1a-ru88n-hg002-grch38-v421	event-run-phase1a-ru88n-hg002-grch38-v421-record-627	CROSS_RUN_EQUIVALENCE_UNRESOLVED	True	True	True	True	2	2	1	1	SINGLE_NORMALIZED_ALLELE	SINGLE_NORMALIZED_ALLELE	SINGLE_NORMALIZED_ALLELE__SINGLE_NORMALIZED_ALLELE	NOT_ASSIGNED_IN_STRUCTURE_AUDIT
565	run-phase1a-60z59-hg002-grch38-v421	event-run-phase1a-60z59-hg002-grch38-v421-record-618	run-phase1a-ru88n-hg002-grch38-v421	event-run-phase1a-ru88n-hg002-grch38-v421-record-628	CROSS_RUN_EQUIVALENCE_UNRESOLVED	True	True	True	True	2	2	1	1	SINGLE_NORMALIZED_ALLELE	SINGLE_NORMALIZED_ALLELE	SINGLE_NORMALIZED_ALLELE__SINGLE_NORMALIZED_ALLELE	NOT_ASSIGNED_IN_STRUCTURE_AUDIT
566	run-phase1a-60z59-hg002-grch38-v421	event-run-phase1a-60z59-hg002-grch38-v421-record-619	run-phase1a-ru88n-hg002-grch38-v421	event-run-phase1a-ru88n-hg002-grch38-v421-record-629	CROSS_RUN_EQUIVALENCE_UNRESOLVED	True	True	True	True	2	2	1	1	SINGLE_NORMALIZED_ALLELE	SINGLE_NORMALIZED_ALLELE	SINGLE_NORMALIZED_ALLELE__SINGLE_NORMALIZED_ALLELE	NOT_ASSIGNED_IN_STRUCTURE_AUDIT
567	run-phase1a-60z59-hg002-grch38-v421	event-run-phase1a-60z59-hg002-grch38-v421-record-620	run-phase1a-ru88n-hg002-grch38-v421	event-run-phase1a-ru88n-hg002-grch38-v421-record-630	CROSS_RUN_EQUIVALENCE_UNRESOLVED	True	True	True	True	2	2	1	1	SINGLE_NORMALIZED_ALLELE	SINGLE_NORMALIZED_ALLELE	SINGLE_NORMALIZED_ALLELE__SINGLE_NORMALIZED_ALLELE	NOT_ASSIGNED_IN_STRUCTURE_AUDIT
568	run-phase1a-60z59-hg002-grch38-v421	event-run-phase1a-60z59-hg002-grch38-v421-record-621	run-phase1a-ru88n-hg002-grch38-v421	event-run-phase1a-ru88n-hg002-grch38-v421-record-631	CROSS_RUN_EQUIVALENCE_UNRESOLVED	True	True	True	True	2	2	1	1	SINGLE_NORMALIZED_ALLELE	SINGLE_NORMALIZED_ALLELE	SINGLE_NORMALIZED_ALLELE__SINGLE_NORMALIZED_ALLELE	NOT_ASSIGNED_IN_STRUCTURE_AUDIT
569	run-phase1a-60z59-hg002-grch38-v421	event-run-phase1a-60z59-hg002-grch38-v421-record-622	run-phase1a-ru88n-hg002-grch38-v421	event-run-phase1a-ru88n-hg002-grch38-v421-record-632	CROSS_RUN_EQUIVALENCE_UNRESOLVED	True	True	True	True	2	2	1	1	SINGLE_NORMALIZED_ALLELE	SINGLE_NORMALIZED_ALLELE	SINGLE_NORMALIZED_ALLELE__SINGLE_NORMALIZED_ALLELE	NOT_ASSIGNED_IN_STRUCTURE_AUDIT
570	run-phase1a-60z59-hg002-grch38-v421	event-run-phase1a-60z59-hg002-grch38-v421-record-623	run-phase1a-ru88n-hg002-grch38-v421	event-run-phase1a-ru88n-hg002-grch38-v421-record-633	CROSS_RUN_EQUIVALENCE_UNRESOLVED	True	True	True	True	2	2	1	1	SINGLE_NORMALIZED_ALLELE	SINGLE_NORMALIZED_ALLELE	SINGLE_NORMALIZED_ALLELE__SINGLE_NORMALIZED_ALLELE	NOT_ASSIGNED_IN_STRUCTURE_AUDIT
571	run-phase1a-60z59-hg002-grch38-v421	event-run-phase1a-60z59-hg002-grch38-v421-record-624	run-phase1a-ru88n-hg002-grch38-v421	event-run-phase1a-ru88n-hg002-grch38-v421-record-634	CROSS_RUN_EQUIVALENCE_UNRESOLVED	True	True	True	True	2	2	1	1	SINGLE_NORMALIZED_ALLELE	SINGLE_NORMALIZED_ALLELE	SINGLE_NORMALIZED_ALLELE__SINGLE_NORMALIZED_ALLELE	NOT_ASSIGNED_IN_STRUCTURE_AUDIT
572	run-phase1a-60z59-hg002-grch38-v421	event-run-phase1a-60z59-hg002-grch38-v421-record-625	run-phase1a-ru88n-hg002-grch38-v421	event-run-phase1a-ru88n-hg002-grch38-v421-record-635	CROSS_RUN_EQUIVALENCE_UNRESOLVED	True	True	True	True	2	2	1	1	SINGLE_NORMALIZED_ALLELE	SINGLE_NORMALIZED_ALLELE	SINGLE_NORMALIZED_ALLELE__SINGLE_NORMALIZED_ALLELE	NOT_ASSIGNED_IN_STRUCTURE_AUDIT
573	run-phase1a-60z59-hg002-grch38-v421	event-run-phase1a-60z59-hg002-grch38-v421-record-626	run-phase1a-ru88n-hg002-grch38-v421	event-run-phase1a-ru88n-hg002-grch38-v421-record-636	CROSS_RUN_EQUIVALENCE_UNRESOLVED	True	True	True	True	2	2	1	1	SINGLE_NORMALIZED_ALLELE	SINGLE_NORMALIZED_ALLELE	SINGLE_NORMALIZED_ALLELE__SINGLE_NORMALIZED_ALLELE	NOT_ASSIGNED_IN_STRUCTURE_AUDIT
574	run-phase1a-60z59-hg002-grch38-v421	event-run-phase1a-60z59-hg002-grch38-v421-record-627	run-phase1a-ru88n-hg002-grch38-v421	event-run-phase1a-ru88n-hg002-grch38-v421-record-637	CROSS_RUN_EQUIVALENCE_UNRESOLVED	True	True	True	True	2	2	1	1	SINGLE_NORMALIZED_ALLELE	SINGLE_NORMALIZED_ALLELE	SINGLE_NORMALIZED_ALLELE__SINGLE_NORMALIZED_ALLELE	NOT_ASSIGNED_IN_STRUCTURE_AUDIT
575	run-phase1a-60z59-hg002-grch38-v421	event-run-phase1a-60z59-hg002-grch38-v421-record-628	run-phase1a-ru88n-hg002-grch38-v421	event-run-phase1a-ru88n-hg002-grch38-v421-record-638	CROSS_RUN_EQUIVALENCE_UNRESOLVED	True	True	True	True	2	2	1	1	SINGLE_NORMALIZED_ALLELE	SINGLE_NORMALIZED_ALLELE	SINGLE_NORMALIZED_ALLELE__SINGLE_NORMALIZED_ALLELE	NOT_ASSIGNED_IN_STRUCTURE_AUDIT
576	run-phase1a-60z59-hg002-grch38-v421	event-run-phase1a-60z59-hg002-grch38-v421-record-629	run-phase1a-ru88n-hg002-grch38-v421	event-run-phase1a-ru88n-hg002-grch38-v421-record-639	CROSS_RUN_EQUIVALENCE_UNRESOLVED	True	True	True	True	2	2	1	1	SINGLE_NORMALIZED_ALLELE	SINGLE_NORMALIZED_ALLELE	SINGLE_NORMALIZED_ALLELE__SINGLE_NORMALIZED_ALLELE	NOT_ASSIGNED_IN_STRUCTURE_AUDIT
577	run-phase1a-60z59-hg002-grch38-v421	event-run-phase1a-60z59-hg002-grch38-v421-record-630	run-phase1a-ru88n-hg002-grch38-v421	event-run-phase1a-ru88n-hg002-grch38-v421-record-640	CROSS_RUN_EQUIVALENCE_UNRESOLVED	True	True	True	True	2	2	1	1	SINGLE_NORMALIZED_ALLELE	SINGLE_NORMALIZED_ALLELE	SINGLE_NORMALIZED_ALLELE__SINGLE_NORMALIZED_ALLELE	NOT_ASSIGNED_IN_STRUCTURE_AUDIT
578	run-phase1a-60z59-hg002-grch38-v421	event-run-phase1a-60z59-hg002-grch38-v421-record-631	run-phase1a-ru88n-hg002-grch38-v421	event-run-phase1a-ru88n-hg002-grch38-v421-record-641	CROSS_RUN_EQUIVALENCE_UNRESOLVED	True	True	True	True	2	2	1	1	SINGLE_NORMALIZED_ALLELE	SINGLE_NORMALIZED_ALLELE	SINGLE_NORMALIZED_ALLELE__SINGLE_NORMALIZED_ALLELE	NOT_ASSIGNED_IN_STRUCTURE_AUDIT
579	run-phase1a-60z59-hg002-grch38-v421	event-run-phase1a-60z59-hg002-grch38-v421-record-632	run-phase1a-ru88n-hg002-grch38-v421	event-run-phase1a-ru88n-hg002-grch38-v421-record-642	CROSS_RUN_EQUIVALENCE_UNRESOLVED	True	True	True	True	2	2	1	1	SINGLE_NORMALIZED_ALLELE	SINGLE_NORMALIZED_ALLELE	SINGLE_NORMALIZED_ALLELE__SINGLE_NORMALIZED_ALLELE	NOT_ASSIGNED_IN_STRUCTURE_AUDIT
580	run-phase1a-60z59-hg002-grch38-v421	event-run-phase1a-60z59-hg002-grch38-v421-record-633	run-phase1a-ru88n-hg002-grch38-v421	event-run-phase1a-ru88n-hg002-grch38-v421-record-643	CROSS_RUN_EQUIVALENCE_UNRESOLVED	True	True	True	True	2	2	1	1	SINGLE_NORMALIZED_ALLELE	SINGLE_NORMALIZED_ALLELE	SINGLE_NORMALIZED_ALLELE__SINGLE_NORMALIZED_ALLELE	NOT_ASSIGNED_IN_STRUCTURE_AUDIT
581	run-phase1a-60z59-hg002-grch38-v421	event-run-phase1a-60z59-hg002-grch38-v421-record-634	run-phase1a-ru88n-hg002-grch38-v421	event-run-phase1a-ru88n-hg002-grch38-v421-record-644	CROSS_RUN_EQUIVALENCE_UNRESOLVED	True	True	True	True	2	2	1	1	SINGLE_NORMALIZED_ALLELE	SINGLE_NORMALIZED_ALLELE	SINGLE_NORMALIZED_ALLELE__SINGLE_NORMALIZED_ALLELE	NOT_ASSIGNED_IN_STRUCTURE_AUDIT
582	run-phase1a-60z59-hg002-grch38-v421	event-run-phase1a-60z59-hg002-grch38-v421-record-635	run-phase1a-ru88n-hg002-grch38-v421	event-run-phase1a-ru88n-hg002-grch38-v421-record-645	CROSS_RUN_EQUIVALENCE_UNRESOLVED	True	True	True	True	2	2	1	1	SINGLE_NORMALIZED_ALLELE	SINGLE_NORMALIZED_ALLELE	SINGLE_NORMALIZED_ALLELE__SINGLE_NORMALIZED_ALLELE	NOT_ASSIGNED_IN_STRUCTURE_AUDIT
583	run-phase1a-60z59-hg002-grch38-v421	event-run-phase1a-60z59-hg002-grch38-v421-record-637	run-phase1a-ru88n-hg002-grch38-v421	event-run-phase1a-ru88n-hg002-grch38-v421-record-646	CROSS_RUN_EQUIVALENCE_UNRESOLVED	True	True	True	True	2	2	1	1	SINGLE_NORMALIZED_ALLELE	SINGLE_NORMALIZED_ALLELE	SINGLE_NORMALIZED_ALLELE__SINGLE_NORMALIZED_ALLELE	NOT_ASSIGNED_IN_STRUCTURE_AUDIT
584	run-phase1a-60z59-hg002-grch38-v421	event-run-phase1a-60z59-hg002-grch38-v421-record-640	run-phase1a-ru88n-hg002-grch38-v421	event-run-phase1a-ru88n-hg002-grch38-v421-record-648	CROSS_RUN_EQUIVALENCE_UNRESOLVED	True	True	True	True	2	2	1	1	SINGLE_NORMALIZED_ALLELE	SINGLE_NORMALIZED_ALLELE	SINGLE_NORMALIZED_ALLELE__SINGLE_NORMALIZED_ALLELE	NOT_ASSIGNED_IN_STRUCTURE_AUDIT
585	run-phase1a-60z59-hg002-grch38-v421	event-run-phase1a-60z59-hg002-grch38-v421-record-641	run-phase1a-ru88n-hg002-grch38-v421	event-run-phase1a-ru88n-hg002-grch38-v421-record-649	CROSS_RUN_EQUIVALENCE_UNRESOLVED	True	True	True	True	2	2	1	1	SINGLE_NORMALIZED_ALLELE	SINGLE_NORMALIZED_ALLELE	SINGLE_NORMALIZED_ALLELE__SINGLE_NORMALIZED_ALLELE	NOT_ASSIGNED_IN_STRUCTURE_AUDIT
586	run-phase1a-60z59-hg002-grch38-v421	event-run-phase1a-60z59-hg002-grch38-v421-record-642	run-phase1a-ru88n-hg002-grch38-v421	event-run-phase1a-ru88n-hg002-grch38-v421-record-650	CROSS_RUN_EQUIVALENCE_UNRESOLVED	True	True	True	True	2	2	1	1	SINGLE_NORMALIZED_ALLELE	SINGLE_NORMALIZED_ALLELE	SINGLE_NORMALIZED_ALLELE__SINGLE_NORMALIZED_ALLELE	NOT_ASSIGNED_IN_STRUCTURE_AUDIT
587	run-phase1a-60z59-hg002-grch38-v421	event-run-phase1a-60z59-hg002-grch38-v421-record-643	run-phase1a-ru88n-hg002-grch38-v421	event-run-phase1a-ru88n-hg002-grch38-v421-record-651	CROSS_RUN_EQUIVALENCE_UNRESOLVED	True	True	True	True	2	2	1	1	SINGLE_NORMALIZED_ALLELE	SINGLE_NORMALIZED_ALLELE	SINGLE_NORMALIZED_ALLELE__SINGLE_NORMALIZED_ALLELE	NOT_ASSIGNED_IN_STRUCTURE_AUDIT
588	run-phase1a-60z59-hg002-grch38-v421	event-run-phase1a-60z59-hg002-grch38-v421-record-645	run-phase1a-ru88n-hg002-grch38-v421	event-run-phase1a-ru88n-hg002-grch38-v421-record-652	CROSS_RUN_EQUIVALENCE_UNRESOLVED	True	True	True	True	2	2	1	1	SINGLE_NORMALIZED_ALLELE	SINGLE_NORMALIZED_ALLELE	SINGLE_NORMALIZED_ALLELE__SINGLE_NORMALIZED_ALLELE	NOT_ASSIGNED_IN_STRUCTURE_AUDIT
589	run-phase1a-60z59-hg002-grch38-v421	event-run-phase1a-60z59-hg002-grch38-v421-record-646	run-phase1a-ru88n-hg002-grch38-v421	event-run-phase1a-ru88n-hg002-grch38-v421-record-653	CROSS_RUN_EQUIVALENCE_UNRESOLVED	True	True	True	True	2	2	1	1	SINGLE_NORMALIZED_ALLELE	SINGLE_NORMALIZED_ALLELE	SINGLE_NORMALIZED_ALLELE__SINGLE_NORMALIZED_ALLELE	NOT_ASSIGNED_IN_STRUCTURE_AUDIT
590	run-phase1a-60z59-hg002-grch38-v421	event-run-phase1a-60z59-hg002-grch38-v421-record-647	run-phase1a-ru88n-hg002-grch38-v421	event-run-phase1a-ru88n-hg002-grch38-v421-record-654	CROSS_RUN_EQUIVALENCE_UNRESOLVED	True	True	True	True	2	2	1	1	SINGLE_NORMALIZED_ALLELE	SINGLE_NORMALIZED_ALLELE	SINGLE_NORMALIZED_ALLELE__SINGLE_NORMALIZED_ALLELE	NOT_ASSIGNED_IN_STRUCTURE_AUDIT
591	run-phase1a-60z59-hg002-grch38-v421	event-run-phase1a-60z59-hg002-grch38-v421-record-648	run-phase1a-ru88n-hg002-grch38-v421	event-run-phase1a-ru88n-hg002-grch38-v421-record-655	CROSS_RUN_EQUIVALENCE_UNRESOLVED	True	True	True	True	2	2	1	1	SINGLE_NORMALIZED_ALLELE	SINGLE_NORMALIZED_ALLELE	SINGLE_NORMALIZED_ALLELE__SINGLE_NORMALIZED_ALLELE	NOT_ASSIGNED_IN_STRUCTURE_AUDIT
592	run-phase1a-60z59-hg002-grch38-v421	event-run-phase1a-60z59-hg002-grch38-v421-record-649	run-phase1a-ru88n-hg002-grch38-v421	event-run-phase1a-ru88n-hg002-grch38-v421-record-656	CROSS_RUN_EQUIVALENCE_UNRESOLVED	True	True	True	True	2	2	1	1	SINGLE_NORMALIZED_ALLELE	SINGLE_NORMALIZED_ALLELE	SINGLE_NORMALIZED_ALLELE__SINGLE_NORMALIZED_ALLELE	NOT_ASSIGNED_IN_STRUCTURE_AUDIT
593	run-phase1a-60z59-hg002-grch38-v421	event-run-phase1a-60z59-hg002-grch38-v421-record-650	run-phase1a-ru88n-hg002-grch38-v421	event-run-phase1a-ru88n-hg002-grch38-v421-record-657	CROSS_RUN_EQUIVALENCE_UNRESOLVED	True	True	True	True	2	2	1	1	SINGLE_NORMALIZED_ALLELE	SINGLE_NORMALIZED_ALLELE	SINGLE_NORMALIZED_ALLELE__SINGLE_NORMALIZED_ALLELE	NOT_ASSIGNED_IN_STRUCTURE_AUDIT
594	run-phase1a-60z59-hg002-grch38-v421	event-run-phase1a-60z59-hg002-grch38-v421-record-651	run-phase1a-ru88n-hg002-grch38-v421	event-run-phase1a-ru88n-hg002-grch38-v421-record-658	CROSS_RUN_EQUIVALENCE_UNRESOLVED	True	True	True	True	2	2	1	1	SINGLE_NORMALIZED_ALLELE	SINGLE_NORMALIZED_ALLELE	SINGLE_NORMALIZED_ALLELE__SINGLE_NORMALIZED_ALLELE	NOT_ASSIGNED_IN_STRUCTURE_AUDIT
595	run-phase1a-60z59-hg002-grch38-v421	event-run-phase1a-60z59-hg002-grch38-v421-record-652	run-phase1a-ru88n-hg002-grch38-v421	event-run-phase1a-ru88n-hg002-grch38-v421-record-659	CROSS_RUN_EQUIVALENCE_UNRESOLVED	True	True	True	True	2	2	1	1	SINGLE_NORMALIZED_ALLELE	SINGLE_NORMALIZED_ALLELE	SINGLE_NORMALIZED_ALLELE__SINGLE_NORMALIZED_ALLELE	NOT_ASSIGNED_IN_STRUCTURE_AUDIT
596	run-phase1a-60z59-hg002-grch38-v421	event-run-phase1a-60z59-hg002-grch38-v421-record-653	run-phase1a-ru88n-hg002-grch38-v421	event-run-phase1a-ru88n-hg002-grch38-v421-record-660	CROSS_RUN_EQUIVALENCE_UNRESOLVED	True	True	True	True	2	2	1	1	SINGLE_NORMALIZED_ALLELE	SINGLE_NORMALIZED_ALLELE	SINGLE_NORMALIZED_ALLELE__SINGLE_NORMALIZED_ALLELE	NOT_ASSIGNED_IN_STRUCTURE_AUDIT
597	run-phase1a-60z59-hg002-grch38-v421	event-run-phase1a-60z59-hg002-grch38-v421-record-654	run-phase1a-ru88n-hg002-grch38-v421	event-run-phase1a-ru88n-hg002-grch38-v421-record-661	CROSS_RUN_EQUIVALENCE_UNRESOLVED	True	True	True	True	2	2	1	1	SINGLE_NORMALIZED_ALLELE	SINGLE_NORMALIZED_ALLELE	SINGLE_NORMALIZED_ALLELE__SINGLE_NORMALIZED_ALLELE	NOT_ASSIGNED_IN_STRUCTURE_AUDIT
598	run-phase1a-60z59-hg002-grch38-v421	event-run-phase1a-60z59-hg002-grch38-v421-record-655	run-phase1a-ru88n-hg002-grch38-v421	event-run-phase1a-ru88n-hg002-grch38-v421-record-662	CROSS_RUN_EQUIVALENCE_UNRESOLVED	True	True	True	True	2	2	1	1	SINGLE_NORMALIZED_ALLELE	SINGLE_NORMALIZED_ALLELE	SINGLE_NORMALIZED_ALLELE__SINGLE_NORMALIZED_ALLELE	NOT_ASSIGNED_IN_STRUCTURE_AUDIT
599	run-phase1a-60z59-hg002-grch38-v421	event-run-phase1a-60z59-hg002-grch38-v421-record-656	run-phase1a-ru88n-hg002-grch38-v421	event-run-phase1a-ru88n-hg002-grch38-v421-record-663	CROSS_RUN_EQUIVALENCE_UNRESOLVED	True	True	True	True	2	2	1	1	SINGLE_NORMALIZED_ALLELE	SINGLE_NORMALIZED_ALLELE	SINGLE_NORMALIZED_ALLELE__SINGLE_NORMALIZED_ALLELE	NOT_ASSIGNED_IN_STRUCTURE_AUDIT
600	run-phase1a-60z59-hg002-grch38-v421	event-run-phase1a-60z59-hg002-grch38-v421-record-657	run-phase1a-ru88n-hg002-grch38-v421	event-run-phase1a-ru88n-hg002-grch38-v421-record-664	CROSS_RUN_EQUIVALENCE_UNRESOLVED	True	True	True	True	2	2	1	1	SINGLE_NORMALIZED_ALLELE	SINGLE_NORMALIZED_ALLELE	SINGLE_NORMALIZED_ALLELE__SINGLE_NORMALIZED_ALLELE	NOT_ASSIGNED_IN_STRUCTURE_AUDIT
601	run-phase1a-60z59-hg002-grch38-v421	event-run-phase1a-60z59-hg002-grch38-v421-record-658	run-phase1a-ru88n-hg002-grch38-v421	event-run-phase1a-ru88n-hg002-grch38-v421-record-665	CROSS_RUN_EQUIVALENCE_UNRESOLVED	True	True	True	True	2	2	1	1	SINGLE_NORMALIZED_ALLELE	SINGLE_NORMALIZED_ALLELE	SINGLE_NORMALIZED_ALLELE__SINGLE_NORMALIZED_ALLELE	NOT_ASSIGNED_IN_STRUCTURE_AUDIT
602	run-phase1a-60z59-hg002-grch38-v421	event-run-phase1a-60z59-hg002-grch38-v421-record-659	run-phase1a-ru88n-hg002-grch38-v421	event-run-phase1a-ru88n-hg002-grch38-v421-record-666	CROSS_RUN_EQUIVALENCE_UNRESOLVED	True	True	True	True	2	2	1	1	SINGLE_NORMALIZED_ALLELE	SINGLE_NORMALIZED_ALLELE	SINGLE_NORMALIZED_ALLELE__SINGLE_NORMALIZED_ALLELE	NOT_ASSIGNED_IN_STRUCTURE_AUDIT
603	run-phase1a-60z59-hg002-grch38-v421	event-run-phase1a-60z59-hg002-grch38-v421-record-660	run-phase1a-ru88n-hg002-grch38-v421	event-run-phase1a-ru88n-hg002-grch38-v421-record-667	CROSS_RUN_EQUIVALENCE_UNRESOLVED	True	True	True	True	2	2	1	1	SINGLE_NORMALIZED_ALLELE	SINGLE_NORMALIZED_ALLELE	SINGLE_NORMALIZED_ALLELE__SINGLE_NORMALIZED_ALLELE	NOT_ASSIGNED_IN_STRUCTURE_AUDIT
604	run-phase1a-60z59-hg002-grch38-v421	event-run-phase1a-60z59-hg002-grch38-v421-record-661	run-phase1a-ru88n-hg002-grch38-v421	event-run-phase1a-ru88n-hg002-grch38-v421-record-668	CROSS_RUN_EQUIVALENCE_UNRESOLVED	True	True	True	True	2	2	1	1	SINGLE_NORMALIZED_ALLELE	SINGLE_NORMALIZED_ALLELE	SINGLE_NORMALIZED_ALLELE__SINGLE_NORMALIZED_ALLELE	NOT_ASSIGNED_IN_STRUCTURE_AUDIT
605	run-phase1a-60z59-hg002-grch38-v421	event-run-phase1a-60z59-hg002-grch38-v421-record-662	run-phase1a-ru88n-hg002-grch38-v421	event-run-phase1a-ru88n-hg002-grch38-v421-record-669	CROSS_RUN_EQUIVALENCE_UNRESOLVED	True	True	True	True	2	2	1	1	SINGLE_NORMALIZED_ALLELE	SINGLE_NORMALIZED_ALLELE	SINGLE_NORMALIZED_ALLELE__SINGLE_NORMALIZED_ALLELE	NOT_ASSIGNED_IN_STRUCTURE_AUDIT
606	run-phase1a-60z59-hg002-grch38-v421	event-run-phase1a-60z59-hg002-grch38-v421-record-663	run-phase1a-ru88n-hg002-grch38-v421	event-run-phase1a-ru88n-hg002-grch38-v421-record-670	CROSS_RUN_EQUIVALENCE_UNRESOLVED	True	True	True	True	2	2	1	1	SINGLE_NORMALIZED_ALLELE	SINGLE_NORMALIZED_ALLELE	SINGLE_NORMALIZED_ALLELE__SINGLE_NORMALIZED_ALLELE	NOT_ASSIGNED_IN_STRUCTURE_AUDIT
607	run-phase1a-60z59-hg002-grch38-v421	event-run-phase1a-60z59-hg002-grch38-v421-record-665	run-phase1a-ru88n-hg002-grch38-v421	event-run-phase1a-ru88n-hg002-grch38-v421-record-673	CROSS_RUN_EQUIVALENCE_UNRESOLVED	True	True	True	True	2	2	1	1	SINGLE_NORMALIZED_ALLELE	SINGLE_NORMALIZED_ALLELE	SINGLE_NORMALIZED_ALLELE__SINGLE_NORMALIZED_ALLELE	NOT_ASSIGNED_IN_STRUCTURE_AUDIT
608	run-phase1a-60z59-hg002-grch38-v421	event-run-phase1a-60z59-hg002-grch38-v421-record-666	run-phase1a-ru88n-hg002-grch38-v421	event-run-phase1a-ru88n-hg002-grch38-v421-record-674	CROSS_RUN_EQUIVALENCE_UNRESOLVED	True	True	True	True	2	2	1	1	SINGLE_NORMALIZED_ALLELE	SINGLE_NORMALIZED_ALLELE	SINGLE_NORMALIZED_ALLELE__SINGLE_NORMALIZED_ALLELE	NOT_ASSIGNED_IN_STRUCTURE_AUDIT
609	run-phase1a-60z59-hg002-grch38-v421	event-run-phase1a-60z59-hg002-grch38-v421-record-667	run-phase1a-ru88n-hg002-grch38-v421	event-run-phase1a-ru88n-hg002-grch38-v421-record-675	CROSS_RUN_EQUIVALENCE_UNRESOLVED	True	True	True	True	2	2	1	1	SINGLE_NORMALIZED_ALLELE	SINGLE_NORMALIZED_ALLELE	SINGLE_NORMALIZED_ALLELE__SINGLE_NORMALIZED_ALLELE	NOT_ASSIGNED_IN_STRUCTURE_AUDIT
610	run-phase1a-60z59-hg002-grch38-v421	event-run-phase1a-60z59-hg002-grch38-v421-record-668	run-phase1a-ru88n-hg002-grch38-v421	event-run-phase1a-ru88n-hg002-grch38-v421-record-676	CROSS_RUN_EQUIVALENCE_UNRESOLVED	True	True	True	True	2	2	1	1	SINGLE_NORMALIZED_ALLELE	SINGLE_NORMALIZED_ALLELE	SINGLE_NORMALIZED_ALLELE__SINGLE_NORMALIZED_ALLELE	NOT_ASSIGNED_IN_STRUCTURE_AUDIT
611	run-phase1a-60z59-hg002-grch38-v421	event-run-phase1a-60z59-hg002-grch38-v421-record-669	run-phase1a-ru88n-hg002-grch38-v421	event-run-phase1a-ru88n-hg002-grch38-v421-record-677	CROSS_RUN_EQUIVALENCE_UNRESOLVED	True	True	True	True	2	2	1	1	SINGLE_NORMALIZED_ALLELE	SINGLE_NORMALIZED_ALLELE	SINGLE_NORMALIZED_ALLELE__SINGLE_NORMALIZED_ALLELE	NOT_ASSIGNED_IN_STRUCTURE_AUDIT
612	run-phase1a-60z59-hg002-grch38-v421	event-run-phase1a-60z59-hg002-grch38-v421-record-670	run-phase1a-ru88n-hg002-grch38-v421	event-run-phase1a-ru88n-hg002-grch38-v421-record-678	CROSS_RUN_EQUIVALENCE_UNRESOLVED	True	True	True	True	2	2	1	1	SINGLE_NORMALIZED_ALLELE	SINGLE_NORMALIZED_ALLELE	SINGLE_NORMALIZED_ALLELE__SINGLE_NORMALIZED_ALLELE	NOT_ASSIGNED_IN_STRUCTURE_AUDIT
613	run-phase1a-60z59-hg002-grch38-v421	event-run-phase1a-60z59-hg002-grch38-v421-record-671	run-phase1a-ru88n-hg002-grch38-v421	event-run-phase1a-ru88n-hg002-grch38-v421-record-679	CROSS_RUN_EQUIVALENCE_UNRESOLVED	True	True	True	True	2	2	1	1	SINGLE_NORMALIZED_ALLELE	SINGLE_NORMALIZED_ALLELE	SINGLE_NORMALIZED_ALLELE__SINGLE_NORMALIZED_ALLELE	NOT_ASSIGNED_IN_STRUCTURE_AUDIT
614	run-phase1a-60z59-hg002-grch38-v421	event-run-phase1a-60z59-hg002-grch38-v421-record-672	run-phase1a-ru88n-hg002-grch38-v421	event-run-phase1a-ru88n-hg002-grch38-v421-record-680	CROSS_RUN_EQUIVALENCE_UNRESOLVED	True	True	True	True	2	2	1	1	SINGLE_NORMALIZED_ALLELE	SINGLE_NORMALIZED_ALLELE	SINGLE_NORMALIZED_ALLELE__SINGLE_NORMALIZED_ALLELE	NOT_ASSIGNED_IN_STRUCTURE_AUDIT
615	run-phase1a-60z59-hg002-grch38-v421	event-run-phase1a-60z59-hg002-grch38-v421-record-673	run-phase1a-ru88n-hg002-grch38-v421	event-run-phase1a-ru88n-hg002-grch38-v421-record-681	CROSS_RUN_EQUIVALENCE_UNRESOLVED	True	True	True	True	2	2	1	1	SINGLE_NORMALIZED_ALLELE	SINGLE_NORMALIZED_ALLELE	SINGLE_NORMALIZED_ALLELE__SINGLE_NORMALIZED_ALLELE	NOT_ASSIGNED_IN_STRUCTURE_AUDIT
616	run-phase1a-60z59-hg002-grch38-v421	event-run-phase1a-60z59-hg002-grch38-v421-record-674	run-phase1a-ru88n-hg002-grch38-v421	event-run-phase1a-ru88n-hg002-grch38-v421-record-682	CROSS_RUN_EQUIVALENCE_UNRESOLVED	True	True	True	True	2	2	1	1	SINGLE_NORMALIZED_ALLELE	SINGLE_NORMALIZED_ALLELE	SINGLE_NORMALIZED_ALLELE__SINGLE_NORMALIZED_ALLELE	NOT_ASSIGNED_IN_STRUCTURE_AUDIT
617	run-phase1a-60z59-hg002-grch38-v421	event-run-phase1a-60z59-hg002-grch38-v421-record-675	run-phase1a-ru88n-hg002-grch38-v421	event-run-phase1a-ru88n-hg002-grch38-v421-record-683	CROSS_RUN_EQUIVALENCE_UNRESOLVED	True	True	True	True	2	2	1	1	SINGLE_NORMALIZED_ALLELE	SINGLE_NORMALIZED_ALLELE	SINGLE_NORMALIZED_ALLELE__SINGLE_NORMALIZED_ALLELE	NOT_ASSIGNED_IN_STRUCTURE_AUDIT
618	run-phase1a-60z59-hg002-grch38-v421	event-run-phase1a-60z59-hg002-grch38-v421-record-676	run-phase1a-ru88n-hg002-grch38-v421	event-run-phase1a-ru88n-hg002-grch38-v421-record-684	CROSS_RUN_EQUIVALENCE_UNRESOLVED	True	True	True	True	2	2	1	1	SINGLE_NORMALIZED_ALLELE	SINGLE_NORMALIZED_ALLELE	SINGLE_NORMALIZED_ALLELE__SINGLE_NORMALIZED_ALLELE	NOT_ASSIGNED_IN_STRUCTURE_AUDIT
619	run-phase1a-60z59-hg002-grch38-v421	event-run-phase1a-60z59-hg002-grch38-v421-record-677	run-phase1a-ru88n-hg002-grch38-v421	event-run-phase1a-ru88n-hg002-grch38-v421-record-685	CROSS_RUN_EQUIVALENCE_UNRESOLVED	True	True	True	True	2	2	1	1	SINGLE_NORMALIZED_ALLELE	SINGLE_NORMALIZED_ALLELE	SINGLE_NORMALIZED_ALLELE__SINGLE_NORMALIZED_ALLELE	NOT_ASSIGNED_IN_STRUCTURE_AUDIT
620	run-phase1a-60z59-hg002-grch38-v421	event-run-phase1a-60z59-hg002-grch38-v421-record-678	run-phase1a-ru88n-hg002-grch38-v421	event-run-phase1a-ru88n-hg002-grch38-v421-record-686	CROSS_RUN_EQUIVALENCE_UNRESOLVED	True	True	True	True	2	2	1	1	SINGLE_NORMALIZED_ALLELE	SINGLE_NORMALIZED_ALLELE	SINGLE_NORMALIZED_ALLELE__SINGLE_NORMALIZED_ALLELE	NOT_ASSIGNED_IN_STRUCTURE_AUDIT
621	run-phase1a-60z59-hg002-grch38-v421	event-run-phase1a-60z59-hg002-grch38-v421-record-679	run-phase1a-ru88n-hg002-grch38-v421	event-run-phase1a-ru88n-hg002-grch38-v421-record-687	CROSS_RUN_EQUIVALENCE_UNRESOLVED	True	True	True	True	2	2	1	1	SINGLE_NORMALIZED_ALLELE	SINGLE_NORMALIZED_ALLELE	SINGLE_NORMALIZED_ALLELE__SINGLE_NORMALIZED_ALLELE	NOT_ASSIGNED_IN_STRUCTURE_AUDIT
622	run-phase1a-60z59-hg002-grch38-v421	event-run-phase1a-60z59-hg002-grch38-v421-record-680	run-phase1a-ru88n-hg002-grch38-v421	event-run-phase1a-ru88n-hg002-grch38-v421-record-688	CROSS_RUN_EQUIVALENCE_UNRESOLVED	True	True	True	True	2	2	1	1	SINGLE_NORMALIZED_ALLELE	SINGLE_NORMALIZED_ALLELE	SINGLE_NORMALIZED_ALLELE__SINGLE_NORMALIZED_ALLELE	NOT_ASSIGNED_IN_STRUCTURE_AUDIT
623	run-phase1a-60z59-hg002-grch38-v421	event-run-phase1a-60z59-hg002-grch38-v421-record-681	run-phase1a-ru88n-hg002-grch38-v421	event-run-phase1a-ru88n-hg002-grch38-v421-record-689	CROSS_RUN_EQUIVALENCE_UNRESOLVED	True	True	True	True	2	2	1	1	SINGLE_NORMALIZED_ALLELE	SINGLE_NORMALIZED_ALLELE	SINGLE_NORMALIZED_ALLELE__SINGLE_NORMALIZED_ALLELE	NOT_ASSIGNED_IN_STRUCTURE_AUDIT
624	run-phase1a-60z59-hg002-grch38-v421	event-run-phase1a-60z59-hg002-grch38-v421-record-682	run-phase1a-ru88n-hg002-grch38-v421	event-run-phase1a-ru88n-hg002-grch38-v421-record-690	CROSS_RUN_EQUIVALENCE_UNRESOLVED	True	True	True	True	2	2	1	1	SINGLE_NORMALIZED_ALLELE	SINGLE_NORMALIZED_ALLELE	SINGLE_NORMALIZED_ALLELE__SINGLE_NORMALIZED_ALLELE	NOT_ASSIGNED_IN_STRUCTURE_AUDIT
625	run-phase1a-60z59-hg002-grch38-v421	event-run-phase1a-60z59-hg002-grch38-v421-record-683	run-phase1a-ru88n-hg002-grch38-v421	event-run-phase1a-ru88n-hg002-grch38-v421-record-691	CROSS_RUN_EQUIVALENCE_UNRESOLVED	True	True	True	True	2	2	1	1	SINGLE_NORMALIZED_ALLELE	SINGLE_NORMALIZED_ALLELE	SINGLE_NORMALIZED_ALLELE__SINGLE_NORMALIZED_ALLELE	NOT_ASSIGNED_IN_STRUCTURE_AUDIT
626	run-phase1a-60z59-hg002-grch38-v421	event-run-phase1a-60z59-hg002-grch38-v421-record-684	run-phase1a-ru88n-hg002-grch38-v421	event-run-phase1a-ru88n-hg002-grch38-v421-record-692	CROSS_RUN_EQUIVALENCE_UNRESOLVED	True	True	True	True	2	2	1	1	SINGLE_NORMALIZED_ALLELE	SINGLE_NORMALIZED_ALLELE	SINGLE_NORMALIZED_ALLELE__SINGLE_NORMALIZED_ALLELE	NOT_ASSIGNED_IN_STRUCTURE_AUDIT
627	run-phase1a-60z59-hg002-grch38-v421	event-run-phase1a-60z59-hg002-grch38-v421-record-685	run-phase1a-ru88n-hg002-grch38-v421	event-run-phase1a-ru88n-hg002-grch38-v421-record-693	CROSS_RUN_EQUIVALENCE_UNRESOLVED	True	True	True	True	2	2	1	1	SINGLE_NORMALIZED_ALLELE	SINGLE_NORMALIZED_ALLELE	SINGLE_NORMALIZED_ALLELE__SINGLE_NORMALIZED_ALLELE	NOT_ASSIGNED_IN_STRUCTURE_AUDIT
628	run-phase1a-60z59-hg002-grch38-v421	event-run-phase1a-60z59-hg002-grch38-v421-record-686	run-phase1a-ru88n-hg002-grch38-v421	event-run-phase1a-ru88n-hg002-grch38-v421-record-694	CROSS_RUN_EQUIVALENCE_UNRESOLVED	True	True	True	True	2	2	1	1	SINGLE_NORMALIZED_ALLELE	SINGLE_NORMALIZED_ALLELE	SINGLE_NORMALIZED_ALLELE__SINGLE_NORMALIZED_ALLELE	NOT_ASSIGNED_IN_STRUCTURE_AUDIT
629	run-phase1a-60z59-hg002-grch38-v421	event-run-phase1a-60z59-hg002-grch38-v421-record-687	run-phase1a-ru88n-hg002-grch38-v421	event-run-phase1a-ru88n-hg002-grch38-v421-record-695	CROSS_RUN_EQUIVALENCE_UNRESOLVED	True	True	True	True	2	2	1	1	SINGLE_NORMALIZED_ALLELE	SINGLE_NORMALIZED_ALLELE	SINGLE_NORMALIZED_ALLELE__SINGLE_NORMALIZED_ALLELE	NOT_ASSIGNED_IN_STRUCTURE_AUDIT
630	run-phase1a-60z59-hg002-grch38-v421	event-run-phase1a-60z59-hg002-grch38-v421-record-688	run-phase1a-ru88n-hg002-grch38-v421	event-run-phase1a-ru88n-hg002-grch38-v421-record-696	CROSS_RUN_EQUIVALENCE_UNRESOLVED	True	True	True	True	2	2	1	1	SINGLE_NORMALIZED_ALLELE	SINGLE_NORMALIZED_ALLELE	SINGLE_NORMALIZED_ALLELE__SINGLE_NORMALIZED_ALLELE	NOT_ASSIGNED_IN_STRUCTURE_AUDIT
631	run-phase1a-60z59-hg002-grch38-v421	event-run-phase1a-60z59-hg002-grch38-v421-record-689	run-phase1a-ru88n-hg002-grch38-v421	event-run-phase1a-ru88n-hg002-grch38-v421-record-697	CROSS_RUN_EQUIVALENCE_UNRESOLVED	True	True	True	True	2	2	1	1	SINGLE_NORMALIZED_ALLELE	SINGLE_NORMALIZED_ALLELE	SINGLE_NORMALIZED_ALLELE__SINGLE_NORMALIZED_ALLELE	NOT_ASSIGNED_IN_STRUCTURE_AUDIT
632	run-phase1a-60z59-hg002-grch38-v421	event-run-phase1a-60z59-hg002-grch38-v421-record-690	run-phase1a-ru88n-hg002-grch38-v421	event-run-phase1a-ru88n-hg002-grch38-v421-record-698	CROSS_RUN_EQUIVALENCE_UNRESOLVED	True	True	True	True	2	2	1	1	SINGLE_NORMALIZED_ALLELE	SINGLE_NORMALIZED_ALLELE	SINGLE_NORMALIZED_ALLELE__SINGLE_NORMALIZED_ALLELE	NOT_ASSIGNED_IN_STRUCTURE_AUDIT
633	run-phase1a-60z59-hg002-grch38-v421	event-run-phase1a-60z59-hg002-grch38-v421-record-691	run-phase1a-ru88n-hg002-grch38-v421	event-run-phase1a-ru88n-hg002-grch38-v421-record-699	CROSS_RUN_EQUIVALENCE_UNRESOLVED	True	True	True	True	2	2	1	1	SINGLE_NORMALIZED_ALLELE	SINGLE_NORMALIZED_ALLELE	SINGLE_NORMALIZED_ALLELE__SINGLE_NORMALIZED_ALLELE	NOT_ASSIGNED_IN_STRUCTURE_AUDIT
634	run-phase1a-60z59-hg002-grch38-v421	event-run-phase1a-60z59-hg002-grch38-v421-record-692	run-phase1a-ru88n-hg002-grch38-v421	event-run-phase1a-ru88n-hg002-grch38-v421-record-700	CROSS_RUN_EQUIVALENCE_UNRESOLVED	True	True	True	True	2	2	1	1	SINGLE_NORMALIZED_ALLELE	SINGLE_NORMALIZED_ALLELE	SINGLE_NORMALIZED_ALLELE__SINGLE_NORMALIZED_ALLELE	NOT_ASSIGNED_IN_STRUCTURE_AUDIT
635	run-phase1a-60z59-hg002-grch38-v421	event-run-phase1a-60z59-hg002-grch38-v421-record-693	run-phase1a-ru88n-hg002-grch38-v421	event-run-phase1a-ru88n-hg002-grch38-v421-record-701	CROSS_RUN_EQUIVALENCE_UNRESOLVED	True	True	True	True	2	2	1	1	SINGLE_NORMALIZED_ALLELE	SINGLE_NORMALIZED_ALLELE	SINGLE_NORMALIZED_ALLELE__SINGLE_NORMALIZED_ALLELE	NOT_ASSIGNED_IN_STRUCTURE_AUDIT
636	run-phase1a-60z59-hg002-grch38-v421	event-run-phase1a-60z59-hg002-grch38-v421-record-694	run-phase1a-ru88n-hg002-grch38-v421	event-run-phase1a-ru88n-hg002-grch38-v421-record-702	CROSS_RUN_EQUIVALENCE_UNRESOLVED	True	True	True	True	2	2	1	1	SINGLE_NORMALIZED_ALLELE	SINGLE_NORMALIZED_ALLELE	SINGLE_NORMALIZED_ALLELE__SINGLE_NORMALIZED_ALLELE	NOT_ASSIGNED_IN_STRUCTURE_AUDIT
637	run-phase1a-60z59-hg002-grch38-v421	event-run-phase1a-60z59-hg002-grch38-v421-record-695	run-phase1a-ru88n-hg002-grch38-v421	event-run-phase1a-ru88n-hg002-grch38-v421-record-703	CROSS_RUN_EQUIVALENCE_UNRESOLVED	True	True	True	True	2	2	1	1	SINGLE_NORMALIZED_ALLELE	SINGLE_NORMALIZED_ALLELE	SINGLE_NORMALIZED_ALLELE__SINGLE_NORMALIZED_ALLELE	NOT_ASSIGNED_IN_STRUCTURE_AUDIT
638	run-phase1a-60z59-hg002-grch38-v421	event-run-phase1a-60z59-hg002-grch38-v421-record-696	run-phase1a-ru88n-hg002-grch38-v421	event-run-phase1a-ru88n-hg002-grch38-v421-record-704	CROSS_RUN_EQUIVALENCE_UNRESOLVED	True	True	True	True	2	2	1	1	SINGLE_NORMALIZED_ALLELE	SINGLE_NORMALIZED_ALLELE	SINGLE_NORMALIZED_ALLELE__SINGLE_NORMALIZED_ALLELE	NOT_ASSIGNED_IN_STRUCTURE_AUDIT
639	run-phase1a-60z59-hg002-grch38-v421	event-run-phase1a-60z59-hg002-grch38-v421-record-698	run-phase1a-ru88n-hg002-grch38-v421	event-run-phase1a-ru88n-hg002-grch38-v421-record-706	CROSS_RUN_EQUIVALENCE_UNRESOLVED	True	True	True	True	2	2	1	1	SINGLE_NORMALIZED_ALLELE	SINGLE_NORMALIZED_ALLELE	SINGLE_NORMALIZED_ALLELE__SINGLE_NORMALIZED_ALLELE	NOT_ASSIGNED_IN_STRUCTURE_AUDIT
640	run-phase1a-60z59-hg002-grch38-v421	event-run-phase1a-60z59-hg002-grch38-v421-record-699	run-phase1a-ru88n-hg002-grch38-v421	event-run-phase1a-ru88n-hg002-grch38-v421-record-707	CROSS_RUN_EQUIVALENCE_UNRESOLVED	True	True	True	True	2	2	1	1	SINGLE_NORMALIZED_ALLELE	SINGLE_NORMALIZED_ALLELE	SINGLE_NORMALIZED_ALLELE__SINGLE_NORMALIZED_ALLELE	NOT_ASSIGNED_IN_STRUCTURE_AUDIT
641	run-phase1a-60z59-hg002-grch38-v421	event-run-phase1a-60z59-hg002-grch38-v421-record-700	run-phase1a-ru88n-hg002-grch38-v421	event-run-phase1a-ru88n-hg002-grch38-v421-record-708	CROSS_RUN_EQUIVALENCE_UNRESOLVED	True	True	True	True	2	2	1	1	SINGLE_NORMALIZED_ALLELE	SINGLE_NORMALIZED_ALLELE	SINGLE_NORMALIZED_ALLELE__SINGLE_NORMALIZED_ALLELE	NOT_ASSIGNED_IN_STRUCTURE_AUDIT
642	run-phase1a-60z59-hg002-grch38-v421	event-run-phase1a-60z59-hg002-grch38-v421-record-701	run-phase1a-ru88n-hg002-grch38-v421	event-run-phase1a-ru88n-hg002-grch38-v421-record-709	CROSS_RUN_EQUIVALENCE_UNRESOLVED	True	True	True	True	2	2	1	1	SINGLE_NORMALIZED_ALLELE	SINGLE_NORMALIZED_ALLELE	SINGLE_NORMALIZED_ALLELE__SINGLE_NORMALIZED_ALLELE	NOT_ASSIGNED_IN_STRUCTURE_AUDIT
643	run-phase1a-60z59-hg002-grch38-v421	event-run-phase1a-60z59-hg002-grch38-v421-record-702	run-phase1a-ru88n-hg002-grch38-v421	event-run-phase1a-ru88n-hg002-grch38-v421-record-710	CROSS_RUN_EQUIVALENCE_UNRESOLVED	True	True	True	True	2	2	1	1	SINGLE_NORMALIZED_ALLELE	SINGLE_NORMALIZED_ALLELE	SINGLE_NORMALIZED_ALLELE__SINGLE_NORMALIZED_ALLELE	NOT_ASSIGNED_IN_STRUCTURE_AUDIT
644	run-phase1a-60z59-hg002-grch38-v421	event-run-phase1a-60z59-hg002-grch38-v421-record-703	run-phase1a-ru88n-hg002-grch38-v421	event-run-phase1a-ru88n-hg002-grch38-v421-record-711	CROSS_RUN_EQUIVALENCE_UNRESOLVED	True	True	True	True	2	2	1	1	SINGLE_NORMALIZED_ALLELE	SINGLE_NORMALIZED_ALLELE	SINGLE_NORMALIZED_ALLELE__SINGLE_NORMALIZED_ALLELE	NOT_ASSIGNED_IN_STRUCTURE_AUDIT
645	run-phase1a-60z59-hg002-grch38-v421	event-run-phase1a-60z59-hg002-grch38-v421-record-704	run-phase1a-ru88n-hg002-grch38-v421	event-run-phase1a-ru88n-hg002-grch38-v421-record-712	CROSS_RUN_EQUIVALENCE_UNRESOLVED	True	True	True	True	2	2	1	1	SINGLE_NORMALIZED_ALLELE	SINGLE_NORMALIZED_ALLELE	SINGLE_NORMALIZED_ALLELE__SINGLE_NORMALIZED_ALLELE	NOT_ASSIGNED_IN_STRUCTURE_AUDIT
646	run-phase1a-60z59-hg002-grch38-v421	event-run-phase1a-60z59-hg002-grch38-v421-record-705	run-phase1a-ru88n-hg002-grch38-v421	event-run-phase1a-ru88n-hg002-grch38-v421-record-713	CROSS_RUN_EQUIVALENCE_UNRESOLVED	True	True	True	True	2	2	1	1	SINGLE_NORMALIZED_ALLELE	SINGLE_NORMALIZED_ALLELE	SINGLE_NORMALIZED_ALLELE__SINGLE_NORMALIZED_ALLELE	NOT_ASSIGNED_IN_STRUCTURE_AUDIT
647	run-phase1a-60z59-hg002-grch38-v421	event-run-phase1a-60z59-hg002-grch38-v421-record-706	run-phase1a-ru88n-hg002-grch38-v421	event-run-phase1a-ru88n-hg002-grch38-v421-record-714	CROSS_RUN_EQUIVALENCE_UNRESOLVED	True	True	True	True	2	2	1	1	SINGLE_NORMALIZED_ALLELE	SINGLE_NORMALIZED_ALLELE	SINGLE_NORMALIZED_ALLELE__SINGLE_NORMALIZED_ALLELE	NOT_ASSIGNED_IN_STRUCTURE_AUDIT
648	run-phase1a-60z59-hg002-grch38-v421	event-run-phase1a-60z59-hg002-grch38-v421-record-707	run-phase1a-ru88n-hg002-grch38-v421	event-run-phase1a-ru88n-hg002-grch38-v421-record-715	CROSS_RUN_EQUIVALENCE_UNRESOLVED	True	True	True	True	2	2	1	1	SINGLE_NORMALIZED_ALLELE	SINGLE_NORMALIZED_ALLELE	SINGLE_NORMALIZED_ALLELE__SINGLE_NORMALIZED_ALLELE	NOT_ASSIGNED_IN_STRUCTURE_AUDIT
649	run-phase1a-60z59-hg002-grch38-v421	event-run-phase1a-60z59-hg002-grch38-v421-record-708	run-phase1a-ru88n-hg002-grch38-v421	event-run-phase1a-ru88n-hg002-grch38-v421-record-716	CROSS_RUN_EQUIVALENCE_UNRESOLVED	True	True	True	True	2	2	1	1	SINGLE_NORMALIZED_ALLELE	SINGLE_NORMALIZED_ALLELE	SINGLE_NORMALIZED_ALLELE__SINGLE_NORMALIZED_ALLELE	NOT_ASSIGNED_IN_STRUCTURE_AUDIT
650	run-phase1a-60z59-hg002-grch38-v421	event-run-phase1a-60z59-hg002-grch38-v421-record-709	run-phase1a-ru88n-hg002-grch38-v421	event-run-phase1a-ru88n-hg002-grch38-v421-record-717	CROSS_RUN_EQUIVALENCE_UNRESOLVED	True	True	True	True	2	2	1	1	SINGLE_NORMALIZED_ALLELE	SINGLE_NORMALIZED_ALLELE	SINGLE_NORMALIZED_ALLELE__SINGLE_NORMALIZED_ALLELE	NOT_ASSIGNED_IN_STRUCTURE_AUDIT
651	run-phase1a-60z59-hg002-grch38-v421	event-run-phase1a-60z59-hg002-grch38-v421-record-710	run-phase1a-ru88n-hg002-grch38-v421	event-run-phase1a-ru88n-hg002-grch38-v421-record-718	CROSS_RUN_EQUIVALENCE_UNRESOLVED	True	True	True	True	2	2	1	1	SINGLE_NORMALIZED_ALLELE	SINGLE_NORMALIZED_ALLELE	SINGLE_NORMALIZED_ALLELE__SINGLE_NORMALIZED_ALLELE	NOT_ASSIGNED_IN_STRUCTURE_AUDIT
652	run-phase1a-60z59-hg002-grch38-v421	event-run-phase1a-60z59-hg002-grch38-v421-record-711	run-phase1a-ru88n-hg002-grch38-v421	event-run-phase1a-ru88n-hg002-grch38-v421-record-719	CROSS_RUN_EQUIVALENCE_UNRESOLVED	True	True	True	True	2	2	1	1	SINGLE_NORMALIZED_ALLELE	SINGLE_NORMALIZED_ALLELE	SINGLE_NORMALIZED_ALLELE__SINGLE_NORMALIZED_ALLELE	NOT_ASSIGNED_IN_STRUCTURE_AUDIT
653	run-phase1a-60z59-hg002-grch38-v421	event-run-phase1a-60z59-hg002-grch38-v421-record-712	run-phase1a-ru88n-hg002-grch38-v421	event-run-phase1a-ru88n-hg002-grch38-v421-record-720	CROSS_RUN_EQUIVALENCE_UNRESOLVED	True	True	True	True	2	2	1	1	SINGLE_NORMALIZED_ALLELE	SINGLE_NORMALIZED_ALLELE	SINGLE_NORMALIZED_ALLELE__SINGLE_NORMALIZED_ALLELE	NOT_ASSIGNED_IN_STRUCTURE_AUDIT
654	run-phase1a-60z59-hg002-grch38-v421	event-run-phase1a-60z59-hg002-grch38-v421-record-713	run-phase1a-ru88n-hg002-grch38-v421	event-run-phase1a-ru88n-hg002-grch38-v421-record-721	CROSS_RUN_EQUIVALENCE_UNRESOLVED	True	True	True	True	2	2	1	1	SINGLE_NORMALIZED_ALLELE	SINGLE_NORMALIZED_ALLELE	SINGLE_NORMALIZED_ALLELE__SINGLE_NORMALIZED_ALLELE	NOT_ASSIGNED_IN_STRUCTURE_AUDIT
655	run-phase1a-60z59-hg002-grch38-v421	event-run-phase1a-60z59-hg002-grch38-v421-record-714	run-phase1a-ru88n-hg002-grch38-v421	event-run-phase1a-ru88n-hg002-grch38-v421-record-722	CROSS_RUN_EQUIVALENCE_UNRESOLVED	True	True	True	True	2	2	1	1	SINGLE_NORMALIZED_ALLELE	SINGLE_NORMALIZED_ALLELE	SINGLE_NORMALIZED_ALLELE__SINGLE_NORMALIZED_ALLELE	NOT_ASSIGNED_IN_STRUCTURE_AUDIT
656	run-phase1a-60z59-hg002-grch38-v421	event-run-phase1a-60z59-hg002-grch38-v421-record-715	run-phase1a-ru88n-hg002-grch38-v421	event-run-phase1a-ru88n-hg002-grch38-v421-record-723	CROSS_RUN_EQUIVALENCE_UNRESOLVED	True	True	True	True	2	2	1	1	SINGLE_NORMALIZED_ALLELE	SINGLE_NORMALIZED_ALLELE	SINGLE_NORMALIZED_ALLELE__SINGLE_NORMALIZED_ALLELE	NOT_ASSIGNED_IN_STRUCTURE_AUDIT
657	run-phase1a-60z59-hg002-grch38-v421	event-run-phase1a-60z59-hg002-grch38-v421-record-716	run-phase1a-ru88n-hg002-grch38-v421	event-run-phase1a-ru88n-hg002-grch38-v421-record-724	CROSS_RUN_EQUIVALENCE_UNRESOLVED	True	True	True	True	2	2	1	1	SINGLE_NORMALIZED_ALLELE	SINGLE_NORMALIZED_ALLELE	SINGLE_NORMALIZED_ALLELE__SINGLE_NORMALIZED_ALLELE	NOT_ASSIGNED_IN_STRUCTURE_AUDIT
658	run-phase1a-60z59-hg002-grch38-v421	event-run-phase1a-60z59-hg002-grch38-v421-record-717	run-phase1a-ru88n-hg002-grch38-v421	event-run-phase1a-ru88n-hg002-grch38-v421-record-725	CROSS_RUN_EQUIVALENCE_UNRESOLVED	True	True	True	True	2	2	1	1	SINGLE_NORMALIZED_ALLELE	SINGLE_NORMALIZED_ALLELE	SINGLE_NORMALIZED_ALLELE__SINGLE_NORMALIZED_ALLELE	NOT_ASSIGNED_IN_STRUCTURE_AUDIT
659	run-phase1a-60z59-hg002-grch38-v421	event-run-phase1a-60z59-hg002-grch38-v421-record-718	run-phase1a-ru88n-hg002-grch38-v421	event-run-phase1a-ru88n-hg002-grch38-v421-record-726	CROSS_RUN_EQUIVALENCE_UNRESOLVED	True	True	True	True	2	2	1	1	SINGLE_NORMALIZED_ALLELE	SINGLE_NORMALIZED_ALLELE	SINGLE_NORMALIZED_ALLELE__SINGLE_NORMALIZED_ALLELE	NOT_ASSIGNED_IN_STRUCTURE_AUDIT
660	run-phase1a-60z59-hg002-grch38-v421	event-run-phase1a-60z59-hg002-grch38-v421-record-719	run-phase1a-ru88n-hg002-grch38-v421	event-run-phase1a-ru88n-hg002-grch38-v421-record-727	CROSS_RUN_EQUIVALENCE_UNRESOLVED	True	True	True	True	2	2	1	1	SINGLE_NORMALIZED_ALLELE	SINGLE_NORMALIZED_ALLELE	SINGLE_NORMALIZED_ALLELE__SINGLE_NORMALIZED_ALLELE	NOT_ASSIGNED_IN_STRUCTURE_AUDIT
661	run-phase1a-60z59-hg002-grch38-v421	event-run-phase1a-60z59-hg002-grch38-v421-record-720	run-phase1a-ru88n-hg002-grch38-v421	event-run-phase1a-ru88n-hg002-grch38-v421-record-728	CROSS_RUN_EQUIVALENCE_UNRESOLVED	True	True	True	True	2	2	1	1	SINGLE_NORMALIZED_ALLELE	SINGLE_NORMALIZED_ALLELE	SINGLE_NORMALIZED_ALLELE__SINGLE_NORMALIZED_ALLELE	NOT_ASSIGNED_IN_STRUCTURE_AUDIT
662	run-phase1a-60z59-hg002-grch38-v421	event-run-phase1a-60z59-hg002-grch38-v421-record-721	run-phase1a-ru88n-hg002-grch38-v421	event-run-phase1a-ru88n-hg002-grch38-v421-record-729	CROSS_RUN_EQUIVALENCE_UNRESOLVED	True	True	True	True	2	2	1	1	SINGLE_NORMALIZED_ALLELE	SINGLE_NORMALIZED_ALLELE	SINGLE_NORMALIZED_ALLELE__SINGLE_NORMALIZED_ALLELE	NOT_ASSIGNED_IN_STRUCTURE_AUDIT
663	run-phase1a-60z59-hg002-grch38-v421	event-run-phase1a-60z59-hg002-grch38-v421-record-722	run-phase1a-ru88n-hg002-grch38-v421	event-run-phase1a-ru88n-hg002-grch38-v421-record-730	CROSS_RUN_EQUIVALENCE_UNRESOLVED	True	True	True	True	2	2	1	1	SINGLE_NORMALIZED_ALLELE	SINGLE_NORMALIZED_ALLELE	SINGLE_NORMALIZED_ALLELE__SINGLE_NORMALIZED_ALLELE	NOT_ASSIGNED_IN_STRUCTURE_AUDIT
664	run-phase1a-60z59-hg002-grch38-v421	event-run-phase1a-60z59-hg002-grch38-v421-record-723	run-phase1a-ru88n-hg002-grch38-v421	event-run-phase1a-ru88n-hg002-grch38-v421-record-731	CROSS_RUN_EQUIVALENCE_UNRESOLVED	True	True	True	True	2	2	1	1	SINGLE_NORMALIZED_ALLELE	SINGLE_NORMALIZED_ALLELE	SINGLE_NORMALIZED_ALLELE__SINGLE_NORMALIZED_ALLELE	NOT_ASSIGNED_IN_STRUCTURE_AUDIT
665	run-phase1a-60z59-hg002-grch38-v421	event-run-phase1a-60z59-hg002-grch38-v421-record-724	run-phase1a-ru88n-hg002-grch38-v421	event-run-phase1a-ru88n-hg002-grch38-v421-record-732	CROSS_RUN_EQUIVALENCE_UNRESOLVED	True	True	True	True	2	2	1	1	SINGLE_NORMALIZED_ALLELE	SINGLE_NORMALIZED_ALLELE	SINGLE_NORMALIZED_ALLELE__SINGLE_NORMALIZED_ALLELE	NOT_ASSIGNED_IN_STRUCTURE_AUDIT
666	run-phase1a-60z59-hg002-grch38-v421	event-run-phase1a-60z59-hg002-grch38-v421-record-725	run-phase1a-ru88n-hg002-grch38-v421	event-run-phase1a-ru88n-hg002-grch38-v421-record-733	CROSS_RUN_EQUIVALENCE_UNRESOLVED	True	True	True	True	2	2	1	1	SINGLE_NORMALIZED_ALLELE	SINGLE_NORMALIZED_ALLELE	SINGLE_NORMALIZED_ALLELE__SINGLE_NORMALIZED_ALLELE	NOT_ASSIGNED_IN_STRUCTURE_AUDIT
667	run-phase1a-60z59-hg002-grch38-v421	event-run-phase1a-60z59-hg002-grch38-v421-record-726	run-phase1a-ru88n-hg002-grch38-v421	event-run-phase1a-ru88n-hg002-grch38-v421-record-734	CROSS_RUN_EQUIVALENCE_UNRESOLVED	True	True	True	True	2	2	1	1	SINGLE_NORMALIZED_ALLELE	SINGLE_NORMALIZED_ALLELE	SINGLE_NORMALIZED_ALLELE__SINGLE_NORMALIZED_ALLELE	NOT_ASSIGNED_IN_STRUCTURE_AUDIT
668	run-phase1a-60z59-hg002-grch38-v421	event-run-phase1a-60z59-hg002-grch38-v421-record-727	run-phase1a-ru88n-hg002-grch38-v421	event-run-phase1a-ru88n-hg002-grch38-v421-record-735	CROSS_RUN_EQUIVALENCE_UNRESOLVED	True	True	True	True	2	2	1	1	SINGLE_NORMALIZED_ALLELE	SINGLE_NORMALIZED_ALLELE	SINGLE_NORMALIZED_ALLELE__SINGLE_NORMALIZED_ALLELE	NOT_ASSIGNED_IN_STRUCTURE_AUDIT
669	run-phase1a-60z59-hg002-grch38-v421	event-run-phase1a-60z59-hg002-grch38-v421-record-728	run-phase1a-ru88n-hg002-grch38-v421	event-run-phase1a-ru88n-hg002-grch38-v421-record-736	CROSS_RUN_EQUIVALENCE_UNRESOLVED	True	True	True	True	2	2	1	1	SINGLE_NORMALIZED_ALLELE	SINGLE_NORMALIZED_ALLELE	SINGLE_NORMALIZED_ALLELE__SINGLE_NORMALIZED_ALLELE	NOT_ASSIGNED_IN_STRUCTURE_AUDIT
670	run-phase1a-60z59-hg002-grch38-v421	event-run-phase1a-60z59-hg002-grch38-v421-record-729	run-phase1a-ru88n-hg002-grch38-v421	event-run-phase1a-ru88n-hg002-grch38-v421-record-737	CROSS_RUN_EQUIVALENCE_UNRESOLVED	True	True	True	True	2	2	1	1	SINGLE_NORMALIZED_ALLELE	SINGLE_NORMALIZED_ALLELE	SINGLE_NORMALIZED_ALLELE__SINGLE_NORMALIZED_ALLELE	NOT_ASSIGNED_IN_STRUCTURE_AUDIT
671	run-phase1a-60z59-hg002-grch38-v421	event-run-phase1a-60z59-hg002-grch38-v421-record-730	run-phase1a-ru88n-hg002-grch38-v421	event-run-phase1a-ru88n-hg002-grch38-v421-record-740	CROSS_RUN_EQUIVALENCE_UNRESOLVED	True	True	True	True	2	2	1	1	SINGLE_NORMALIZED_ALLELE	SINGLE_NORMALIZED_ALLELE	SINGLE_NORMALIZED_ALLELE__SINGLE_NORMALIZED_ALLELE	NOT_ASSIGNED_IN_STRUCTURE_AUDIT
672	run-phase1a-60z59-hg002-grch38-v421	event-run-phase1a-60z59-hg002-grch38-v421-record-731	run-phase1a-ru88n-hg002-grch38-v421	event-run-phase1a-ru88n-hg002-grch38-v421-record-741	CROSS_RUN_EQUIVALENCE_UNRESOLVED	True	True	True	True	2	2	1	1	SINGLE_NORMALIZED_ALLELE	SINGLE_NORMALIZED_ALLELE	SINGLE_NORMALIZED_ALLELE__SINGLE_NORMALIZED_ALLELE	NOT_ASSIGNED_IN_STRUCTURE_AUDIT
673	run-phase1a-60z59-hg002-grch38-v421	event-run-phase1a-60z59-hg002-grch38-v421-record-732	run-phase1a-ru88n-hg002-grch38-v421	event-run-phase1a-ru88n-hg002-grch38-v421-record-742	CROSS_RUN_EQUIVALENCE_UNRESOLVED	True	True	True	True	2	2	1	1	SINGLE_NORMALIZED_ALLELE	SINGLE_NORMALIZED_ALLELE	SINGLE_NORMALIZED_ALLELE__SINGLE_NORMALIZED_ALLELE	NOT_ASSIGNED_IN_STRUCTURE_AUDIT
674	run-phase1a-60z59-hg002-grch38-v421	event-run-phase1a-60z59-hg002-grch38-v421-record-733	run-phase1a-ru88n-hg002-grch38-v421	event-run-phase1a-ru88n-hg002-grch38-v421-record-743	CROSS_RUN_EQUIVALENCE_UNRESOLVED	True	True	True	True	2	2	1	1	SINGLE_NORMALIZED_ALLELE	SINGLE_NORMALIZED_ALLELE	SINGLE_NORMALIZED_ALLELE__SINGLE_NORMALIZED_ALLELE	NOT_ASSIGNED_IN_STRUCTURE_AUDIT
675	run-phase1a-60z59-hg002-grch38-v421	event-run-phase1a-60z59-hg002-grch38-v421-record-734	run-phase1a-ru88n-hg002-grch38-v421	event-run-phase1a-ru88n-hg002-grch38-v421-record-744	CROSS_RUN_EQUIVALENCE_UNRESOLVED	True	True	True	True	2	2	1	1	SINGLE_NORMALIZED_ALLELE	SINGLE_NORMALIZED_ALLELE	SINGLE_NORMALIZED_ALLELE__SINGLE_NORMALIZED_ALLELE	NOT_ASSIGNED_IN_STRUCTURE_AUDIT
676	run-phase1a-60z59-hg002-grch38-v421	event-run-phase1a-60z59-hg002-grch38-v421-record-735	run-phase1a-ru88n-hg002-grch38-v421	event-run-phase1a-ru88n-hg002-grch38-v421-record-745	CROSS_RUN_EQUIVALENCE_UNRESOLVED	True	True	True	True	2	2	1	1	SINGLE_NORMALIZED_ALLELE	SINGLE_NORMALIZED_ALLELE	SINGLE_NORMALIZED_ALLELE__SINGLE_NORMALIZED_ALLELE	NOT_ASSIGNED_IN_STRUCTURE_AUDIT
677	run-phase1a-60z59-hg002-grch38-v421	event-run-phase1a-60z59-hg002-grch38-v421-record-736	run-phase1a-ru88n-hg002-grch38-v421	event-run-phase1a-ru88n-hg002-grch38-v421-record-746	CROSS_RUN_EQUIVALENCE_UNRESOLVED	True	True	True	True	2	2	1	1	SINGLE_NORMALIZED_ALLELE	SINGLE_NORMALIZED_ALLELE	SINGLE_NORMALIZED_ALLELE__SINGLE_NORMALIZED_ALLELE	NOT_ASSIGNED_IN_STRUCTURE_AUDIT
678	run-phase1a-60z59-hg002-grch38-v421	event-run-phase1a-60z59-hg002-grch38-v421-record-737	run-phase1a-ru88n-hg002-grch38-v421	event-run-phase1a-ru88n-hg002-grch38-v421-record-747	CROSS_RUN_EQUIVALENCE_UNRESOLVED	True	True	True	True	2	2	1	1	SINGLE_NORMALIZED_ALLELE	SINGLE_NORMALIZED_ALLELE	SINGLE_NORMALIZED_ALLELE__SINGLE_NORMALIZED_ALLELE	NOT_ASSIGNED_IN_STRUCTURE_AUDIT
679	run-phase1a-60z59-hg002-grch38-v421	event-run-phase1a-60z59-hg002-grch38-v421-record-738	run-phase1a-ru88n-hg002-grch38-v421	event-run-phase1a-ru88n-hg002-grch38-v421-record-748	CROSS_RUN_EQUIVALENCE_UNRESOLVED	True	True	True	True	2	2	1	1	SINGLE_NORMALIZED_ALLELE	SINGLE_NORMALIZED_ALLELE	SINGLE_NORMALIZED_ALLELE__SINGLE_NORMALIZED_ALLELE	NOT_ASSIGNED_IN_STRUCTURE_AUDIT
680	run-phase1a-60z59-hg002-grch38-v421	event-run-phase1a-60z59-hg002-grch38-v421-record-740	run-phase1a-ru88n-hg002-grch38-v421	event-run-phase1a-ru88n-hg002-grch38-v421-record-749	CROSS_RUN_EQUIVALENCE_UNRESOLVED	True	True	True	True	2	2	1	1	SINGLE_NORMALIZED_ALLELE	SINGLE_NORMALIZED_ALLELE	SINGLE_NORMALIZED_ALLELE__SINGLE_NORMALIZED_ALLELE	NOT_ASSIGNED_IN_STRUCTURE_AUDIT
681	run-phase1a-60z59-hg002-grch38-v421	event-run-phase1a-60z59-hg002-grch38-v421-record-741	run-phase1a-ru88n-hg002-grch38-v421	event-run-phase1a-ru88n-hg002-grch38-v421-record-750	CROSS_RUN_EQUIVALENCE_UNRESOLVED	True	True	True	True	2	2	1	1	SINGLE_NORMALIZED_ALLELE	SINGLE_NORMALIZED_ALLELE	SINGLE_NORMALIZED_ALLELE__SINGLE_NORMALIZED_ALLELE	NOT_ASSIGNED_IN_STRUCTURE_AUDIT
682	run-phase1a-60z59-hg002-grch38-v421	event-run-phase1a-60z59-hg002-grch38-v421-record-742	run-phase1a-ru88n-hg002-grch38-v421	event-run-phase1a-ru88n-hg002-grch38-v421-record-751	CROSS_RUN_EQUIVALENCE_UNRESOLVED	True	True	True	True	2	2	1	1	SINGLE_NORMALIZED_ALLELE	SINGLE_NORMALIZED_ALLELE	SINGLE_NORMALIZED_ALLELE__SINGLE_NORMALIZED_ALLELE	NOT_ASSIGNED_IN_STRUCTURE_AUDIT
683	run-phase1a-60z59-hg002-grch38-v421	event-run-phase1a-60z59-hg002-grch38-v421-record-743	run-phase1a-ru88n-hg002-grch38-v421	event-run-phase1a-ru88n-hg002-grch38-v421-record-752	CROSS_RUN_EQUIVALENCE_UNRESOLVED	True	True	True	True	2	2	1	1	SINGLE_NORMALIZED_ALLELE	SINGLE_NORMALIZED_ALLELE	SINGLE_NORMALIZED_ALLELE__SINGLE_NORMALIZED_ALLELE	NOT_ASSIGNED_IN_STRUCTURE_AUDIT
684	run-phase1a-60z59-hg002-grch38-v421	event-run-phase1a-60z59-hg002-grch38-v421-record-745	run-phase1a-ru88n-hg002-grch38-v421	event-run-phase1a-ru88n-hg002-grch38-v421-record-754	CROSS_RUN_EQUIVALENCE_UNRESOLVED	True	True	True	True	2	2	1	1	SINGLE_NORMALIZED_ALLELE	SINGLE_NORMALIZED_ALLELE	SINGLE_NORMALIZED_ALLELE__SINGLE_NORMALIZED_ALLELE	NOT_ASSIGNED_IN_STRUCTURE_AUDIT
685	run-phase1a-60z59-hg002-grch38-v421	event-run-phase1a-60z59-hg002-grch38-v421-record-746	run-phase1a-ru88n-hg002-grch38-v421	event-run-phase1a-ru88n-hg002-grch38-v421-record-755	CROSS_RUN_EQUIVALENCE_UNRESOLVED	True	True	True	True	2	2	1	1	SINGLE_NORMALIZED_ALLELE	SINGLE_NORMALIZED_ALLELE	SINGLE_NORMALIZED_ALLELE__SINGLE_NORMALIZED_ALLELE	NOT_ASSIGNED_IN_STRUCTURE_AUDIT
686	run-phase1a-60z59-hg002-grch38-v421	event-run-phase1a-60z59-hg002-grch38-v421-record-747	run-phase1a-ru88n-hg002-grch38-v421	event-run-phase1a-ru88n-hg002-grch38-v421-record-756	CROSS_RUN_EQUIVALENCE_UNRESOLVED	True	True	True	True	2	2	1	1	SINGLE_NORMALIZED_ALLELE	SINGLE_NORMALIZED_ALLELE	SINGLE_NORMALIZED_ALLELE__SINGLE_NORMALIZED_ALLELE	NOT_ASSIGNED_IN_STRUCTURE_AUDIT
687	run-phase1a-60z59-hg002-grch38-v421	event-run-phase1a-60z59-hg002-grch38-v421-record-748	run-phase1a-ru88n-hg002-grch38-v421	event-run-phase1a-ru88n-hg002-grch38-v421-record-757	CROSS_RUN_EQUIVALENCE_UNRESOLVED	True	True	True	True	2	2	1	1	SINGLE_NORMALIZED_ALLELE	SINGLE_NORMALIZED_ALLELE	SINGLE_NORMALIZED_ALLELE__SINGLE_NORMALIZED_ALLELE	NOT_ASSIGNED_IN_STRUCTURE_AUDIT
688	run-phase1a-60z59-hg002-grch38-v421	event-run-phase1a-60z59-hg002-grch38-v421-record-749	run-phase1a-ru88n-hg002-grch38-v421	event-run-phase1a-ru88n-hg002-grch38-v421-record-758	CROSS_RUN_EQUIVALENCE_UNRESOLVED	True	True	True	True	2	2	1	1	SINGLE_NORMALIZED_ALLELE	SINGLE_NORMALIZED_ALLELE	SINGLE_NORMALIZED_ALLELE__SINGLE_NORMALIZED_ALLELE	NOT_ASSIGNED_IN_STRUCTURE_AUDIT
689	run-phase1a-60z59-hg002-grch38-v421	event-run-phase1a-60z59-hg002-grch38-v421-record-750	run-phase1a-ru88n-hg002-grch38-v421	event-run-phase1a-ru88n-hg002-grch38-v421-record-759	CROSS_RUN_EQUIVALENCE_UNRESOLVED	True	True	True	True	2	2	1	1	SINGLE_NORMALIZED_ALLELE	SINGLE_NORMALIZED_ALLELE	SINGLE_NORMALIZED_ALLELE__SINGLE_NORMALIZED_ALLELE	NOT_ASSIGNED_IN_STRUCTURE_AUDIT
690	run-phase1a-60z59-hg002-grch38-v421	event-run-phase1a-60z59-hg002-grch38-v421-record-751	run-phase1a-ru88n-hg002-grch38-v421	event-run-phase1a-ru88n-hg002-grch38-v421-record-760	CROSS_RUN_EQUIVALENCE_UNRESOLVED	True	True	True	True	2	2	1	1	SINGLE_NORMALIZED_ALLELE	SINGLE_NORMALIZED_ALLELE	SINGLE_NORMALIZED_ALLELE__SINGLE_NORMALIZED_ALLELE	NOT_ASSIGNED_IN_STRUCTURE_AUDIT
691	run-phase1a-60z59-hg002-grch38-v421	event-run-phase1a-60z59-hg002-grch38-v421-record-752	run-phase1a-ru88n-hg002-grch38-v421	event-run-phase1a-ru88n-hg002-grch38-v421-record-761	CROSS_RUN_EQUIVALENCE_UNRESOLVED	True	True	True	True	2	2	1	1	SINGLE_NORMALIZED_ALLELE	SINGLE_NORMALIZED_ALLELE	SINGLE_NORMALIZED_ALLELE__SINGLE_NORMALIZED_ALLELE	NOT_ASSIGNED_IN_STRUCTURE_AUDIT
692	run-phase1a-60z59-hg002-grch38-v421	event-run-phase1a-60z59-hg002-grch38-v421-record-754	run-phase1a-ru88n-hg002-grch38-v421	event-run-phase1a-ru88n-hg002-grch38-v421-record-763	CROSS_RUN_EQUIVALENCE_UNRESOLVED	True	True	True	True	2	2	1	1	SINGLE_NORMALIZED_ALLELE	SINGLE_NORMALIZED_ALLELE	SINGLE_NORMALIZED_ALLELE__SINGLE_NORMALIZED_ALLELE	NOT_ASSIGNED_IN_STRUCTURE_AUDIT
693	run-phase1a-60z59-hg002-grch38-v421	event-run-phase1a-60z59-hg002-grch38-v421-record-755	run-phase1a-ru88n-hg002-grch38-v421	event-run-phase1a-ru88n-hg002-grch38-v421-record-764	CROSS_RUN_EQUIVALENCE_UNRESOLVED	True	True	True	True	2	2	1	1	SINGLE_NORMALIZED_ALLELE	SINGLE_NORMALIZED_ALLELE	SINGLE_NORMALIZED_ALLELE__SINGLE_NORMALIZED_ALLELE	NOT_ASSIGNED_IN_STRUCTURE_AUDIT
694	run-phase1a-60z59-hg002-grch38-v421	event-run-phase1a-60z59-hg002-grch38-v421-record-756	run-phase1a-ru88n-hg002-grch38-v421	event-run-phase1a-ru88n-hg002-grch38-v421-record-765	CROSS_RUN_EQUIVALENCE_UNRESOLVED	True	True	True	True	2	2	1	1	SINGLE_NORMALIZED_ALLELE	SINGLE_NORMALIZED_ALLELE	SINGLE_NORMALIZED_ALLELE__SINGLE_NORMALIZED_ALLELE	NOT_ASSIGNED_IN_STRUCTURE_AUDIT
695	run-phase1a-60z59-hg002-grch38-v421	event-run-phase1a-60z59-hg002-grch38-v421-record-757	run-phase1a-ru88n-hg002-grch38-v421	event-run-phase1a-ru88n-hg002-grch38-v421-record-766	CROSS_RUN_EQUIVALENCE_UNRESOLVED	True	True	True	True	2	2	1	1	SINGLE_NORMALIZED_ALLELE	SINGLE_NORMALIZED_ALLELE	SINGLE_NORMALIZED_ALLELE__SINGLE_NORMALIZED_ALLELE	NOT_ASSIGNED_IN_STRUCTURE_AUDIT
696	run-phase1a-60z59-hg002-grch38-v421	event-run-phase1a-60z59-hg002-grch38-v421-record-758	run-phase1a-ru88n-hg002-grch38-v421	event-run-phase1a-ru88n-hg002-grch38-v421-record-767	CROSS_RUN_EQUIVALENCE_UNRESOLVED	True	True	True	True	2	2	1	1	SINGLE_NORMALIZED_ALLELE	SINGLE_NORMALIZED_ALLELE	SINGLE_NORMALIZED_ALLELE__SINGLE_NORMALIZED_ALLELE	NOT_ASSIGNED_IN_STRUCTURE_AUDIT
697	run-phase1a-60z59-hg002-grch38-v421	event-run-phase1a-60z59-hg002-grch38-v421-record-759	run-phase1a-ru88n-hg002-grch38-v421	event-run-phase1a-ru88n-hg002-grch38-v421-record-768	CROSS_RUN_EQUIVALENCE_UNRESOLVED	True	True	True	True	2	2	1	1	SINGLE_NORMALIZED_ALLELE	SINGLE_NORMALIZED_ALLELE	SINGLE_NORMALIZED_ALLELE__SINGLE_NORMALIZED_ALLELE	NOT_ASSIGNED_IN_STRUCTURE_AUDIT
698	run-phase1a-60z59-hg002-grch38-v421	event-run-phase1a-60z59-hg002-grch38-v421-record-761	run-phase1a-ru88n-hg002-grch38-v421	event-run-phase1a-ru88n-hg002-grch38-v421-record-769	CROSS_RUN_EQUIVALENCE_UNRESOLVED	True	True	True	True	2	2	1	1	SINGLE_NORMALIZED_ALLELE	SINGLE_NORMALIZED_ALLELE	SINGLE_NORMALIZED_ALLELE__SINGLE_NORMALIZED_ALLELE	NOT_ASSIGNED_IN_STRUCTURE_AUDIT
699	run-phase1a-60z59-hg002-grch38-v421	event-run-phase1a-60z59-hg002-grch38-v421-record-762	run-phase1a-ru88n-hg002-grch38-v421	event-run-phase1a-ru88n-hg002-grch38-v421-record-770	CROSS_RUN_EQUIVALENCE_UNRESOLVED	True	True	True	True	2	2	1	1	SINGLE_NORMALIZED_ALLELE	SINGLE_NORMALIZED_ALLELE	SINGLE_NORMALIZED_ALLELE__SINGLE_NORMALIZED_ALLELE	NOT_ASSIGNED_IN_STRUCTURE_AUDIT
700	run-phase1a-60z59-hg002-grch38-v421	event-run-phase1a-60z59-hg002-grch38-v421-record-763	run-phase1a-ru88n-hg002-grch38-v421	event-run-phase1a-ru88n-hg002-grch38-v421-record-771	CROSS_RUN_EQUIVALENCE_UNRESOLVED	True	True	True	True	2	2	1	1	SINGLE_NORMALIZED_ALLELE	SINGLE_NORMALIZED_ALLELE	SINGLE_NORMALIZED_ALLELE__SINGLE_NORMALIZED_ALLELE	NOT_ASSIGNED_IN_STRUCTURE_AUDIT
701	run-phase1a-60z59-hg002-grch38-v421	event-run-phase1a-60z59-hg002-grch38-v421-record-764	run-phase1a-ru88n-hg002-grch38-v421	event-run-phase1a-ru88n-hg002-grch38-v421-record-772	CROSS_RUN_EQUIVALENCE_UNRESOLVED	True	True	True	True	2	2	1	1	SINGLE_NORMALIZED_ALLELE	SINGLE_NORMALIZED_ALLELE	SINGLE_NORMALIZED_ALLELE__SINGLE_NORMALIZED_ALLELE	NOT_ASSIGNED_IN_STRUCTURE_AUDIT
702	run-phase1a-60z59-hg002-grch38-v421	event-run-phase1a-60z59-hg002-grch38-v421-record-765	run-phase1a-ru88n-hg002-grch38-v421	event-run-phase1a-ru88n-hg002-grch38-v421-record-773	CROSS_RUN_EQUIVALENCE_UNRESOLVED	True	True	True	True	2	2	1	1	SINGLE_NORMALIZED_ALLELE	SINGLE_NORMALIZED_ALLELE	SINGLE_NORMALIZED_ALLELE__SINGLE_NORMALIZED_ALLELE	NOT_ASSIGNED_IN_STRUCTURE_AUDIT
703	run-phase1a-60z59-hg002-grch38-v421	event-run-phase1a-60z59-hg002-grch38-v421-record-766	run-phase1a-ru88n-hg002-grch38-v421	event-run-phase1a-ru88n-hg002-grch38-v421-record-774	CROSS_RUN_EQUIVALENCE_UNRESOLVED	True	True	True	True	2	2	1	1	SINGLE_NORMALIZED_ALLELE	SINGLE_NORMALIZED_ALLELE	SINGLE_NORMALIZED_ALLELE__SINGLE_NORMALIZED_ALLELE	NOT_ASSIGNED_IN_STRUCTURE_AUDIT
704	run-phase1a-60z59-hg002-grch38-v421	event-run-phase1a-60z59-hg002-grch38-v421-record-767	run-phase1a-ru88n-hg002-grch38-v421	event-run-phase1a-ru88n-hg002-grch38-v421-record-775	CROSS_RUN_EQUIVALENCE_UNRESOLVED	True	True	True	True	2	2	1	1	SINGLE_NORMALIZED_ALLELE	SINGLE_NORMALIZED_ALLELE	SINGLE_NORMALIZED_ALLELE__SINGLE_NORMALIZED_ALLELE	NOT_ASSIGNED_IN_STRUCTURE_AUDIT
705	run-phase1a-60z59-hg002-grch38-v421	event-run-phase1a-60z59-hg002-grch38-v421-record-768	run-phase1a-ru88n-hg002-grch38-v421	event-run-phase1a-ru88n-hg002-grch38-v421-record-776	CROSS_RUN_EQUIVALENCE_UNRESOLVED	True	True	True	True	2	2	1	1	SINGLE_NORMALIZED_ALLELE	SINGLE_NORMALIZED_ALLELE	SINGLE_NORMALIZED_ALLELE__SINGLE_NORMALIZED_ALLELE	NOT_ASSIGNED_IN_STRUCTURE_AUDIT
706	run-phase1a-60z59-hg002-grch38-v421	event-run-phase1a-60z59-hg002-grch38-v421-record-769	run-phase1a-ru88n-hg002-grch38-v421	event-run-phase1a-ru88n-hg002-grch38-v421-record-777	CROSS_RUN_EQUIVALENCE_UNRESOLVED	True	True	True	True	2	2	1	1	SINGLE_NORMALIZED_ALLELE	SINGLE_NORMALIZED_ALLELE	SINGLE_NORMALIZED_ALLELE__SINGLE_NORMALIZED_ALLELE	NOT_ASSIGNED_IN_STRUCTURE_AUDIT
707	run-phase1a-60z59-hg002-grch38-v421	event-run-phase1a-60z59-hg002-grch38-v421-record-770	run-phase1a-ru88n-hg002-grch38-v421	event-run-phase1a-ru88n-hg002-grch38-v421-record-778	CROSS_RUN_EQUIVALENCE_UNRESOLVED	True	True	True	True	2	2	1	1	SINGLE_NORMALIZED_ALLELE	SINGLE_NORMALIZED_ALLELE	SINGLE_NORMALIZED_ALLELE__SINGLE_NORMALIZED_ALLELE	NOT_ASSIGNED_IN_STRUCTURE_AUDIT
708	run-phase1a-60z59-hg002-grch38-v421	event-run-phase1a-60z59-hg002-grch38-v421-record-771	run-phase1a-ru88n-hg002-grch38-v421	event-run-phase1a-ru88n-hg002-grch38-v421-record-779	CROSS_RUN_EQUIVALENCE_UNRESOLVED	True	True	True	True	2	2	1	1	SINGLE_NORMALIZED_ALLELE	SINGLE_NORMALIZED_ALLELE	SINGLE_NORMALIZED_ALLELE__SINGLE_NORMALIZED_ALLELE	NOT_ASSIGNED_IN_STRUCTURE_AUDIT
709	run-phase1a-60z59-hg002-grch38-v421	event-run-phase1a-60z59-hg002-grch38-v421-record-772	run-phase1a-ru88n-hg002-grch38-v421	event-run-phase1a-ru88n-hg002-grch38-v421-record-780	CROSS_RUN_EQUIVALENCE_UNRESOLVED	True	True	True	True	2	2	1	1	SINGLE_NORMALIZED_ALLELE	SINGLE_NORMALIZED_ALLELE	SINGLE_NORMALIZED_ALLELE__SINGLE_NORMALIZED_ALLELE	NOT_ASSIGNED_IN_STRUCTURE_AUDIT
710	run-phase1a-60z59-hg002-grch38-v421	event-run-phase1a-60z59-hg002-grch38-v421-record-773	run-phase1a-ru88n-hg002-grch38-v421	event-run-phase1a-ru88n-hg002-grch38-v421-record-781	CROSS_RUN_EQUIVALENCE_UNRESOLVED	True	True	True	True	2	2	1	1	SINGLE_NORMALIZED_ALLELE	SINGLE_NORMALIZED_ALLELE	SINGLE_NORMALIZED_ALLELE__SINGLE_NORMALIZED_ALLELE	NOT_ASSIGNED_IN_STRUCTURE_AUDIT
711	run-phase1a-60z59-hg002-grch38-v421	event-run-phase1a-60z59-hg002-grch38-v421-record-774	run-phase1a-ru88n-hg002-grch38-v421	event-run-phase1a-ru88n-hg002-grch38-v421-record-782	CROSS_RUN_EQUIVALENCE_UNRESOLVED	True	True	True	True	2	2	1	1	SINGLE_NORMALIZED_ALLELE	SINGLE_NORMALIZED_ALLELE	SINGLE_NORMALIZED_ALLELE__SINGLE_NORMALIZED_ALLELE	NOT_ASSIGNED_IN_STRUCTURE_AUDIT
712	run-phase1a-60z59-hg002-grch38-v421	event-run-phase1a-60z59-hg002-grch38-v421-record-775	run-phase1a-ru88n-hg002-grch38-v421	event-run-phase1a-ru88n-hg002-grch38-v421-record-783	CROSS_RUN_EQUIVALENCE_UNRESOLVED	True	True	True	True	2	2	1	1	SINGLE_NORMALIZED_ALLELE	SINGLE_NORMALIZED_ALLELE	SINGLE_NORMALIZED_ALLELE__SINGLE_NORMALIZED_ALLELE	NOT_ASSIGNED_IN_STRUCTURE_AUDIT
713	run-phase1a-60z59-hg002-grch38-v421	event-run-phase1a-60z59-hg002-grch38-v421-record-776	run-phase1a-ru88n-hg002-grch38-v421	event-run-phase1a-ru88n-hg002-grch38-v421-record-784	CROSS_RUN_EQUIVALENCE_UNRESOLVED	True	True	True	True	2	2	1	1	SINGLE_NORMALIZED_ALLELE	SINGLE_NORMALIZED_ALLELE	SINGLE_NORMALIZED_ALLELE__SINGLE_NORMALIZED_ALLELE	NOT_ASSIGNED_IN_STRUCTURE_AUDIT
714	run-phase1a-60z59-hg002-grch38-v421	event-run-phase1a-60z59-hg002-grch38-v421-record-777	run-phase1a-ru88n-hg002-grch38-v421	event-run-phase1a-ru88n-hg002-grch38-v421-record-785	CROSS_RUN_EQUIVALENCE_UNRESOLVED	True	True	True	True	2	2	1	1	SINGLE_NORMALIZED_ALLELE	SINGLE_NORMALIZED_ALLELE	SINGLE_NORMALIZED_ALLELE__SINGLE_NORMALIZED_ALLELE	NOT_ASSIGNED_IN_STRUCTURE_AUDIT
715	run-phase1a-60z59-hg002-grch38-v421	event-run-phase1a-60z59-hg002-grch38-v421-record-778	run-phase1a-ru88n-hg002-grch38-v421	event-run-phase1a-ru88n-hg002-grch38-v421-record-786	CROSS_RUN_EQUIVALENCE_UNRESOLVED	True	True	True	True	2	2	1	1	SINGLE_NORMALIZED_ALLELE	SINGLE_NORMALIZED_ALLELE	SINGLE_NORMALIZED_ALLELE__SINGLE_NORMALIZED_ALLELE	NOT_ASSIGNED_IN_STRUCTURE_AUDIT
716	run-phase1a-60z59-hg002-grch38-v421	event-run-phase1a-60z59-hg002-grch38-v421-record-779	run-phase1a-ru88n-hg002-grch38-v421	event-run-phase1a-ru88n-hg002-grch38-v421-record-787	CROSS_RUN_EQUIVALENCE_UNRESOLVED	True	True	True	True	2	2	1	1	SINGLE_NORMALIZED_ALLELE	SINGLE_NORMALIZED_ALLELE	SINGLE_NORMALIZED_ALLELE__SINGLE_NORMALIZED_ALLELE	NOT_ASSIGNED_IN_STRUCTURE_AUDIT
717	run-phase1a-60z59-hg002-grch38-v421	event-run-phase1a-60z59-hg002-grch38-v421-record-782	run-phase1a-ru88n-hg002-grch38-v421	event-run-phase1a-ru88n-hg002-grch38-v421-record-788	CROSS_RUN_EQUIVALENCE_UNRESOLVED	True	True	True	True	2	2	1	1	SINGLE_NORMALIZED_ALLELE	SINGLE_NORMALIZED_ALLELE	SINGLE_NORMALIZED_ALLELE__SINGLE_NORMALIZED_ALLELE	NOT_ASSIGNED_IN_STRUCTURE_AUDIT
718	run-phase1a-60z59-hg002-grch38-v421	event-run-phase1a-60z59-hg002-grch38-v421-record-783	run-phase1a-ru88n-hg002-grch38-v421	event-run-phase1a-ru88n-hg002-grch38-v421-record-789	CROSS_RUN_EQUIVALENCE_UNRESOLVED	True	True	True	True	2	2	1	1	SINGLE_NORMALIZED_ALLELE	SINGLE_NORMALIZED_ALLELE	SINGLE_NORMALIZED_ALLELE__SINGLE_NORMALIZED_ALLELE	NOT_ASSIGNED_IN_STRUCTURE_AUDIT
719	run-phase1a-60z59-hg002-grch38-v421	event-run-phase1a-60z59-hg002-grch38-v421-record-784	run-phase1a-ru88n-hg002-grch38-v421	event-run-phase1a-ru88n-hg002-grch38-v421-record-790	CROSS_RUN_EQUIVALENCE_UNRESOLVED	True	True	True	True	2	2	1	1	SINGLE_NORMALIZED_ALLELE	SINGLE_NORMALIZED_ALLELE	SINGLE_NORMALIZED_ALLELE__SINGLE_NORMALIZED_ALLELE	NOT_ASSIGNED_IN_STRUCTURE_AUDIT
720	run-phase1a-60z59-hg002-grch38-v421	event-run-phase1a-60z59-hg002-grch38-v421-record-785	run-phase1a-ru88n-hg002-grch38-v421	event-run-phase1a-ru88n-hg002-grch38-v421-record-791	CROSS_RUN_EQUIVALENCE_UNRESOLVED	True	True	True	True	2	2	1	1	SINGLE_NORMALIZED_ALLELE	SINGLE_NORMALIZED_ALLELE	SINGLE_NORMALIZED_ALLELE__SINGLE_NORMALIZED_ALLELE	NOT_ASSIGNED_IN_STRUCTURE_AUDIT
721	run-phase1a-60z59-hg002-grch38-v421	event-run-phase1a-60z59-hg002-grch38-v421-record-786	run-phase1a-ru88n-hg002-grch38-v421	event-run-phase1a-ru88n-hg002-grch38-v421-record-792	CROSS_RUN_EQUIVALENCE_UNRESOLVED	True	True	True	True	2	2	1	1	SINGLE_NORMALIZED_ALLELE	SINGLE_NORMALIZED_ALLELE	SINGLE_NORMALIZED_ALLELE__SINGLE_NORMALIZED_ALLELE	NOT_ASSIGNED_IN_STRUCTURE_AUDIT
722	run-phase1a-60z59-hg002-grch38-v421	event-run-phase1a-60z59-hg002-grch38-v421-record-787	run-phase1a-ru88n-hg002-grch38-v421	event-run-phase1a-ru88n-hg002-grch38-v421-record-793	CROSS_RUN_EQUIVALENCE_UNRESOLVED	True	True	True	True	2	2	1	1	SINGLE_NORMALIZED_ALLELE	SINGLE_NORMALIZED_ALLELE	SINGLE_NORMALIZED_ALLELE__SINGLE_NORMALIZED_ALLELE	NOT_ASSIGNED_IN_STRUCTURE_AUDIT
723	run-phase1a-60z59-hg002-grch38-v421	event-run-phase1a-60z59-hg002-grch38-v421-record-788	run-phase1a-ru88n-hg002-grch38-v421	event-run-phase1a-ru88n-hg002-grch38-v421-record-794	CROSS_RUN_EQUIVALENCE_UNRESOLVED	True	True	True	True	2	2	1	1	SINGLE_NORMALIZED_ALLELE	SINGLE_NORMALIZED_ALLELE	SINGLE_NORMALIZED_ALLELE__SINGLE_NORMALIZED_ALLELE	NOT_ASSIGNED_IN_STRUCTURE_AUDIT
724	run-phase1a-60z59-hg002-grch38-v421	event-run-phase1a-60z59-hg002-grch38-v421-record-789	run-phase1a-ru88n-hg002-grch38-v421	event-run-phase1a-ru88n-hg002-grch38-v421-record-795	CROSS_RUN_EQUIVALENCE_UNRESOLVED	True	True	True	True	2	2	1	1	SINGLE_NORMALIZED_ALLELE	SINGLE_NORMALIZED_ALLELE	SINGLE_NORMALIZED_ALLELE__SINGLE_NORMALIZED_ALLELE	NOT_ASSIGNED_IN_STRUCTURE_AUDIT
725	run-phase1a-60z59-hg002-grch38-v421	event-run-phase1a-60z59-hg002-grch38-v421-record-790	run-phase1a-ru88n-hg002-grch38-v421	event-run-phase1a-ru88n-hg002-grch38-v421-record-796	CROSS_RUN_EQUIVALENCE_UNRESOLVED	True	True	True	True	2	2	1	1	SINGLE_NORMALIZED_ALLELE	SINGLE_NORMALIZED_ALLELE	SINGLE_NORMALIZED_ALLELE__SINGLE_NORMALIZED_ALLELE	NOT_ASSIGNED_IN_STRUCTURE_AUDIT
726	run-phase1a-60z59-hg002-grch38-v421	event-run-phase1a-60z59-hg002-grch38-v421-record-791	run-phase1a-ru88n-hg002-grch38-v421	event-run-phase1a-ru88n-hg002-grch38-v421-record-797	CROSS_RUN_EQUIVALENCE_UNRESOLVED	True	True	True	True	2	2	1	1	SINGLE_NORMALIZED_ALLELE	SINGLE_NORMALIZED_ALLELE	SINGLE_NORMALIZED_ALLELE__SINGLE_NORMALIZED_ALLELE	NOT_ASSIGNED_IN_STRUCTURE_AUDIT
727	run-phase1a-60z59-hg002-grch38-v421	event-run-phase1a-60z59-hg002-grch38-v421-record-792	run-phase1a-ru88n-hg002-grch38-v421	event-run-phase1a-ru88n-hg002-grch38-v421-record-798	CROSS_RUN_EQUIVALENCE_UNRESOLVED	True	True	True	True	2	2	1	1	SINGLE_NORMALIZED_ALLELE	SINGLE_NORMALIZED_ALLELE	SINGLE_NORMALIZED_ALLELE__SINGLE_NORMALIZED_ALLELE	NOT_ASSIGNED_IN_STRUCTURE_AUDIT
728	run-phase1a-60z59-hg002-grch38-v421	event-run-phase1a-60z59-hg002-grch38-v421-record-793	run-phase1a-ru88n-hg002-grch38-v421	event-run-phase1a-ru88n-hg002-grch38-v421-record-799	CROSS_RUN_EQUIVALENCE_UNRESOLVED	True	True	True	True	2	2	1	1	SINGLE_NORMALIZED_ALLELE	SINGLE_NORMALIZED_ALLELE	SINGLE_NORMALIZED_ALLELE__SINGLE_NORMALIZED_ALLELE	NOT_ASSIGNED_IN_STRUCTURE_AUDIT
729	run-phase1a-60z59-hg002-grch38-v421	event-run-phase1a-60z59-hg002-grch38-v421-record-794	run-phase1a-ru88n-hg002-grch38-v421	event-run-phase1a-ru88n-hg002-grch38-v421-record-800	CROSS_RUN_EQUIVALENCE_UNRESOLVED	True	True	True	True	2	2	1	1	SINGLE_NORMALIZED_ALLELE	SINGLE_NORMALIZED_ALLELE	SINGLE_NORMALIZED_ALLELE__SINGLE_NORMALIZED_ALLELE	NOT_ASSIGNED_IN_STRUCTURE_AUDIT
730	run-phase1a-60z59-hg002-grch38-v421	event-run-phase1a-60z59-hg002-grch38-v421-record-795	run-phase1a-ru88n-hg002-grch38-v421	event-run-phase1a-ru88n-hg002-grch38-v421-record-801	CROSS_RUN_EQUIVALENCE_UNRESOLVED	True	True	True	True	2	2	1	1	SINGLE_NORMALIZED_ALLELE	SINGLE_NORMALIZED_ALLELE	SINGLE_NORMALIZED_ALLELE__SINGLE_NORMALIZED_ALLELE	NOT_ASSIGNED_IN_STRUCTURE_AUDIT
731	run-phase1a-60z59-hg002-grch38-v421	event-run-phase1a-60z59-hg002-grch38-v421-record-796	run-phase1a-ru88n-hg002-grch38-v421	event-run-phase1a-ru88n-hg002-grch38-v421-record-802	CROSS_RUN_EQUIVALENCE_UNRESOLVED	True	True	True	True	2	2	1	1	SINGLE_NORMALIZED_ALLELE	SINGLE_NORMALIZED_ALLELE	SINGLE_NORMALIZED_ALLELE__SINGLE_NORMALIZED_ALLELE	NOT_ASSIGNED_IN_STRUCTURE_AUDIT
732	run-phase1a-60z59-hg002-grch38-v421	event-run-phase1a-60z59-hg002-grch38-v421-record-797	run-phase1a-ru88n-hg002-grch38-v421	event-run-phase1a-ru88n-hg002-grch38-v421-record-803	CROSS_RUN_EQUIVALENCE_UNRESOLVED	True	True	True	True	2	2	1	1	SINGLE_NORMALIZED_ALLELE	SINGLE_NORMALIZED_ALLELE	SINGLE_NORMALIZED_ALLELE__SINGLE_NORMALIZED_ALLELE	NOT_ASSIGNED_IN_STRUCTURE_AUDIT
733	run-phase1a-60z59-hg002-grch38-v421	event-run-phase1a-60z59-hg002-grch38-v421-record-798	run-phase1a-ru88n-hg002-grch38-v421	event-run-phase1a-ru88n-hg002-grch38-v421-record-804	CROSS_RUN_EQUIVALENCE_UNRESOLVED	True	True	True	True	2	2	1	1	SINGLE_NORMALIZED_ALLELE	SINGLE_NORMALIZED_ALLELE	SINGLE_NORMALIZED_ALLELE__SINGLE_NORMALIZED_ALLELE	NOT_ASSIGNED_IN_STRUCTURE_AUDIT
734	run-phase1a-60z59-hg002-grch38-v421	event-run-phase1a-60z59-hg002-grch38-v421-record-799	run-phase1a-ru88n-hg002-grch38-v421	event-run-phase1a-ru88n-hg002-grch38-v421-record-805	CROSS_RUN_EQUIVALENCE_UNRESOLVED	True	True	True	True	2	2	1	1	SINGLE_NORMALIZED_ALLELE	SINGLE_NORMALIZED_ALLELE	SINGLE_NORMALIZED_ALLELE__SINGLE_NORMALIZED_ALLELE	NOT_ASSIGNED_IN_STRUCTURE_AUDIT
735	run-phase1a-60z59-hg002-grch38-v421	event-run-phase1a-60z59-hg002-grch38-v421-record-800	run-phase1a-ru88n-hg002-grch38-v421	event-run-phase1a-ru88n-hg002-grch38-v421-record-806	CROSS_RUN_EQUIVALENCE_UNRESOLVED	True	True	True	True	2	2	1	1	SINGLE_NORMALIZED_ALLELE	SINGLE_NORMALIZED_ALLELE	SINGLE_NORMALIZED_ALLELE__SINGLE_NORMALIZED_ALLELE	NOT_ASSIGNED_IN_STRUCTURE_AUDIT
736	run-phase1a-60z59-hg002-grch38-v421	event-run-phase1a-60z59-hg002-grch38-v421-record-801	run-phase1a-ru88n-hg002-grch38-v421	event-run-phase1a-ru88n-hg002-grch38-v421-record-807	CROSS_RUN_EQUIVALENCE_UNRESOLVED	True	True	True	True	2	2	1	1	SINGLE_NORMALIZED_ALLELE	SINGLE_NORMALIZED_ALLELE	SINGLE_NORMALIZED_ALLELE__SINGLE_NORMALIZED_ALLELE	NOT_ASSIGNED_IN_STRUCTURE_AUDIT
737	run-phase1a-60z59-hg002-grch38-v421	event-run-phase1a-60z59-hg002-grch38-v421-record-802	run-phase1a-ru88n-hg002-grch38-v421	event-run-phase1a-ru88n-hg002-grch38-v421-record-808	CROSS_RUN_EQUIVALENCE_UNRESOLVED	True	True	True	True	2	2	1	1	SINGLE_NORMALIZED_ALLELE	SINGLE_NORMALIZED_ALLELE	SINGLE_NORMALIZED_ALLELE__SINGLE_NORMALIZED_ALLELE	NOT_ASSIGNED_IN_STRUCTURE_AUDIT
738	run-phase1a-60z59-hg002-grch38-v421	event-run-phase1a-60z59-hg002-grch38-v421-record-804	run-phase1a-ru88n-hg002-grch38-v421	event-run-phase1a-ru88n-hg002-grch38-v421-record-809	CROSS_RUN_EQUIVALENCE_UNRESOLVED	True	True	True	True	2	2	1	1	SINGLE_NORMALIZED_ALLELE	SINGLE_NORMALIZED_ALLELE	SINGLE_NORMALIZED_ALLELE__SINGLE_NORMALIZED_ALLELE	NOT_ASSIGNED_IN_STRUCTURE_AUDIT
739	run-phase1a-60z59-hg002-grch38-v421	event-run-phase1a-60z59-hg002-grch38-v421-record-805	run-phase1a-ru88n-hg002-grch38-v421	event-run-phase1a-ru88n-hg002-grch38-v421-record-810	CROSS_RUN_EQUIVALENCE_UNRESOLVED	True	True	True	True	2	2	1	1	SINGLE_NORMALIZED_ALLELE	SINGLE_NORMALIZED_ALLELE	SINGLE_NORMALIZED_ALLELE__SINGLE_NORMALIZED_ALLELE	NOT_ASSIGNED_IN_STRUCTURE_AUDIT
740	run-phase1a-60z59-hg002-grch38-v421	event-run-phase1a-60z59-hg002-grch38-v421-record-806	run-phase1a-ru88n-hg002-grch38-v421	event-run-phase1a-ru88n-hg002-grch38-v421-record-811	CROSS_RUN_EQUIVALENCE_UNRESOLVED	True	True	True	True	2	2	1	1	SINGLE_NORMALIZED_ALLELE	SINGLE_NORMALIZED_ALLELE	SINGLE_NORMALIZED_ALLELE__SINGLE_NORMALIZED_ALLELE	NOT_ASSIGNED_IN_STRUCTURE_AUDIT
741	run-phase1a-60z59-hg002-grch38-v421	event-run-phase1a-60z59-hg002-grch38-v421-record-807	run-phase1a-ru88n-hg002-grch38-v421	event-run-phase1a-ru88n-hg002-grch38-v421-record-812	CROSS_RUN_EQUIVALENCE_UNRESOLVED	True	True	True	True	2	2	1	1	SINGLE_NORMALIZED_ALLELE	SINGLE_NORMALIZED_ALLELE	SINGLE_NORMALIZED_ALLELE__SINGLE_NORMALIZED_ALLELE	NOT_ASSIGNED_IN_STRUCTURE_AUDIT
742	run-phase1a-60z59-hg002-grch38-v421	event-run-phase1a-60z59-hg002-grch38-v421-record-808	run-phase1a-ru88n-hg002-grch38-v421	event-run-phase1a-ru88n-hg002-grch38-v421-record-813	CROSS_RUN_EQUIVALENCE_UNRESOLVED	True	True	True	True	2	2	1	1	SINGLE_NORMALIZED_ALLELE	SINGLE_NORMALIZED_ALLELE	SINGLE_NORMALIZED_ALLELE__SINGLE_NORMALIZED_ALLELE	NOT_ASSIGNED_IN_STRUCTURE_AUDIT
743	run-phase1a-60z59-hg002-grch38-v421	event-run-phase1a-60z59-hg002-grch38-v421-record-809	run-phase1a-ru88n-hg002-grch38-v421	event-run-phase1a-ru88n-hg002-grch38-v421-record-814	CROSS_RUN_EQUIVALENCE_UNRESOLVED	True	True	True	True	2	2	1	1	SINGLE_NORMALIZED_ALLELE	SINGLE_NORMALIZED_ALLELE	SINGLE_NORMALIZED_ALLELE__SINGLE_NORMALIZED_ALLELE	NOT_ASSIGNED_IN_STRUCTURE_AUDIT
744	run-phase1a-60z59-hg002-grch38-v421	event-run-phase1a-60z59-hg002-grch38-v421-record-811	run-phase1a-ru88n-hg002-grch38-v421	event-run-phase1a-ru88n-hg002-grch38-v421-record-817	CROSS_RUN_EQUIVALENCE_UNRESOLVED	True	True	True	True	2	2	1	1	SINGLE_NORMALIZED_ALLELE	SINGLE_NORMALIZED_ALLELE	SINGLE_NORMALIZED_ALLELE__SINGLE_NORMALIZED_ALLELE	NOT_ASSIGNED_IN_STRUCTURE_AUDIT
745	run-phase1a-60z59-hg002-grch38-v421	event-run-phase1a-60z59-hg002-grch38-v421-record-812	run-phase1a-ru88n-hg002-grch38-v421	event-run-phase1a-ru88n-hg002-grch38-v421-record-818	CROSS_RUN_EQUIVALENCE_UNRESOLVED	True	True	True	True	2	2	1	1	SINGLE_NORMALIZED_ALLELE	SINGLE_NORMALIZED_ALLELE	SINGLE_NORMALIZED_ALLELE__SINGLE_NORMALIZED_ALLELE	NOT_ASSIGNED_IN_STRUCTURE_AUDIT
746	run-phase1a-60z59-hg002-grch38-v421	event-run-phase1a-60z59-hg002-grch38-v421-record-813	run-phase1a-ru88n-hg002-grch38-v421	event-run-phase1a-ru88n-hg002-grch38-v421-record-820	CROSS_RUN_EQUIVALENCE_UNRESOLVED	True	True	True	True	2	2	1	1	SINGLE_NORMALIZED_ALLELE	SINGLE_NORMALIZED_ALLELE	SINGLE_NORMALIZED_ALLELE__SINGLE_NORMALIZED_ALLELE	NOT_ASSIGNED_IN_STRUCTURE_AUDIT
747	run-phase1a-60z59-hg002-grch38-v421	event-run-phase1a-60z59-hg002-grch38-v421-record-814	run-phase1a-ru88n-hg002-grch38-v421	event-run-phase1a-ru88n-hg002-grch38-v421-record-821	CROSS_RUN_EQUIVALENCE_UNRESOLVED	True	True	True	True	2	2	1	1	SINGLE_NORMALIZED_ALLELE	SINGLE_NORMALIZED_ALLELE	SINGLE_NORMALIZED_ALLELE__SINGLE_NORMALIZED_ALLELE	NOT_ASSIGNED_IN_STRUCTURE_AUDIT
748	run-phase1a-60z59-hg002-grch38-v421	event-run-phase1a-60z59-hg002-grch38-v421-record-815	run-phase1a-ru88n-hg002-grch38-v421	event-run-phase1a-ru88n-hg002-grch38-v421-record-822	CROSS_RUN_EQUIVALENCE_UNRESOLVED	True	True	True	True	2	2	1	1	SINGLE_NORMALIZED_ALLELE	SINGLE_NORMALIZED_ALLELE	SINGLE_NORMALIZED_ALLELE__SINGLE_NORMALIZED_ALLELE	NOT_ASSIGNED_IN_STRUCTURE_AUDIT
749	run-phase1a-60z59-hg002-grch38-v421	event-run-phase1a-60z59-hg002-grch38-v421-record-816	run-phase1a-ru88n-hg002-grch38-v421	event-run-phase1a-ru88n-hg002-grch38-v421-record-823	CROSS_RUN_EQUIVALENCE_UNRESOLVED	True	True	True	True	2	2	1	1	SINGLE_NORMALIZED_ALLELE	SINGLE_NORMALIZED_ALLELE	SINGLE_NORMALIZED_ALLELE__SINGLE_NORMALIZED_ALLELE	NOT_ASSIGNED_IN_STRUCTURE_AUDIT
750	run-phase1a-60z59-hg002-grch38-v421	event-run-phase1a-60z59-hg002-grch38-v421-record-817	run-phase1a-ru88n-hg002-grch38-v421	event-run-phase1a-ru88n-hg002-grch38-v421-record-825	CROSS_RUN_EQUIVALENCE_UNRESOLVED	True	True	True	True	2	2	1	1	SINGLE_NORMALIZED_ALLELE	SINGLE_NORMALIZED_ALLELE	SINGLE_NORMALIZED_ALLELE__SINGLE_NORMALIZED_ALLELE	NOT_ASSIGNED_IN_STRUCTURE_AUDIT
751	run-phase1a-60z59-hg002-grch38-v421	event-run-phase1a-60z59-hg002-grch38-v421-record-818	run-phase1a-ru88n-hg002-grch38-v421	event-run-phase1a-ru88n-hg002-grch38-v421-record-826	CROSS_RUN_EQUIVALENCE_UNRESOLVED	True	True	True	True	2	2	1	1	SINGLE_NORMALIZED_ALLELE	SINGLE_NORMALIZED_ALLELE	SINGLE_NORMALIZED_ALLELE__SINGLE_NORMALIZED_ALLELE	NOT_ASSIGNED_IN_STRUCTURE_AUDIT
752	run-phase1a-60z59-hg002-grch38-v421	event-run-phase1a-60z59-hg002-grch38-v421-record-819	run-phase1a-ru88n-hg002-grch38-v421	event-run-phase1a-ru88n-hg002-grch38-v421-record-827	CROSS_RUN_EQUIVALENCE_UNRESOLVED	True	True	True	True	2	2	1	1	SINGLE_NORMALIZED_ALLELE	SINGLE_NORMALIZED_ALLELE	SINGLE_NORMALIZED_ALLELE__SINGLE_NORMALIZED_ALLELE	NOT_ASSIGNED_IN_STRUCTURE_AUDIT
753	run-phase1a-60z59-hg002-grch38-v421	event-run-phase1a-60z59-hg002-grch38-v421-record-822	run-phase1a-ru88n-hg002-grch38-v421	event-run-phase1a-ru88n-hg002-grch38-v421-record-829	CROSS_RUN_EQUIVALENCE_UNRESOLVED	True	True	True	True	2	2	1	1	SINGLE_NORMALIZED_ALLELE	SINGLE_NORMALIZED_ALLELE	SINGLE_NORMALIZED_ALLELE__SINGLE_NORMALIZED_ALLELE	NOT_ASSIGNED_IN_STRUCTURE_AUDIT
754	run-phase1a-60z59-hg002-grch38-v421	event-run-phase1a-60z59-hg002-grch38-v421-record-823	run-phase1a-ru88n-hg002-grch38-v421	event-run-phase1a-ru88n-hg002-grch38-v421-record-830	CROSS_RUN_EQUIVALENCE_UNRESOLVED	True	True	True	True	2	2	1	1	SINGLE_NORMALIZED_ALLELE	SINGLE_NORMALIZED_ALLELE	SINGLE_NORMALIZED_ALLELE__SINGLE_NORMALIZED_ALLELE	NOT_ASSIGNED_IN_STRUCTURE_AUDIT
755	run-phase1a-60z59-hg002-grch38-v421	event-run-phase1a-60z59-hg002-grch38-v421-record-824	run-phase1a-ru88n-hg002-grch38-v421	event-run-phase1a-ru88n-hg002-grch38-v421-record-831	CROSS_RUN_EQUIVALENCE_UNRESOLVED	True	True	True	True	2	2	1	1	SINGLE_NORMALIZED_ALLELE	SINGLE_NORMALIZED_ALLELE	SINGLE_NORMALIZED_ALLELE__SINGLE_NORMALIZED_ALLELE	NOT_ASSIGNED_IN_STRUCTURE_AUDIT
756	run-phase1a-60z59-hg002-grch38-v421	event-run-phase1a-60z59-hg002-grch38-v421-record-825	run-phase1a-ru88n-hg002-grch38-v421	event-run-phase1a-ru88n-hg002-grch38-v421-record-832	CROSS_RUN_EQUIVALENCE_UNRESOLVED	True	True	True	True	2	2	1	1	SINGLE_NORMALIZED_ALLELE	SINGLE_NORMALIZED_ALLELE	SINGLE_NORMALIZED_ALLELE__SINGLE_NORMALIZED_ALLELE	NOT_ASSIGNED_IN_STRUCTURE_AUDIT
757	run-phase1a-60z59-hg002-grch38-v421	event-run-phase1a-60z59-hg002-grch38-v421-record-826	run-phase1a-ru88n-hg002-grch38-v421	event-run-phase1a-ru88n-hg002-grch38-v421-record-833	CROSS_RUN_EQUIVALENCE_UNRESOLVED	True	True	True	True	2	2	1	1	SINGLE_NORMALIZED_ALLELE	SINGLE_NORMALIZED_ALLELE	SINGLE_NORMALIZED_ALLELE__SINGLE_NORMALIZED_ALLELE	NOT_ASSIGNED_IN_STRUCTURE_AUDIT
758	run-phase1a-60z59-hg002-grch38-v421	event-run-phase1a-60z59-hg002-grch38-v421-record-827	run-phase1a-ru88n-hg002-grch38-v421	event-run-phase1a-ru88n-hg002-grch38-v421-record-834	CROSS_RUN_EQUIVALENCE_UNRESOLVED	True	True	True	True	2	2	1	1	SINGLE_NORMALIZED_ALLELE	SINGLE_NORMALIZED_ALLELE	SINGLE_NORMALIZED_ALLELE__SINGLE_NORMALIZED_ALLELE	NOT_ASSIGNED_IN_STRUCTURE_AUDIT
759	run-phase1a-60z59-hg002-grch38-v421	event-run-phase1a-60z59-hg002-grch38-v421-record-829	run-phase1a-ru88n-hg002-grch38-v421	event-run-phase1a-ru88n-hg002-grch38-v421-record-835	CROSS_RUN_EQUIVALENCE_UNRESOLVED	True	True	True	True	2	2	1	1	SINGLE_NORMALIZED_ALLELE	SINGLE_NORMALIZED_ALLELE	SINGLE_NORMALIZED_ALLELE__SINGLE_NORMALIZED_ALLELE	NOT_ASSIGNED_IN_STRUCTURE_AUDIT
760	run-phase1a-60z59-hg002-grch38-v421	event-run-phase1a-60z59-hg002-grch38-v421-record-830	run-phase1a-ru88n-hg002-grch38-v421	event-run-phase1a-ru88n-hg002-grch38-v421-record-836	CROSS_RUN_EQUIVALENCE_UNRESOLVED	True	True	True	True	2	2	1	1	SINGLE_NORMALIZED_ALLELE	SINGLE_NORMALIZED_ALLELE	SINGLE_NORMALIZED_ALLELE__SINGLE_NORMALIZED_ALLELE	NOT_ASSIGNED_IN_STRUCTURE_AUDIT
761	run-phase1a-60z59-hg002-grch38-v421	event-run-phase1a-60z59-hg002-grch38-v421-record-831	run-phase1a-ru88n-hg002-grch38-v421	event-run-phase1a-ru88n-hg002-grch38-v421-record-837	CROSS_RUN_EQUIVALENCE_UNRESOLVED	True	True	True	True	2	2	1	1	SINGLE_NORMALIZED_ALLELE	SINGLE_NORMALIZED_ALLELE	SINGLE_NORMALIZED_ALLELE__SINGLE_NORMALIZED_ALLELE	NOT_ASSIGNED_IN_STRUCTURE_AUDIT
762	run-phase1a-60z59-hg002-grch38-v421	event-run-phase1a-60z59-hg002-grch38-v421-record-832	run-phase1a-ru88n-hg002-grch38-v421	event-run-phase1a-ru88n-hg002-grch38-v421-record-838	CROSS_RUN_EQUIVALENCE_UNRESOLVED	True	True	True	True	2	2	1	1	SINGLE_NORMALIZED_ALLELE	SINGLE_NORMALIZED_ALLELE	SINGLE_NORMALIZED_ALLELE__SINGLE_NORMALIZED_ALLELE	NOT_ASSIGNED_IN_STRUCTURE_AUDIT
763	run-phase1a-60z59-hg002-grch38-v421	event-run-phase1a-60z59-hg002-grch38-v421-record-833	run-phase1a-ru88n-hg002-grch38-v421	event-run-phase1a-ru88n-hg002-grch38-v421-record-839	CROSS_RUN_EQUIVALENCE_UNRESOLVED	True	True	True	True	2	2	1	1	SINGLE_NORMALIZED_ALLELE	SINGLE_NORMALIZED_ALLELE	SINGLE_NORMALIZED_ALLELE__SINGLE_NORMALIZED_ALLELE	NOT_ASSIGNED_IN_STRUCTURE_AUDIT
764	run-phase1a-60z59-hg002-grch38-v421	event-run-phase1a-60z59-hg002-grch38-v421-record-834	run-phase1a-ru88n-hg002-grch38-v421	event-run-phase1a-ru88n-hg002-grch38-v421-record-840	CROSS_RUN_EQUIVALENCE_UNRESOLVED	True	True	True	True	2	2	1	1	SINGLE_NORMALIZED_ALLELE	SINGLE_NORMALIZED_ALLELE	SINGLE_NORMALIZED_ALLELE__SINGLE_NORMALIZED_ALLELE	NOT_ASSIGNED_IN_STRUCTURE_AUDIT
765	run-phase1a-60z59-hg002-grch38-v421	event-run-phase1a-60z59-hg002-grch38-v421-record-835	run-phase1a-ru88n-hg002-grch38-v421	event-run-phase1a-ru88n-hg002-grch38-v421-record-841	CROSS_RUN_EQUIVALENCE_UNRESOLVED	True	True	True	True	2	2	1	1	SINGLE_NORMALIZED_ALLELE	SINGLE_NORMALIZED_ALLELE	SINGLE_NORMALIZED_ALLELE__SINGLE_NORMALIZED_ALLELE	NOT_ASSIGNED_IN_STRUCTURE_AUDIT
766	run-phase1a-60z59-hg002-grch38-v421	event-run-phase1a-60z59-hg002-grch38-v421-record-836	run-phase1a-ru88n-hg002-grch38-v421	event-run-phase1a-ru88n-hg002-grch38-v421-record-842	CROSS_RUN_EQUIVALENCE_UNRESOLVED	True	True	True	True	2	2	1	1	SINGLE_NORMALIZED_ALLELE	SINGLE_NORMALIZED_ALLELE	SINGLE_NORMALIZED_ALLELE__SINGLE_NORMALIZED_ALLELE	NOT_ASSIGNED_IN_STRUCTURE_AUDIT
767	run-phase1a-60z59-hg002-grch38-v421	event-run-phase1a-60z59-hg002-grch38-v421-record-837	run-phase1a-ru88n-hg002-grch38-v421	event-run-phase1a-ru88n-hg002-grch38-v421-record-843	CROSS_RUN_EQUIVALENCE_UNRESOLVED	True	True	True	True	2	2	1	1	SINGLE_NORMALIZED_ALLELE	SINGLE_NORMALIZED_ALLELE	SINGLE_NORMALIZED_ALLELE__SINGLE_NORMALIZED_ALLELE	NOT_ASSIGNED_IN_STRUCTURE_AUDIT
768	run-phase1a-60z59-hg002-grch38-v421	event-run-phase1a-60z59-hg002-grch38-v421-record-838	run-phase1a-ru88n-hg002-grch38-v421	event-run-phase1a-ru88n-hg002-grch38-v421-record-844	CROSS_RUN_EQUIVALENCE_UNRESOLVED	True	True	True	True	2	2	1	1	SINGLE_NORMALIZED_ALLELE	SINGLE_NORMALIZED_ALLELE	SINGLE_NORMALIZED_ALLELE__SINGLE_NORMALIZED_ALLELE	NOT_ASSIGNED_IN_STRUCTURE_AUDIT
769	run-phase1a-60z59-hg002-grch38-v421	event-run-phase1a-60z59-hg002-grch38-v421-record-839	run-phase1a-ru88n-hg002-grch38-v421	event-run-phase1a-ru88n-hg002-grch38-v421-record-845	CROSS_RUN_EQUIVALENCE_UNRESOLVED	True	True	True	True	2	2	1	1	SINGLE_NORMALIZED_ALLELE	SINGLE_NORMALIZED_ALLELE	SINGLE_NORMALIZED_ALLELE__SINGLE_NORMALIZED_ALLELE	NOT_ASSIGNED_IN_STRUCTURE_AUDIT
770	run-phase1a-60z59-hg002-grch38-v421	event-run-phase1a-60z59-hg002-grch38-v421-record-840	run-phase1a-ru88n-hg002-grch38-v421	event-run-phase1a-ru88n-hg002-grch38-v421-record-846	CROSS_RUN_EQUIVALENCE_UNRESOLVED	True	True	True	True	2	2	1	1	SINGLE_NORMALIZED_ALLELE	SINGLE_NORMALIZED_ALLELE	SINGLE_NORMALIZED_ALLELE__SINGLE_NORMALIZED_ALLELE	NOT_ASSIGNED_IN_STRUCTURE_AUDIT
771	run-phase1a-60z59-hg002-grch38-v421	event-run-phase1a-60z59-hg002-grch38-v421-record-841	run-phase1a-ru88n-hg002-grch38-v421	event-run-phase1a-ru88n-hg002-grch38-v421-record-847	CROSS_RUN_EQUIVALENCE_UNRESOLVED	True	True	True	True	2	2	1	1	SINGLE_NORMALIZED_ALLELE	SINGLE_NORMALIZED_ALLELE	SINGLE_NORMALIZED_ALLELE__SINGLE_NORMALIZED_ALLELE	NOT_ASSIGNED_IN_STRUCTURE_AUDIT
772	run-phase1a-60z59-hg002-grch38-v421	event-run-phase1a-60z59-hg002-grch38-v421-record-842	run-phase1a-ru88n-hg002-grch38-v421	event-run-phase1a-ru88n-hg002-grch38-v421-record-848	CROSS_RUN_EQUIVALENCE_UNRESOLVED	True	True	True	True	2	2	1	1	SINGLE_NORMALIZED_ALLELE	SINGLE_NORMALIZED_ALLELE	SINGLE_NORMALIZED_ALLELE__SINGLE_NORMALIZED_ALLELE	NOT_ASSIGNED_IN_STRUCTURE_AUDIT
773	run-phase1a-60z59-hg002-grch38-v421	event-run-phase1a-60z59-hg002-grch38-v421-record-843	run-phase1a-ru88n-hg002-grch38-v421	event-run-phase1a-ru88n-hg002-grch38-v421-record-849	CROSS_RUN_EQUIVALENCE_UNRESOLVED	True	True	True	True	2	2	1	1	SINGLE_NORMALIZED_ALLELE	SINGLE_NORMALIZED_ALLELE	SINGLE_NORMALIZED_ALLELE__SINGLE_NORMALIZED_ALLELE	NOT_ASSIGNED_IN_STRUCTURE_AUDIT
774	run-phase1a-60z59-hg002-grch38-v421	event-run-phase1a-60z59-hg002-grch38-v421-record-844	run-phase1a-ru88n-hg002-grch38-v421	event-run-phase1a-ru88n-hg002-grch38-v421-record-850	CROSS_RUN_EQUIVALENCE_UNRESOLVED	True	True	True	True	2	2	1	1	SINGLE_NORMALIZED_ALLELE	SINGLE_NORMALIZED_ALLELE	SINGLE_NORMALIZED_ALLELE__SINGLE_NORMALIZED_ALLELE	NOT_ASSIGNED_IN_STRUCTURE_AUDIT
775	run-phase1a-60z59-hg002-grch38-v421	event-run-phase1a-60z59-hg002-grch38-v421-record-845	run-phase1a-ru88n-hg002-grch38-v421	event-run-phase1a-ru88n-hg002-grch38-v421-record-851	CROSS_RUN_EQUIVALENCE_UNRESOLVED	True	True	True	True	2	2	1	1	SINGLE_NORMALIZED_ALLELE	SINGLE_NORMALIZED_ALLELE	SINGLE_NORMALIZED_ALLELE__SINGLE_NORMALIZED_ALLELE	NOT_ASSIGNED_IN_STRUCTURE_AUDIT
776	run-phase1a-60z59-hg002-grch38-v421	event-run-phase1a-60z59-hg002-grch38-v421-record-846	run-phase1a-ru88n-hg002-grch38-v421	event-run-phase1a-ru88n-hg002-grch38-v421-record-852	CROSS_RUN_EQUIVALENCE_UNRESOLVED	True	True	True	True	2	2	1	1	SINGLE_NORMALIZED_ALLELE	SINGLE_NORMALIZED_ALLELE	SINGLE_NORMALIZED_ALLELE__SINGLE_NORMALIZED_ALLELE	NOT_ASSIGNED_IN_STRUCTURE_AUDIT
777	run-phase1a-60z59-hg002-grch38-v421	event-run-phase1a-60z59-hg002-grch38-v421-record-847	run-phase1a-ru88n-hg002-grch38-v421	event-run-phase1a-ru88n-hg002-grch38-v421-record-853	CROSS_RUN_EQUIVALENCE_UNRESOLVED	True	True	True	True	2	2	1	1	SINGLE_NORMALIZED_ALLELE	SINGLE_NORMALIZED_ALLELE	SINGLE_NORMALIZED_ALLELE__SINGLE_NORMALIZED_ALLELE	NOT_ASSIGNED_IN_STRUCTURE_AUDIT
778	run-phase1a-60z59-hg002-grch38-v421	event-run-phase1a-60z59-hg002-grch38-v421-record-848	run-phase1a-ru88n-hg002-grch38-v421	event-run-phase1a-ru88n-hg002-grch38-v421-record-854	CROSS_RUN_EQUIVALENCE_UNRESOLVED	True	True	True	True	2	2	1	1	SINGLE_NORMALIZED_ALLELE	SINGLE_NORMALIZED_ALLELE	SINGLE_NORMALIZED_ALLELE__SINGLE_NORMALIZED_ALLELE	NOT_ASSIGNED_IN_STRUCTURE_AUDIT
779	run-phase1a-60z59-hg002-grch38-v421	event-run-phase1a-60z59-hg002-grch38-v421-record-849	run-phase1a-ru88n-hg002-grch38-v421	event-run-phase1a-ru88n-hg002-grch38-v421-record-855	CROSS_RUN_EQUIVALENCE_UNRESOLVED	True	True	True	True	2	2	1	1	SINGLE_NORMALIZED_ALLELE	SINGLE_NORMALIZED_ALLELE	SINGLE_NORMALIZED_ALLELE__SINGLE_NORMALIZED_ALLELE	NOT_ASSIGNED_IN_STRUCTURE_AUDIT
780	run-phase1a-60z59-hg002-grch38-v421	event-run-phase1a-60z59-hg002-grch38-v421-record-850	run-phase1a-ru88n-hg002-grch38-v421	event-run-phase1a-ru88n-hg002-grch38-v421-record-856	CROSS_RUN_EQUIVALENCE_UNRESOLVED	True	True	True	True	2	2	1	1	SINGLE_NORMALIZED_ALLELE	SINGLE_NORMALIZED_ALLELE	SINGLE_NORMALIZED_ALLELE__SINGLE_NORMALIZED_ALLELE	NOT_ASSIGNED_IN_STRUCTURE_AUDIT
781	run-phase1a-60z59-hg002-grch38-v421	event-run-phase1a-60z59-hg002-grch38-v421-record-851	run-phase1a-ru88n-hg002-grch38-v421	event-run-phase1a-ru88n-hg002-grch38-v421-record-857	CROSS_RUN_EQUIVALENCE_UNRESOLVED	True	True	True	True	2	2	1	1	SINGLE_NORMALIZED_ALLELE	SINGLE_NORMALIZED_ALLELE	SINGLE_NORMALIZED_ALLELE__SINGLE_NORMALIZED_ALLELE	NOT_ASSIGNED_IN_STRUCTURE_AUDIT
782	run-phase1a-60z59-hg002-grch38-v421	event-run-phase1a-60z59-hg002-grch38-v421-record-852	run-phase1a-ru88n-hg002-grch38-v421	event-run-phase1a-ru88n-hg002-grch38-v421-record-858	CROSS_RUN_EQUIVALENCE_UNRESOLVED	True	True	True	True	2	2	1	1	SINGLE_NORMALIZED_ALLELE	SINGLE_NORMALIZED_ALLELE	SINGLE_NORMALIZED_ALLELE__SINGLE_NORMALIZED_ALLELE	NOT_ASSIGNED_IN_STRUCTURE_AUDIT
783	run-phase1a-60z59-hg002-grch38-v421	event-run-phase1a-60z59-hg002-grch38-v421-record-853	run-phase1a-ru88n-hg002-grch38-v421	event-run-phase1a-ru88n-hg002-grch38-v421-record-859	CROSS_RUN_EQUIVALENCE_UNRESOLVED	True	True	True	True	2	2	1	1	SINGLE_NORMALIZED_ALLELE	SINGLE_NORMALIZED_ALLELE	SINGLE_NORMALIZED_ALLELE__SINGLE_NORMALIZED_ALLELE	NOT_ASSIGNED_IN_STRUCTURE_AUDIT
784	run-phase1a-60z59-hg002-grch38-v421	event-run-phase1a-60z59-hg002-grch38-v421-record-854	run-phase1a-ru88n-hg002-grch38-v421	event-run-phase1a-ru88n-hg002-grch38-v421-record-860	CROSS_RUN_EQUIVALENCE_UNRESOLVED	True	True	True	True	2	2	1	1	SINGLE_NORMALIZED_ALLELE	SINGLE_NORMALIZED_ALLELE	SINGLE_NORMALIZED_ALLELE__SINGLE_NORMALIZED_ALLELE	NOT_ASSIGNED_IN_STRUCTURE_AUDIT
785	run-phase1a-60z59-hg002-grch38-v421	event-run-phase1a-60z59-hg002-grch38-v421-record-855	run-phase1a-ru88n-hg002-grch38-v421	event-run-phase1a-ru88n-hg002-grch38-v421-record-861	CROSS_RUN_EQUIVALENCE_UNRESOLVED	True	True	True	True	2	2	1	1	SINGLE_NORMALIZED_ALLELE	SINGLE_NORMALIZED_ALLELE	SINGLE_NORMALIZED_ALLELE__SINGLE_NORMALIZED_ALLELE	NOT_ASSIGNED_IN_STRUCTURE_AUDIT
786	run-phase1a-60z59-hg002-grch38-v421	event-run-phase1a-60z59-hg002-grch38-v421-record-857	run-phase1a-ru88n-hg002-grch38-v421	event-run-phase1a-ru88n-hg002-grch38-v421-record-862	CROSS_RUN_EQUIVALENCE_UNRESOLVED	True	True	True	True	2	2	1	1	SINGLE_NORMALIZED_ALLELE	SINGLE_NORMALIZED_ALLELE	SINGLE_NORMALIZED_ALLELE__SINGLE_NORMALIZED_ALLELE	NOT_ASSIGNED_IN_STRUCTURE_AUDIT
787	run-phase1a-60z59-hg002-grch38-v421	event-run-phase1a-60z59-hg002-grch38-v421-record-858	run-phase1a-ru88n-hg002-grch38-v421	event-run-phase1a-ru88n-hg002-grch38-v421-record-863	CROSS_RUN_EQUIVALENCE_UNRESOLVED	True	True	True	True	2	2	1	1	SINGLE_NORMALIZED_ALLELE	SINGLE_NORMALIZED_ALLELE	SINGLE_NORMALIZED_ALLELE__SINGLE_NORMALIZED_ALLELE	NOT_ASSIGNED_IN_STRUCTURE_AUDIT
788	run-phase1a-60z59-hg002-grch38-v421	event-run-phase1a-60z59-hg002-grch38-v421-record-859	run-phase1a-ru88n-hg002-grch38-v421	event-run-phase1a-ru88n-hg002-grch38-v421-record-864	CROSS_RUN_EQUIVALENCE_UNRESOLVED	True	True	True	True	2	2	1	1	SINGLE_NORMALIZED_ALLELE	SINGLE_NORMALIZED_ALLELE	SINGLE_NORMALIZED_ALLELE__SINGLE_NORMALIZED_ALLELE	NOT_ASSIGNED_IN_STRUCTURE_AUDIT
789	run-phase1a-60z59-hg002-grch38-v421	event-run-phase1a-60z59-hg002-grch38-v421-record-861	run-phase1a-ru88n-hg002-grch38-v421	event-run-phase1a-ru88n-hg002-grch38-v421-record-865	CROSS_RUN_EQUIVALENCE_UNRESOLVED	True	True	True	True	2	2	1	1	SINGLE_NORMALIZED_ALLELE	SINGLE_NORMALIZED_ALLELE	SINGLE_NORMALIZED_ALLELE__SINGLE_NORMALIZED_ALLELE	NOT_ASSIGNED_IN_STRUCTURE_AUDIT
790	run-phase1a-60z59-hg002-grch38-v421	event-run-phase1a-60z59-hg002-grch38-v421-record-862	run-phase1a-ru88n-hg002-grch38-v421	event-run-phase1a-ru88n-hg002-grch38-v421-record-866	CROSS_RUN_EQUIVALENCE_UNRESOLVED	True	True	True	True	2	2	1	1	SINGLE_NORMALIZED_ALLELE	SINGLE_NORMALIZED_ALLELE	SINGLE_NORMALIZED_ALLELE__SINGLE_NORMALIZED_ALLELE	NOT_ASSIGNED_IN_STRUCTURE_AUDIT
791	run-phase1a-60z59-hg002-grch38-v421	event-run-phase1a-60z59-hg002-grch38-v421-record-863	run-phase1a-ru88n-hg002-grch38-v421	event-run-phase1a-ru88n-hg002-grch38-v421-record-867	CROSS_RUN_EQUIVALENCE_UNRESOLVED	True	True	True	True	2	2	1	1	SINGLE_NORMALIZED_ALLELE	SINGLE_NORMALIZED_ALLELE	SINGLE_NORMALIZED_ALLELE__SINGLE_NORMALIZED_ALLELE	NOT_ASSIGNED_IN_STRUCTURE_AUDIT
792	run-phase1a-60z59-hg002-grch38-v421	event-run-phase1a-60z59-hg002-grch38-v421-record-864	run-phase1a-ru88n-hg002-grch38-v421	event-run-phase1a-ru88n-hg002-grch38-v421-record-868	CROSS_RUN_EQUIVALENCE_UNRESOLVED	True	True	True	True	2	2	1	1	SINGLE_NORMALIZED_ALLELE	SINGLE_NORMALIZED_ALLELE	SINGLE_NORMALIZED_ALLELE__SINGLE_NORMALIZED_ALLELE	NOT_ASSIGNED_IN_STRUCTURE_AUDIT
793	run-phase1a-60z59-hg002-grch38-v421	event-run-phase1a-60z59-hg002-grch38-v421-record-865	run-phase1a-ru88n-hg002-grch38-v421	event-run-phase1a-ru88n-hg002-grch38-v421-record-869	CROSS_RUN_EQUIVALENCE_UNRESOLVED	True	True	True	True	2	2	1	1	SINGLE_NORMALIZED_ALLELE	SINGLE_NORMALIZED_ALLELE	SINGLE_NORMALIZED_ALLELE__SINGLE_NORMALIZED_ALLELE	NOT_ASSIGNED_IN_STRUCTURE_AUDIT
794	run-phase1a-60z59-hg002-grch38-v421	event-run-phase1a-60z59-hg002-grch38-v421-record-866	run-phase1a-ru88n-hg002-grch38-v421	event-run-phase1a-ru88n-hg002-grch38-v421-record-870	CROSS_RUN_EQUIVALENCE_UNRESOLVED	True	True	True	True	2	2	1	1	SINGLE_NORMALIZED_ALLELE	SINGLE_NORMALIZED_ALLELE	SINGLE_NORMALIZED_ALLELE__SINGLE_NORMALIZED_ALLELE	NOT_ASSIGNED_IN_STRUCTURE_AUDIT
795	run-phase1a-60z59-hg002-grch38-v421	event-run-phase1a-60z59-hg002-grch38-v421-record-867	run-phase1a-ru88n-hg002-grch38-v421	event-run-phase1a-ru88n-hg002-grch38-v421-record-871	CROSS_RUN_EQUIVALENCE_UNRESOLVED	True	True	True	True	2	2	1	1	SINGLE_NORMALIZED_ALLELE	SINGLE_NORMALIZED_ALLELE	SINGLE_NORMALIZED_ALLELE__SINGLE_NORMALIZED_ALLELE	NOT_ASSIGNED_IN_STRUCTURE_AUDIT
796	run-phase1a-60z59-hg002-grch38-v421	event-run-phase1a-60z59-hg002-grch38-v421-record-868	run-phase1a-ru88n-hg002-grch38-v421	event-run-phase1a-ru88n-hg002-grch38-v421-record-872	CROSS_RUN_EQUIVALENCE_UNRESOLVED	True	True	True	True	2	2	1	1	SINGLE_NORMALIZED_ALLELE	SINGLE_NORMALIZED_ALLELE	SINGLE_NORMALIZED_ALLELE__SINGLE_NORMALIZED_ALLELE	NOT_ASSIGNED_IN_STRUCTURE_AUDIT
797	run-phase1a-60z59-hg002-grch38-v421	event-run-phase1a-60z59-hg002-grch38-v421-record-869	run-phase1a-ru88n-hg002-grch38-v421	event-run-phase1a-ru88n-hg002-grch38-v421-record-873	CROSS_RUN_EQUIVALENCE_UNRESOLVED	True	True	True	True	2	2	1	1	SINGLE_NORMALIZED_ALLELE	SINGLE_NORMALIZED_ALLELE	SINGLE_NORMALIZED_ALLELE__SINGLE_NORMALIZED_ALLELE	NOT_ASSIGNED_IN_STRUCTURE_AUDIT
798	run-phase1a-60z59-hg002-grch38-v421	event-run-phase1a-60z59-hg002-grch38-v421-record-870	run-phase1a-ru88n-hg002-grch38-v421	event-run-phase1a-ru88n-hg002-grch38-v421-record-874	CROSS_RUN_EQUIVALENCE_UNRESOLVED	True	True	True	True	2	2	1	1	SINGLE_NORMALIZED_ALLELE	SINGLE_NORMALIZED_ALLELE	SINGLE_NORMALIZED_ALLELE__SINGLE_NORMALIZED_ALLELE	NOT_ASSIGNED_IN_STRUCTURE_AUDIT
799	run-phase1a-60z59-hg002-grch38-v421	event-run-phase1a-60z59-hg002-grch38-v421-record-872	run-phase1a-ru88n-hg002-grch38-v421	event-run-phase1a-ru88n-hg002-grch38-v421-record-875	CROSS_RUN_EQUIVALENCE_UNRESOLVED	True	True	True	True	2	2	1	1	SINGLE_NORMALIZED_ALLELE	SINGLE_NORMALIZED_ALLELE	SINGLE_NORMALIZED_ALLELE__SINGLE_NORMALIZED_ALLELE	NOT_ASSIGNED_IN_STRUCTURE_AUDIT
800	run-phase1a-60z59-hg002-grch38-v421	event-run-phase1a-60z59-hg002-grch38-v421-record-873	run-phase1a-ru88n-hg002-grch38-v421	event-run-phase1a-ru88n-hg002-grch38-v421-record-876	CROSS_RUN_EQUIVALENCE_UNRESOLVED	True	True	True	True	2	2	1	1	SINGLE_NORMALIZED_ALLELE	SINGLE_NORMALIZED_ALLELE	SINGLE_NORMALIZED_ALLELE__SINGLE_NORMALIZED_ALLELE	NOT_ASSIGNED_IN_STRUCTURE_AUDIT
801	run-phase1a-60z59-hg002-grch38-v421	event-run-phase1a-60z59-hg002-grch38-v421-record-874	run-phase1a-ru88n-hg002-grch38-v421	event-run-phase1a-ru88n-hg002-grch38-v421-record-877	CROSS_RUN_EQUIVALENCE_UNRESOLVED	True	True	True	True	2	2	1	1	SINGLE_NORMALIZED_ALLELE	SINGLE_NORMALIZED_ALLELE	SINGLE_NORMALIZED_ALLELE__SINGLE_NORMALIZED_ALLELE	NOT_ASSIGNED_IN_STRUCTURE_AUDIT
802	run-phase1a-60z59-hg002-grch38-v421	event-run-phase1a-60z59-hg002-grch38-v421-record-875	run-phase1a-ru88n-hg002-grch38-v421	event-run-phase1a-ru88n-hg002-grch38-v421-record-878	CROSS_RUN_EQUIVALENCE_UNRESOLVED	True	True	True	True	2	2	1	1	SINGLE_NORMALIZED_ALLELE	SINGLE_NORMALIZED_ALLELE	SINGLE_NORMALIZED_ALLELE__SINGLE_NORMALIZED_ALLELE	NOT_ASSIGNED_IN_STRUCTURE_AUDIT
803	run-phase1a-60z59-hg002-grch38-v421	event-run-phase1a-60z59-hg002-grch38-v421-record-876	run-phase1a-ru88n-hg002-grch38-v421	event-run-phase1a-ru88n-hg002-grch38-v421-record-879	CROSS_RUN_EQUIVALENCE_UNRESOLVED	True	True	True	True	2	2	1	1	SINGLE_NORMALIZED_ALLELE	SINGLE_NORMALIZED_ALLELE	SINGLE_NORMALIZED_ALLELE__SINGLE_NORMALIZED_ALLELE	NOT_ASSIGNED_IN_STRUCTURE_AUDIT
804	run-phase1a-60z59-hg002-grch38-v421	event-run-phase1a-60z59-hg002-grch38-v421-record-877	run-phase1a-ru88n-hg002-grch38-v421	event-run-phase1a-ru88n-hg002-grch38-v421-record-880	CROSS_RUN_EQUIVALENCE_UNRESOLVED	True	True	True	True	2	2	1	1	SINGLE_NORMALIZED_ALLELE	SINGLE_NORMALIZED_ALLELE	SINGLE_NORMALIZED_ALLELE__SINGLE_NORMALIZED_ALLELE	NOT_ASSIGNED_IN_STRUCTURE_AUDIT
805	run-phase1a-60z59-hg002-grch38-v421	event-run-phase1a-60z59-hg002-grch38-v421-record-878	run-phase1a-ru88n-hg002-grch38-v421	event-run-phase1a-ru88n-hg002-grch38-v421-record-881	CROSS_RUN_EQUIVALENCE_UNRESOLVED	True	True	True	True	2	2	1	1	SINGLE_NORMALIZED_ALLELE	SINGLE_NORMALIZED_ALLELE	SINGLE_NORMALIZED_ALLELE__SINGLE_NORMALIZED_ALLELE	NOT_ASSIGNED_IN_STRUCTURE_AUDIT
806	run-phase1a-60z59-hg002-grch38-v421	event-run-phase1a-60z59-hg002-grch38-v421-record-879	run-phase1a-ru88n-hg002-grch38-v421	event-run-phase1a-ru88n-hg002-grch38-v421-record-882	CROSS_RUN_EQUIVALENCE_UNRESOLVED	True	True	True	True	2	2	1	1	SINGLE_NORMALIZED_ALLELE	SINGLE_NORMALIZED_ALLELE	SINGLE_NORMALIZED_ALLELE__SINGLE_NORMALIZED_ALLELE	NOT_ASSIGNED_IN_STRUCTURE_AUDIT
807	run-phase1a-60z59-hg002-grch38-v421	event-run-phase1a-60z59-hg002-grch38-v421-record-880	run-phase1a-ru88n-hg002-grch38-v421	event-run-phase1a-ru88n-hg002-grch38-v421-record-883	CROSS_RUN_EQUIVALENCE_UNRESOLVED	True	True	True	True	2	2	1	1	SINGLE_NORMALIZED_ALLELE	SINGLE_NORMALIZED_ALLELE	SINGLE_NORMALIZED_ALLELE__SINGLE_NORMALIZED_ALLELE	NOT_ASSIGNED_IN_STRUCTURE_AUDIT
808	run-phase1a-60z59-hg002-grch38-v421	event-run-phase1a-60z59-hg002-grch38-v421-record-881	run-phase1a-ru88n-hg002-grch38-v421	event-run-phase1a-ru88n-hg002-grch38-v421-record-884	CROSS_RUN_EQUIVALENCE_UNRESOLVED	True	True	True	True	2	2	1	1	SINGLE_NORMALIZED_ALLELE	SINGLE_NORMALIZED_ALLELE	SINGLE_NORMALIZED_ALLELE__SINGLE_NORMALIZED_ALLELE	NOT_ASSIGNED_IN_STRUCTURE_AUDIT
809	run-phase1a-60z59-hg002-grch38-v421	event-run-phase1a-60z59-hg002-grch38-v421-record-882	run-phase1a-ru88n-hg002-grch38-v421	event-run-phase1a-ru88n-hg002-grch38-v421-record-885	CROSS_RUN_EQUIVALENCE_UNRESOLVED	True	True	True	True	2	2	1	1	SINGLE_NORMALIZED_ALLELE	SINGLE_NORMALIZED_ALLELE	SINGLE_NORMALIZED_ALLELE__SINGLE_NORMALIZED_ALLELE	NOT_ASSIGNED_IN_STRUCTURE_AUDIT
810	run-phase1a-60z59-hg002-grch38-v421	event-run-phase1a-60z59-hg002-grch38-v421-record-883	run-phase1a-ru88n-hg002-grch38-v421	event-run-phase1a-ru88n-hg002-grch38-v421-record-886	CROSS_RUN_EQUIVALENCE_UNRESOLVED	True	True	True	True	2	2	1	1	SINGLE_NORMALIZED_ALLELE	SINGLE_NORMALIZED_ALLELE	SINGLE_NORMALIZED_ALLELE__SINGLE_NORMALIZED_ALLELE	NOT_ASSIGNED_IN_STRUCTURE_AUDIT
811	run-phase1a-60z59-hg002-grch38-v421	event-run-phase1a-60z59-hg002-grch38-v421-record-884	run-phase1a-ru88n-hg002-grch38-v421	event-run-phase1a-ru88n-hg002-grch38-v421-record-887	CROSS_RUN_EQUIVALENCE_UNRESOLVED	True	True	True	True	2	2	1	1	SINGLE_NORMALIZED_ALLELE	SINGLE_NORMALIZED_ALLELE	SINGLE_NORMALIZED_ALLELE__SINGLE_NORMALIZED_ALLELE	NOT_ASSIGNED_IN_STRUCTURE_AUDIT
812	run-phase1a-60z59-hg002-grch38-v421	event-run-phase1a-60z59-hg002-grch38-v421-record-885	run-phase1a-ru88n-hg002-grch38-v421	event-run-phase1a-ru88n-hg002-grch38-v421-record-888	CROSS_RUN_EQUIVALENCE_UNRESOLVED	True	True	True	True	2	2	1	1	SINGLE_NORMALIZED_ALLELE	SINGLE_NORMALIZED_ALLELE	SINGLE_NORMALIZED_ALLELE__SINGLE_NORMALIZED_ALLELE	NOT_ASSIGNED_IN_STRUCTURE_AUDIT
813	run-phase1a-60z59-hg002-grch38-v421	event-run-phase1a-60z59-hg002-grch38-v421-record-886	run-phase1a-ru88n-hg002-grch38-v421	event-run-phase1a-ru88n-hg002-grch38-v421-record-889	CROSS_RUN_EQUIVALENCE_UNRESOLVED	True	True	True	True	2	2	1	1	SINGLE_NORMALIZED_ALLELE	SINGLE_NORMALIZED_ALLELE	SINGLE_NORMALIZED_ALLELE__SINGLE_NORMALIZED_ALLELE	NOT_ASSIGNED_IN_STRUCTURE_AUDIT
814	run-phase1a-60z59-hg002-grch38-v421	event-run-phase1a-60z59-hg002-grch38-v421-record-887	run-phase1a-ru88n-hg002-grch38-v421	event-run-phase1a-ru88n-hg002-grch38-v421-record-890	CROSS_RUN_EQUIVALENCE_UNRESOLVED	True	True	True	True	2	2	1	1	SINGLE_NORMALIZED_ALLELE	SINGLE_NORMALIZED_ALLELE	SINGLE_NORMALIZED_ALLELE__SINGLE_NORMALIZED_ALLELE	NOT_ASSIGNED_IN_STRUCTURE_AUDIT
815	run-phase1a-60z59-hg002-grch38-v421	event-run-phase1a-60z59-hg002-grch38-v421-record-890	run-phase1a-ru88n-hg002-grch38-v421	event-run-phase1a-ru88n-hg002-grch38-v421-record-893	CROSS_RUN_EQUIVALENCE_UNRESOLVED	True	True	True	True	2	2	1	1	SINGLE_NORMALIZED_ALLELE	SINGLE_NORMALIZED_ALLELE	SINGLE_NORMALIZED_ALLELE__SINGLE_NORMALIZED_ALLELE	NOT_ASSIGNED_IN_STRUCTURE_AUDIT
816	run-phase1a-60z59-hg002-grch38-v421	event-run-phase1a-60z59-hg002-grch38-v421-record-891	run-phase1a-ru88n-hg002-grch38-v421	event-run-phase1a-ru88n-hg002-grch38-v421-record-894	CROSS_RUN_EQUIVALENCE_UNRESOLVED	True	True	True	True	2	2	1	1	SINGLE_NORMALIZED_ALLELE	SINGLE_NORMALIZED_ALLELE	SINGLE_NORMALIZED_ALLELE__SINGLE_NORMALIZED_ALLELE	NOT_ASSIGNED_IN_STRUCTURE_AUDIT
817	run-phase1a-60z59-hg002-grch38-v421	event-run-phase1a-60z59-hg002-grch38-v421-record-893	run-phase1a-ru88n-hg002-grch38-v421	event-run-phase1a-ru88n-hg002-grch38-v421-record-895	CROSS_RUN_EQUIVALENCE_UNRESOLVED	True	True	True	True	2	2	1	1	SINGLE_NORMALIZED_ALLELE	SINGLE_NORMALIZED_ALLELE	SINGLE_NORMALIZED_ALLELE__SINGLE_NORMALIZED_ALLELE	NOT_ASSIGNED_IN_STRUCTURE_AUDIT
818	run-phase1a-60z59-hg002-grch38-v421	event-run-phase1a-60z59-hg002-grch38-v421-record-894	run-phase1a-ru88n-hg002-grch38-v421	event-run-phase1a-ru88n-hg002-grch38-v421-record-896	CROSS_RUN_EQUIVALENCE_UNRESOLVED	True	True	True	True	2	2	1	1	SINGLE_NORMALIZED_ALLELE	SINGLE_NORMALIZED_ALLELE	SINGLE_NORMALIZED_ALLELE__SINGLE_NORMALIZED_ALLELE	NOT_ASSIGNED_IN_STRUCTURE_AUDIT
819	run-phase1a-60z59-hg002-grch38-v421	event-run-phase1a-60z59-hg002-grch38-v421-record-895	run-phase1a-ru88n-hg002-grch38-v421	event-run-phase1a-ru88n-hg002-grch38-v421-record-897	CROSS_RUN_EQUIVALENCE_UNRESOLVED	True	True	True	True	2	2	1	1	SINGLE_NORMALIZED_ALLELE	SINGLE_NORMALIZED_ALLELE	SINGLE_NORMALIZED_ALLELE__SINGLE_NORMALIZED_ALLELE	NOT_ASSIGNED_IN_STRUCTURE_AUDIT
820	run-phase1a-60z59-hg002-grch38-v421	event-run-phase1a-60z59-hg002-grch38-v421-record-897	run-phase1a-ru88n-hg002-grch38-v421	event-run-phase1a-ru88n-hg002-grch38-v421-record-898	CROSS_RUN_EQUIVALENCE_UNRESOLVED	True	True	True	True	2	2	1	1	SINGLE_NORMALIZED_ALLELE	SINGLE_NORMALIZED_ALLELE	SINGLE_NORMALIZED_ALLELE__SINGLE_NORMALIZED_ALLELE	NOT_ASSIGNED_IN_STRUCTURE_AUDIT
821	run-phase1a-60z59-hg002-grch38-v421	event-run-phase1a-60z59-hg002-grch38-v421-record-898	run-phase1a-ru88n-hg002-grch38-v421	event-run-phase1a-ru88n-hg002-grch38-v421-record-899	CROSS_RUN_EQUIVALENCE_UNRESOLVED	True	True	True	True	2	2	1	1	SINGLE_NORMALIZED_ALLELE	SINGLE_NORMALIZED_ALLELE	SINGLE_NORMALIZED_ALLELE__SINGLE_NORMALIZED_ALLELE	NOT_ASSIGNED_IN_STRUCTURE_AUDIT
822	run-phase1a-60z59-hg002-grch38-v421	event-run-phase1a-60z59-hg002-grch38-v421-record-899	run-phase1a-ru88n-hg002-grch38-v421	event-run-phase1a-ru88n-hg002-grch38-v421-record-900	CROSS_RUN_EQUIVALENCE_UNRESOLVED	True	True	True	True	2	2	1	1	SINGLE_NORMALIZED_ALLELE	SINGLE_NORMALIZED_ALLELE	SINGLE_NORMALIZED_ALLELE__SINGLE_NORMALIZED_ALLELE	NOT_ASSIGNED_IN_STRUCTURE_AUDIT
823	run-phase1a-60z59-hg002-grch38-v421	event-run-phase1a-60z59-hg002-grch38-v421-record-900	run-phase1a-ru88n-hg002-grch38-v421	event-run-phase1a-ru88n-hg002-grch38-v421-record-901	CROSS_RUN_EQUIVALENCE_UNRESOLVED	True	True	True	True	2	2	1	1	SINGLE_NORMALIZED_ALLELE	SINGLE_NORMALIZED_ALLELE	SINGLE_NORMALIZED_ALLELE__SINGLE_NORMALIZED_ALLELE	NOT_ASSIGNED_IN_STRUCTURE_AUDIT
824	run-phase1a-60z59-hg002-grch38-v421	event-run-phase1a-60z59-hg002-grch38-v421-record-901	run-phase1a-ru88n-hg002-grch38-v421	event-run-phase1a-ru88n-hg002-grch38-v421-record-902	CROSS_RUN_EQUIVALENCE_UNRESOLVED	True	True	True	True	2	2	1	1	SINGLE_NORMALIZED_ALLELE	SINGLE_NORMALIZED_ALLELE	SINGLE_NORMALIZED_ALLELE__SINGLE_NORMALIZED_ALLELE	NOT_ASSIGNED_IN_STRUCTURE_AUDIT
825	run-phase1a-60z59-hg002-grch38-v421	event-run-phase1a-60z59-hg002-grch38-v421-record-902	run-phase1a-ru88n-hg002-grch38-v421	event-run-phase1a-ru88n-hg002-grch38-v421-record-903	CROSS_RUN_EQUIVALENCE_UNRESOLVED	True	True	True	True	2	2	1	1	SINGLE_NORMALIZED_ALLELE	SINGLE_NORMALIZED_ALLELE	SINGLE_NORMALIZED_ALLELE__SINGLE_NORMALIZED_ALLELE	NOT_ASSIGNED_IN_STRUCTURE_AUDIT
826	run-phase1a-60z59-hg002-grch38-v421	event-run-phase1a-60z59-hg002-grch38-v421-record-903	run-phase1a-ru88n-hg002-grch38-v421	event-run-phase1a-ru88n-hg002-grch38-v421-record-904	CROSS_RUN_EQUIVALENCE_UNRESOLVED	True	True	True	True	2	2	1	1	SINGLE_NORMALIZED_ALLELE	SINGLE_NORMALIZED_ALLELE	SINGLE_NORMALIZED_ALLELE__SINGLE_NORMALIZED_ALLELE	NOT_ASSIGNED_IN_STRUCTURE_AUDIT
827	run-phase1a-60z59-hg002-grch38-v421	event-run-phase1a-60z59-hg002-grch38-v421-record-904	run-phase1a-ru88n-hg002-grch38-v421	event-run-phase1a-ru88n-hg002-grch38-v421-record-905	CROSS_RUN_EQUIVALENCE_UNRESOLVED	True	True	True	True	2	2	1	1	SINGLE_NORMALIZED_ALLELE	SINGLE_NORMALIZED_ALLELE	SINGLE_NORMALIZED_ALLELE__SINGLE_NORMALIZED_ALLELE	NOT_ASSIGNED_IN_STRUCTURE_AUDIT
828	run-phase1a-60z59-hg002-grch38-v421	event-run-phase1a-60z59-hg002-grch38-v421-record-905	run-phase1a-ru88n-hg002-grch38-v421	event-run-phase1a-ru88n-hg002-grch38-v421-record-906	CROSS_RUN_EQUIVALENCE_UNRESOLVED	True	True	True	True	2	2	1	1	SINGLE_NORMALIZED_ALLELE	SINGLE_NORMALIZED_ALLELE	SINGLE_NORMALIZED_ALLELE__SINGLE_NORMALIZED_ALLELE	NOT_ASSIGNED_IN_STRUCTURE_AUDIT
829	run-phase1a-60z59-hg002-grch38-v421	event-run-phase1a-60z59-hg002-grch38-v421-record-906	run-phase1a-ru88n-hg002-grch38-v421	event-run-phase1a-ru88n-hg002-grch38-v421-record-907	CROSS_RUN_EQUIVALENCE_UNRESOLVED	True	True	True	True	2	2	1	1	SINGLE_NORMALIZED_ALLELE	SINGLE_NORMALIZED_ALLELE	SINGLE_NORMALIZED_ALLELE__SINGLE_NORMALIZED_ALLELE	NOT_ASSIGNED_IN_STRUCTURE_AUDIT
830	run-phase1a-60z59-hg002-grch38-v421	event-run-phase1a-60z59-hg002-grch38-v421-record-907	run-phase1a-ru88n-hg002-grch38-v421	event-run-phase1a-ru88n-hg002-grch38-v421-record-908	CROSS_RUN_EQUIVALENCE_UNRESOLVED	True	True	True	True	2	2	1	1	SINGLE_NORMALIZED_ALLELE	SINGLE_NORMALIZED_ALLELE	SINGLE_NORMALIZED_ALLELE__SINGLE_NORMALIZED_ALLELE	NOT_ASSIGNED_IN_STRUCTURE_AUDIT
831	run-phase1a-60z59-hg002-grch38-v421	event-run-phase1a-60z59-hg002-grch38-v421-record-908	run-phase1a-ru88n-hg002-grch38-v421	event-run-phase1a-ru88n-hg002-grch38-v421-record-909	CROSS_RUN_EQUIVALENCE_UNRESOLVED	True	True	True	True	2	2	1	1	SINGLE_NORMALIZED_ALLELE	SINGLE_NORMALIZED_ALLELE	SINGLE_NORMALIZED_ALLELE__SINGLE_NORMALIZED_ALLELE	NOT_ASSIGNED_IN_STRUCTURE_AUDIT
832	run-phase1a-60z59-hg002-grch38-v421	event-run-phase1a-60z59-hg002-grch38-v421-record-909	run-phase1a-ru88n-hg002-grch38-v421	event-run-phase1a-ru88n-hg002-grch38-v421-record-910	CROSS_RUN_EQUIVALENCE_UNRESOLVED	True	True	True	True	2	2	1	1	SINGLE_NORMALIZED_ALLELE	SINGLE_NORMALIZED_ALLELE	SINGLE_NORMALIZED_ALLELE__SINGLE_NORMALIZED_ALLELE	NOT_ASSIGNED_IN_STRUCTURE_AUDIT
833	run-phase1a-60z59-hg002-grch38-v421	event-run-phase1a-60z59-hg002-grch38-v421-record-910	run-phase1a-ru88n-hg002-grch38-v421	event-run-phase1a-ru88n-hg002-grch38-v421-record-911	CROSS_RUN_EQUIVALENCE_UNRESOLVED	True	True	True	True	2	2	1	1	SINGLE_NORMALIZED_ALLELE	SINGLE_NORMALIZED_ALLELE	SINGLE_NORMALIZED_ALLELE__SINGLE_NORMALIZED_ALLELE	NOT_ASSIGNED_IN_STRUCTURE_AUDIT
834	run-phase1a-60z59-hg002-grch38-v421	event-run-phase1a-60z59-hg002-grch38-v421-record-911	run-phase1a-ru88n-hg002-grch38-v421	event-run-phase1a-ru88n-hg002-grch38-v421-record-912	CROSS_RUN_EQUIVALENCE_UNRESOLVED	True	True	True	True	2	2	1	1	SINGLE_NORMALIZED_ALLELE	SINGLE_NORMALIZED_ALLELE	SINGLE_NORMALIZED_ALLELE__SINGLE_NORMALIZED_ALLELE	NOT_ASSIGNED_IN_STRUCTURE_AUDIT
835	run-phase1a-60z59-hg002-grch38-v421	event-run-phase1a-60z59-hg002-grch38-v421-record-913	run-phase1a-ru88n-hg002-grch38-v421	event-run-phase1a-ru88n-hg002-grch38-v421-record-914	CROSS_RUN_EQUIVALENCE_UNRESOLVED	True	True	True	True	2	2	1	1	SINGLE_NORMALIZED_ALLELE	SINGLE_NORMALIZED_ALLELE	SINGLE_NORMALIZED_ALLELE__SINGLE_NORMALIZED_ALLELE	NOT_ASSIGNED_IN_STRUCTURE_AUDIT
836	run-phase1a-60z59-hg002-grch38-v421	event-run-phase1a-60z59-hg002-grch38-v421-record-914	run-phase1a-ru88n-hg002-grch38-v421	event-run-phase1a-ru88n-hg002-grch38-v421-record-915	CROSS_RUN_EQUIVALENCE_UNRESOLVED	True	True	True	True	2	2	1	1	SINGLE_NORMALIZED_ALLELE	SINGLE_NORMALIZED_ALLELE	SINGLE_NORMALIZED_ALLELE__SINGLE_NORMALIZED_ALLELE	NOT_ASSIGNED_IN_STRUCTURE_AUDIT
837	run-phase1a-60z59-hg002-grch38-v421	event-run-phase1a-60z59-hg002-grch38-v421-record-915	run-phase1a-ru88n-hg002-grch38-v421	event-run-phase1a-ru88n-hg002-grch38-v421-record-916	CROSS_RUN_EQUIVALENCE_UNRESOLVED	True	True	True	True	2	2	1	1	SINGLE_NORMALIZED_ALLELE	SINGLE_NORMALIZED_ALLELE	SINGLE_NORMALIZED_ALLELE__SINGLE_NORMALIZED_ALLELE	NOT_ASSIGNED_IN_STRUCTURE_AUDIT
838	run-phase1a-60z59-hg002-grch38-v421	event-run-phase1a-60z59-hg002-grch38-v421-record-916	run-phase1a-ru88n-hg002-grch38-v421	event-run-phase1a-ru88n-hg002-grch38-v421-record-917	CROSS_RUN_EQUIVALENCE_UNRESOLVED	True	True	True	True	2	2	1	1	SINGLE_NORMALIZED_ALLELE	SINGLE_NORMALIZED_ALLELE	SINGLE_NORMALIZED_ALLELE__SINGLE_NORMALIZED_ALLELE	NOT_ASSIGNED_IN_STRUCTURE_AUDIT
839	run-phase1a-60z59-hg002-grch38-v421	event-run-phase1a-60z59-hg002-grch38-v421-record-917	run-phase1a-ru88n-hg002-grch38-v421	event-run-phase1a-ru88n-hg002-grch38-v421-record-918	CROSS_RUN_EQUIVALENCE_UNRESOLVED	True	True	True	True	2	2	1	1	SINGLE_NORMALIZED_ALLELE	SINGLE_NORMALIZED_ALLELE	SINGLE_NORMALIZED_ALLELE__SINGLE_NORMALIZED_ALLELE	NOT_ASSIGNED_IN_STRUCTURE_AUDIT
840	run-phase1a-60z59-hg002-grch38-v421	event-run-phase1a-60z59-hg002-grch38-v421-record-918	run-phase1a-ru88n-hg002-grch38-v421	event-run-phase1a-ru88n-hg002-grch38-v421-record-919	CROSS_RUN_EQUIVALENCE_UNRESOLVED	True	True	True	True	2	2	1	1	SINGLE_NORMALIZED_ALLELE	SINGLE_NORMALIZED_ALLELE	SINGLE_NORMALIZED_ALLELE__SINGLE_NORMALIZED_ALLELE	NOT_ASSIGNED_IN_STRUCTURE_AUDIT
841	run-phase1a-60z59-hg002-grch38-v421	event-run-phase1a-60z59-hg002-grch38-v421-record-919	run-phase1a-ru88n-hg002-grch38-v421	event-run-phase1a-ru88n-hg002-grch38-v421-record-920	CROSS_RUN_EQUIVALENCE_UNRESOLVED	True	True	True	True	2	2	1	1	SINGLE_NORMALIZED_ALLELE	SINGLE_NORMALIZED_ALLELE	SINGLE_NORMALIZED_ALLELE__SINGLE_NORMALIZED_ALLELE	NOT_ASSIGNED_IN_STRUCTURE_AUDIT
842	run-phase1a-60z59-hg002-grch38-v421	event-run-phase1a-60z59-hg002-grch38-v421-record-920	run-phase1a-ru88n-hg002-grch38-v421	event-run-phase1a-ru88n-hg002-grch38-v421-record-921	CROSS_RUN_EQUIVALENCE_UNRESOLVED	True	True	True	True	2	2	1	1	SINGLE_NORMALIZED_ALLELE	SINGLE_NORMALIZED_ALLELE	SINGLE_NORMALIZED_ALLELE__SINGLE_NORMALIZED_ALLELE	NOT_ASSIGNED_IN_STRUCTURE_AUDIT
843	run-phase1a-60z59-hg002-grch38-v421	event-run-phase1a-60z59-hg002-grch38-v421-record-921	run-phase1a-ru88n-hg002-grch38-v421	event-run-phase1a-ru88n-hg002-grch38-v421-record-922	CROSS_RUN_EQUIVALENCE_UNRESOLVED	True	True	True	True	2	2	1	1	SINGLE_NORMALIZED_ALLELE	SINGLE_NORMALIZED_ALLELE	SINGLE_NORMALIZED_ALLELE__SINGLE_NORMALIZED_ALLELE	NOT_ASSIGNED_IN_STRUCTURE_AUDIT
844	run-phase1a-60z59-hg002-grch38-v421	event-run-phase1a-60z59-hg002-grch38-v421-record-922	run-phase1a-ru88n-hg002-grch38-v421	event-run-phase1a-ru88n-hg002-grch38-v421-record-923	CROSS_RUN_EQUIVALENCE_UNRESOLVED	True	True	True	True	2	2	1	1	SINGLE_NORMALIZED_ALLELE	SINGLE_NORMALIZED_ALLELE	SINGLE_NORMALIZED_ALLELE__SINGLE_NORMALIZED_ALLELE	NOT_ASSIGNED_IN_STRUCTURE_AUDIT
845	run-phase1a-60z59-hg002-grch38-v421	event-run-phase1a-60z59-hg002-grch38-v421-record-923	run-phase1a-ru88n-hg002-grch38-v421	event-run-phase1a-ru88n-hg002-grch38-v421-record-924	CROSS_RUN_EQUIVALENCE_UNRESOLVED	True	True	True	True	2	2	1	1	SINGLE_NORMALIZED_ALLELE	SINGLE_NORMALIZED_ALLELE	SINGLE_NORMALIZED_ALLELE__SINGLE_NORMALIZED_ALLELE	NOT_ASSIGNED_IN_STRUCTURE_AUDIT
846	run-phase1a-60z59-hg002-grch38-v421	event-run-phase1a-60z59-hg002-grch38-v421-record-924	run-phase1a-ru88n-hg002-grch38-v421	event-run-phase1a-ru88n-hg002-grch38-v421-record-925	CROSS_RUN_EQUIVALENCE_UNRESOLVED	True	True	True	True	2	2	1	1	SINGLE_NORMALIZED_ALLELE	SINGLE_NORMALIZED_ALLELE	SINGLE_NORMALIZED_ALLELE__SINGLE_NORMALIZED_ALLELE	NOT_ASSIGNED_IN_STRUCTURE_AUDIT
847	run-phase1a-60z59-hg002-grch38-v421	event-run-phase1a-60z59-hg002-grch38-v421-record-925	run-phase1a-ru88n-hg002-grch38-v421	event-run-phase1a-ru88n-hg002-grch38-v421-record-926	CROSS_RUN_EQUIVALENCE_UNRESOLVED	True	True	True	True	2	2	1	1	SINGLE_NORMALIZED_ALLELE	SINGLE_NORMALIZED_ALLELE	SINGLE_NORMALIZED_ALLELE__SINGLE_NORMALIZED_ALLELE	NOT_ASSIGNED_IN_STRUCTURE_AUDIT
848	run-phase1a-60z59-hg002-grch38-v421	event-run-phase1a-60z59-hg002-grch38-v421-record-926	run-phase1a-ru88n-hg002-grch38-v421	event-run-phase1a-ru88n-hg002-grch38-v421-record-927	CROSS_RUN_EQUIVALENCE_UNRESOLVED	True	True	True	True	2	2	1	1	SINGLE_NORMALIZED_ALLELE	SINGLE_NORMALIZED_ALLELE	SINGLE_NORMALIZED_ALLELE__SINGLE_NORMALIZED_ALLELE	NOT_ASSIGNED_IN_STRUCTURE_AUDIT
849	run-phase1a-60z59-hg002-grch38-v421	event-run-phase1a-60z59-hg002-grch38-v421-record-927	run-phase1a-ru88n-hg002-grch38-v421	event-run-phase1a-ru88n-hg002-grch38-v421-record-928	CROSS_RUN_EQUIVALENCE_UNRESOLVED	True	True	True	True	2	2	1	1	SINGLE_NORMALIZED_ALLELE	SINGLE_NORMALIZED_ALLELE	SINGLE_NORMALIZED_ALLELE__SINGLE_NORMALIZED_ALLELE	NOT_ASSIGNED_IN_STRUCTURE_AUDIT
850	run-phase1a-60z59-hg002-grch38-v421	event-run-phase1a-60z59-hg002-grch38-v421-record-928	run-phase1a-ru88n-hg002-grch38-v421	event-run-phase1a-ru88n-hg002-grch38-v421-record-929	CROSS_RUN_EQUIVALENCE_UNRESOLVED	True	True	True	True	2	2	1	1	SINGLE_NORMALIZED_ALLELE	SINGLE_NORMALIZED_ALLELE	SINGLE_NORMALIZED_ALLELE__SINGLE_NORMALIZED_ALLELE	NOT_ASSIGNED_IN_STRUCTURE_AUDIT
851	run-phase1a-60z59-hg002-grch38-v421	event-run-phase1a-60z59-hg002-grch38-v421-record-929	run-phase1a-ru88n-hg002-grch38-v421	event-run-phase1a-ru88n-hg002-grch38-v421-record-930	CROSS_RUN_EQUIVALENCE_UNRESOLVED	True	True	True	True	2	2	1	1	SINGLE_NORMALIZED_ALLELE	SINGLE_NORMALIZED_ALLELE	SINGLE_NORMALIZED_ALLELE__SINGLE_NORMALIZED_ALLELE	NOT_ASSIGNED_IN_STRUCTURE_AUDIT
852	run-phase1a-60z59-hg002-grch38-v421	event-run-phase1a-60z59-hg002-grch38-v421-record-930	run-phase1a-ru88n-hg002-grch38-v421	event-run-phase1a-ru88n-hg002-grch38-v421-record-931	CROSS_RUN_EQUIVALENCE_UNRESOLVED	True	True	True	True	2	2	1	1	SINGLE_NORMALIZED_ALLELE	SINGLE_NORMALIZED_ALLELE	SINGLE_NORMALIZED_ALLELE__SINGLE_NORMALIZED_ALLELE	NOT_ASSIGNED_IN_STRUCTURE_AUDIT
853	run-phase1a-60z59-hg002-grch38-v421	event-run-phase1a-60z59-hg002-grch38-v421-record-931	run-phase1a-ru88n-hg002-grch38-v421	event-run-phase1a-ru88n-hg002-grch38-v421-record-932	CROSS_RUN_EQUIVALENCE_UNRESOLVED	True	True	True	True	2	2	1	1	SINGLE_NORMALIZED_ALLELE	SINGLE_NORMALIZED_ALLELE	SINGLE_NORMALIZED_ALLELE__SINGLE_NORMALIZED_ALLELE	NOT_ASSIGNED_IN_STRUCTURE_AUDIT
854	run-phase1a-60z59-hg002-grch38-v421	event-run-phase1a-60z59-hg002-grch38-v421-record-932	run-phase1a-ru88n-hg002-grch38-v421	event-run-phase1a-ru88n-hg002-grch38-v421-record-933	CROSS_RUN_EQUIVALENCE_UNRESOLVED	True	True	True	True	2	2	1	1	SINGLE_NORMALIZED_ALLELE	SINGLE_NORMALIZED_ALLELE	SINGLE_NORMALIZED_ALLELE__SINGLE_NORMALIZED_ALLELE	NOT_ASSIGNED_IN_STRUCTURE_AUDIT
855	run-phase1a-60z59-hg002-grch38-v421	event-run-phase1a-60z59-hg002-grch38-v421-record-933	run-phase1a-ru88n-hg002-grch38-v421	event-run-phase1a-ru88n-hg002-grch38-v421-record-934	CROSS_RUN_EQUIVALENCE_UNRESOLVED	True	True	True	True	2	2	1	1	SINGLE_NORMALIZED_ALLELE	SINGLE_NORMALIZED_ALLELE	SINGLE_NORMALIZED_ALLELE__SINGLE_NORMALIZED_ALLELE	NOT_ASSIGNED_IN_STRUCTURE_AUDIT
856	run-phase1a-60z59-hg002-grch38-v421	event-run-phase1a-60z59-hg002-grch38-v421-record-934	run-phase1a-ru88n-hg002-grch38-v421	event-run-phase1a-ru88n-hg002-grch38-v421-record-935	CROSS_RUN_EQUIVALENCE_UNRESOLVED	True	True	True	True	2	2	1	1	SINGLE_NORMALIZED_ALLELE	SINGLE_NORMALIZED_ALLELE	SINGLE_NORMALIZED_ALLELE__SINGLE_NORMALIZED_ALLELE	NOT_ASSIGNED_IN_STRUCTURE_AUDIT
857	run-phase1a-60z59-hg002-grch38-v421	event-run-phase1a-60z59-hg002-grch38-v421-record-935	run-phase1a-ru88n-hg002-grch38-v421	event-run-phase1a-ru88n-hg002-grch38-v421-record-936	CROSS_RUN_EQUIVALENCE_UNRESOLVED	True	True	True	True	2	2	1	1	SINGLE_NORMALIZED_ALLELE	SINGLE_NORMALIZED_ALLELE	SINGLE_NORMALIZED_ALLELE__SINGLE_NORMALIZED_ALLELE	NOT_ASSIGNED_IN_STRUCTURE_AUDIT
858	run-phase1a-60z59-hg002-grch38-v421	event-run-phase1a-60z59-hg002-grch38-v421-record-936	run-phase1a-ru88n-hg002-grch38-v421	event-run-phase1a-ru88n-hg002-grch38-v421-record-937	CROSS_RUN_EQUIVALENCE_UNRESOLVED	True	True	True	True	2	2	1	1	SINGLE_NORMALIZED_ALLELE	SINGLE_NORMALIZED_ALLELE	SINGLE_NORMALIZED_ALLELE__SINGLE_NORMALIZED_ALLELE	NOT_ASSIGNED_IN_STRUCTURE_AUDIT
859	run-phase1a-60z59-hg002-grch38-v421	event-run-phase1a-60z59-hg002-grch38-v421-record-937	run-phase1a-ru88n-hg002-grch38-v421	event-run-phase1a-ru88n-hg002-grch38-v421-record-938	CROSS_RUN_EQUIVALENCE_UNRESOLVED	True	True	True	True	2	2	1	1	SINGLE_NORMALIZED_ALLELE	SINGLE_NORMALIZED_ALLELE	SINGLE_NORMALIZED_ALLELE__SINGLE_NORMALIZED_ALLELE	NOT_ASSIGNED_IN_STRUCTURE_AUDIT
860	run-phase1a-60z59-hg002-grch38-v421	event-run-phase1a-60z59-hg002-grch38-v421-record-938	run-phase1a-ru88n-hg002-grch38-v421	event-run-phase1a-ru88n-hg002-grch38-v421-record-939	CROSS_RUN_EQUIVALENCE_UNRESOLVED	True	True	True	True	2	2	1	1	SINGLE_NORMALIZED_ALLELE	SINGLE_NORMALIZED_ALLELE	SINGLE_NORMALIZED_ALLELE__SINGLE_NORMALIZED_ALLELE	NOT_ASSIGNED_IN_STRUCTURE_AUDIT
861	run-phase1a-60z59-hg002-grch38-v421	event-run-phase1a-60z59-hg002-grch38-v421-record-939	run-phase1a-ru88n-hg002-grch38-v421	event-run-phase1a-ru88n-hg002-grch38-v421-record-940	CROSS_RUN_EQUIVALENCE_UNRESOLVED	True	True	True	True	2	2	1	1	SINGLE_NORMALIZED_ALLELE	SINGLE_NORMALIZED_ALLELE	SINGLE_NORMALIZED_ALLELE__SINGLE_NORMALIZED_ALLELE	NOT_ASSIGNED_IN_STRUCTURE_AUDIT
862	run-phase1a-60z59-hg002-grch38-v421	event-run-phase1a-60z59-hg002-grch38-v421-record-940	run-phase1a-ru88n-hg002-grch38-v421	event-run-phase1a-ru88n-hg002-grch38-v421-record-942	CROSS_RUN_EQUIVALENCE_UNRESOLVED	True	True	True	True	2	2	1	1	SINGLE_NORMALIZED_ALLELE	SINGLE_NORMALIZED_ALLELE	SINGLE_NORMALIZED_ALLELE__SINGLE_NORMALIZED_ALLELE	NOT_ASSIGNED_IN_STRUCTURE_AUDIT
863	run-phase1a-60z59-hg002-grch38-v421	event-run-phase1a-60z59-hg002-grch38-v421-record-941	run-phase1a-ru88n-hg002-grch38-v421	event-run-phase1a-ru88n-hg002-grch38-v421-record-943	CROSS_RUN_EQUIVALENCE_UNRESOLVED	True	True	True	True	2	2	1	1	SINGLE_NORMALIZED_ALLELE	SINGLE_NORMALIZED_ALLELE	SINGLE_NORMALIZED_ALLELE__SINGLE_NORMALIZED_ALLELE	NOT_ASSIGNED_IN_STRUCTURE_AUDIT
864	run-phase1a-60z59-hg002-grch38-v421	event-run-phase1a-60z59-hg002-grch38-v421-record-942	run-phase1a-ru88n-hg002-grch38-v421	event-run-phase1a-ru88n-hg002-grch38-v421-record-944	CROSS_RUN_EQUIVALENCE_UNRESOLVED	True	True	True	True	2	2	1	1	SINGLE_NORMALIZED_ALLELE	SINGLE_NORMALIZED_ALLELE	SINGLE_NORMALIZED_ALLELE__SINGLE_NORMALIZED_ALLELE	NOT_ASSIGNED_IN_STRUCTURE_AUDIT
865	run-phase1a-60z59-hg002-grch38-v421	event-run-phase1a-60z59-hg002-grch38-v421-record-943	run-phase1a-ru88n-hg002-grch38-v421	event-run-phase1a-ru88n-hg002-grch38-v421-record-945	CROSS_RUN_EQUIVALENCE_UNRESOLVED	True	True	True	True	2	2	1	1	SINGLE_NORMALIZED_ALLELE	SINGLE_NORMALIZED_ALLELE	SINGLE_NORMALIZED_ALLELE__SINGLE_NORMALIZED_ALLELE	NOT_ASSIGNED_IN_STRUCTURE_AUDIT
866	run-phase1a-60z59-hg002-grch38-v421	event-run-phase1a-60z59-hg002-grch38-v421-record-944	run-phase1a-ru88n-hg002-grch38-v421	event-run-phase1a-ru88n-hg002-grch38-v421-record-946	CROSS_RUN_EQUIVALENCE_UNRESOLVED	True	True	True	True	2	2	1	1	SINGLE_NORMALIZED_ALLELE	SINGLE_NORMALIZED_ALLELE	SINGLE_NORMALIZED_ALLELE__SINGLE_NORMALIZED_ALLELE	NOT_ASSIGNED_IN_STRUCTURE_AUDIT
867	run-phase1a-60z59-hg002-grch38-v421	event-run-phase1a-60z59-hg002-grch38-v421-record-945	run-phase1a-ru88n-hg002-grch38-v421	event-run-phase1a-ru88n-hg002-grch38-v421-record-947	CROSS_RUN_EQUIVALENCE_UNRESOLVED	True	True	True	True	2	2	1	1	SINGLE_NORMALIZED_ALLELE	SINGLE_NORMALIZED_ALLELE	SINGLE_NORMALIZED_ALLELE__SINGLE_NORMALIZED_ALLELE	NOT_ASSIGNED_IN_STRUCTURE_AUDIT
868	run-phase1a-60z59-hg002-grch38-v421	event-run-phase1a-60z59-hg002-grch38-v421-record-946	run-phase1a-ru88n-hg002-grch38-v421	event-run-phase1a-ru88n-hg002-grch38-v421-record-948	CROSS_RUN_EQUIVALENCE_UNRESOLVED	True	True	True	True	2	2	1	1	SINGLE_NORMALIZED_ALLELE	SINGLE_NORMALIZED_ALLELE	SINGLE_NORMALIZED_ALLELE__SINGLE_NORMALIZED_ALLELE	NOT_ASSIGNED_IN_STRUCTURE_AUDIT
869	run-phase1a-60z59-hg002-grch38-v421	event-run-phase1a-60z59-hg002-grch38-v421-record-947	run-phase1a-ru88n-hg002-grch38-v421	event-run-phase1a-ru88n-hg002-grch38-v421-record-949	CROSS_RUN_EQUIVALENCE_UNRESOLVED	True	True	True	True	2	2	1	1	SINGLE_NORMALIZED_ALLELE	SINGLE_NORMALIZED_ALLELE	SINGLE_NORMALIZED_ALLELE__SINGLE_NORMALIZED_ALLELE	NOT_ASSIGNED_IN_STRUCTURE_AUDIT
870	run-phase1a-60z59-hg002-grch38-v421	event-run-phase1a-60z59-hg002-grch38-v421-record-948	run-phase1a-ru88n-hg002-grch38-v421	event-run-phase1a-ru88n-hg002-grch38-v421-record-950	CROSS_RUN_EQUIVALENCE_UNRESOLVED	True	True	True	True	2	2	1	1	SINGLE_NORMALIZED_ALLELE	SINGLE_NORMALIZED_ALLELE	SINGLE_NORMALIZED_ALLELE__SINGLE_NORMALIZED_ALLELE	NOT_ASSIGNED_IN_STRUCTURE_AUDIT
871	run-phase1a-60z59-hg002-grch38-v421	event-run-phase1a-60z59-hg002-grch38-v421-record-949	run-phase1a-ru88n-hg002-grch38-v421	event-run-phase1a-ru88n-hg002-grch38-v421-record-951	CROSS_RUN_EQUIVALENCE_UNRESOLVED	True	True	True	True	2	2	1	1	SINGLE_NORMALIZED_ALLELE	SINGLE_NORMALIZED_ALLELE	SINGLE_NORMALIZED_ALLELE__SINGLE_NORMALIZED_ALLELE	NOT_ASSIGNED_IN_STRUCTURE_AUDIT
872	run-phase1a-60z59-hg002-grch38-v421	event-run-phase1a-60z59-hg002-grch38-v421-record-950	run-phase1a-ru88n-hg002-grch38-v421	event-run-phase1a-ru88n-hg002-grch38-v421-record-952	CROSS_RUN_EQUIVALENCE_UNRESOLVED	True	True	True	True	2	2	1	1	SINGLE_NORMALIZED_ALLELE	SINGLE_NORMALIZED_ALLELE	SINGLE_NORMALIZED_ALLELE__SINGLE_NORMALIZED_ALLELE	NOT_ASSIGNED_IN_STRUCTURE_AUDIT
873	run-phase1a-60z59-hg002-grch38-v421	event-run-phase1a-60z59-hg002-grch38-v421-record-951	run-phase1a-ru88n-hg002-grch38-v421	event-run-phase1a-ru88n-hg002-grch38-v421-record-953	CROSS_RUN_EQUIVALENCE_UNRESOLVED	True	True	True	True	2	2	1	1	SINGLE_NORMALIZED_ALLELE	SINGLE_NORMALIZED_ALLELE	SINGLE_NORMALIZED_ALLELE__SINGLE_NORMALIZED_ALLELE	NOT_ASSIGNED_IN_STRUCTURE_AUDIT
874	run-phase1a-60z59-hg002-grch38-v421	event-run-phase1a-60z59-hg002-grch38-v421-record-952	run-phase1a-ru88n-hg002-grch38-v421	event-run-phase1a-ru88n-hg002-grch38-v421-record-954	CROSS_RUN_EQUIVALENCE_UNRESOLVED	True	True	True	True	2	2	1	1	SINGLE_NORMALIZED_ALLELE	SINGLE_NORMALIZED_ALLELE	SINGLE_NORMALIZED_ALLELE__SINGLE_NORMALIZED_ALLELE	NOT_ASSIGNED_IN_STRUCTURE_AUDIT
875	run-phase1a-60z59-hg002-grch38-v421	event-run-phase1a-60z59-hg002-grch38-v421-record-953	run-phase1a-ru88n-hg002-grch38-v421	event-run-phase1a-ru88n-hg002-grch38-v421-record-955	CROSS_RUN_EQUIVALENCE_UNRESOLVED	True	True	True	True	2	2	1	1	SINGLE_NORMALIZED_ALLELE	SINGLE_NORMALIZED_ALLELE	SINGLE_NORMALIZED_ALLELE__SINGLE_NORMALIZED_ALLELE	NOT_ASSIGNED_IN_STRUCTURE_AUDIT
876	run-phase1a-60z59-hg002-grch38-v421	event-run-phase1a-60z59-hg002-grch38-v421-record-954	run-phase1a-ru88n-hg002-grch38-v421	event-run-phase1a-ru88n-hg002-grch38-v421-record-956	CROSS_RUN_EQUIVALENCE_UNRESOLVED	True	True	True	True	2	2	1	1	SINGLE_NORMALIZED_ALLELE	SINGLE_NORMALIZED_ALLELE	SINGLE_NORMALIZED_ALLELE__SINGLE_NORMALIZED_ALLELE	NOT_ASSIGNED_IN_STRUCTURE_AUDIT
877	run-phase1a-60z59-hg002-grch38-v421	event-run-phase1a-60z59-hg002-grch38-v421-record-955	run-phase1a-ru88n-hg002-grch38-v421	event-run-phase1a-ru88n-hg002-grch38-v421-record-957	CROSS_RUN_EQUIVALENCE_UNRESOLVED	True	True	True	True	2	2	1	1	SINGLE_NORMALIZED_ALLELE	SINGLE_NORMALIZED_ALLELE	SINGLE_NORMALIZED_ALLELE__SINGLE_NORMALIZED_ALLELE	NOT_ASSIGNED_IN_STRUCTURE_AUDIT
878	run-phase1a-60z59-hg002-grch38-v421	event-run-phase1a-60z59-hg002-grch38-v421-record-956	run-phase1a-ru88n-hg002-grch38-v421	event-run-phase1a-ru88n-hg002-grch38-v421-record-958	CROSS_RUN_EQUIVALENCE_UNRESOLVED	True	True	True	True	2	2	1	1	SINGLE_NORMALIZED_ALLELE	SINGLE_NORMALIZED_ALLELE	SINGLE_NORMALIZED_ALLELE__SINGLE_NORMALIZED_ALLELE	NOT_ASSIGNED_IN_STRUCTURE_AUDIT
879	run-phase1a-60z59-hg002-grch38-v421	event-run-phase1a-60z59-hg002-grch38-v421-record-957	run-phase1a-ru88n-hg002-grch38-v421	event-run-phase1a-ru88n-hg002-grch38-v421-record-959	CROSS_RUN_EQUIVALENCE_UNRESOLVED	True	True	True	True	2	2	1	1	SINGLE_NORMALIZED_ALLELE	SINGLE_NORMALIZED_ALLELE	SINGLE_NORMALIZED_ALLELE__SINGLE_NORMALIZED_ALLELE	NOT_ASSIGNED_IN_STRUCTURE_AUDIT
880	run-phase1a-60z59-hg002-grch38-v421	event-run-phase1a-60z59-hg002-grch38-v421-record-958	run-phase1a-ru88n-hg002-grch38-v421	event-run-phase1a-ru88n-hg002-grch38-v421-record-960	CROSS_RUN_EQUIVALENCE_UNRESOLVED	True	True	True	True	2	2	1	1	SINGLE_NORMALIZED_ALLELE	SINGLE_NORMALIZED_ALLELE	SINGLE_NORMALIZED_ALLELE__SINGLE_NORMALIZED_ALLELE	NOT_ASSIGNED_IN_STRUCTURE_AUDIT
881	run-phase1a-60z59-hg002-grch38-v421	event-run-phase1a-60z59-hg002-grch38-v421-record-959	run-phase1a-ru88n-hg002-grch38-v421	event-run-phase1a-ru88n-hg002-grch38-v421-record-961	CROSS_RUN_EQUIVALENCE_UNRESOLVED	True	True	True	True	2	2	1	1	SINGLE_NORMALIZED_ALLELE	SINGLE_NORMALIZED_ALLELE	SINGLE_NORMALIZED_ALLELE__SINGLE_NORMALIZED_ALLELE	NOT_ASSIGNED_IN_STRUCTURE_AUDIT
882	run-phase1a-60z59-hg002-grch38-v421	event-run-phase1a-60z59-hg002-grch38-v421-record-960	run-phase1a-ru88n-hg002-grch38-v421	event-run-phase1a-ru88n-hg002-grch38-v421-record-962	CROSS_RUN_EQUIVALENCE_UNRESOLVED	True	True	True	True	2	2	1	1	SINGLE_NORMALIZED_ALLELE	SINGLE_NORMALIZED_ALLELE	SINGLE_NORMALIZED_ALLELE__SINGLE_NORMALIZED_ALLELE	NOT_ASSIGNED_IN_STRUCTURE_AUDIT
883	run-phase1a-60z59-hg002-grch38-v421	event-run-phase1a-60z59-hg002-grch38-v421-record-961	run-phase1a-ru88n-hg002-grch38-v421	event-run-phase1a-ru88n-hg002-grch38-v421-record-963	CROSS_RUN_EQUIVALENCE_UNRESOLVED	True	True	True	True	2	2	1	1	SINGLE_NORMALIZED_ALLELE	SINGLE_NORMALIZED_ALLELE	SINGLE_NORMALIZED_ALLELE__SINGLE_NORMALIZED_ALLELE	NOT_ASSIGNED_IN_STRUCTURE_AUDIT
884	run-phase1a-60z59-hg002-grch38-v421	event-run-phase1a-60z59-hg002-grch38-v421-record-962	run-phase1a-ru88n-hg002-grch38-v421	event-run-phase1a-ru88n-hg002-grch38-v421-record-964	CROSS_RUN_EQUIVALENCE_UNRESOLVED	True	True	True	True	2	2	1	1	SINGLE_NORMALIZED_ALLELE	SINGLE_NORMALIZED_ALLELE	SINGLE_NORMALIZED_ALLELE__SINGLE_NORMALIZED_ALLELE	NOT_ASSIGNED_IN_STRUCTURE_AUDIT
885	run-phase1a-60z59-hg002-grch38-v421	event-run-phase1a-60z59-hg002-grch38-v421-record-963	run-phase1a-ru88n-hg002-grch38-v421	event-run-phase1a-ru88n-hg002-grch38-v421-record-965	CROSS_RUN_EQUIVALENCE_UNRESOLVED	True	True	True	True	2	2	1	1	SINGLE_NORMALIZED_ALLELE	SINGLE_NORMALIZED_ALLELE	SINGLE_NORMALIZED_ALLELE__SINGLE_NORMALIZED_ALLELE	NOT_ASSIGNED_IN_STRUCTURE_AUDIT
886	run-phase1a-60z59-hg002-grch38-v421	event-run-phase1a-60z59-hg002-grch38-v421-record-964	run-phase1a-ru88n-hg002-grch38-v421	event-run-phase1a-ru88n-hg002-grch38-v421-record-966	CROSS_RUN_EQUIVALENCE_UNRESOLVED	True	True	True	True	2	2	1	1	SINGLE_NORMALIZED_ALLELE	SINGLE_NORMALIZED_ALLELE	SINGLE_NORMALIZED_ALLELE__SINGLE_NORMALIZED_ALLELE	NOT_ASSIGNED_IN_STRUCTURE_AUDIT
887	run-phase1a-60z59-hg002-grch38-v421	event-run-phase1a-60z59-hg002-grch38-v421-record-965	run-phase1a-ru88n-hg002-grch38-v421	event-run-phase1a-ru88n-hg002-grch38-v421-record-967	CROSS_RUN_EQUIVALENCE_UNRESOLVED	True	True	True	True	2	2	1	1	SINGLE_NORMALIZED_ALLELE	SINGLE_NORMALIZED_ALLELE	SINGLE_NORMALIZED_ALLELE__SINGLE_NORMALIZED_ALLELE	NOT_ASSIGNED_IN_STRUCTURE_AUDIT
888	run-phase1a-60z59-hg002-grch38-v421	event-run-phase1a-60z59-hg002-grch38-v421-record-966	run-phase1a-ru88n-hg002-grch38-v421	event-run-phase1a-ru88n-hg002-grch38-v421-record-968	CROSS_RUN_EQUIVALENCE_UNRESOLVED	True	True	True	True	2	2	1	1	SINGLE_NORMALIZED_ALLELE	SINGLE_NORMALIZED_ALLELE	SINGLE_NORMALIZED_ALLELE__SINGLE_NORMALIZED_ALLELE	NOT_ASSIGNED_IN_STRUCTURE_AUDIT
889	run-phase1a-60z59-hg002-grch38-v421	event-run-phase1a-60z59-hg002-grch38-v421-record-967	run-phase1a-ru88n-hg002-grch38-v421	event-run-phase1a-ru88n-hg002-grch38-v421-record-969	CROSS_RUN_EQUIVALENCE_UNRESOLVED	True	True	True	True	2	2	1	1	SINGLE_NORMALIZED_ALLELE	SINGLE_NORMALIZED_ALLELE	SINGLE_NORMALIZED_ALLELE__SINGLE_NORMALIZED_ALLELE	NOT_ASSIGNED_IN_STRUCTURE_AUDIT
890	run-phase1a-60z59-hg002-grch38-v421	event-run-phase1a-60z59-hg002-grch38-v421-record-968	run-phase1a-ru88n-hg002-grch38-v421	event-run-phase1a-ru88n-hg002-grch38-v421-record-970	CROSS_RUN_EQUIVALENCE_UNRESOLVED	True	True	True	True	2	2	1	1	SINGLE_NORMALIZED_ALLELE	SINGLE_NORMALIZED_ALLELE	SINGLE_NORMALIZED_ALLELE__SINGLE_NORMALIZED_ALLELE	NOT_ASSIGNED_IN_STRUCTURE_AUDIT
891	run-phase1a-60z59-hg002-grch38-v421	event-run-phase1a-60z59-hg002-grch38-v421-record-969	run-phase1a-ru88n-hg002-grch38-v421	event-run-phase1a-ru88n-hg002-grch38-v421-record-971	CROSS_RUN_EQUIVALENCE_UNRESOLVED	True	True	True	True	2	2	1	1	SINGLE_NORMALIZED_ALLELE	SINGLE_NORMALIZED_ALLELE	SINGLE_NORMALIZED_ALLELE__SINGLE_NORMALIZED_ALLELE	NOT_ASSIGNED_IN_STRUCTURE_AUDIT
892	run-phase1a-60z59-hg002-grch38-v421	event-run-phase1a-60z59-hg002-grch38-v421-record-970	run-phase1a-ru88n-hg002-grch38-v421	event-run-phase1a-ru88n-hg002-grch38-v421-record-973	CROSS_RUN_EQUIVALENCE_UNRESOLVED	True	True	True	True	2	2	1	1	SINGLE_NORMALIZED_ALLELE	SINGLE_NORMALIZED_ALLELE	SINGLE_NORMALIZED_ALLELE__SINGLE_NORMALIZED_ALLELE	NOT_ASSIGNED_IN_STRUCTURE_AUDIT
893	run-phase1a-60z59-hg002-grch38-v421	event-run-phase1a-60z59-hg002-grch38-v421-record-971	run-phase1a-ru88n-hg002-grch38-v421	event-run-phase1a-ru88n-hg002-grch38-v421-record-974	CROSS_RUN_EQUIVALENCE_UNRESOLVED	True	True	True	True	2	2	1	1	SINGLE_NORMALIZED_ALLELE	SINGLE_NORMALIZED_ALLELE	SINGLE_NORMALIZED_ALLELE__SINGLE_NORMALIZED_ALLELE	NOT_ASSIGNED_IN_STRUCTURE_AUDIT
894	run-phase1a-60z59-hg002-grch38-v421	event-run-phase1a-60z59-hg002-grch38-v421-record-972	run-phase1a-ru88n-hg002-grch38-v421	event-run-phase1a-ru88n-hg002-grch38-v421-record-975	CROSS_RUN_EQUIVALENCE_UNRESOLVED	True	True	True	True	2	2	1	1	SINGLE_NORMALIZED_ALLELE	SINGLE_NORMALIZED_ALLELE	SINGLE_NORMALIZED_ALLELE__SINGLE_NORMALIZED_ALLELE	NOT_ASSIGNED_IN_STRUCTURE_AUDIT
895	run-phase1a-60z59-hg002-grch38-v421	event-run-phase1a-60z59-hg002-grch38-v421-record-973	run-phase1a-ru88n-hg002-grch38-v421	event-run-phase1a-ru88n-hg002-grch38-v421-record-976	CROSS_RUN_EQUIVALENCE_UNRESOLVED	True	True	True	True	2	2	1	1	SINGLE_NORMALIZED_ALLELE	SINGLE_NORMALIZED_ALLELE	SINGLE_NORMALIZED_ALLELE__SINGLE_NORMALIZED_ALLELE	NOT_ASSIGNED_IN_STRUCTURE_AUDIT
896	run-phase1a-60z59-hg002-grch38-v421	event-run-phase1a-60z59-hg002-grch38-v421-record-974	run-phase1a-ru88n-hg002-grch38-v421	event-run-phase1a-ru88n-hg002-grch38-v421-record-977	CROSS_RUN_EQUIVALENCE_UNRESOLVED	True	True	True	True	2	2	1	1	SINGLE_NORMALIZED_ALLELE	SINGLE_NORMALIZED_ALLELE	SINGLE_NORMALIZED_ALLELE__SINGLE_NORMALIZED_ALLELE	NOT_ASSIGNED_IN_STRUCTURE_AUDIT
897	run-phase1a-60z59-hg002-grch38-v421	event-run-phase1a-60z59-hg002-grch38-v421-record-975	run-phase1a-ru88n-hg002-grch38-v421	event-run-phase1a-ru88n-hg002-grch38-v421-record-978	CROSS_RUN_EQUIVALENCE_UNRESOLVED	True	True	True	True	2	2	1	1	SINGLE_NORMALIZED_ALLELE	SINGLE_NORMALIZED_ALLELE	SINGLE_NORMALIZED_ALLELE__SINGLE_NORMALIZED_ALLELE	NOT_ASSIGNED_IN_STRUCTURE_AUDIT
898	run-phase1a-60z59-hg002-grch38-v421	event-run-phase1a-60z59-hg002-grch38-v421-record-976	run-phase1a-ru88n-hg002-grch38-v421	event-run-phase1a-ru88n-hg002-grch38-v421-record-979	CROSS_RUN_EQUIVALENCE_UNRESOLVED	True	True	True	True	2	2	1	1	SINGLE_NORMALIZED_ALLELE	SINGLE_NORMALIZED_ALLELE	SINGLE_NORMALIZED_ALLELE__SINGLE_NORMALIZED_ALLELE	NOT_ASSIGNED_IN_STRUCTURE_AUDIT
899	run-phase1a-60z59-hg002-grch38-v421	event-run-phase1a-60z59-hg002-grch38-v421-record-977	run-phase1a-ru88n-hg002-grch38-v421	event-run-phase1a-ru88n-hg002-grch38-v421-record-980	CROSS_RUN_EQUIVALENCE_UNRESOLVED	True	True	True	True	2	2	1	1	SINGLE_NORMALIZED_ALLELE	SINGLE_NORMALIZED_ALLELE	SINGLE_NORMALIZED_ALLELE__SINGLE_NORMALIZED_ALLELE	NOT_ASSIGNED_IN_STRUCTURE_AUDIT
900	run-phase1a-60z59-hg002-grch38-v421	event-run-phase1a-60z59-hg002-grch38-v421-record-978	run-phase1a-ru88n-hg002-grch38-v421	event-run-phase1a-ru88n-hg002-grch38-v421-record-981	CROSS_RUN_EQUIVALENCE_UNRESOLVED	True	True	True	True	2	2	1	1	SINGLE_NORMALIZED_ALLELE	SINGLE_NORMALIZED_ALLELE	SINGLE_NORMALIZED_ALLELE__SINGLE_NORMALIZED_ALLELE	NOT_ASSIGNED_IN_STRUCTURE_AUDIT
901	run-phase1a-60z59-hg002-grch38-v421	event-run-phase1a-60z59-hg002-grch38-v421-record-979	run-phase1a-ru88n-hg002-grch38-v421	event-run-phase1a-ru88n-hg002-grch38-v421-record-982	CROSS_RUN_EQUIVALENCE_UNRESOLVED	True	True	True	True	2	2	1	1	SINGLE_NORMALIZED_ALLELE	SINGLE_NORMALIZED_ALLELE	SINGLE_NORMALIZED_ALLELE__SINGLE_NORMALIZED_ALLELE	NOT_ASSIGNED_IN_STRUCTURE_AUDIT
902	run-phase1a-60z59-hg002-grch38-v421	event-run-phase1a-60z59-hg002-grch38-v421-record-980	run-phase1a-ru88n-hg002-grch38-v421	event-run-phase1a-ru88n-hg002-grch38-v421-record-984	CROSS_RUN_EQUIVALENCE_UNRESOLVED	True	True	True	True	2	2	1	1	SINGLE_NORMALIZED_ALLELE	SINGLE_NORMALIZED_ALLELE	SINGLE_NORMALIZED_ALLELE__SINGLE_NORMALIZED_ALLELE	NOT_ASSIGNED_IN_STRUCTURE_AUDIT
903	run-phase1a-60z59-hg002-grch38-v421	event-run-phase1a-60z59-hg002-grch38-v421-record-981	run-phase1a-ru88n-hg002-grch38-v421	event-run-phase1a-ru88n-hg002-grch38-v421-record-985	CROSS_RUN_EQUIVALENCE_UNRESOLVED	True	True	True	True	2	2	1	1	SINGLE_NORMALIZED_ALLELE	SINGLE_NORMALIZED_ALLELE	SINGLE_NORMALIZED_ALLELE__SINGLE_NORMALIZED_ALLELE	NOT_ASSIGNED_IN_STRUCTURE_AUDIT
904	run-phase1a-60z59-hg002-grch38-v421	event-run-phase1a-60z59-hg002-grch38-v421-record-982	run-phase1a-ru88n-hg002-grch38-v421	event-run-phase1a-ru88n-hg002-grch38-v421-record-986	CROSS_RUN_EQUIVALENCE_UNRESOLVED	True	True	True	True	2	2	1	1	SINGLE_NORMALIZED_ALLELE	SINGLE_NORMALIZED_ALLELE	SINGLE_NORMALIZED_ALLELE__SINGLE_NORMALIZED_ALLELE	NOT_ASSIGNED_IN_STRUCTURE_AUDIT
905	run-phase1a-60z59-hg002-grch38-v421	event-run-phase1a-60z59-hg002-grch38-v421-record-983	run-phase1a-ru88n-hg002-grch38-v421	event-run-phase1a-ru88n-hg002-grch38-v421-record-987	CROSS_RUN_EQUIVALENCE_UNRESOLVED	True	True	True	True	2	2	1	1	SINGLE_NORMALIZED_ALLELE	SINGLE_NORMALIZED_ALLELE	SINGLE_NORMALIZED_ALLELE__SINGLE_NORMALIZED_ALLELE	NOT_ASSIGNED_IN_STRUCTURE_AUDIT
906	run-phase1a-60z59-hg002-grch38-v421	event-run-phase1a-60z59-hg002-grch38-v421-record-984	run-phase1a-ru88n-hg002-grch38-v421	event-run-phase1a-ru88n-hg002-grch38-v421-record-988	CROSS_RUN_EQUIVALENCE_UNRESOLVED	True	True	True	True	2	2	1	1	SINGLE_NORMALIZED_ALLELE	SINGLE_NORMALIZED_ALLELE	SINGLE_NORMALIZED_ALLELE__SINGLE_NORMALIZED_ALLELE	NOT_ASSIGNED_IN_STRUCTURE_AUDIT
907	run-phase1a-60z59-hg002-grch38-v421	event-run-phase1a-60z59-hg002-grch38-v421-record-985	run-phase1a-ru88n-hg002-grch38-v421	event-run-phase1a-ru88n-hg002-grch38-v421-record-989	CROSS_RUN_EQUIVALENCE_UNRESOLVED	True	True	True	True	2	2	1	1	SINGLE_NORMALIZED_ALLELE	SINGLE_NORMALIZED_ALLELE	SINGLE_NORMALIZED_ALLELE__SINGLE_NORMALIZED_ALLELE	NOT_ASSIGNED_IN_STRUCTURE_AUDIT
908	run-phase1a-60z59-hg002-grch38-v421	event-run-phase1a-60z59-hg002-grch38-v421-record-986	run-phase1a-ru88n-hg002-grch38-v421	event-run-phase1a-ru88n-hg002-grch38-v421-record-990	CROSS_RUN_EQUIVALENCE_UNRESOLVED	True	True	True	True	2	2	1	1	SINGLE_NORMALIZED_ALLELE	SINGLE_NORMALIZED_ALLELE	SINGLE_NORMALIZED_ALLELE__SINGLE_NORMALIZED_ALLELE	NOT_ASSIGNED_IN_STRUCTURE_AUDIT
909	run-phase1a-60z59-hg002-grch38-v421	event-run-phase1a-60z59-hg002-grch38-v421-record-987	run-phase1a-ru88n-hg002-grch38-v421	event-run-phase1a-ru88n-hg002-grch38-v421-record-991	CROSS_RUN_EQUIVALENCE_UNRESOLVED	True	True	True	True	2	2	1	1	SINGLE_NORMALIZED_ALLELE	SINGLE_NORMALIZED_ALLELE	SINGLE_NORMALIZED_ALLELE__SINGLE_NORMALIZED_ALLELE	NOT_ASSIGNED_IN_STRUCTURE_AUDIT
910	run-phase1a-60z59-hg002-grch38-v421	event-run-phase1a-60z59-hg002-grch38-v421-record-989	run-phase1a-ru88n-hg002-grch38-v421	event-run-phase1a-ru88n-hg002-grch38-v421-record-992	CROSS_RUN_EQUIVALENCE_UNRESOLVED	True	True	True	True	2	2	1	1	SINGLE_NORMALIZED_ALLELE	SINGLE_NORMALIZED_ALLELE	SINGLE_NORMALIZED_ALLELE__SINGLE_NORMALIZED_ALLELE	NOT_ASSIGNED_IN_STRUCTURE_AUDIT
911	run-phase1a-60z59-hg002-grch38-v421	event-run-phase1a-60z59-hg002-grch38-v421-record-990	run-phase1a-ru88n-hg002-grch38-v421	event-run-phase1a-ru88n-hg002-grch38-v421-record-993	CROSS_RUN_EQUIVALENCE_UNRESOLVED	True	True	True	True	2	2	1	1	SINGLE_NORMALIZED_ALLELE	SINGLE_NORMALIZED_ALLELE	SINGLE_NORMALIZED_ALLELE__SINGLE_NORMALIZED_ALLELE	NOT_ASSIGNED_IN_STRUCTURE_AUDIT
912	run-phase1a-60z59-hg002-grch38-v421	event-run-phase1a-60z59-hg002-grch38-v421-record-991	run-phase1a-ru88n-hg002-grch38-v421	event-run-phase1a-ru88n-hg002-grch38-v421-record-994	CROSS_RUN_EQUIVALENCE_UNRESOLVED	True	True	True	True	2	2	1	1	SINGLE_NORMALIZED_ALLELE	SINGLE_NORMALIZED_ALLELE	SINGLE_NORMALIZED_ALLELE__SINGLE_NORMALIZED_ALLELE	NOT_ASSIGNED_IN_STRUCTURE_AUDIT
913	run-phase1a-60z59-hg002-grch38-v421	event-run-phase1a-60z59-hg002-grch38-v421-record-993	run-phase1a-ru88n-hg002-grch38-v421	event-run-phase1a-ru88n-hg002-grch38-v421-record-996	CROSS_RUN_EQUIVALENCE_UNRESOLVED	True	True	True	True	2	2	1	1	SINGLE_NORMALIZED_ALLELE	SINGLE_NORMALIZED_ALLELE	SINGLE_NORMALIZED_ALLELE__SINGLE_NORMALIZED_ALLELE	NOT_ASSIGNED_IN_STRUCTURE_AUDIT
914	run-phase1a-60z59-hg002-grch38-v421	event-run-phase1a-60z59-hg002-grch38-v421-record-994	run-phase1a-ru88n-hg002-grch38-v421	event-run-phase1a-ru88n-hg002-grch38-v421-record-997	CROSS_RUN_EQUIVALENCE_UNRESOLVED	True	True	True	True	2	2	1	1	SINGLE_NORMALIZED_ALLELE	SINGLE_NORMALIZED_ALLELE	SINGLE_NORMALIZED_ALLELE__SINGLE_NORMALIZED_ALLELE	NOT_ASSIGNED_IN_STRUCTURE_AUDIT
915	run-phase1a-60z59-hg002-grch38-v421	event-run-phase1a-60z59-hg002-grch38-v421-record-995	run-phase1a-ru88n-hg002-grch38-v421	event-run-phase1a-ru88n-hg002-grch38-v421-record-998	CROSS_RUN_EQUIVALENCE_UNRESOLVED	True	True	True	True	2	2	1	1	SINGLE_NORMALIZED_ALLELE	SINGLE_NORMALIZED_ALLELE	SINGLE_NORMALIZED_ALLELE__SINGLE_NORMALIZED_ALLELE	NOT_ASSIGNED_IN_STRUCTURE_AUDIT
916	run-phase1a-60z59-hg002-grch38-v421	event-run-phase1a-60z59-hg002-grch38-v421-record-996	run-phase1a-ru88n-hg002-grch38-v421	event-run-phase1a-ru88n-hg002-grch38-v421-record-999	CROSS_RUN_EQUIVALENCE_UNRESOLVED	True	True	True	True	2	2	1	1	SINGLE_NORMALIZED_ALLELE	SINGLE_NORMALIZED_ALLELE	SINGLE_NORMALIZED_ALLELE__SINGLE_NORMALIZED_ALLELE	NOT_ASSIGNED_IN_STRUCTURE_AUDIT
917	run-phase1a-60z59-hg002-grch38-v421	event-run-phase1a-60z59-hg002-grch38-v421-record-997	run-phase1a-ru88n-hg002-grch38-v421	event-run-phase1a-ru88n-hg002-grch38-v421-record-1000	CROSS_RUN_EQUIVALENCE_UNRESOLVED	True	True	True	True	2	2	1	1	SINGLE_NORMALIZED_ALLELE	SINGLE_NORMALIZED_ALLELE	SINGLE_NORMALIZED_ALLELE__SINGLE_NORMALIZED_ALLELE	NOT_ASSIGNED_IN_STRUCTURE_AUDIT
918	run-phase1a-60z59-hg002-grch38-v421	event-run-phase1a-60z59-hg002-grch38-v421-record-998	run-phase1a-ru88n-hg002-grch38-v421	event-run-phase1a-ru88n-hg002-grch38-v421-record-1001	CROSS_RUN_EQUIVALENCE_UNRESOLVED	True	True	True	True	2	2	1	1	SINGLE_NORMALIZED_ALLELE	SINGLE_NORMALIZED_ALLELE	SINGLE_NORMALIZED_ALLELE__SINGLE_NORMALIZED_ALLELE	NOT_ASSIGNED_IN_STRUCTURE_AUDIT
919	run-phase1a-60z59-hg002-grch38-v421	event-run-phase1a-60z59-hg002-grch38-v421-record-999	run-phase1a-ru88n-hg002-grch38-v421	event-run-phase1a-ru88n-hg002-grch38-v421-record-1002	CROSS_RUN_EQUIVALENCE_UNRESOLVED	True	True	True	True	2	2	1	1	SINGLE_NORMALIZED_ALLELE	SINGLE_NORMALIZED_ALLELE	SINGLE_NORMALIZED_ALLELE__SINGLE_NORMALIZED_ALLELE	NOT_ASSIGNED_IN_STRUCTURE_AUDIT
920	run-phase1a-60z59-hg002-grch38-v421	event-run-phase1a-60z59-hg002-grch38-v421-record-1000	run-phase1a-ru88n-hg002-grch38-v421	event-run-phase1a-ru88n-hg002-grch38-v421-record-1003	CROSS_RUN_EQUIVALENCE_UNRESOLVED	True	True	True	True	2	2	1	1	SINGLE_NORMALIZED_ALLELE	SINGLE_NORMALIZED_ALLELE	SINGLE_NORMALIZED_ALLELE__SINGLE_NORMALIZED_ALLELE	NOT_ASSIGNED_IN_STRUCTURE_AUDIT
921	run-phase1a-60z59-hg002-grch38-v421	event-run-phase1a-60z59-hg002-grch38-v421-record-1001	run-phase1a-ru88n-hg002-grch38-v421	event-run-phase1a-ru88n-hg002-grch38-v421-record-1004	CROSS_RUN_EQUIVALENCE_UNRESOLVED	True	True	True	True	2	2	1	1	SINGLE_NORMALIZED_ALLELE	SINGLE_NORMALIZED_ALLELE	SINGLE_NORMALIZED_ALLELE__SINGLE_NORMALIZED_ALLELE	NOT_ASSIGNED_IN_STRUCTURE_AUDIT
922	run-phase1a-60z59-hg002-grch38-v421	event-run-phase1a-60z59-hg002-grch38-v421-record-1002	run-phase1a-ru88n-hg002-grch38-v421	event-run-phase1a-ru88n-hg002-grch38-v421-record-1005	CROSS_RUN_EQUIVALENCE_UNRESOLVED	True	True	True	True	2	2	1	1	SINGLE_NORMALIZED_ALLELE	SINGLE_NORMALIZED_ALLELE	SINGLE_NORMALIZED_ALLELE__SINGLE_NORMALIZED_ALLELE	NOT_ASSIGNED_IN_STRUCTURE_AUDIT
923	run-phase1a-60z59-hg002-grch38-v421	event-run-phase1a-60z59-hg002-grch38-v421-record-1003	run-phase1a-ru88n-hg002-grch38-v421	event-run-phase1a-ru88n-hg002-grch38-v421-record-1006	CROSS_RUN_EQUIVALENCE_UNRESOLVED	True	True	True	True	2	2	1	1	SINGLE_NORMALIZED_ALLELE	SINGLE_NORMALIZED_ALLELE	SINGLE_NORMALIZED_ALLELE__SINGLE_NORMALIZED_ALLELE	NOT_ASSIGNED_IN_STRUCTURE_AUDIT
924	run-phase1a-60z59-hg002-grch38-v421	event-run-phase1a-60z59-hg002-grch38-v421-record-1004	run-phase1a-ru88n-hg002-grch38-v421	event-run-phase1a-ru88n-hg002-grch38-v421-record-1007	CROSS_RUN_EQUIVALENCE_UNRESOLVED	True	True	True	True	2	2	1	1	SINGLE_NORMALIZED_ALLELE	SINGLE_NORMALIZED_ALLELE	SINGLE_NORMALIZED_ALLELE__SINGLE_NORMALIZED_ALLELE	NOT_ASSIGNED_IN_STRUCTURE_AUDIT
925	run-phase1a-60z59-hg002-grch38-v421	event-run-phase1a-60z59-hg002-grch38-v421-record-1005	run-phase1a-ru88n-hg002-grch38-v421	event-run-phase1a-ru88n-hg002-grch38-v421-record-1008	CROSS_RUN_EQUIVALENCE_UNRESOLVED	True	True	True	True	2	2	1	1	SINGLE_NORMALIZED_ALLELE	SINGLE_NORMALIZED_ALLELE	SINGLE_NORMALIZED_ALLELE__SINGLE_NORMALIZED_ALLELE	NOT_ASSIGNED_IN_STRUCTURE_AUDIT
926	run-phase1a-60z59-hg002-grch38-v421	event-run-phase1a-60z59-hg002-grch38-v421-record-1006	run-phase1a-ru88n-hg002-grch38-v421	event-run-phase1a-ru88n-hg002-grch38-v421-record-1009	CROSS_RUN_EQUIVALENCE_UNRESOLVED	True	True	True	True	2	2	1	1	SINGLE_NORMALIZED_ALLELE	SINGLE_NORMALIZED_ALLELE	SINGLE_NORMALIZED_ALLELE__SINGLE_NORMALIZED_ALLELE	NOT_ASSIGNED_IN_STRUCTURE_AUDIT
927	run-phase1a-60z59-hg002-grch38-v421	event-run-phase1a-60z59-hg002-grch38-v421-record-1007	run-phase1a-ru88n-hg002-grch38-v421	event-run-phase1a-ru88n-hg002-grch38-v421-record-1010	CROSS_RUN_EQUIVALENCE_UNRESOLVED	True	True	True	True	2	2	1	1	SINGLE_NORMALIZED_ALLELE	SINGLE_NORMALIZED_ALLELE	SINGLE_NORMALIZED_ALLELE__SINGLE_NORMALIZED_ALLELE	NOT_ASSIGNED_IN_STRUCTURE_AUDIT
928	run-phase1a-60z59-hg002-grch38-v421	event-run-phase1a-60z59-hg002-grch38-v421-record-1008	run-phase1a-ru88n-hg002-grch38-v421	event-run-phase1a-ru88n-hg002-grch38-v421-record-1011	CROSS_RUN_EQUIVALENCE_UNRESOLVED	True	True	True	True	2	2	1	1	SINGLE_NORMALIZED_ALLELE	SINGLE_NORMALIZED_ALLELE	SINGLE_NORMALIZED_ALLELE__SINGLE_NORMALIZED_ALLELE	NOT_ASSIGNED_IN_STRUCTURE_AUDIT
929	run-phase1a-60z59-hg002-grch38-v421	event-run-phase1a-60z59-hg002-grch38-v421-record-1009	run-phase1a-ru88n-hg002-grch38-v421	event-run-phase1a-ru88n-hg002-grch38-v421-record-1012	CROSS_RUN_EQUIVALENCE_UNRESOLVED	True	True	True	True	2	2	1	1	SINGLE_NORMALIZED_ALLELE	SINGLE_NORMALIZED_ALLELE	SINGLE_NORMALIZED_ALLELE__SINGLE_NORMALIZED_ALLELE	NOT_ASSIGNED_IN_STRUCTURE_AUDIT
930	run-phase1a-60z59-hg002-grch38-v421	event-run-phase1a-60z59-hg002-grch38-v421-record-1010	run-phase1a-ru88n-hg002-grch38-v421	event-run-phase1a-ru88n-hg002-grch38-v421-record-1013	CROSS_RUN_EQUIVALENCE_UNRESOLVED	True	True	True	True	2	2	1	1	SINGLE_NORMALIZED_ALLELE	SINGLE_NORMALIZED_ALLELE	SINGLE_NORMALIZED_ALLELE__SINGLE_NORMALIZED_ALLELE	NOT_ASSIGNED_IN_STRUCTURE_AUDIT
931	run-phase1a-60z59-hg002-grch38-v421	event-run-phase1a-60z59-hg002-grch38-v421-record-1011	run-phase1a-ru88n-hg002-grch38-v421	event-run-phase1a-ru88n-hg002-grch38-v421-record-1014	CROSS_RUN_EQUIVALENCE_UNRESOLVED	True	True	True	True	2	2	1	1	SINGLE_NORMALIZED_ALLELE	SINGLE_NORMALIZED_ALLELE	SINGLE_NORMALIZED_ALLELE__SINGLE_NORMALIZED_ALLELE	NOT_ASSIGNED_IN_STRUCTURE_AUDIT
932	run-phase1a-60z59-hg002-grch38-v421	event-run-phase1a-60z59-hg002-grch38-v421-record-1012	run-phase1a-ru88n-hg002-grch38-v421	event-run-phase1a-ru88n-hg002-grch38-v421-record-1015	CROSS_RUN_EQUIVALENCE_UNRESOLVED	True	True	True	True	2	2	1	1	SINGLE_NORMALIZED_ALLELE	SINGLE_NORMALIZED_ALLELE	SINGLE_NORMALIZED_ALLELE__SINGLE_NORMALIZED_ALLELE	NOT_ASSIGNED_IN_STRUCTURE_AUDIT
933	run-phase1a-60z59-hg002-grch38-v421	event-run-phase1a-60z59-hg002-grch38-v421-record-1013	run-phase1a-ru88n-hg002-grch38-v421	event-run-phase1a-ru88n-hg002-grch38-v421-record-1016	CROSS_RUN_EQUIVALENCE_UNRESOLVED	True	True	True	True	2	2	1	1	SINGLE_NORMALIZED_ALLELE	SINGLE_NORMALIZED_ALLELE	SINGLE_NORMALIZED_ALLELE__SINGLE_NORMALIZED_ALLELE	NOT_ASSIGNED_IN_STRUCTURE_AUDIT
934	run-phase1a-60z59-hg002-grch38-v421	event-run-phase1a-60z59-hg002-grch38-v421-record-1014	run-phase1a-ru88n-hg002-grch38-v421	event-run-phase1a-ru88n-hg002-grch38-v421-record-1017	CROSS_RUN_EQUIVALENCE_UNRESOLVED	True	True	True	True	2	2	1	1	SINGLE_NORMALIZED_ALLELE	SINGLE_NORMALIZED_ALLELE	SINGLE_NORMALIZED_ALLELE__SINGLE_NORMALIZED_ALLELE	NOT_ASSIGNED_IN_STRUCTURE_AUDIT
935	run-phase1a-60z59-hg002-grch38-v421	event-run-phase1a-60z59-hg002-grch38-v421-record-1015	run-phase1a-ru88n-hg002-grch38-v421	event-run-phase1a-ru88n-hg002-grch38-v421-record-1018	CROSS_RUN_EQUIVALENCE_UNRESOLVED	True	True	True	True	2	2	1	1	SINGLE_NORMALIZED_ALLELE	SINGLE_NORMALIZED_ALLELE	SINGLE_NORMALIZED_ALLELE__SINGLE_NORMALIZED_ALLELE	NOT_ASSIGNED_IN_STRUCTURE_AUDIT
936	run-phase1a-60z59-hg002-grch38-v421	event-run-phase1a-60z59-hg002-grch38-v421-record-1016	run-phase1a-ru88n-hg002-grch38-v421	event-run-phase1a-ru88n-hg002-grch38-v421-record-1019	CROSS_RUN_EQUIVALENCE_UNRESOLVED	True	True	True	True	2	2	1	1	SINGLE_NORMALIZED_ALLELE	SINGLE_NORMALIZED_ALLELE	SINGLE_NORMALIZED_ALLELE__SINGLE_NORMALIZED_ALLELE	NOT_ASSIGNED_IN_STRUCTURE_AUDIT
937	run-phase1a-60z59-hg002-grch38-v421	event-run-phase1a-60z59-hg002-grch38-v421-record-1017	run-phase1a-ru88n-hg002-grch38-v421	event-run-phase1a-ru88n-hg002-grch38-v421-record-1020	CROSS_RUN_EQUIVALENCE_UNRESOLVED	True	True	True	True	2	2	1	1	SINGLE_NORMALIZED_ALLELE	SINGLE_NORMALIZED_ALLELE	SINGLE_NORMALIZED_ALLELE__SINGLE_NORMALIZED_ALLELE	NOT_ASSIGNED_IN_STRUCTURE_AUDIT
938	run-phase1a-60z59-hg002-grch38-v421	event-run-phase1a-60z59-hg002-grch38-v421-record-1018	run-phase1a-ru88n-hg002-grch38-v421	event-run-phase1a-ru88n-hg002-grch38-v421-record-1021	CROSS_RUN_EQUIVALENCE_UNRESOLVED	True	True	True	True	2	2	1	1	SINGLE_NORMALIZED_ALLELE	SINGLE_NORMALIZED_ALLELE	SINGLE_NORMALIZED_ALLELE__SINGLE_NORMALIZED_ALLELE	NOT_ASSIGNED_IN_STRUCTURE_AUDIT
939	run-phase1a-60z59-hg002-grch38-v421	event-run-phase1a-60z59-hg002-grch38-v421-record-1019	run-phase1a-ru88n-hg002-grch38-v421	event-run-phase1a-ru88n-hg002-grch38-v421-record-1022	CROSS_RUN_EQUIVALENCE_UNRESOLVED	True	True	True	True	2	2	1	1	SINGLE_NORMALIZED_ALLELE	SINGLE_NORMALIZED_ALLELE	SINGLE_NORMALIZED_ALLELE__SINGLE_NORMALIZED_ALLELE	NOT_ASSIGNED_IN_STRUCTURE_AUDIT
940	run-phase1a-60z59-hg002-grch38-v421	event-run-phase1a-60z59-hg002-grch38-v421-record-1020	run-phase1a-ru88n-hg002-grch38-v421	event-run-phase1a-ru88n-hg002-grch38-v421-record-1023	CROSS_RUN_EQUIVALENCE_UNRESOLVED	True	True	True	True	2	2	1	1	SINGLE_NORMALIZED_ALLELE	SINGLE_NORMALIZED_ALLELE	SINGLE_NORMALIZED_ALLELE__SINGLE_NORMALIZED_ALLELE	NOT_ASSIGNED_IN_STRUCTURE_AUDIT
941	run-phase1a-60z59-hg002-grch38-v421	event-run-phase1a-60z59-hg002-grch38-v421-record-1021	run-phase1a-ru88n-hg002-grch38-v421	event-run-phase1a-ru88n-hg002-grch38-v421-record-1024	CROSS_RUN_EQUIVALENCE_UNRESOLVED	True	True	True	True	2	2	1	1	SINGLE_NORMALIZED_ALLELE	SINGLE_NORMALIZED_ALLELE	SINGLE_NORMALIZED_ALLELE__SINGLE_NORMALIZED_ALLELE	NOT_ASSIGNED_IN_STRUCTURE_AUDIT
942	run-phase1a-60z59-hg002-grch38-v421	event-run-phase1a-60z59-hg002-grch38-v421-record-1022	run-phase1a-ru88n-hg002-grch38-v421	event-run-phase1a-ru88n-hg002-grch38-v421-record-1025	CROSS_RUN_EQUIVALENCE_UNRESOLVED	True	True	True	True	2	2	1	1	SINGLE_NORMALIZED_ALLELE	SINGLE_NORMALIZED_ALLELE	SINGLE_NORMALIZED_ALLELE__SINGLE_NORMALIZED_ALLELE	NOT_ASSIGNED_IN_STRUCTURE_AUDIT
943	run-phase1a-60z59-hg002-grch38-v421	event-run-phase1a-60z59-hg002-grch38-v421-record-1023	run-phase1a-ru88n-hg002-grch38-v421	event-run-phase1a-ru88n-hg002-grch38-v421-record-1026	CROSS_RUN_EQUIVALENCE_UNRESOLVED	True	True	True	True	2	2	1	1	SINGLE_NORMALIZED_ALLELE	SINGLE_NORMALIZED_ALLELE	SINGLE_NORMALIZED_ALLELE__SINGLE_NORMALIZED_ALLELE	NOT_ASSIGNED_IN_STRUCTURE_AUDIT
944	run-phase1a-60z59-hg002-grch38-v421	event-run-phase1a-60z59-hg002-grch38-v421-record-1024	run-phase1a-ru88n-hg002-grch38-v421	event-run-phase1a-ru88n-hg002-grch38-v421-record-1027	CROSS_RUN_EQUIVALENCE_UNRESOLVED	True	True	True	True	2	2	1	1	SINGLE_NORMALIZED_ALLELE	SINGLE_NORMALIZED_ALLELE	SINGLE_NORMALIZED_ALLELE__SINGLE_NORMALIZED_ALLELE	NOT_ASSIGNED_IN_STRUCTURE_AUDIT
945	run-phase1a-60z59-hg002-grch38-v421	event-run-phase1a-60z59-hg002-grch38-v421-record-1025	run-phase1a-ru88n-hg002-grch38-v421	event-run-phase1a-ru88n-hg002-grch38-v421-record-1028	CROSS_RUN_EQUIVALENCE_UNRESOLVED	True	True	True	True	2	2	1	1	SINGLE_NORMALIZED_ALLELE	SINGLE_NORMALIZED_ALLELE	SINGLE_NORMALIZED_ALLELE__SINGLE_NORMALIZED_ALLELE	NOT_ASSIGNED_IN_STRUCTURE_AUDIT
946	run-phase1a-60z59-hg002-grch38-v421	event-run-phase1a-60z59-hg002-grch38-v421-record-1026	run-phase1a-ru88n-hg002-grch38-v421	event-run-phase1a-ru88n-hg002-grch38-v421-record-1029	CROSS_RUN_EQUIVALENCE_UNRESOLVED	True	True	True	True	2	2	1	1	SINGLE_NORMALIZED_ALLELE	SINGLE_NORMALIZED_ALLELE	SINGLE_NORMALIZED_ALLELE__SINGLE_NORMALIZED_ALLELE	NOT_ASSIGNED_IN_STRUCTURE_AUDIT
947	run-phase1a-60z59-hg002-grch38-v421	event-run-phase1a-60z59-hg002-grch38-v421-record-1027	run-phase1a-ru88n-hg002-grch38-v421	event-run-phase1a-ru88n-hg002-grch38-v421-record-1030	CROSS_RUN_EQUIVALENCE_UNRESOLVED	True	True	True	True	2	2	1	1	SINGLE_NORMALIZED_ALLELE	SINGLE_NORMALIZED_ALLELE	SINGLE_NORMALIZED_ALLELE__SINGLE_NORMALIZED_ALLELE	NOT_ASSIGNED_IN_STRUCTURE_AUDIT
948	run-phase1a-60z59-hg002-grch38-v421	event-run-phase1a-60z59-hg002-grch38-v421-record-1028	run-phase1a-ru88n-hg002-grch38-v421	event-run-phase1a-ru88n-hg002-grch38-v421-record-1031	CROSS_RUN_EQUIVALENCE_UNRESOLVED	True	True	True	True	2	2	1	1	SINGLE_NORMALIZED_ALLELE	SINGLE_NORMALIZED_ALLELE	SINGLE_NORMALIZED_ALLELE__SINGLE_NORMALIZED_ALLELE	NOT_ASSIGNED_IN_STRUCTURE_AUDIT
949	run-phase1a-60z59-hg002-grch38-v421	event-run-phase1a-60z59-hg002-grch38-v421-record-1029	run-phase1a-ru88n-hg002-grch38-v421	event-run-phase1a-ru88n-hg002-grch38-v421-record-1032	CROSS_RUN_EQUIVALENCE_UNRESOLVED	True	True	True	True	2	2	1	1	SINGLE_NORMALIZED_ALLELE	SINGLE_NORMALIZED_ALLELE	SINGLE_NORMALIZED_ALLELE__SINGLE_NORMALIZED_ALLELE	NOT_ASSIGNED_IN_STRUCTURE_AUDIT
950	run-phase1a-60z59-hg002-grch38-v421	event-run-phase1a-60z59-hg002-grch38-v421-record-1030	run-phase1a-ru88n-hg002-grch38-v421	event-run-phase1a-ru88n-hg002-grch38-v421-record-1033	CROSS_RUN_EQUIVALENCE_UNRESOLVED	True	True	True	True	2	2	1	1	SINGLE_NORMALIZED_ALLELE	SINGLE_NORMALIZED_ALLELE	SINGLE_NORMALIZED_ALLELE__SINGLE_NORMALIZED_ALLELE	NOT_ASSIGNED_IN_STRUCTURE_AUDIT
951	run-phase1a-60z59-hg002-grch38-v421	event-run-phase1a-60z59-hg002-grch38-v421-record-1032	run-phase1a-ru88n-hg002-grch38-v421	event-run-phase1a-ru88n-hg002-grch38-v421-record-1035	CROSS_RUN_EQUIVALENCE_UNRESOLVED	True	True	True	True	2	2	1	1	SINGLE_NORMALIZED_ALLELE	SINGLE_NORMALIZED_ALLELE	SINGLE_NORMALIZED_ALLELE__SINGLE_NORMALIZED_ALLELE	NOT_ASSIGNED_IN_STRUCTURE_AUDIT
952	run-phase1a-60z59-hg002-grch38-v421	event-run-phase1a-60z59-hg002-grch38-v421-record-1033	run-phase1a-ru88n-hg002-grch38-v421	event-run-phase1a-ru88n-hg002-grch38-v421-record-1036	CROSS_RUN_EQUIVALENCE_UNRESOLVED	True	True	True	True	2	2	1	1	SINGLE_NORMALIZED_ALLELE	SINGLE_NORMALIZED_ALLELE	SINGLE_NORMALIZED_ALLELE__SINGLE_NORMALIZED_ALLELE	NOT_ASSIGNED_IN_STRUCTURE_AUDIT
953	run-phase1a-60z59-hg002-grch38-v421	event-run-phase1a-60z59-hg002-grch38-v421-record-1034	run-phase1a-ru88n-hg002-grch38-v421	event-run-phase1a-ru88n-hg002-grch38-v421-record-1037	CROSS_RUN_EQUIVALENCE_UNRESOLVED	True	True	True	True	2	2	1	1	SINGLE_NORMALIZED_ALLELE	SINGLE_NORMALIZED_ALLELE	SINGLE_NORMALIZED_ALLELE__SINGLE_NORMALIZED_ALLELE	NOT_ASSIGNED_IN_STRUCTURE_AUDIT
954	run-phase1a-60z59-hg002-grch38-v421	event-run-phase1a-60z59-hg002-grch38-v421-record-1035	run-phase1a-ru88n-hg002-grch38-v421	event-run-phase1a-ru88n-hg002-grch38-v421-record-1038	CROSS_RUN_EQUIVALENCE_UNRESOLVED	True	True	True	True	2	2	1	1	SINGLE_NORMALIZED_ALLELE	SINGLE_NORMALIZED_ALLELE	SINGLE_NORMALIZED_ALLELE__SINGLE_NORMALIZED_ALLELE	NOT_ASSIGNED_IN_STRUCTURE_AUDIT
955	run-phase1a-60z59-hg002-grch38-v421	event-run-phase1a-60z59-hg002-grch38-v421-record-1036	run-phase1a-ru88n-hg002-grch38-v421	event-run-phase1a-ru88n-hg002-grch38-v421-record-1039	CROSS_RUN_EQUIVALENCE_UNRESOLVED	True	True	True	True	2	2	1	1	SINGLE_NORMALIZED_ALLELE	SINGLE_NORMALIZED_ALLELE	SINGLE_NORMALIZED_ALLELE__SINGLE_NORMALIZED_ALLELE	NOT_ASSIGNED_IN_STRUCTURE_AUDIT
956	run-phase1a-60z59-hg002-grch38-v421	event-run-phase1a-60z59-hg002-grch38-v421-record-1038	run-phase1a-ru88n-hg002-grch38-v421	event-run-phase1a-ru88n-hg002-grch38-v421-record-1041	CROSS_RUN_EQUIVALENCE_UNRESOLVED	True	True	True	True	2	2	1	1	SINGLE_NORMALIZED_ALLELE	SINGLE_NORMALIZED_ALLELE	SINGLE_NORMALIZED_ALLELE__SINGLE_NORMALIZED_ALLELE	NOT_ASSIGNED_IN_STRUCTURE_AUDIT
957	run-phase1a-60z59-hg002-grch38-v421	event-run-phase1a-60z59-hg002-grch38-v421-record-1039	run-phase1a-ru88n-hg002-grch38-v421	event-run-phase1a-ru88n-hg002-grch38-v421-record-1042	CROSS_RUN_EQUIVALENCE_UNRESOLVED	True	True	True	True	2	2	1	1	SINGLE_NORMALIZED_ALLELE	SINGLE_NORMALIZED_ALLELE	SINGLE_NORMALIZED_ALLELE__SINGLE_NORMALIZED_ALLELE	NOT_ASSIGNED_IN_STRUCTURE_AUDIT
958	run-phase1a-60z59-hg002-grch38-v421	event-run-phase1a-60z59-hg002-grch38-v421-record-1040	run-phase1a-ru88n-hg002-grch38-v421	event-run-phase1a-ru88n-hg002-grch38-v421-record-1043	CROSS_RUN_EQUIVALENCE_UNRESOLVED	True	True	True	True	2	2	1	1	SINGLE_NORMALIZED_ALLELE	SINGLE_NORMALIZED_ALLELE	SINGLE_NORMALIZED_ALLELE__SINGLE_NORMALIZED_ALLELE	NOT_ASSIGNED_IN_STRUCTURE_AUDIT
959	run-phase1a-60z59-hg002-grch38-v421	event-run-phase1a-60z59-hg002-grch38-v421-record-1041	run-phase1a-ru88n-hg002-grch38-v421	event-run-phase1a-ru88n-hg002-grch38-v421-record-1044	CROSS_RUN_EQUIVALENCE_UNRESOLVED	True	True	True	True	2	2	1	1	SINGLE_NORMALIZED_ALLELE	SINGLE_NORMALIZED_ALLELE	SINGLE_NORMALIZED_ALLELE__SINGLE_NORMALIZED_ALLELE	NOT_ASSIGNED_IN_STRUCTURE_AUDIT
960	run-phase1a-60z59-hg002-grch38-v421	event-run-phase1a-60z59-hg002-grch38-v421-record-1042	run-phase1a-ru88n-hg002-grch38-v421	event-run-phase1a-ru88n-hg002-grch38-v421-record-1045	CROSS_RUN_EQUIVALENCE_UNRESOLVED	True	True	True	True	2	2	1	1	SINGLE_NORMALIZED_ALLELE	SINGLE_NORMALIZED_ALLELE	SINGLE_NORMALIZED_ALLELE__SINGLE_NORMALIZED_ALLELE	NOT_ASSIGNED_IN_STRUCTURE_AUDIT
961	run-phase1a-60z59-hg002-grch38-v421	event-run-phase1a-60z59-hg002-grch38-v421-record-1043	run-phase1a-ru88n-hg002-grch38-v421	event-run-phase1a-ru88n-hg002-grch38-v421-record-1046	CROSS_RUN_EQUIVALENCE_UNRESOLVED	True	True	True	True	2	2	1	1	SINGLE_NORMALIZED_ALLELE	SINGLE_NORMALIZED_ALLELE	SINGLE_NORMALIZED_ALLELE__SINGLE_NORMALIZED_ALLELE	NOT_ASSIGNED_IN_STRUCTURE_AUDIT
962	run-phase1a-60z59-hg002-grch38-v421	event-run-phase1a-60z59-hg002-grch38-v421-record-1044	run-phase1a-ru88n-hg002-grch38-v421	event-run-phase1a-ru88n-hg002-grch38-v421-record-1047	CROSS_RUN_EQUIVALENCE_UNRESOLVED	True	True	True	True	2	2	1	1	SINGLE_NORMALIZED_ALLELE	SINGLE_NORMALIZED_ALLELE	SINGLE_NORMALIZED_ALLELE__SINGLE_NORMALIZED_ALLELE	NOT_ASSIGNED_IN_STRUCTURE_AUDIT
963	run-phase1a-60z59-hg002-grch38-v421	event-run-phase1a-60z59-hg002-grch38-v421-record-1045	run-phase1a-ru88n-hg002-grch38-v421	event-run-phase1a-ru88n-hg002-grch38-v421-record-1048	CROSS_RUN_EQUIVALENCE_UNRESOLVED	True	True	True	True	2	2	1	1	SINGLE_NORMALIZED_ALLELE	SINGLE_NORMALIZED_ALLELE	SINGLE_NORMALIZED_ALLELE__SINGLE_NORMALIZED_ALLELE	NOT_ASSIGNED_IN_STRUCTURE_AUDIT
964	run-phase1a-60z59-hg002-grch38-v421	event-run-phase1a-60z59-hg002-grch38-v421-record-1046	run-phase1a-ru88n-hg002-grch38-v421	event-run-phase1a-ru88n-hg002-grch38-v421-record-1049	CROSS_RUN_EQUIVALENCE_UNRESOLVED	True	True	True	True	2	2	1	1	SINGLE_NORMALIZED_ALLELE	SINGLE_NORMALIZED_ALLELE	SINGLE_NORMALIZED_ALLELE__SINGLE_NORMALIZED_ALLELE	NOT_ASSIGNED_IN_STRUCTURE_AUDIT
965	run-phase1a-60z59-hg002-grch38-v421	event-run-phase1a-60z59-hg002-grch38-v421-record-1047	run-phase1a-ru88n-hg002-grch38-v421	event-run-phase1a-ru88n-hg002-grch38-v421-record-1050	CROSS_RUN_EQUIVALENCE_UNRESOLVED	True	True	True	True	2	2	1	1	SINGLE_NORMALIZED_ALLELE	SINGLE_NORMALIZED_ALLELE	SINGLE_NORMALIZED_ALLELE__SINGLE_NORMALIZED_ALLELE	NOT_ASSIGNED_IN_STRUCTURE_AUDIT
966	run-phase1a-60z59-hg002-grch38-v421	event-run-phase1a-60z59-hg002-grch38-v421-record-1048	run-phase1a-ru88n-hg002-grch38-v421	event-run-phase1a-ru88n-hg002-grch38-v421-record-1051	CROSS_RUN_EQUIVALENCE_UNRESOLVED	True	True	True	True	2	2	1	1	SINGLE_NORMALIZED_ALLELE	SINGLE_NORMALIZED_ALLELE	SINGLE_NORMALIZED_ALLELE__SINGLE_NORMALIZED_ALLELE	NOT_ASSIGNED_IN_STRUCTURE_AUDIT
967	run-phase1a-60z59-hg002-grch38-v421	event-run-phase1a-60z59-hg002-grch38-v421-record-1049	run-phase1a-ru88n-hg002-grch38-v421	event-run-phase1a-ru88n-hg002-grch38-v421-record-1052	CROSS_RUN_EQUIVALENCE_UNRESOLVED	True	True	True	True	2	2	1	1	SINGLE_NORMALIZED_ALLELE	SINGLE_NORMALIZED_ALLELE	SINGLE_NORMALIZED_ALLELE__SINGLE_NORMALIZED_ALLELE	NOT_ASSIGNED_IN_STRUCTURE_AUDIT
968	run-phase1a-60z59-hg002-grch38-v421	event-run-phase1a-60z59-hg002-grch38-v421-record-1050	run-phase1a-ru88n-hg002-grch38-v421	event-run-phase1a-ru88n-hg002-grch38-v421-record-1053	CROSS_RUN_EQUIVALENCE_UNRESOLVED	True	True	True	True	2	2	1	1	SINGLE_NORMALIZED_ALLELE	SINGLE_NORMALIZED_ALLELE	SINGLE_NORMALIZED_ALLELE__SINGLE_NORMALIZED_ALLELE	NOT_ASSIGNED_IN_STRUCTURE_AUDIT
969	run-phase1a-60z59-hg002-grch38-v421	event-run-phase1a-60z59-hg002-grch38-v421-record-1051	run-phase1a-ru88n-hg002-grch38-v421	event-run-phase1a-ru88n-hg002-grch38-v421-record-1054	CROSS_RUN_EQUIVALENCE_UNRESOLVED	True	True	True	True	2	2	1	1	SINGLE_NORMALIZED_ALLELE	SINGLE_NORMALIZED_ALLELE	SINGLE_NORMALIZED_ALLELE__SINGLE_NORMALIZED_ALLELE	NOT_ASSIGNED_IN_STRUCTURE_AUDIT
970	run-phase1a-60z59-hg002-grch38-v421	event-run-phase1a-60z59-hg002-grch38-v421-record-1052	run-phase1a-ru88n-hg002-grch38-v421	event-run-phase1a-ru88n-hg002-grch38-v421-record-1055	CROSS_RUN_EQUIVALENCE_UNRESOLVED	True	True	True	True	2	2	1	1	SINGLE_NORMALIZED_ALLELE	SINGLE_NORMALIZED_ALLELE	SINGLE_NORMALIZED_ALLELE__SINGLE_NORMALIZED_ALLELE	NOT_ASSIGNED_IN_STRUCTURE_AUDIT
971	run-phase1a-60z59-hg002-grch38-v421	event-run-phase1a-60z59-hg002-grch38-v421-record-1053	run-phase1a-ru88n-hg002-grch38-v421	event-run-phase1a-ru88n-hg002-grch38-v421-record-1056	CROSS_RUN_EQUIVALENCE_UNRESOLVED	True	True	True	True	2	2	1	1	SINGLE_NORMALIZED_ALLELE	SINGLE_NORMALIZED_ALLELE	SINGLE_NORMALIZED_ALLELE__SINGLE_NORMALIZED_ALLELE	NOT_ASSIGNED_IN_STRUCTURE_AUDIT
972	run-phase1a-60z59-hg002-grch38-v421	event-run-phase1a-60z59-hg002-grch38-v421-record-1054	run-phase1a-ru88n-hg002-grch38-v421	event-run-phase1a-ru88n-hg002-grch38-v421-record-1057	CROSS_RUN_EQUIVALENCE_UNRESOLVED	True	True	True	True	2	2	1	1	SINGLE_NORMALIZED_ALLELE	SINGLE_NORMALIZED_ALLELE	SINGLE_NORMALIZED_ALLELE__SINGLE_NORMALIZED_ALLELE	NOT_ASSIGNED_IN_STRUCTURE_AUDIT
973	run-phase1a-60z59-hg002-grch38-v421	event-run-phase1a-60z59-hg002-grch38-v421-record-1055	run-phase1a-ru88n-hg002-grch38-v421	event-run-phase1a-ru88n-hg002-grch38-v421-record-1058	CROSS_RUN_EQUIVALENCE_UNRESOLVED	True	True	True	True	2	2	1	1	SINGLE_NORMALIZED_ALLELE	SINGLE_NORMALIZED_ALLELE	SINGLE_NORMALIZED_ALLELE__SINGLE_NORMALIZED_ALLELE	NOT_ASSIGNED_IN_STRUCTURE_AUDIT
974	run-phase1a-60z59-hg002-grch38-v421	event-run-phase1a-60z59-hg002-grch38-v421-record-1056	run-phase1a-ru88n-hg002-grch38-v421	event-run-phase1a-ru88n-hg002-grch38-v421-record-1059	CROSS_RUN_EQUIVALENCE_UNRESOLVED	True	True	True	True	2	2	1	1	SINGLE_NORMALIZED_ALLELE	SINGLE_NORMALIZED_ALLELE	SINGLE_NORMALIZED_ALLELE__SINGLE_NORMALIZED_ALLELE	NOT_ASSIGNED_IN_STRUCTURE_AUDIT
975	run-phase1a-60z59-hg002-grch38-v421	event-run-phase1a-60z59-hg002-grch38-v421-record-1057	run-phase1a-ru88n-hg002-grch38-v421	event-run-phase1a-ru88n-hg002-grch38-v421-record-1060	CROSS_RUN_EQUIVALENCE_UNRESOLVED	True	True	True	True	2	2	1	1	SINGLE_NORMALIZED_ALLELE	SINGLE_NORMALIZED_ALLELE	SINGLE_NORMALIZED_ALLELE__SINGLE_NORMALIZED_ALLELE	NOT_ASSIGNED_IN_STRUCTURE_AUDIT
976	run-phase1a-60z59-hg002-grch38-v421	event-run-phase1a-60z59-hg002-grch38-v421-record-1058	run-phase1a-ru88n-hg002-grch38-v421	event-run-phase1a-ru88n-hg002-grch38-v421-record-1061	CROSS_RUN_EQUIVALENCE_UNRESOLVED	True	True	True	True	2	2	1	1	SINGLE_NORMALIZED_ALLELE	SINGLE_NORMALIZED_ALLELE	SINGLE_NORMALIZED_ALLELE__SINGLE_NORMALIZED_ALLELE	NOT_ASSIGNED_IN_STRUCTURE_AUDIT
977	run-phase1a-60z59-hg002-grch38-v421	event-run-phase1a-60z59-hg002-grch38-v421-record-1059	run-phase1a-ru88n-hg002-grch38-v421	event-run-phase1a-ru88n-hg002-grch38-v421-record-1063	CROSS_RUN_EQUIVALENCE_UNRESOLVED	True	True	True	True	2	2	1	1	SINGLE_NORMALIZED_ALLELE	SINGLE_NORMALIZED_ALLELE	SINGLE_NORMALIZED_ALLELE__SINGLE_NORMALIZED_ALLELE	NOT_ASSIGNED_IN_STRUCTURE_AUDIT
978	run-phase1a-60z59-hg002-grch38-v421	event-run-phase1a-60z59-hg002-grch38-v421-record-1061	run-phase1a-ru88n-hg002-grch38-v421	event-run-phase1a-ru88n-hg002-grch38-v421-record-1065	CROSS_RUN_EQUIVALENCE_UNRESOLVED	True	True	True	True	2	2	1	1	SINGLE_NORMALIZED_ALLELE	SINGLE_NORMALIZED_ALLELE	SINGLE_NORMALIZED_ALLELE__SINGLE_NORMALIZED_ALLELE	NOT_ASSIGNED_IN_STRUCTURE_AUDIT
979	run-phase1a-60z59-hg002-grch38-v421	event-run-phase1a-60z59-hg002-grch38-v421-record-1062	run-phase1a-ru88n-hg002-grch38-v421	event-run-phase1a-ru88n-hg002-grch38-v421-record-1066	CROSS_RUN_EQUIVALENCE_UNRESOLVED	True	True	True	True	2	2	1	1	SINGLE_NORMALIZED_ALLELE	SINGLE_NORMALIZED_ALLELE	SINGLE_NORMALIZED_ALLELE__SINGLE_NORMALIZED_ALLELE	NOT_ASSIGNED_IN_STRUCTURE_AUDIT
980	run-phase1a-60z59-hg002-grch38-v421	event-run-phase1a-60z59-hg002-grch38-v421-record-1063	run-phase1a-ru88n-hg002-grch38-v421	event-run-phase1a-ru88n-hg002-grch38-v421-record-1067	CROSS_RUN_EQUIVALENCE_UNRESOLVED	True	True	True	True	2	2	1	1	SINGLE_NORMALIZED_ALLELE	SINGLE_NORMALIZED_ALLELE	SINGLE_NORMALIZED_ALLELE__SINGLE_NORMALIZED_ALLELE	NOT_ASSIGNED_IN_STRUCTURE_AUDIT
981	run-phase1a-60z59-hg002-grch38-v421	event-run-phase1a-60z59-hg002-grch38-v421-record-1064	run-phase1a-ru88n-hg002-grch38-v421	event-run-phase1a-ru88n-hg002-grch38-v421-record-1068	CROSS_RUN_EQUIVALENCE_UNRESOLVED	True	True	True	True	2	2	1	1	SINGLE_NORMALIZED_ALLELE	SINGLE_NORMALIZED_ALLELE	SINGLE_NORMALIZED_ALLELE__SINGLE_NORMALIZED_ALLELE	NOT_ASSIGNED_IN_STRUCTURE_AUDIT
982	run-phase1a-60z59-hg002-grch38-v421	event-run-phase1a-60z59-hg002-grch38-v421-record-1065	run-phase1a-ru88n-hg002-grch38-v421	event-run-phase1a-ru88n-hg002-grch38-v421-record-1069	CROSS_RUN_EQUIVALENCE_UNRESOLVED	True	True	True	True	2	2	1	1	SINGLE_NORMALIZED_ALLELE	SINGLE_NORMALIZED_ALLELE	SINGLE_NORMALIZED_ALLELE__SINGLE_NORMALIZED_ALLELE	NOT_ASSIGNED_IN_STRUCTURE_AUDIT
983	run-phase1a-60z59-hg002-grch38-v421	event-run-phase1a-60z59-hg002-grch38-v421-record-1066	run-phase1a-ru88n-hg002-grch38-v421	event-run-phase1a-ru88n-hg002-grch38-v421-record-1070	CROSS_RUN_EQUIVALENCE_UNRESOLVED	True	True	True	True	2	2	1	1	SINGLE_NORMALIZED_ALLELE	SINGLE_NORMALIZED_ALLELE	SINGLE_NORMALIZED_ALLELE__SINGLE_NORMALIZED_ALLELE	NOT_ASSIGNED_IN_STRUCTURE_AUDIT
984	run-phase1a-60z59-hg002-grch38-v421	event-run-phase1a-60z59-hg002-grch38-v421-record-1067	run-phase1a-ru88n-hg002-grch38-v421	event-run-phase1a-ru88n-hg002-grch38-v421-record-1071	CROSS_RUN_EQUIVALENCE_UNRESOLVED	True	True	True	True	2	2	1	1	SINGLE_NORMALIZED_ALLELE	SINGLE_NORMALIZED_ALLELE	SINGLE_NORMALIZED_ALLELE__SINGLE_NORMALIZED_ALLELE	NOT_ASSIGNED_IN_STRUCTURE_AUDIT
985	run-phase1a-60z59-hg002-grch38-v421	event-run-phase1a-60z59-hg002-grch38-v421-record-1068	run-phase1a-ru88n-hg002-grch38-v421	event-run-phase1a-ru88n-hg002-grch38-v421-record-1072	CROSS_RUN_EQUIVALENCE_UNRESOLVED	True	True	True	True	2	2	1	1	SINGLE_NORMALIZED_ALLELE	SINGLE_NORMALIZED_ALLELE	SINGLE_NORMALIZED_ALLELE__SINGLE_NORMALIZED_ALLELE	NOT_ASSIGNED_IN_STRUCTURE_AUDIT
986	run-phase1a-60z59-hg002-grch38-v421	event-run-phase1a-60z59-hg002-grch38-v421-record-1069	run-phase1a-ru88n-hg002-grch38-v421	event-run-phase1a-ru88n-hg002-grch38-v421-record-1073	CROSS_RUN_EQUIVALENCE_UNRESOLVED	True	True	True	True	2	2	1	1	SINGLE_NORMALIZED_ALLELE	SINGLE_NORMALIZED_ALLELE	SINGLE_NORMALIZED_ALLELE__SINGLE_NORMALIZED_ALLELE	NOT_ASSIGNED_IN_STRUCTURE_AUDIT
987	run-phase1a-60z59-hg002-grch38-v421	event-run-phase1a-60z59-hg002-grch38-v421-record-1070	run-phase1a-ru88n-hg002-grch38-v421	event-run-phase1a-ru88n-hg002-grch38-v421-record-1074	CROSS_RUN_EQUIVALENCE_UNRESOLVED	True	True	True	True	2	2	1	1	SINGLE_NORMALIZED_ALLELE	SINGLE_NORMALIZED_ALLELE	SINGLE_NORMALIZED_ALLELE__SINGLE_NORMALIZED_ALLELE	NOT_ASSIGNED_IN_STRUCTURE_AUDIT
988	run-phase1a-60z59-hg002-grch38-v421	event-run-phase1a-60z59-hg002-grch38-v421-record-1071	run-phase1a-ru88n-hg002-grch38-v421	event-run-phase1a-ru88n-hg002-grch38-v421-record-1075	CROSS_RUN_EQUIVALENCE_UNRESOLVED	True	True	True	True	2	2	1	1	SINGLE_NORMALIZED_ALLELE	SINGLE_NORMALIZED_ALLELE	SINGLE_NORMALIZED_ALLELE__SINGLE_NORMALIZED_ALLELE	NOT_ASSIGNED_IN_STRUCTURE_AUDIT
989	run-phase1a-60z59-hg002-grch38-v421	event-run-phase1a-60z59-hg002-grch38-v421-record-1072	run-phase1a-ru88n-hg002-grch38-v421	event-run-phase1a-ru88n-hg002-grch38-v421-record-1076	CROSS_RUN_EQUIVALENCE_UNRESOLVED	True	True	True	True	2	2	1	1	SINGLE_NORMALIZED_ALLELE	SINGLE_NORMALIZED_ALLELE	SINGLE_NORMALIZED_ALLELE__SINGLE_NORMALIZED_ALLELE	NOT_ASSIGNED_IN_STRUCTURE_AUDIT
990	run-phase1a-60z59-hg002-grch38-v421	event-run-phase1a-60z59-hg002-grch38-v421-record-1073	run-phase1a-ru88n-hg002-grch38-v421	event-run-phase1a-ru88n-hg002-grch38-v421-record-1077	CROSS_RUN_EQUIVALENCE_UNRESOLVED	True	True	True	True	2	2	1	1	SINGLE_NORMALIZED_ALLELE	SINGLE_NORMALIZED_ALLELE	SINGLE_NORMALIZED_ALLELE__SINGLE_NORMALIZED_ALLELE	NOT_ASSIGNED_IN_STRUCTURE_AUDIT
991	run-phase1a-60z59-hg002-grch38-v421	event-run-phase1a-60z59-hg002-grch38-v421-record-1074	run-phase1a-ru88n-hg002-grch38-v421	event-run-phase1a-ru88n-hg002-grch38-v421-record-1078	CROSS_RUN_EQUIVALENCE_UNRESOLVED	True	True	True	True	2	2	1	1	SINGLE_NORMALIZED_ALLELE	SINGLE_NORMALIZED_ALLELE	SINGLE_NORMALIZED_ALLELE__SINGLE_NORMALIZED_ALLELE	NOT_ASSIGNED_IN_STRUCTURE_AUDIT
992	run-phase1a-60z59-hg002-grch38-v421	event-run-phase1a-60z59-hg002-grch38-v421-record-1075	run-phase1a-ru88n-hg002-grch38-v421	event-run-phase1a-ru88n-hg002-grch38-v421-record-1079	CROSS_RUN_EQUIVALENCE_UNRESOLVED	True	True	True	True	2	2	1	1	SINGLE_NORMALIZED_ALLELE	SINGLE_NORMALIZED_ALLELE	SINGLE_NORMALIZED_ALLELE__SINGLE_NORMALIZED_ALLELE	NOT_ASSIGNED_IN_STRUCTURE_AUDIT
993	run-phase1a-60z59-hg002-grch38-v421	event-run-phase1a-60z59-hg002-grch38-v421-record-1077	run-phase1a-ru88n-hg002-grch38-v421	event-run-phase1a-ru88n-hg002-grch38-v421-record-1080	CROSS_RUN_EQUIVALENCE_UNRESOLVED	True	True	True	True	2	2	1	1	SINGLE_NORMALIZED_ALLELE	SINGLE_NORMALIZED_ALLELE	SINGLE_NORMALIZED_ALLELE__SINGLE_NORMALIZED_ALLELE	NOT_ASSIGNED_IN_STRUCTURE_AUDIT
994	run-phase1a-60z59-hg002-grch38-v421	event-run-phase1a-60z59-hg002-grch38-v421-record-1078	run-phase1a-ru88n-hg002-grch38-v421	event-run-phase1a-ru88n-hg002-grch38-v421-record-1081	CROSS_RUN_EQUIVALENCE_UNRESOLVED	True	True	True	True	2	2	1	1	SINGLE_NORMALIZED_ALLELE	SINGLE_NORMALIZED_ALLELE	SINGLE_NORMALIZED_ALLELE__SINGLE_NORMALIZED_ALLELE	NOT_ASSIGNED_IN_STRUCTURE_AUDIT
995	run-phase1a-60z59-hg002-grch38-v421	event-run-phase1a-60z59-hg002-grch38-v421-record-1079	run-phase1a-ru88n-hg002-grch38-v421	event-run-phase1a-ru88n-hg002-grch38-v421-record-1082	CROSS_RUN_EQUIVALENCE_UNRESOLVED	True	True	True	True	2	2	1	1	SINGLE_NORMALIZED_ALLELE	SINGLE_NORMALIZED_ALLELE	SINGLE_NORMALIZED_ALLELE__SINGLE_NORMALIZED_ALLELE	NOT_ASSIGNED_IN_STRUCTURE_AUDIT
996	run-phase1a-60z59-hg002-grch38-v421	event-run-phase1a-60z59-hg002-grch38-v421-record-1080	run-phase1a-ru88n-hg002-grch38-v421	event-run-phase1a-ru88n-hg002-grch38-v421-record-1083	CROSS_RUN_EQUIVALENCE_UNRESOLVED	True	True	True	True	2	2	1	1	SINGLE_NORMALIZED_ALLELE	SINGLE_NORMALIZED_ALLELE	SINGLE_NORMALIZED_ALLELE__SINGLE_NORMALIZED_ALLELE	NOT_ASSIGNED_IN_STRUCTURE_AUDIT
997	run-phase1a-60z59-hg002-grch38-v421	event-run-phase1a-60z59-hg002-grch38-v421-record-1081	run-phase1a-ru88n-hg002-grch38-v421	event-run-phase1a-ru88n-hg002-grch38-v421-record-1084	CROSS_RUN_EQUIVALENCE_UNRESOLVED	True	True	True	True	2	2	1	1	SINGLE_NORMALIZED_ALLELE	SINGLE_NORMALIZED_ALLELE	SINGLE_NORMALIZED_ALLELE__SINGLE_NORMALIZED_ALLELE	NOT_ASSIGNED_IN_STRUCTURE_AUDIT
998	run-phase1a-60z59-hg002-grch38-v421	event-run-phase1a-60z59-hg002-grch38-v421-record-1082	run-phase1a-ru88n-hg002-grch38-v421	event-run-phase1a-ru88n-hg002-grch38-v421-record-1085	CROSS_RUN_EQUIVALENCE_UNRESOLVED	True	True	True	True	2	2	1	1	SINGLE_NORMALIZED_ALLELE	SINGLE_NORMALIZED_ALLELE	SINGLE_NORMALIZED_ALLELE__SINGLE_NORMALIZED_ALLELE	NOT_ASSIGNED_IN_STRUCTURE_AUDIT
999	run-phase1a-60z59-hg002-grch38-v421	event-run-phase1a-60z59-hg002-grch38-v421-record-1083	run-phase1a-ru88n-hg002-grch38-v421	event-run-phase1a-ru88n-hg002-grch38-v421-record-1086	CROSS_RUN_EQUIVALENCE_UNRESOLVED	True	True	True	True	2	2	1	1	SINGLE_NORMALIZED_ALLELE	SINGLE_NORMALIZED_ALLELE	SINGLE_NORMALIZED_ALLELE__SINGLE_NORMALIZED_ALLELE	NOT_ASSIGNED_IN_STRUCTURE_AUDIT
1000	run-phase1a-60z59-hg002-grch38-v421	event-run-phase1a-60z59-hg002-grch38-v421-record-1084	run-phase1a-ru88n-hg002-grch38-v421	event-run-phase1a-ru88n-hg002-grch38-v421-record-1087	CROSS_RUN_EQUIVALENCE_UNRESOLVED	True	True	True	True	2	2	1	1	SINGLE_NORMALIZED_ALLELE	SINGLE_NORMALIZED_ALLELE	SINGLE_NORMALIZED_ALLELE__SINGLE_NORMALIZED_ALLELE	NOT_ASSIGNED_IN_STRUCTURE_AUDIT
1001	run-phase1a-60z59-hg002-grch38-v421	event-run-phase1a-60z59-hg002-grch38-v421-record-1085	run-phase1a-ru88n-hg002-grch38-v421	event-run-phase1a-ru88n-hg002-grch38-v421-record-1088	CROSS_RUN_EQUIVALENCE_UNRESOLVED	True	True	True	True	2	2	1	1	SINGLE_NORMALIZED_ALLELE	SINGLE_NORMALIZED_ALLELE	SINGLE_NORMALIZED_ALLELE__SINGLE_NORMALIZED_ALLELE	NOT_ASSIGNED_IN_STRUCTURE_AUDIT
1002	run-phase1a-60z59-hg002-grch38-v421	event-run-phase1a-60z59-hg002-grch38-v421-record-1086	run-phase1a-ru88n-hg002-grch38-v421	event-run-phase1a-ru88n-hg002-grch38-v421-record-1089	CROSS_RUN_EQUIVALENCE_UNRESOLVED	True	True	True	True	2	2	1	1	SINGLE_NORMALIZED_ALLELE	SINGLE_NORMALIZED_ALLELE	SINGLE_NORMALIZED_ALLELE__SINGLE_NORMALIZED_ALLELE	NOT_ASSIGNED_IN_STRUCTURE_AUDIT
1003	run-phase1a-60z59-hg002-grch38-v421	event-run-phase1a-60z59-hg002-grch38-v421-record-1087	run-phase1a-ru88n-hg002-grch38-v421	event-run-phase1a-ru88n-hg002-grch38-v421-record-1090	CROSS_RUN_EQUIVALENCE_UNRESOLVED	True	True	True	True	2	2	1	1	SINGLE_NORMALIZED_ALLELE	SINGLE_NORMALIZED_ALLELE	SINGLE_NORMALIZED_ALLELE__SINGLE_NORMALIZED_ALLELE	NOT_ASSIGNED_IN_STRUCTURE_AUDIT
1004	run-phase1a-60z59-hg002-grch38-v421	event-run-phase1a-60z59-hg002-grch38-v421-record-1088	run-phase1a-ru88n-hg002-grch38-v421	event-run-phase1a-ru88n-hg002-grch38-v421-record-1091	CROSS_RUN_EQUIVALENCE_UNRESOLVED	True	True	True	True	2	2	1	1	SINGLE_NORMALIZED_ALLELE	SINGLE_NORMALIZED_ALLELE	SINGLE_NORMALIZED_ALLELE__SINGLE_NORMALIZED_ALLELE	NOT_ASSIGNED_IN_STRUCTURE_AUDIT
1005	run-phase1a-60z59-hg002-grch38-v421	event-run-phase1a-60z59-hg002-grch38-v421-record-1089	run-phase1a-ru88n-hg002-grch38-v421	event-run-phase1a-ru88n-hg002-grch38-v421-record-1092	CROSS_RUN_EQUIVALENCE_UNRESOLVED	True	True	True	True	2	2	1	1	SINGLE_NORMALIZED_ALLELE	SINGLE_NORMALIZED_ALLELE	SINGLE_NORMALIZED_ALLELE__SINGLE_NORMALIZED_ALLELE	NOT_ASSIGNED_IN_STRUCTURE_AUDIT
1006	run-phase1a-60z59-hg002-grch38-v421	event-run-phase1a-60z59-hg002-grch38-v421-record-1090	run-phase1a-ru88n-hg002-grch38-v421	event-run-phase1a-ru88n-hg002-grch38-v421-record-1093	CROSS_RUN_EQUIVALENCE_UNRESOLVED	True	True	True	True	2	2	1	1	SINGLE_NORMALIZED_ALLELE	SINGLE_NORMALIZED_ALLELE	SINGLE_NORMALIZED_ALLELE__SINGLE_NORMALIZED_ALLELE	NOT_ASSIGNED_IN_STRUCTURE_AUDIT
1007	run-phase1a-60z59-hg002-grch38-v421	event-run-phase1a-60z59-hg002-grch38-v421-record-1091	run-phase1a-ru88n-hg002-grch38-v421	event-run-phase1a-ru88n-hg002-grch38-v421-record-1094	CROSS_RUN_EQUIVALENCE_UNRESOLVED	True	True	True	True	2	2	1	1	SINGLE_NORMALIZED_ALLELE	SINGLE_NORMALIZED_ALLELE	SINGLE_NORMALIZED_ALLELE__SINGLE_NORMALIZED_ALLELE	NOT_ASSIGNED_IN_STRUCTURE_AUDIT
1008	run-phase1a-60z59-hg002-grch38-v421	event-run-phase1a-60z59-hg002-grch38-v421-record-1092	run-phase1a-ru88n-hg002-grch38-v421	event-run-phase1a-ru88n-hg002-grch38-v421-record-1095	CROSS_RUN_EQUIVALENCE_UNRESOLVED	True	True	True	True	2	2	1	1	SINGLE_NORMALIZED_ALLELE	SINGLE_NORMALIZED_ALLELE	SINGLE_NORMALIZED_ALLELE__SINGLE_NORMALIZED_ALLELE	NOT_ASSIGNED_IN_STRUCTURE_AUDIT
1009	run-phase1a-60z59-hg002-grch38-v421	event-run-phase1a-60z59-hg002-grch38-v421-record-1093	run-phase1a-ru88n-hg002-grch38-v421	event-run-phase1a-ru88n-hg002-grch38-v421-record-1096	CROSS_RUN_EQUIVALENCE_UNRESOLVED	True	True	True	True	2	2	1	1	SINGLE_NORMALIZED_ALLELE	SINGLE_NORMALIZED_ALLELE	SINGLE_NORMALIZED_ALLELE__SINGLE_NORMALIZED_ALLELE	NOT_ASSIGNED_IN_STRUCTURE_AUDIT
1010	run-phase1a-60z59-hg002-grch38-v421	event-run-phase1a-60z59-hg002-grch38-v421-record-1094	run-phase1a-ru88n-hg002-grch38-v421	event-run-phase1a-ru88n-hg002-grch38-v421-record-1097	CROSS_RUN_EQUIVALENCE_UNRESOLVED	True	True	True	True	2	2	1	1	SINGLE_NORMALIZED_ALLELE	SINGLE_NORMALIZED_ALLELE	SINGLE_NORMALIZED_ALLELE__SINGLE_NORMALIZED_ALLELE	NOT_ASSIGNED_IN_STRUCTURE_AUDIT
1011	run-phase1a-60z59-hg002-grch38-v421	event-run-phase1a-60z59-hg002-grch38-v421-record-1097	run-phase1a-ru88n-hg002-grch38-v421	event-run-phase1a-ru88n-hg002-grch38-v421-record-1100	CROSS_RUN_EQUIVALENCE_UNRESOLVED	True	True	True	True	2	2	1	1	SINGLE_NORMALIZED_ALLELE	SINGLE_NORMALIZED_ALLELE	SINGLE_NORMALIZED_ALLELE__SINGLE_NORMALIZED_ALLELE	NOT_ASSIGNED_IN_STRUCTURE_AUDIT
1012	run-phase1a-60z59-hg002-grch38-v421	event-run-phase1a-60z59-hg002-grch38-v421-record-1098	run-phase1a-ru88n-hg002-grch38-v421	event-run-phase1a-ru88n-hg002-grch38-v421-record-1101	CROSS_RUN_EQUIVALENCE_UNRESOLVED	True	True	True	True	2	2	1	1	SINGLE_NORMALIZED_ALLELE	SINGLE_NORMALIZED_ALLELE	SINGLE_NORMALIZED_ALLELE__SINGLE_NORMALIZED_ALLELE	NOT_ASSIGNED_IN_STRUCTURE_AUDIT
1013	run-phase1a-60z59-hg002-grch38-v421	event-run-phase1a-60z59-hg002-grch38-v421-record-1099	run-phase1a-ru88n-hg002-grch38-v421	event-run-phase1a-ru88n-hg002-grch38-v421-record-1104	CROSS_RUN_EQUIVALENCE_UNRESOLVED	True	True	True	True	2	2	1	1	SINGLE_NORMALIZED_ALLELE	SINGLE_NORMALIZED_ALLELE	SINGLE_NORMALIZED_ALLELE__SINGLE_NORMALIZED_ALLELE	NOT_ASSIGNED_IN_STRUCTURE_AUDIT
1014	run-phase1a-60z59-hg002-grch38-v421	event-run-phase1a-60z59-hg002-grch38-v421-record-1101	run-phase1a-ru88n-hg002-grch38-v421	event-run-phase1a-ru88n-hg002-grch38-v421-record-1105	CROSS_RUN_EQUIVALENCE_UNRESOLVED	True	True	True	True	2	2	1	1	SINGLE_NORMALIZED_ALLELE	SINGLE_NORMALIZED_ALLELE	SINGLE_NORMALIZED_ALLELE__SINGLE_NORMALIZED_ALLELE	NOT_ASSIGNED_IN_STRUCTURE_AUDIT
1015	run-phase1a-60z59-hg002-grch38-v421	event-run-phase1a-60z59-hg002-grch38-v421-record-1102	run-phase1a-ru88n-hg002-grch38-v421	event-run-phase1a-ru88n-hg002-grch38-v421-record-1106	CROSS_RUN_EQUIVALENCE_UNRESOLVED	True	True	True	True	2	2	1	1	SINGLE_NORMALIZED_ALLELE	SINGLE_NORMALIZED_ALLELE	SINGLE_NORMALIZED_ALLELE__SINGLE_NORMALIZED_ALLELE	NOT_ASSIGNED_IN_STRUCTURE_AUDIT
1016	run-phase1a-60z59-hg002-grch38-v421	event-run-phase1a-60z59-hg002-grch38-v421-record-1103	run-phase1a-ru88n-hg002-grch38-v421	event-run-phase1a-ru88n-hg002-grch38-v421-record-1107	CROSS_RUN_EQUIVALENCE_UNRESOLVED	True	True	True	True	2	2	1	1	SINGLE_NORMALIZED_ALLELE	SINGLE_NORMALIZED_ALLELE	SINGLE_NORMALIZED_ALLELE__SINGLE_NORMALIZED_ALLELE	NOT_ASSIGNED_IN_STRUCTURE_AUDIT
1017	run-phase1a-60z59-hg002-grch38-v421	event-run-phase1a-60z59-hg002-grch38-v421-record-1104	run-phase1a-ru88n-hg002-grch38-v421	event-run-phase1a-ru88n-hg002-grch38-v421-record-1108	CROSS_RUN_EQUIVALENCE_UNRESOLVED	True	True	True	True	2	2	1	1	SINGLE_NORMALIZED_ALLELE	SINGLE_NORMALIZED_ALLELE	SINGLE_NORMALIZED_ALLELE__SINGLE_NORMALIZED_ALLELE	NOT_ASSIGNED_IN_STRUCTURE_AUDIT
1018	run-phase1a-60z59-hg002-grch38-v421	event-run-phase1a-60z59-hg002-grch38-v421-record-1105	run-phase1a-ru88n-hg002-grch38-v421	event-run-phase1a-ru88n-hg002-grch38-v421-record-1109	CROSS_RUN_EQUIVALENCE_UNRESOLVED	True	True	True	True	2	2	1	1	SINGLE_NORMALIZED_ALLELE	SINGLE_NORMALIZED_ALLELE	SINGLE_NORMALIZED_ALLELE__SINGLE_NORMALIZED_ALLELE	NOT_ASSIGNED_IN_STRUCTURE_AUDIT
1019	run-phase1a-60z59-hg002-grch38-v421	event-run-phase1a-60z59-hg002-grch38-v421-record-1106	run-phase1a-ru88n-hg002-grch38-v421	event-run-phase1a-ru88n-hg002-grch38-v421-record-1110	CROSS_RUN_EQUIVALENCE_UNRESOLVED	True	True	True	True	2	2	1	1	SINGLE_NORMALIZED_ALLELE	SINGLE_NORMALIZED_ALLELE	SINGLE_NORMALIZED_ALLELE__SINGLE_NORMALIZED_ALLELE	NOT_ASSIGNED_IN_STRUCTURE_AUDIT
1020	run-phase1a-60z59-hg002-grch38-v421	event-run-phase1a-60z59-hg002-grch38-v421-record-1107	run-phase1a-ru88n-hg002-grch38-v421	event-run-phase1a-ru88n-hg002-grch38-v421-record-1111	CROSS_RUN_EQUIVALENCE_UNRESOLVED	True	True	True	True	2	2	1	1	SINGLE_NORMALIZED_ALLELE	SINGLE_NORMALIZED_ALLELE	SINGLE_NORMALIZED_ALLELE__SINGLE_NORMALIZED_ALLELE	NOT_ASSIGNED_IN_STRUCTURE_AUDIT
1021	run-phase1a-60z59-hg002-grch38-v421	event-run-phase1a-60z59-hg002-grch38-v421-record-1108	run-phase1a-ru88n-hg002-grch38-v421	event-run-phase1a-ru88n-hg002-grch38-v421-record-1112	CROSS_RUN_EQUIVALENCE_UNRESOLVED	True	True	True	True	2	2	1	1	SINGLE_NORMALIZED_ALLELE	SINGLE_NORMALIZED_ALLELE	SINGLE_NORMALIZED_ALLELE__SINGLE_NORMALIZED_ALLELE	NOT_ASSIGNED_IN_STRUCTURE_AUDIT
1022	run-phase1a-60z59-hg002-grch38-v421	event-run-phase1a-60z59-hg002-grch38-v421-record-1109	run-phase1a-ru88n-hg002-grch38-v421	event-run-phase1a-ru88n-hg002-grch38-v421-record-1113	CROSS_RUN_EQUIVALENCE_UNRESOLVED	True	True	True	True	2	2	1	1	SINGLE_NORMALIZED_ALLELE	SINGLE_NORMALIZED_ALLELE	SINGLE_NORMALIZED_ALLELE__SINGLE_NORMALIZED_ALLELE	NOT_ASSIGNED_IN_STRUCTURE_AUDIT
1023	run-phase1a-60z59-hg002-grch38-v421	event-run-phase1a-60z59-hg002-grch38-v421-record-1110	run-phase1a-ru88n-hg002-grch38-v421	event-run-phase1a-ru88n-hg002-grch38-v421-record-1114	CROSS_RUN_EQUIVALENCE_UNRESOLVED	True	True	True	True	2	2	1	1	SINGLE_NORMALIZED_ALLELE	SINGLE_NORMALIZED_ALLELE	SINGLE_NORMALIZED_ALLELE__SINGLE_NORMALIZED_ALLELE	NOT_ASSIGNED_IN_STRUCTURE_AUDIT
1024	run-phase1a-60z59-hg002-grch38-v421	event-run-phase1a-60z59-hg002-grch38-v421-record-1111	run-phase1a-ru88n-hg002-grch38-v421	event-run-phase1a-ru88n-hg002-grch38-v421-record-1115	CROSS_RUN_EQUIVALENCE_UNRESOLVED	True	True	True	True	2	2	1	1	SINGLE_NORMALIZED_ALLELE	SINGLE_NORMALIZED_ALLELE	SINGLE_NORMALIZED_ALLELE__SINGLE_NORMALIZED_ALLELE	NOT_ASSIGNED_IN_STRUCTURE_AUDIT
1025	run-phase1a-60z59-hg002-grch38-v421	event-run-phase1a-60z59-hg002-grch38-v421-record-1112	run-phase1a-ru88n-hg002-grch38-v421	event-run-phase1a-ru88n-hg002-grch38-v421-record-1116	CROSS_RUN_EQUIVALENCE_UNRESOLVED	True	True	True	True	2	2	1	1	SINGLE_NORMALIZED_ALLELE	SINGLE_NORMALIZED_ALLELE	SINGLE_NORMALIZED_ALLELE__SINGLE_NORMALIZED_ALLELE	NOT_ASSIGNED_IN_STRUCTURE_AUDIT
1026	run-phase1a-60z59-hg002-grch38-v421	event-run-phase1a-60z59-hg002-grch38-v421-record-1113	run-phase1a-ru88n-hg002-grch38-v421	event-run-phase1a-ru88n-hg002-grch38-v421-record-1117	CROSS_RUN_EQUIVALENCE_UNRESOLVED	True	True	True	True	2	2	1	1	SINGLE_NORMALIZED_ALLELE	SINGLE_NORMALIZED_ALLELE	SINGLE_NORMALIZED_ALLELE__SINGLE_NORMALIZED_ALLELE	NOT_ASSIGNED_IN_STRUCTURE_AUDIT
1027	run-phase1a-60z59-hg002-grch38-v421	event-run-phase1a-60z59-hg002-grch38-v421-record-1114	run-phase1a-ru88n-hg002-grch38-v421	event-run-phase1a-ru88n-hg002-grch38-v421-record-1118	CROSS_RUN_EQUIVALENCE_UNRESOLVED	True	True	True	True	2	2	1	1	SINGLE_NORMALIZED_ALLELE	SINGLE_NORMALIZED_ALLELE	SINGLE_NORMALIZED_ALLELE__SINGLE_NORMALIZED_ALLELE	NOT_ASSIGNED_IN_STRUCTURE_AUDIT
1028	run-phase1a-60z59-hg002-grch38-v421	event-run-phase1a-60z59-hg002-grch38-v421-record-1115	run-phase1a-ru88n-hg002-grch38-v421	event-run-phase1a-ru88n-hg002-grch38-v421-record-1119	CROSS_RUN_EQUIVALENCE_UNRESOLVED	True	True	True	True	2	2	1	1	SINGLE_NORMALIZED_ALLELE	SINGLE_NORMALIZED_ALLELE	SINGLE_NORMALIZED_ALLELE__SINGLE_NORMALIZED_ALLELE	NOT_ASSIGNED_IN_STRUCTURE_AUDIT
1029	run-phase1a-60z59-hg002-grch38-v421	event-run-phase1a-60z59-hg002-grch38-v421-record-1116	run-phase1a-ru88n-hg002-grch38-v421	event-run-phase1a-ru88n-hg002-grch38-v421-record-1120	CROSS_RUN_EQUIVALENCE_UNRESOLVED	True	True	True	True	2	2	1	1	SINGLE_NORMALIZED_ALLELE	SINGLE_NORMALIZED_ALLELE	SINGLE_NORMALIZED_ALLELE__SINGLE_NORMALIZED_ALLELE	NOT_ASSIGNED_IN_STRUCTURE_AUDIT
1030	run-phase1a-60z59-hg002-grch38-v421	event-run-phase1a-60z59-hg002-grch38-v421-record-1117	run-phase1a-ru88n-hg002-grch38-v421	event-run-phase1a-ru88n-hg002-grch38-v421-record-1121	CROSS_RUN_EQUIVALENCE_UNRESOLVED	True	True	True	True	2	2	1	1	SINGLE_NORMALIZED_ALLELE	SINGLE_NORMALIZED_ALLELE	SINGLE_NORMALIZED_ALLELE__SINGLE_NORMALIZED_ALLELE	NOT_ASSIGNED_IN_STRUCTURE_AUDIT
1031	run-phase1a-60z59-hg002-grch38-v421	event-run-phase1a-60z59-hg002-grch38-v421-record-1120	run-phase1a-ru88n-hg002-grch38-v421	event-run-phase1a-ru88n-hg002-grch38-v421-record-1122	CROSS_RUN_EQUIVALENCE_UNRESOLVED	True	True	True	True	2	2	1	1	SINGLE_NORMALIZED_ALLELE	SINGLE_NORMALIZED_ALLELE	SINGLE_NORMALIZED_ALLELE__SINGLE_NORMALIZED_ALLELE	NOT_ASSIGNED_IN_STRUCTURE_AUDIT
1032	run-phase1a-60z59-hg002-grch38-v421	event-run-phase1a-60z59-hg002-grch38-v421-record-1123	run-phase1a-ru88n-hg002-grch38-v421	event-run-phase1a-ru88n-hg002-grch38-v421-record-1125	CROSS_RUN_EQUIVALENCE_UNRESOLVED	True	True	True	True	2	2	1	1	SINGLE_NORMALIZED_ALLELE	SINGLE_NORMALIZED_ALLELE	SINGLE_NORMALIZED_ALLELE__SINGLE_NORMALIZED_ALLELE	NOT_ASSIGNED_IN_STRUCTURE_AUDIT
1033	run-phase1a-60z59-hg002-grch38-v421	event-run-phase1a-60z59-hg002-grch38-v421-record-1124	run-phase1a-ru88n-hg002-grch38-v421	event-run-phase1a-ru88n-hg002-grch38-v421-record-1126	CROSS_RUN_EQUIVALENCE_UNRESOLVED	True	True	True	True	2	2	1	1	SINGLE_NORMALIZED_ALLELE	SINGLE_NORMALIZED_ALLELE	SINGLE_NORMALIZED_ALLELE__SINGLE_NORMALIZED_ALLELE	NOT_ASSIGNED_IN_STRUCTURE_AUDIT
1034	run-phase1a-60z59-hg002-grch38-v421	event-run-phase1a-60z59-hg002-grch38-v421-record-1125	run-phase1a-ru88n-hg002-grch38-v421	event-run-phase1a-ru88n-hg002-grch38-v421-record-1127	CROSS_RUN_EQUIVALENCE_UNRESOLVED	True	True	True	True	2	2	1	1	SINGLE_NORMALIZED_ALLELE	SINGLE_NORMALIZED_ALLELE	SINGLE_NORMALIZED_ALLELE__SINGLE_NORMALIZED_ALLELE	NOT_ASSIGNED_IN_STRUCTURE_AUDIT
1035	run-phase1a-60z59-hg002-grch38-v421	event-run-phase1a-60z59-hg002-grch38-v421-record-1126	run-phase1a-ru88n-hg002-grch38-v421	event-run-phase1a-ru88n-hg002-grch38-v421-record-1128	CROSS_RUN_EQUIVALENCE_UNRESOLVED	True	True	True	True	2	2	1	1	SINGLE_NORMALIZED_ALLELE	SINGLE_NORMALIZED_ALLELE	SINGLE_NORMALIZED_ALLELE__SINGLE_NORMALIZED_ALLELE	NOT_ASSIGNED_IN_STRUCTURE_AUDIT
1036	run-phase1a-60z59-hg002-grch38-v421	event-run-phase1a-60z59-hg002-grch38-v421-record-1127	run-phase1a-ru88n-hg002-grch38-v421	event-run-phase1a-ru88n-hg002-grch38-v421-record-1129	CROSS_RUN_EQUIVALENCE_UNRESOLVED	True	True	True	True	2	2	1	1	SINGLE_NORMALIZED_ALLELE	SINGLE_NORMALIZED_ALLELE	SINGLE_NORMALIZED_ALLELE__SINGLE_NORMALIZED_ALLELE	NOT_ASSIGNED_IN_STRUCTURE_AUDIT
1037	run-phase1a-60z59-hg002-grch38-v421	event-run-phase1a-60z59-hg002-grch38-v421-record-1128	run-phase1a-ru88n-hg002-grch38-v421	event-run-phase1a-ru88n-hg002-grch38-v421-record-1130	CROSS_RUN_EQUIVALENCE_UNRESOLVED	True	True	True	True	2	2	1	1	SINGLE_NORMALIZED_ALLELE	SINGLE_NORMALIZED_ALLELE	SINGLE_NORMALIZED_ALLELE__SINGLE_NORMALIZED_ALLELE	NOT_ASSIGNED_IN_STRUCTURE_AUDIT
1038	run-phase1a-60z59-hg002-grch38-v421	event-run-phase1a-60z59-hg002-grch38-v421-record-1129	run-phase1a-ru88n-hg002-grch38-v421	event-run-phase1a-ru88n-hg002-grch38-v421-record-1131	CROSS_RUN_EQUIVALENCE_UNRESOLVED	True	True	True	True	2	2	1	1	SINGLE_NORMALIZED_ALLELE	SINGLE_NORMALIZED_ALLELE	SINGLE_NORMALIZED_ALLELE__SINGLE_NORMALIZED_ALLELE	NOT_ASSIGNED_IN_STRUCTURE_AUDIT
1039	run-phase1a-60z59-hg002-grch38-v421	event-run-phase1a-60z59-hg002-grch38-v421-record-1130	run-phase1a-ru88n-hg002-grch38-v421	event-run-phase1a-ru88n-hg002-grch38-v421-record-1132	CROSS_RUN_EQUIVALENCE_UNRESOLVED	True	True	True	True	2	2	1	1	SINGLE_NORMALIZED_ALLELE	SINGLE_NORMALIZED_ALLELE	SINGLE_NORMALIZED_ALLELE__SINGLE_NORMALIZED_ALLELE	NOT_ASSIGNED_IN_STRUCTURE_AUDIT
1040	run-phase1a-60z59-hg002-grch38-v421	event-run-phase1a-60z59-hg002-grch38-v421-record-1131	run-phase1a-ru88n-hg002-grch38-v421	event-run-phase1a-ru88n-hg002-grch38-v421-record-1133	CROSS_RUN_EQUIVALENCE_UNRESOLVED	True	True	True	True	2	2	1	1	SINGLE_NORMALIZED_ALLELE	SINGLE_NORMALIZED_ALLELE	SINGLE_NORMALIZED_ALLELE__SINGLE_NORMALIZED_ALLELE	NOT_ASSIGNED_IN_STRUCTURE_AUDIT
1041	run-phase1a-60z59-hg002-grch38-v421	event-run-phase1a-60z59-hg002-grch38-v421-record-1132	run-phase1a-ru88n-hg002-grch38-v421	event-run-phase1a-ru88n-hg002-grch38-v421-record-1134	CROSS_RUN_EQUIVALENCE_UNRESOLVED	True	True	True	True	2	2	1	1	SINGLE_NORMALIZED_ALLELE	SINGLE_NORMALIZED_ALLELE	SINGLE_NORMALIZED_ALLELE__SINGLE_NORMALIZED_ALLELE	NOT_ASSIGNED_IN_STRUCTURE_AUDIT
1042	run-phase1a-60z59-hg002-grch38-v421	event-run-phase1a-60z59-hg002-grch38-v421-record-1133	run-phase1a-ru88n-hg002-grch38-v421	event-run-phase1a-ru88n-hg002-grch38-v421-record-1135	CROSS_RUN_EQUIVALENCE_UNRESOLVED	True	True	True	True	2	2	1	1	SINGLE_NORMALIZED_ALLELE	SINGLE_NORMALIZED_ALLELE	SINGLE_NORMALIZED_ALLELE__SINGLE_NORMALIZED_ALLELE	NOT_ASSIGNED_IN_STRUCTURE_AUDIT
1043	run-phase1a-60z59-hg002-grch38-v421	event-run-phase1a-60z59-hg002-grch38-v421-record-1134	run-phase1a-ru88n-hg002-grch38-v421	event-run-phase1a-ru88n-hg002-grch38-v421-record-1136	CROSS_RUN_EQUIVALENCE_UNRESOLVED	True	True	True	True	2	2	1	1	SINGLE_NORMALIZED_ALLELE	SINGLE_NORMALIZED_ALLELE	SINGLE_NORMALIZED_ALLELE__SINGLE_NORMALIZED_ALLELE	NOT_ASSIGNED_IN_STRUCTURE_AUDIT
1044	run-phase1a-60z59-hg002-grch38-v421	event-run-phase1a-60z59-hg002-grch38-v421-record-1135	run-phase1a-ru88n-hg002-grch38-v421	event-run-phase1a-ru88n-hg002-grch38-v421-record-1137	CROSS_RUN_EQUIVALENCE_UNRESOLVED	True	True	True	True	2	2	1	1	SINGLE_NORMALIZED_ALLELE	SINGLE_NORMALIZED_ALLELE	SINGLE_NORMALIZED_ALLELE__SINGLE_NORMALIZED_ALLELE	NOT_ASSIGNED_IN_STRUCTURE_AUDIT
1045	run-phase1a-60z59-hg002-grch38-v421	event-run-phase1a-60z59-hg002-grch38-v421-record-1136	run-phase1a-ru88n-hg002-grch38-v421	event-run-phase1a-ru88n-hg002-grch38-v421-record-1138	CROSS_RUN_EQUIVALENCE_UNRESOLVED	True	True	True	True	2	2	1	1	SINGLE_NORMALIZED_ALLELE	SINGLE_NORMALIZED_ALLELE	SINGLE_NORMALIZED_ALLELE__SINGLE_NORMALIZED_ALLELE	NOT_ASSIGNED_IN_STRUCTURE_AUDIT
1046	run-phase1a-60z59-hg002-grch38-v421	event-run-phase1a-60z59-hg002-grch38-v421-record-1137	run-phase1a-ru88n-hg002-grch38-v421	event-run-phase1a-ru88n-hg002-grch38-v421-record-1139	CROSS_RUN_EQUIVALENCE_UNRESOLVED	True	True	True	True	2	2	1	1	SINGLE_NORMALIZED_ALLELE	SINGLE_NORMALIZED_ALLELE	SINGLE_NORMALIZED_ALLELE__SINGLE_NORMALIZED_ALLELE	NOT_ASSIGNED_IN_STRUCTURE_AUDIT
1047	run-phase1a-60z59-hg002-grch38-v421	event-run-phase1a-60z59-hg002-grch38-v421-record-1138	run-phase1a-ru88n-hg002-grch38-v421	event-run-phase1a-ru88n-hg002-grch38-v421-record-1140	CROSS_RUN_EQUIVALENCE_UNRESOLVED	True	True	True	True	2	2	1	1	SINGLE_NORMALIZED_ALLELE	SINGLE_NORMALIZED_ALLELE	SINGLE_NORMALIZED_ALLELE__SINGLE_NORMALIZED_ALLELE	NOT_ASSIGNED_IN_STRUCTURE_AUDIT
1048	run-phase1a-60z59-hg002-grch38-v421	event-run-phase1a-60z59-hg002-grch38-v421-record-1139	run-phase1a-ru88n-hg002-grch38-v421	event-run-phase1a-ru88n-hg002-grch38-v421-record-1141	CROSS_RUN_EQUIVALENCE_UNRESOLVED	True	True	True	True	2	2	1	1	SINGLE_NORMALIZED_ALLELE	SINGLE_NORMALIZED_ALLELE	SINGLE_NORMALIZED_ALLELE__SINGLE_NORMALIZED_ALLELE	NOT_ASSIGNED_IN_STRUCTURE_AUDIT
1049	run-phase1a-60z59-hg002-grch38-v421	event-run-phase1a-60z59-hg002-grch38-v421-record-1140	run-phase1a-ru88n-hg002-grch38-v421	event-run-phase1a-ru88n-hg002-grch38-v421-record-1142	CROSS_RUN_EQUIVALENCE_UNRESOLVED	True	True	True	True	2	2	1	1	SINGLE_NORMALIZED_ALLELE	SINGLE_NORMALIZED_ALLELE	SINGLE_NORMALIZED_ALLELE__SINGLE_NORMALIZED_ALLELE	NOT_ASSIGNED_IN_STRUCTURE_AUDIT
1050	run-phase1a-60z59-hg002-grch38-v421	event-run-phase1a-60z59-hg002-grch38-v421-record-1141	run-phase1a-ru88n-hg002-grch38-v421	event-run-phase1a-ru88n-hg002-grch38-v421-record-1143	CROSS_RUN_EQUIVALENCE_UNRESOLVED	True	True	True	True	2	2	1	1	SINGLE_NORMALIZED_ALLELE	SINGLE_NORMALIZED_ALLELE	SINGLE_NORMALIZED_ALLELE__SINGLE_NORMALIZED_ALLELE	NOT_ASSIGNED_IN_STRUCTURE_AUDIT
1051	run-phase1a-60z59-hg002-grch38-v421	event-run-phase1a-60z59-hg002-grch38-v421-record-1142	run-phase1a-ru88n-hg002-grch38-v421	event-run-phase1a-ru88n-hg002-grch38-v421-record-1144	CROSS_RUN_EQUIVALENCE_UNRESOLVED	True	True	True	True	2	2	1	1	SINGLE_NORMALIZED_ALLELE	SINGLE_NORMALIZED_ALLELE	SINGLE_NORMALIZED_ALLELE__SINGLE_NORMALIZED_ALLELE	NOT_ASSIGNED_IN_STRUCTURE_AUDIT
1052	run-phase1a-60z59-hg002-grch38-v421	event-run-phase1a-60z59-hg002-grch38-v421-record-1143	run-phase1a-ru88n-hg002-grch38-v421	event-run-phase1a-ru88n-hg002-grch38-v421-record-1145	CROSS_RUN_EQUIVALENCE_UNRESOLVED	True	True	True	True	2	2	1	1	SINGLE_NORMALIZED_ALLELE	SINGLE_NORMALIZED_ALLELE	SINGLE_NORMALIZED_ALLELE__SINGLE_NORMALIZED_ALLELE	NOT_ASSIGNED_IN_STRUCTURE_AUDIT
1053	run-phase1a-60z59-hg002-grch38-v421	event-run-phase1a-60z59-hg002-grch38-v421-record-1144	run-phase1a-ru88n-hg002-grch38-v421	event-run-phase1a-ru88n-hg002-grch38-v421-record-1146	CROSS_RUN_EQUIVALENCE_UNRESOLVED	True	True	True	True	2	2	1	1	SINGLE_NORMALIZED_ALLELE	SINGLE_NORMALIZED_ALLELE	SINGLE_NORMALIZED_ALLELE__SINGLE_NORMALIZED_ALLELE	NOT_ASSIGNED_IN_STRUCTURE_AUDIT
1054	run-phase1a-60z59-hg002-grch38-v421	event-run-phase1a-60z59-hg002-grch38-v421-record-1145	run-phase1a-ru88n-hg002-grch38-v421	event-run-phase1a-ru88n-hg002-grch38-v421-record-1147	CROSS_RUN_EQUIVALENCE_UNRESOLVED	True	True	True	True	2	2	1	1	SINGLE_NORMALIZED_ALLELE	SINGLE_NORMALIZED_ALLELE	SINGLE_NORMALIZED_ALLELE__SINGLE_NORMALIZED_ALLELE	NOT_ASSIGNED_IN_STRUCTURE_AUDIT
1055	run-phase1a-60z59-hg002-grch38-v421	event-run-phase1a-60z59-hg002-grch38-v421-record-1146	run-phase1a-ru88n-hg002-grch38-v421	event-run-phase1a-ru88n-hg002-grch38-v421-record-1148	CROSS_RUN_EQUIVALENCE_UNRESOLVED	True	True	True	True	2	2	1	1	SINGLE_NORMALIZED_ALLELE	SINGLE_NORMALIZED_ALLELE	SINGLE_NORMALIZED_ALLELE__SINGLE_NORMALIZED_ALLELE	NOT_ASSIGNED_IN_STRUCTURE_AUDIT
1056	run-phase1a-60z59-hg002-grch38-v421	event-run-phase1a-60z59-hg002-grch38-v421-record-1147	run-phase1a-ru88n-hg002-grch38-v421	event-run-phase1a-ru88n-hg002-grch38-v421-record-1149	CROSS_RUN_EQUIVALENCE_UNRESOLVED	True	True	True	True	2	2	1	1	SINGLE_NORMALIZED_ALLELE	SINGLE_NORMALIZED_ALLELE	SINGLE_NORMALIZED_ALLELE__SINGLE_NORMALIZED_ALLELE	NOT_ASSIGNED_IN_STRUCTURE_AUDIT
1057	run-phase1a-60z59-hg002-grch38-v421	event-run-phase1a-60z59-hg002-grch38-v421-record-1148	run-phase1a-ru88n-hg002-grch38-v421	event-run-phase1a-ru88n-hg002-grch38-v421-record-1150	CROSS_RUN_EQUIVALENCE_UNRESOLVED	True	True	True	True	2	2	1	1	SINGLE_NORMALIZED_ALLELE	SINGLE_NORMALIZED_ALLELE	SINGLE_NORMALIZED_ALLELE__SINGLE_NORMALIZED_ALLELE	NOT_ASSIGNED_IN_STRUCTURE_AUDIT
1058	run-phase1a-60z59-hg002-grch38-v421	event-run-phase1a-60z59-hg002-grch38-v421-record-1149	run-phase1a-ru88n-hg002-grch38-v421	event-run-phase1a-ru88n-hg002-grch38-v421-record-1151	CROSS_RUN_EQUIVALENCE_UNRESOLVED	True	True	True	True	2	2	1	1	SINGLE_NORMALIZED_ALLELE	SINGLE_NORMALIZED_ALLELE	SINGLE_NORMALIZED_ALLELE__SINGLE_NORMALIZED_ALLELE	NOT_ASSIGNED_IN_STRUCTURE_AUDIT
1059	run-phase1a-60z59-hg002-grch38-v421	event-run-phase1a-60z59-hg002-grch38-v421-record-1150	run-phase1a-ru88n-hg002-grch38-v421	event-run-phase1a-ru88n-hg002-grch38-v421-record-1152	CROSS_RUN_EQUIVALENCE_UNRESOLVED	True	True	True	True	2	2	1	1	SINGLE_NORMALIZED_ALLELE	SINGLE_NORMALIZED_ALLELE	SINGLE_NORMALIZED_ALLELE__SINGLE_NORMALIZED_ALLELE	NOT_ASSIGNED_IN_STRUCTURE_AUDIT
1060	run-phase1a-60z59-hg002-grch38-v421	event-run-phase1a-60z59-hg002-grch38-v421-record-1151	run-phase1a-ru88n-hg002-grch38-v421	event-run-phase1a-ru88n-hg002-grch38-v421-record-1153	CROSS_RUN_EQUIVALENCE_UNRESOLVED	True	True	True	True	2	2	1	1	SINGLE_NORMALIZED_ALLELE	SINGLE_NORMALIZED_ALLELE	SINGLE_NORMALIZED_ALLELE__SINGLE_NORMALIZED_ALLELE	NOT_ASSIGNED_IN_STRUCTURE_AUDIT
1061	run-phase1a-60z59-hg002-grch38-v421	event-run-phase1a-60z59-hg002-grch38-v421-record-1152	run-phase1a-ru88n-hg002-grch38-v421	event-run-phase1a-ru88n-hg002-grch38-v421-record-1154	CROSS_RUN_EQUIVALENCE_UNRESOLVED	True	True	True	True	2	2	1	1	SINGLE_NORMALIZED_ALLELE	SINGLE_NORMALIZED_ALLELE	SINGLE_NORMALIZED_ALLELE__SINGLE_NORMALIZED_ALLELE	NOT_ASSIGNED_IN_STRUCTURE_AUDIT
1062	run-phase1a-60z59-hg002-grch38-v421	event-run-phase1a-60z59-hg002-grch38-v421-record-1153	run-phase1a-ru88n-hg002-grch38-v421	event-run-phase1a-ru88n-hg002-grch38-v421-record-1155	CROSS_RUN_EQUIVALENCE_UNRESOLVED	True	True	True	True	2	2	1	1	SINGLE_NORMALIZED_ALLELE	SINGLE_NORMALIZED_ALLELE	SINGLE_NORMALIZED_ALLELE__SINGLE_NORMALIZED_ALLELE	NOT_ASSIGNED_IN_STRUCTURE_AUDIT
1063	run-phase1a-60z59-hg002-grch38-v421	event-run-phase1a-60z59-hg002-grch38-v421-record-1155	run-phase1a-ru88n-hg002-grch38-v421	event-run-phase1a-ru88n-hg002-grch38-v421-record-1156	CROSS_RUN_EQUIVALENCE_UNRESOLVED	True	True	True	True	2	2	1	1	SINGLE_NORMALIZED_ALLELE	SINGLE_NORMALIZED_ALLELE	SINGLE_NORMALIZED_ALLELE__SINGLE_NORMALIZED_ALLELE	NOT_ASSIGNED_IN_STRUCTURE_AUDIT
1064	run-phase1a-60z59-hg002-grch38-v421	event-run-phase1a-60z59-hg002-grch38-v421-record-1156	run-phase1a-ru88n-hg002-grch38-v421	event-run-phase1a-ru88n-hg002-grch38-v421-record-1157	CROSS_RUN_EQUIVALENCE_UNRESOLVED	True	True	True	True	2	2	1	1	SINGLE_NORMALIZED_ALLELE	SINGLE_NORMALIZED_ALLELE	SINGLE_NORMALIZED_ALLELE__SINGLE_NORMALIZED_ALLELE	NOT_ASSIGNED_IN_STRUCTURE_AUDIT
1065	run-phase1a-60z59-hg002-grch38-v421	event-run-phase1a-60z59-hg002-grch38-v421-record-1157	run-phase1a-ru88n-hg002-grch38-v421	event-run-phase1a-ru88n-hg002-grch38-v421-record-1158	CROSS_RUN_EQUIVALENCE_UNRESOLVED	True	True	True	True	2	2	1	1	SINGLE_NORMALIZED_ALLELE	SINGLE_NORMALIZED_ALLELE	SINGLE_NORMALIZED_ALLELE__SINGLE_NORMALIZED_ALLELE	NOT_ASSIGNED_IN_STRUCTURE_AUDIT
1066	run-phase1a-60z59-hg002-grch38-v421	event-run-phase1a-60z59-hg002-grch38-v421-record-1158	run-phase1a-ru88n-hg002-grch38-v421	event-run-phase1a-ru88n-hg002-grch38-v421-record-1159	CROSS_RUN_EQUIVALENCE_UNRESOLVED	True	True	True	True	2	2	1	1	SINGLE_NORMALIZED_ALLELE	SINGLE_NORMALIZED_ALLELE	SINGLE_NORMALIZED_ALLELE__SINGLE_NORMALIZED_ALLELE	NOT_ASSIGNED_IN_STRUCTURE_AUDIT
1067	run-phase1a-60z59-hg002-grch38-v421	event-run-phase1a-60z59-hg002-grch38-v421-record-1159	run-phase1a-ru88n-hg002-grch38-v421	event-run-phase1a-ru88n-hg002-grch38-v421-record-1160	CROSS_RUN_EQUIVALENCE_UNRESOLVED	True	True	True	True	2	2	1	1	SINGLE_NORMALIZED_ALLELE	SINGLE_NORMALIZED_ALLELE	SINGLE_NORMALIZED_ALLELE__SINGLE_NORMALIZED_ALLELE	NOT_ASSIGNED_IN_STRUCTURE_AUDIT
1068	run-phase1a-60z59-hg002-grch38-v421	event-run-phase1a-60z59-hg002-grch38-v421-record-1160	run-phase1a-ru88n-hg002-grch38-v421	event-run-phase1a-ru88n-hg002-grch38-v421-record-1161	CROSS_RUN_EQUIVALENCE_UNRESOLVED	True	True	True	True	2	2	1	1	SINGLE_NORMALIZED_ALLELE	SINGLE_NORMALIZED_ALLELE	SINGLE_NORMALIZED_ALLELE__SINGLE_NORMALIZED_ALLELE	NOT_ASSIGNED_IN_STRUCTURE_AUDIT
1069	run-phase1a-60z59-hg002-grch38-v421	event-run-phase1a-60z59-hg002-grch38-v421-record-1161	run-phase1a-ru88n-hg002-grch38-v421	event-run-phase1a-ru88n-hg002-grch38-v421-record-1162	CROSS_RUN_EQUIVALENCE_UNRESOLVED	True	True	True	True	2	2	1	1	SINGLE_NORMALIZED_ALLELE	SINGLE_NORMALIZED_ALLELE	SINGLE_NORMALIZED_ALLELE__SINGLE_NORMALIZED_ALLELE	NOT_ASSIGNED_IN_STRUCTURE_AUDIT
1070	run-phase1a-60z59-hg002-grch38-v421	event-run-phase1a-60z59-hg002-grch38-v421-record-1162	run-phase1a-ru88n-hg002-grch38-v421	event-run-phase1a-ru88n-hg002-grch38-v421-record-1163	CROSS_RUN_EQUIVALENCE_UNRESOLVED	True	True	True	True	2	2	1	1	SINGLE_NORMALIZED_ALLELE	SINGLE_NORMALIZED_ALLELE	SINGLE_NORMALIZED_ALLELE__SINGLE_NORMALIZED_ALLELE	NOT_ASSIGNED_IN_STRUCTURE_AUDIT
1071	run-phase1a-60z59-hg002-grch38-v421	event-run-phase1a-60z59-hg002-grch38-v421-record-1165	run-phase1a-ru88n-hg002-grch38-v421	event-run-phase1a-ru88n-hg002-grch38-v421-record-1165	CROSS_RUN_EQUIVALENCE_UNRESOLVED	True	True	True	True	2	2	1	1	SINGLE_NORMALIZED_ALLELE	SINGLE_NORMALIZED_ALLELE	SINGLE_NORMALIZED_ALLELE__SINGLE_NORMALIZED_ALLELE	NOT_ASSIGNED_IN_STRUCTURE_AUDIT
1072	run-phase1a-60z59-hg002-grch38-v421	event-run-phase1a-60z59-hg002-grch38-v421-record-1166	run-phase1a-ru88n-hg002-grch38-v421	event-run-phase1a-ru88n-hg002-grch38-v421-record-1166	CROSS_RUN_EQUIVALENCE_UNRESOLVED	True	True	True	True	2	2	1	1	SINGLE_NORMALIZED_ALLELE	SINGLE_NORMALIZED_ALLELE	SINGLE_NORMALIZED_ALLELE__SINGLE_NORMALIZED_ALLELE	NOT_ASSIGNED_IN_STRUCTURE_AUDIT
1073	run-phase1a-60z59-hg002-grch38-v421	event-run-phase1a-60z59-hg002-grch38-v421-record-1167	run-phase1a-ru88n-hg002-grch38-v421	event-run-phase1a-ru88n-hg002-grch38-v421-record-1167	CROSS_RUN_EQUIVALENCE_UNRESOLVED	True	True	True	True	2	2	1	1	SINGLE_NORMALIZED_ALLELE	SINGLE_NORMALIZED_ALLELE	SINGLE_NORMALIZED_ALLELE__SINGLE_NORMALIZED_ALLELE	NOT_ASSIGNED_IN_STRUCTURE_AUDIT
1074	run-phase1a-60z59-hg002-grch38-v421	event-run-phase1a-60z59-hg002-grch38-v421-record-1168	run-phase1a-ru88n-hg002-grch38-v421	event-run-phase1a-ru88n-hg002-grch38-v421-record-1168	CROSS_RUN_EQUIVALENCE_UNRESOLVED	True	True	True	True	2	2	1	1	SINGLE_NORMALIZED_ALLELE	SINGLE_NORMALIZED_ALLELE	SINGLE_NORMALIZED_ALLELE__SINGLE_NORMALIZED_ALLELE	NOT_ASSIGNED_IN_STRUCTURE_AUDIT
1075	run-phase1a-60z59-hg002-grch38-v421	event-run-phase1a-60z59-hg002-grch38-v421-record-1169	run-phase1a-ru88n-hg002-grch38-v421	event-run-phase1a-ru88n-hg002-grch38-v421-record-1169	CROSS_RUN_EQUIVALENCE_UNRESOLVED	True	True	True	True	2	2	1	1	SINGLE_NORMALIZED_ALLELE	SINGLE_NORMALIZED_ALLELE	SINGLE_NORMALIZED_ALLELE__SINGLE_NORMALIZED_ALLELE	NOT_ASSIGNED_IN_STRUCTURE_AUDIT
1076	run-phase1a-60z59-hg002-grch38-v421	event-run-phase1a-60z59-hg002-grch38-v421-record-1170	run-phase1a-ru88n-hg002-grch38-v421	event-run-phase1a-ru88n-hg002-grch38-v421-record-1170	CROSS_RUN_EQUIVALENCE_UNRESOLVED	True	True	True	True	2	2	1	1	SINGLE_NORMALIZED_ALLELE	SINGLE_NORMALIZED_ALLELE	SINGLE_NORMALIZED_ALLELE__SINGLE_NORMALIZED_ALLELE	NOT_ASSIGNED_IN_STRUCTURE_AUDIT
1077	run-phase1a-60z59-hg002-grch38-v421	event-run-phase1a-60z59-hg002-grch38-v421-record-1171	run-phase1a-ru88n-hg002-grch38-v421	event-run-phase1a-ru88n-hg002-grch38-v421-record-1171	CROSS_RUN_EQUIVALENCE_UNRESOLVED	True	True	True	True	2	2	1	1	SINGLE_NORMALIZED_ALLELE	SINGLE_NORMALIZED_ALLELE	SINGLE_NORMALIZED_ALLELE__SINGLE_NORMALIZED_ALLELE	NOT_ASSIGNED_IN_STRUCTURE_AUDIT
1078	run-phase1a-60z59-hg002-grch38-v421	event-run-phase1a-60z59-hg002-grch38-v421-record-1172	run-phase1a-ru88n-hg002-grch38-v421	event-run-phase1a-ru88n-hg002-grch38-v421-record-1172	CROSS_RUN_EQUIVALENCE_UNRESOLVED	True	True	True	True	2	2	1	1	SINGLE_NORMALIZED_ALLELE	SINGLE_NORMALIZED_ALLELE	SINGLE_NORMALIZED_ALLELE__SINGLE_NORMALIZED_ALLELE	NOT_ASSIGNED_IN_STRUCTURE_AUDIT
1079	run-phase1a-60z59-hg002-grch38-v421	event-run-phase1a-60z59-hg002-grch38-v421-record-1173	run-phase1a-ru88n-hg002-grch38-v421	event-run-phase1a-ru88n-hg002-grch38-v421-record-1173	CROSS_RUN_EQUIVALENCE_UNRESOLVED	True	True	True	True	2	2	1	1	SINGLE_NORMALIZED_ALLELE	SINGLE_NORMALIZED_ALLELE	SINGLE_NORMALIZED_ALLELE__SINGLE_NORMALIZED_ALLELE	NOT_ASSIGNED_IN_STRUCTURE_AUDIT
1080	run-phase1a-60z59-hg002-grch38-v421	event-run-phase1a-60z59-hg002-grch38-v421-record-1174	run-phase1a-ru88n-hg002-grch38-v421	event-run-phase1a-ru88n-hg002-grch38-v421-record-1174	CROSS_RUN_EQUIVALENCE_UNRESOLVED	True	True	True	True	2	2	1	1	SINGLE_NORMALIZED_ALLELE	SINGLE_NORMALIZED_ALLELE	SINGLE_NORMALIZED_ALLELE__SINGLE_NORMALIZED_ALLELE	NOT_ASSIGNED_IN_STRUCTURE_AUDIT
1081	run-phase1a-60z59-hg002-grch38-v421	event-run-phase1a-60z59-hg002-grch38-v421-record-1175	run-phase1a-ru88n-hg002-grch38-v421	event-run-phase1a-ru88n-hg002-grch38-v421-record-1175	CROSS_RUN_EQUIVALENCE_UNRESOLVED	True	True	True	True	2	2	1	1	SINGLE_NORMALIZED_ALLELE	SINGLE_NORMALIZED_ALLELE	SINGLE_NORMALIZED_ALLELE__SINGLE_NORMALIZED_ALLELE	NOT_ASSIGNED_IN_STRUCTURE_AUDIT
1082	run-phase1a-60z59-hg002-grch38-v421	event-run-phase1a-60z59-hg002-grch38-v421-record-1176	run-phase1a-ru88n-hg002-grch38-v421	event-run-phase1a-ru88n-hg002-grch38-v421-record-1177	CROSS_RUN_EQUIVALENCE_UNRESOLVED	True	True	True	True	2	2	1	1	SINGLE_NORMALIZED_ALLELE	SINGLE_NORMALIZED_ALLELE	SINGLE_NORMALIZED_ALLELE__SINGLE_NORMALIZED_ALLELE	NOT_ASSIGNED_IN_STRUCTURE_AUDIT
1083	run-phase1a-60z59-hg002-grch38-v421	event-run-phase1a-60z59-hg002-grch38-v421-record-1178	run-phase1a-ru88n-hg002-grch38-v421	event-run-phase1a-ru88n-hg002-grch38-v421-record-1179	CROSS_RUN_EQUIVALENCE_UNRESOLVED	True	True	True	True	2	2	1	1	SINGLE_NORMALIZED_ALLELE	SINGLE_NORMALIZED_ALLELE	SINGLE_NORMALIZED_ALLELE__SINGLE_NORMALIZED_ALLELE	NOT_ASSIGNED_IN_STRUCTURE_AUDIT
1084	run-phase1a-60z59-hg002-grch38-v421	event-run-phase1a-60z59-hg002-grch38-v421-record-1179	run-phase1a-ru88n-hg002-grch38-v421	event-run-phase1a-ru88n-hg002-grch38-v421-record-1180	CROSS_RUN_EQUIVALENCE_UNRESOLVED	True	True	True	True	2	2	1	1	SINGLE_NORMALIZED_ALLELE	SINGLE_NORMALIZED_ALLELE	SINGLE_NORMALIZED_ALLELE__SINGLE_NORMALIZED_ALLELE	NOT_ASSIGNED_IN_STRUCTURE_AUDIT
1085	run-phase1a-60z59-hg002-grch38-v421	event-run-phase1a-60z59-hg002-grch38-v421-record-1180	run-phase1a-ru88n-hg002-grch38-v421	event-run-phase1a-ru88n-hg002-grch38-v421-record-1181	CROSS_RUN_EQUIVALENCE_UNRESOLVED	True	True	True	True	2	2	1	1	SINGLE_NORMALIZED_ALLELE	SINGLE_NORMALIZED_ALLELE	SINGLE_NORMALIZED_ALLELE__SINGLE_NORMALIZED_ALLELE	NOT_ASSIGNED_IN_STRUCTURE_AUDIT
1086	run-phase1a-60z59-hg002-grch38-v421	event-run-phase1a-60z59-hg002-grch38-v421-record-1181	run-phase1a-ru88n-hg002-grch38-v421	event-run-phase1a-ru88n-hg002-grch38-v421-record-1182	CROSS_RUN_EQUIVALENCE_UNRESOLVED	True	True	True	True	2	2	1	1	SINGLE_NORMALIZED_ALLELE	SINGLE_NORMALIZED_ALLELE	SINGLE_NORMALIZED_ALLELE__SINGLE_NORMALIZED_ALLELE	NOT_ASSIGNED_IN_STRUCTURE_AUDIT
1087	run-phase1a-60z59-hg002-grch38-v421	event-run-phase1a-60z59-hg002-grch38-v421-record-1182	run-phase1a-ru88n-hg002-grch38-v421	event-run-phase1a-ru88n-hg002-grch38-v421-record-1183	CROSS_RUN_EQUIVALENCE_UNRESOLVED	True	True	True	True	2	2	1	1	SINGLE_NORMALIZED_ALLELE	SINGLE_NORMALIZED_ALLELE	SINGLE_NORMALIZED_ALLELE__SINGLE_NORMALIZED_ALLELE	NOT_ASSIGNED_IN_STRUCTURE_AUDIT
1088	run-phase1a-60z59-hg002-grch38-v421	event-run-phase1a-60z59-hg002-grch38-v421-record-1183	run-phase1a-ru88n-hg002-grch38-v421	event-run-phase1a-ru88n-hg002-grch38-v421-record-1184	CROSS_RUN_EQUIVALENCE_UNRESOLVED	True	True	True	True	2	2	1	1	SINGLE_NORMALIZED_ALLELE	SINGLE_NORMALIZED_ALLELE	SINGLE_NORMALIZED_ALLELE__SINGLE_NORMALIZED_ALLELE	NOT_ASSIGNED_IN_STRUCTURE_AUDIT
1089	run-phase1a-60z59-hg002-grch38-v421	event-run-phase1a-60z59-hg002-grch38-v421-record-1184	run-phase1a-ru88n-hg002-grch38-v421	event-run-phase1a-ru88n-hg002-grch38-v421-record-1185	CROSS_RUN_EQUIVALENCE_UNRESOLVED	True	True	True	True	2	2	1	1	SINGLE_NORMALIZED_ALLELE	SINGLE_NORMALIZED_ALLELE	SINGLE_NORMALIZED_ALLELE__SINGLE_NORMALIZED_ALLELE	NOT_ASSIGNED_IN_STRUCTURE_AUDIT
1090	run-phase1a-60z59-hg002-grch38-v421	event-run-phase1a-60z59-hg002-grch38-v421-record-1185	run-phase1a-ru88n-hg002-grch38-v421	event-run-phase1a-ru88n-hg002-grch38-v421-record-1186	CROSS_RUN_EQUIVALENCE_UNRESOLVED	True	True	True	True	2	2	1	1	SINGLE_NORMALIZED_ALLELE	SINGLE_NORMALIZED_ALLELE	SINGLE_NORMALIZED_ALLELE__SINGLE_NORMALIZED_ALLELE	NOT_ASSIGNED_IN_STRUCTURE_AUDIT
1091	run-phase1a-60z59-hg002-grch38-v421	event-run-phase1a-60z59-hg002-grch38-v421-record-1186	run-phase1a-ru88n-hg002-grch38-v421	event-run-phase1a-ru88n-hg002-grch38-v421-record-1187	CROSS_RUN_EQUIVALENCE_UNRESOLVED	True	True	True	True	2	2	1	1	SINGLE_NORMALIZED_ALLELE	SINGLE_NORMALIZED_ALLELE	SINGLE_NORMALIZED_ALLELE__SINGLE_NORMALIZED_ALLELE	NOT_ASSIGNED_IN_STRUCTURE_AUDIT
1092	run-phase1a-60z59-hg002-grch38-v421	event-run-phase1a-60z59-hg002-grch38-v421-record-1187	run-phase1a-ru88n-hg002-grch38-v421	event-run-phase1a-ru88n-hg002-grch38-v421-record-1188	CROSS_RUN_EQUIVALENCE_UNRESOLVED	True	True	True	True	2	2	1	1	SINGLE_NORMALIZED_ALLELE	SINGLE_NORMALIZED_ALLELE	SINGLE_NORMALIZED_ALLELE__SINGLE_NORMALIZED_ALLELE	NOT_ASSIGNED_IN_STRUCTURE_AUDIT
1093	run-phase1a-60z59-hg002-grch38-v421	event-run-phase1a-60z59-hg002-grch38-v421-record-1188	run-phase1a-ru88n-hg002-grch38-v421	event-run-phase1a-ru88n-hg002-grch38-v421-record-1189	CROSS_RUN_EQUIVALENCE_UNRESOLVED	True	True	True	True	2	2	1	1	SINGLE_NORMALIZED_ALLELE	SINGLE_NORMALIZED_ALLELE	SINGLE_NORMALIZED_ALLELE__SINGLE_NORMALIZED_ALLELE	NOT_ASSIGNED_IN_STRUCTURE_AUDIT
1094	run-phase1a-60z59-hg002-grch38-v421	event-run-phase1a-60z59-hg002-grch38-v421-record-1189	run-phase1a-ru88n-hg002-grch38-v421	event-run-phase1a-ru88n-hg002-grch38-v421-record-1190	CROSS_RUN_EQUIVALENCE_UNRESOLVED	True	True	True	True	2	2	1	1	SINGLE_NORMALIZED_ALLELE	SINGLE_NORMALIZED_ALLELE	SINGLE_NORMALIZED_ALLELE__SINGLE_NORMALIZED_ALLELE	NOT_ASSIGNED_IN_STRUCTURE_AUDIT
1095	run-phase1a-60z59-hg002-grch38-v421	event-run-phase1a-60z59-hg002-grch38-v421-record-1190	run-phase1a-ru88n-hg002-grch38-v421	event-run-phase1a-ru88n-hg002-grch38-v421-record-1191	CROSS_RUN_EQUIVALENCE_UNRESOLVED	True	True	True	True	2	2	1	1	SINGLE_NORMALIZED_ALLELE	SINGLE_NORMALIZED_ALLELE	SINGLE_NORMALIZED_ALLELE__SINGLE_NORMALIZED_ALLELE	NOT_ASSIGNED_IN_STRUCTURE_AUDIT
1096	run-phase1a-60z59-hg002-grch38-v421	event-run-phase1a-60z59-hg002-grch38-v421-record-1191	run-phase1a-ru88n-hg002-grch38-v421	event-run-phase1a-ru88n-hg002-grch38-v421-record-1192	CROSS_RUN_EQUIVALENCE_UNRESOLVED	True	True	True	True	2	2	1	1	SINGLE_NORMALIZED_ALLELE	SINGLE_NORMALIZED_ALLELE	SINGLE_NORMALIZED_ALLELE__SINGLE_NORMALIZED_ALLELE	NOT_ASSIGNED_IN_STRUCTURE_AUDIT
1097	run-phase1a-60z59-hg002-grch38-v421	event-run-phase1a-60z59-hg002-grch38-v421-record-1192	run-phase1a-ru88n-hg002-grch38-v421	event-run-phase1a-ru88n-hg002-grch38-v421-record-1193	CROSS_RUN_EQUIVALENCE_UNRESOLVED	True	True	True	True	2	2	1	1	SINGLE_NORMALIZED_ALLELE	SINGLE_NORMALIZED_ALLELE	SINGLE_NORMALIZED_ALLELE__SINGLE_NORMALIZED_ALLELE	NOT_ASSIGNED_IN_STRUCTURE_AUDIT
1098	run-phase1a-60z59-hg002-grch38-v421	event-run-phase1a-60z59-hg002-grch38-v421-record-1193	run-phase1a-ru88n-hg002-grch38-v421	event-run-phase1a-ru88n-hg002-grch38-v421-record-1194	CROSS_RUN_EQUIVALENCE_UNRESOLVED	True	True	True	True	2	2	1	1	SINGLE_NORMALIZED_ALLELE	SINGLE_NORMALIZED_ALLELE	SINGLE_NORMALIZED_ALLELE__SINGLE_NORMALIZED_ALLELE	NOT_ASSIGNED_IN_STRUCTURE_AUDIT
1099	run-phase1a-60z59-hg002-grch38-v421	event-run-phase1a-60z59-hg002-grch38-v421-record-1194	run-phase1a-ru88n-hg002-grch38-v421	event-run-phase1a-ru88n-hg002-grch38-v421-record-1195	CROSS_RUN_EQUIVALENCE_UNRESOLVED	True	True	True	True	2	2	1	1	SINGLE_NORMALIZED_ALLELE	SINGLE_NORMALIZED_ALLELE	SINGLE_NORMALIZED_ALLELE__SINGLE_NORMALIZED_ALLELE	NOT_ASSIGNED_IN_STRUCTURE_AUDIT
1100	run-phase1a-60z59-hg002-grch38-v421	event-run-phase1a-60z59-hg002-grch38-v421-record-1195	run-phase1a-ru88n-hg002-grch38-v421	event-run-phase1a-ru88n-hg002-grch38-v421-record-1196	CROSS_RUN_EQUIVALENCE_UNRESOLVED	True	True	True	True	2	2	1	1	SINGLE_NORMALIZED_ALLELE	SINGLE_NORMALIZED_ALLELE	SINGLE_NORMALIZED_ALLELE__SINGLE_NORMALIZED_ALLELE	NOT_ASSIGNED_IN_STRUCTURE_AUDIT
1101	run-phase1a-60z59-hg002-grch38-v421	event-run-phase1a-60z59-hg002-grch38-v421-record-1196	run-phase1a-ru88n-hg002-grch38-v421	event-run-phase1a-ru88n-hg002-grch38-v421-record-1197	CROSS_RUN_EQUIVALENCE_UNRESOLVED	True	True	True	True	2	2	1	1	SINGLE_NORMALIZED_ALLELE	SINGLE_NORMALIZED_ALLELE	SINGLE_NORMALIZED_ALLELE__SINGLE_NORMALIZED_ALLELE	NOT_ASSIGNED_IN_STRUCTURE_AUDIT
1102	run-phase1a-60z59-hg002-grch38-v421	event-run-phase1a-60z59-hg002-grch38-v421-record-1197	run-phase1a-ru88n-hg002-grch38-v421	event-run-phase1a-ru88n-hg002-grch38-v421-record-1199	CROSS_RUN_EQUIVALENCE_UNRESOLVED	True	True	True	True	2	2	1	1	SINGLE_NORMALIZED_ALLELE	SINGLE_NORMALIZED_ALLELE	SINGLE_NORMALIZED_ALLELE__SINGLE_NORMALIZED_ALLELE	NOT_ASSIGNED_IN_STRUCTURE_AUDIT
1103	run-phase1a-60z59-hg002-grch38-v421	event-run-phase1a-60z59-hg002-grch38-v421-record-1198	run-phase1a-ru88n-hg002-grch38-v421	event-run-phase1a-ru88n-hg002-grch38-v421-record-1200	CROSS_RUN_EQUIVALENCE_UNRESOLVED	True	True	True	True	2	2	1	1	SINGLE_NORMALIZED_ALLELE	SINGLE_NORMALIZED_ALLELE	SINGLE_NORMALIZED_ALLELE__SINGLE_NORMALIZED_ALLELE	NOT_ASSIGNED_IN_STRUCTURE_AUDIT
1104	run-phase1a-60z59-hg002-grch38-v421	event-run-phase1a-60z59-hg002-grch38-v421-record-1200	run-phase1a-ru88n-hg002-grch38-v421	event-run-phase1a-ru88n-hg002-grch38-v421-record-1201	CROSS_RUN_EQUIVALENCE_UNRESOLVED	True	True	True	True	2	2	1	1	SINGLE_NORMALIZED_ALLELE	SINGLE_NORMALIZED_ALLELE	SINGLE_NORMALIZED_ALLELE__SINGLE_NORMALIZED_ALLELE	NOT_ASSIGNED_IN_STRUCTURE_AUDIT
1105	run-phase1a-60z59-hg002-grch38-v421	event-run-phase1a-60z59-hg002-grch38-v421-record-1201	run-phase1a-ru88n-hg002-grch38-v421	event-run-phase1a-ru88n-hg002-grch38-v421-record-1203	CROSS_RUN_EQUIVALENCE_UNRESOLVED	True	True	True	True	2	2	1	1	SINGLE_NORMALIZED_ALLELE	SINGLE_NORMALIZED_ALLELE	SINGLE_NORMALIZED_ALLELE__SINGLE_NORMALIZED_ALLELE	NOT_ASSIGNED_IN_STRUCTURE_AUDIT
1106	run-phase1a-60z59-hg002-grch38-v421	event-run-phase1a-60z59-hg002-grch38-v421-record-1202	run-phase1a-ru88n-hg002-grch38-v421	event-run-phase1a-ru88n-hg002-grch38-v421-record-1204	CROSS_RUN_EQUIVALENCE_UNRESOLVED	True	True	True	True	2	2	1	1	SINGLE_NORMALIZED_ALLELE	SINGLE_NORMALIZED_ALLELE	SINGLE_NORMALIZED_ALLELE__SINGLE_NORMALIZED_ALLELE	NOT_ASSIGNED_IN_STRUCTURE_AUDIT
1107	run-phase1a-60z59-hg002-grch38-v421	event-run-phase1a-60z59-hg002-grch38-v421-record-1203	run-phase1a-ru88n-hg002-grch38-v421	event-run-phase1a-ru88n-hg002-grch38-v421-record-1205	CROSS_RUN_EQUIVALENCE_UNRESOLVED	True	True	True	True	2	2	1	1	SINGLE_NORMALIZED_ALLELE	SINGLE_NORMALIZED_ALLELE	SINGLE_NORMALIZED_ALLELE__SINGLE_NORMALIZED_ALLELE	NOT_ASSIGNED_IN_STRUCTURE_AUDIT
1108	run-phase1a-60z59-hg002-grch38-v421	event-run-phase1a-60z59-hg002-grch38-v421-record-1204	run-phase1a-ru88n-hg002-grch38-v421	event-run-phase1a-ru88n-hg002-grch38-v421-record-1206	CROSS_RUN_EQUIVALENCE_UNRESOLVED	True	True	True	True	2	2	1	1	SINGLE_NORMALIZED_ALLELE	SINGLE_NORMALIZED_ALLELE	SINGLE_NORMALIZED_ALLELE__SINGLE_NORMALIZED_ALLELE	NOT_ASSIGNED_IN_STRUCTURE_AUDIT
1109	run-phase1a-60z59-hg002-grch38-v421	event-run-phase1a-60z59-hg002-grch38-v421-record-1205	run-phase1a-ru88n-hg002-grch38-v421	event-run-phase1a-ru88n-hg002-grch38-v421-record-1207	CROSS_RUN_EQUIVALENCE_UNRESOLVED	True	True	True	True	2	2	1	1	SINGLE_NORMALIZED_ALLELE	SINGLE_NORMALIZED_ALLELE	SINGLE_NORMALIZED_ALLELE__SINGLE_NORMALIZED_ALLELE	NOT_ASSIGNED_IN_STRUCTURE_AUDIT
1110	run-phase1a-60z59-hg002-grch38-v421	event-run-phase1a-60z59-hg002-grch38-v421-record-1206	run-phase1a-ru88n-hg002-grch38-v421	event-run-phase1a-ru88n-hg002-grch38-v421-record-1208	CROSS_RUN_EQUIVALENCE_UNRESOLVED	True	True	True	True	2	2	1	1	SINGLE_NORMALIZED_ALLELE	SINGLE_NORMALIZED_ALLELE	SINGLE_NORMALIZED_ALLELE__SINGLE_NORMALIZED_ALLELE	NOT_ASSIGNED_IN_STRUCTURE_AUDIT
1111	run-phase1a-60z59-hg002-grch38-v421	event-run-phase1a-60z59-hg002-grch38-v421-record-1207	run-phase1a-ru88n-hg002-grch38-v421	event-run-phase1a-ru88n-hg002-grch38-v421-record-1209	CROSS_RUN_EQUIVALENCE_UNRESOLVED	True	True	True	True	2	2	1	1	SINGLE_NORMALIZED_ALLELE	SINGLE_NORMALIZED_ALLELE	SINGLE_NORMALIZED_ALLELE__SINGLE_NORMALIZED_ALLELE	NOT_ASSIGNED_IN_STRUCTURE_AUDIT
1112	run-phase1a-60z59-hg002-grch38-v421	event-run-phase1a-60z59-hg002-grch38-v421-record-1209	run-phase1a-ru88n-hg002-grch38-v421	event-run-phase1a-ru88n-hg002-grch38-v421-record-1211	CROSS_RUN_EQUIVALENCE_UNRESOLVED	True	True	True	True	2	2	1	1	SINGLE_NORMALIZED_ALLELE	SINGLE_NORMALIZED_ALLELE	SINGLE_NORMALIZED_ALLELE__SINGLE_NORMALIZED_ALLELE	NOT_ASSIGNED_IN_STRUCTURE_AUDIT
1113	run-phase1a-60z59-hg002-grch38-v421	event-run-phase1a-60z59-hg002-grch38-v421-record-1210	run-phase1a-ru88n-hg002-grch38-v421	event-run-phase1a-ru88n-hg002-grch38-v421-record-1212	CROSS_RUN_EQUIVALENCE_UNRESOLVED	True	True	True	True	2	2	1	1	SINGLE_NORMALIZED_ALLELE	SINGLE_NORMALIZED_ALLELE	SINGLE_NORMALIZED_ALLELE__SINGLE_NORMALIZED_ALLELE	NOT_ASSIGNED_IN_STRUCTURE_AUDIT
1114	run-phase1a-60z59-hg002-grch38-v421	event-run-phase1a-60z59-hg002-grch38-v421-record-1211	run-phase1a-ru88n-hg002-grch38-v421	event-run-phase1a-ru88n-hg002-grch38-v421-record-1213	CROSS_RUN_EQUIVALENCE_UNRESOLVED	True	True	True	True	2	2	1	1	SINGLE_NORMALIZED_ALLELE	SINGLE_NORMALIZED_ALLELE	SINGLE_NORMALIZED_ALLELE__SINGLE_NORMALIZED_ALLELE	NOT_ASSIGNED_IN_STRUCTURE_AUDIT
1115	run-phase1a-60z59-hg002-grch38-v421	event-run-phase1a-60z59-hg002-grch38-v421-record-1212	run-phase1a-ru88n-hg002-grch38-v421	event-run-phase1a-ru88n-hg002-grch38-v421-record-1214	CROSS_RUN_EQUIVALENCE_UNRESOLVED	True	True	True	True	2	2	1	1	SINGLE_NORMALIZED_ALLELE	SINGLE_NORMALIZED_ALLELE	SINGLE_NORMALIZED_ALLELE__SINGLE_NORMALIZED_ALLELE	NOT_ASSIGNED_IN_STRUCTURE_AUDIT
1116	run-phase1a-60z59-hg002-grch38-v421	event-run-phase1a-60z59-hg002-grch38-v421-record-1213	run-phase1a-ru88n-hg002-grch38-v421	event-run-phase1a-ru88n-hg002-grch38-v421-record-1215	CROSS_RUN_EQUIVALENCE_UNRESOLVED	True	True	True	True	2	2	1	1	SINGLE_NORMALIZED_ALLELE	SINGLE_NORMALIZED_ALLELE	SINGLE_NORMALIZED_ALLELE__SINGLE_NORMALIZED_ALLELE	NOT_ASSIGNED_IN_STRUCTURE_AUDIT
1117	run-phase1a-60z59-hg002-grch38-v421	event-run-phase1a-60z59-hg002-grch38-v421-record-1214	run-phase1a-ru88n-hg002-grch38-v421	event-run-phase1a-ru88n-hg002-grch38-v421-record-1216	CROSS_RUN_EQUIVALENCE_UNRESOLVED	True	True	True	True	2	2	1	1	SINGLE_NORMALIZED_ALLELE	SINGLE_NORMALIZED_ALLELE	SINGLE_NORMALIZED_ALLELE__SINGLE_NORMALIZED_ALLELE	NOT_ASSIGNED_IN_STRUCTURE_AUDIT
1118	run-phase1a-60z59-hg002-grch38-v421	event-run-phase1a-60z59-hg002-grch38-v421-record-1215	run-phase1a-ru88n-hg002-grch38-v421	event-run-phase1a-ru88n-hg002-grch38-v421-record-1217	CROSS_RUN_EQUIVALENCE_UNRESOLVED	True	True	True	True	2	2	1	1	SINGLE_NORMALIZED_ALLELE	SINGLE_NORMALIZED_ALLELE	SINGLE_NORMALIZED_ALLELE__SINGLE_NORMALIZED_ALLELE	NOT_ASSIGNED_IN_STRUCTURE_AUDIT
1119	run-phase1a-60z59-hg002-grch38-v421	event-run-phase1a-60z59-hg002-grch38-v421-record-1216	run-phase1a-ru88n-hg002-grch38-v421	event-run-phase1a-ru88n-hg002-grch38-v421-record-1218	CROSS_RUN_EQUIVALENCE_UNRESOLVED	True	True	True	True	2	2	1	1	SINGLE_NORMALIZED_ALLELE	SINGLE_NORMALIZED_ALLELE	SINGLE_NORMALIZED_ALLELE__SINGLE_NORMALIZED_ALLELE	NOT_ASSIGNED_IN_STRUCTURE_AUDIT
1120	run-phase1a-60z59-hg002-grch38-v421	event-run-phase1a-60z59-hg002-grch38-v421-record-1217	run-phase1a-ru88n-hg002-grch38-v421	event-run-phase1a-ru88n-hg002-grch38-v421-record-1219	CROSS_RUN_EQUIVALENCE_UNRESOLVED	True	True	True	True	2	2	1	1	SINGLE_NORMALIZED_ALLELE	SINGLE_NORMALIZED_ALLELE	SINGLE_NORMALIZED_ALLELE__SINGLE_NORMALIZED_ALLELE	NOT_ASSIGNED_IN_STRUCTURE_AUDIT
1121	run-phase1a-60z59-hg002-grch38-v421	event-run-phase1a-60z59-hg002-grch38-v421-record-1218	run-phase1a-ru88n-hg002-grch38-v421	event-run-phase1a-ru88n-hg002-grch38-v421-record-1220	CROSS_RUN_EQUIVALENCE_UNRESOLVED	True	True	True	True	2	2	1	1	SINGLE_NORMALIZED_ALLELE	SINGLE_NORMALIZED_ALLELE	SINGLE_NORMALIZED_ALLELE__SINGLE_NORMALIZED_ALLELE	NOT_ASSIGNED_IN_STRUCTURE_AUDIT
1122	run-phase1a-60z59-hg002-grch38-v421	event-run-phase1a-60z59-hg002-grch38-v421-record-1219	run-phase1a-ru88n-hg002-grch38-v421	event-run-phase1a-ru88n-hg002-grch38-v421-record-1221	CROSS_RUN_EQUIVALENCE_UNRESOLVED	True	True	True	True	2	2	1	1	SINGLE_NORMALIZED_ALLELE	SINGLE_NORMALIZED_ALLELE	SINGLE_NORMALIZED_ALLELE__SINGLE_NORMALIZED_ALLELE	NOT_ASSIGNED_IN_STRUCTURE_AUDIT
1123	run-phase1a-60z59-hg002-grch38-v421	event-run-phase1a-60z59-hg002-grch38-v421-record-1220	run-phase1a-ru88n-hg002-grch38-v421	event-run-phase1a-ru88n-hg002-grch38-v421-record-1222	CROSS_RUN_EQUIVALENCE_UNRESOLVED	True	True	True	True	2	2	1	1	SINGLE_NORMALIZED_ALLELE	SINGLE_NORMALIZED_ALLELE	SINGLE_NORMALIZED_ALLELE__SINGLE_NORMALIZED_ALLELE	NOT_ASSIGNED_IN_STRUCTURE_AUDIT
1124	run-phase1a-60z59-hg002-grch38-v421	event-run-phase1a-60z59-hg002-grch38-v421-record-1221	run-phase1a-ru88n-hg002-grch38-v421	event-run-phase1a-ru88n-hg002-grch38-v421-record-1223	CROSS_RUN_EQUIVALENCE_UNRESOLVED	True	True	True	True	2	2	1	1	SINGLE_NORMALIZED_ALLELE	SINGLE_NORMALIZED_ALLELE	SINGLE_NORMALIZED_ALLELE__SINGLE_NORMALIZED_ALLELE	NOT_ASSIGNED_IN_STRUCTURE_AUDIT
1125	run-phase1a-60z59-hg002-grch38-v421	event-run-phase1a-60z59-hg002-grch38-v421-record-1222	run-phase1a-ru88n-hg002-grch38-v421	event-run-phase1a-ru88n-hg002-grch38-v421-record-1224	CROSS_RUN_EQUIVALENCE_UNRESOLVED	True	True	True	True	2	2	1	1	SINGLE_NORMALIZED_ALLELE	SINGLE_NORMALIZED_ALLELE	SINGLE_NORMALIZED_ALLELE__SINGLE_NORMALIZED_ALLELE	NOT_ASSIGNED_IN_STRUCTURE_AUDIT
1126	run-phase1a-60z59-hg002-grch38-v421	event-run-phase1a-60z59-hg002-grch38-v421-record-1223	run-phase1a-ru88n-hg002-grch38-v421	event-run-phase1a-ru88n-hg002-grch38-v421-record-1225	CROSS_RUN_EQUIVALENCE_UNRESOLVED	True	True	True	True	2	2	1	1	SINGLE_NORMALIZED_ALLELE	SINGLE_NORMALIZED_ALLELE	SINGLE_NORMALIZED_ALLELE__SINGLE_NORMALIZED_ALLELE	NOT_ASSIGNED_IN_STRUCTURE_AUDIT
1127	run-phase1a-60z59-hg002-grch38-v421	event-run-phase1a-60z59-hg002-grch38-v421-record-1224	run-phase1a-ru88n-hg002-grch38-v421	event-run-phase1a-ru88n-hg002-grch38-v421-record-1226	CROSS_RUN_EQUIVALENCE_UNRESOLVED	True	True	True	True	2	2	1	1	SINGLE_NORMALIZED_ALLELE	SINGLE_NORMALIZED_ALLELE	SINGLE_NORMALIZED_ALLELE__SINGLE_NORMALIZED_ALLELE	NOT_ASSIGNED_IN_STRUCTURE_AUDIT
1128	run-phase1a-60z59-hg002-grch38-v421	event-run-phase1a-60z59-hg002-grch38-v421-record-1225	run-phase1a-ru88n-hg002-grch38-v421	event-run-phase1a-ru88n-hg002-grch38-v421-record-1227	CROSS_RUN_EQUIVALENCE_UNRESOLVED	True	True	True	True	2	2	1	1	SINGLE_NORMALIZED_ALLELE	SINGLE_NORMALIZED_ALLELE	SINGLE_NORMALIZED_ALLELE__SINGLE_NORMALIZED_ALLELE	NOT_ASSIGNED_IN_STRUCTURE_AUDIT
1129	run-phase1a-60z59-hg002-grch38-v421	event-run-phase1a-60z59-hg002-grch38-v421-record-1226	run-phase1a-ru88n-hg002-grch38-v421	event-run-phase1a-ru88n-hg002-grch38-v421-record-1228	CROSS_RUN_EQUIVALENCE_UNRESOLVED	True	True	True	True	2	2	1	1	SINGLE_NORMALIZED_ALLELE	SINGLE_NORMALIZED_ALLELE	SINGLE_NORMALIZED_ALLELE__SINGLE_NORMALIZED_ALLELE	NOT_ASSIGNED_IN_STRUCTURE_AUDIT
1130	run-phase1a-60z59-hg002-grch38-v421	event-run-phase1a-60z59-hg002-grch38-v421-record-1227	run-phase1a-ru88n-hg002-grch38-v421	event-run-phase1a-ru88n-hg002-grch38-v421-record-1229	CROSS_RUN_EQUIVALENCE_UNRESOLVED	True	True	True	True	2	2	1	1	SINGLE_NORMALIZED_ALLELE	SINGLE_NORMALIZED_ALLELE	SINGLE_NORMALIZED_ALLELE__SINGLE_NORMALIZED_ALLELE	NOT_ASSIGNED_IN_STRUCTURE_AUDIT
1131	run-phase1a-60z59-hg002-grch38-v421	event-run-phase1a-60z59-hg002-grch38-v421-record-1228	run-phase1a-ru88n-hg002-grch38-v421	event-run-phase1a-ru88n-hg002-grch38-v421-record-1230	CROSS_RUN_EQUIVALENCE_UNRESOLVED	True	True	True	True	2	2	1	1	SINGLE_NORMALIZED_ALLELE	SINGLE_NORMALIZED_ALLELE	SINGLE_NORMALIZED_ALLELE__SINGLE_NORMALIZED_ALLELE	NOT_ASSIGNED_IN_STRUCTURE_AUDIT
1132	run-phase1a-60z59-hg002-grch38-v421	event-run-phase1a-60z59-hg002-grch38-v421-record-1229	run-phase1a-ru88n-hg002-grch38-v421	event-run-phase1a-ru88n-hg002-grch38-v421-record-1231	CROSS_RUN_EQUIVALENCE_UNRESOLVED	True	True	True	True	2	2	1	1	SINGLE_NORMALIZED_ALLELE	SINGLE_NORMALIZED_ALLELE	SINGLE_NORMALIZED_ALLELE__SINGLE_NORMALIZED_ALLELE	NOT_ASSIGNED_IN_STRUCTURE_AUDIT
1133	run-phase1a-60z59-hg002-grch38-v421	event-run-phase1a-60z59-hg002-grch38-v421-record-1230	run-phase1a-ru88n-hg002-grch38-v421	event-run-phase1a-ru88n-hg002-grch38-v421-record-1232	CROSS_RUN_EQUIVALENCE_UNRESOLVED	True	True	True	True	2	2	1	1	SINGLE_NORMALIZED_ALLELE	SINGLE_NORMALIZED_ALLELE	SINGLE_NORMALIZED_ALLELE__SINGLE_NORMALIZED_ALLELE	NOT_ASSIGNED_IN_STRUCTURE_AUDIT
1134	run-phase1a-60z59-hg002-grch38-v421	event-run-phase1a-60z59-hg002-grch38-v421-record-1231	run-phase1a-ru88n-hg002-grch38-v421	event-run-phase1a-ru88n-hg002-grch38-v421-record-1233	CROSS_RUN_EQUIVALENCE_UNRESOLVED	True	True	True	True	2	2	1	1	SINGLE_NORMALIZED_ALLELE	SINGLE_NORMALIZED_ALLELE	SINGLE_NORMALIZED_ALLELE__SINGLE_NORMALIZED_ALLELE	NOT_ASSIGNED_IN_STRUCTURE_AUDIT
1135	run-phase1a-60z59-hg002-grch38-v421	event-run-phase1a-60z59-hg002-grch38-v421-record-1232	run-phase1a-ru88n-hg002-grch38-v421	event-run-phase1a-ru88n-hg002-grch38-v421-record-1234	CROSS_RUN_EQUIVALENCE_UNRESOLVED	True	True	True	True	2	2	1	1	SINGLE_NORMALIZED_ALLELE	SINGLE_NORMALIZED_ALLELE	SINGLE_NORMALIZED_ALLELE__SINGLE_NORMALIZED_ALLELE	NOT_ASSIGNED_IN_STRUCTURE_AUDIT
1136	run-phase1a-60z59-hg002-grch38-v421	event-run-phase1a-60z59-hg002-grch38-v421-record-1233	run-phase1a-ru88n-hg002-grch38-v421	event-run-phase1a-ru88n-hg002-grch38-v421-record-1235	CROSS_RUN_EQUIVALENCE_UNRESOLVED	True	True	True	True	2	2	1	1	SINGLE_NORMALIZED_ALLELE	SINGLE_NORMALIZED_ALLELE	SINGLE_NORMALIZED_ALLELE__SINGLE_NORMALIZED_ALLELE	NOT_ASSIGNED_IN_STRUCTURE_AUDIT
1137	run-phase1a-60z59-hg002-grch38-v421	event-run-phase1a-60z59-hg002-grch38-v421-record-1234	run-phase1a-ru88n-hg002-grch38-v421	event-run-phase1a-ru88n-hg002-grch38-v421-record-1236	CROSS_RUN_EQUIVALENCE_UNRESOLVED	True	True	True	True	2	2	1	1	SINGLE_NORMALIZED_ALLELE	SINGLE_NORMALIZED_ALLELE	SINGLE_NORMALIZED_ALLELE__SINGLE_NORMALIZED_ALLELE	NOT_ASSIGNED_IN_STRUCTURE_AUDIT
1138	run-phase1a-60z59-hg002-grch38-v421	event-run-phase1a-60z59-hg002-grch38-v421-record-1235	run-phase1a-ru88n-hg002-grch38-v421	event-run-phase1a-ru88n-hg002-grch38-v421-record-1237	CROSS_RUN_EQUIVALENCE_UNRESOLVED	True	True	True	True	2	2	1	1	SINGLE_NORMALIZED_ALLELE	SINGLE_NORMALIZED_ALLELE	SINGLE_NORMALIZED_ALLELE__SINGLE_NORMALIZED_ALLELE	NOT_ASSIGNED_IN_STRUCTURE_AUDIT
1139	run-phase1a-60z59-hg002-grch38-v421	event-run-phase1a-60z59-hg002-grch38-v421-record-1236	run-phase1a-ru88n-hg002-grch38-v421	event-run-phase1a-ru88n-hg002-grch38-v421-record-1238	CROSS_RUN_EQUIVALENCE_UNRESOLVED	True	True	True	True	2	2	1	1	SINGLE_NORMALIZED_ALLELE	SINGLE_NORMALIZED_ALLELE	SINGLE_NORMALIZED_ALLELE__SINGLE_NORMALIZED_ALLELE	NOT_ASSIGNED_IN_STRUCTURE_AUDIT
1140	run-phase1a-60z59-hg002-grch38-v421	event-run-phase1a-60z59-hg002-grch38-v421-record-1237	run-phase1a-ru88n-hg002-grch38-v421	event-run-phase1a-ru88n-hg002-grch38-v421-record-1239	CROSS_RUN_EQUIVALENCE_UNRESOLVED	True	True	True	True	2	2	1	1	SINGLE_NORMALIZED_ALLELE	SINGLE_NORMALIZED_ALLELE	SINGLE_NORMALIZED_ALLELE__SINGLE_NORMALIZED_ALLELE	NOT_ASSIGNED_IN_STRUCTURE_AUDIT
1141	run-phase1a-60z59-hg002-grch38-v421	event-run-phase1a-60z59-hg002-grch38-v421-record-1238	run-phase1a-ru88n-hg002-grch38-v421	event-run-phase1a-ru88n-hg002-grch38-v421-record-1240	CROSS_RUN_EQUIVALENCE_UNRESOLVED	True	True	True	True	2	2	1	1	SINGLE_NORMALIZED_ALLELE	SINGLE_NORMALIZED_ALLELE	SINGLE_NORMALIZED_ALLELE__SINGLE_NORMALIZED_ALLELE	NOT_ASSIGNED_IN_STRUCTURE_AUDIT
1142	run-phase1a-60z59-hg002-grch38-v421	event-run-phase1a-60z59-hg002-grch38-v421-record-1241	run-phase1a-ru88n-hg002-grch38-v421	event-run-phase1a-ru88n-hg002-grch38-v421-record-1243	CROSS_RUN_EQUIVALENCE_UNRESOLVED	True	True	True	True	2	2	1	1	SINGLE_NORMALIZED_ALLELE	SINGLE_NORMALIZED_ALLELE	SINGLE_NORMALIZED_ALLELE__SINGLE_NORMALIZED_ALLELE	NOT_ASSIGNED_IN_STRUCTURE_AUDIT
1143	run-phase1a-60z59-hg002-grch38-v421	event-run-phase1a-60z59-hg002-grch38-v421-record-1242	run-phase1a-ru88n-hg002-grch38-v421	event-run-phase1a-ru88n-hg002-grch38-v421-record-1244	CROSS_RUN_EQUIVALENCE_UNRESOLVED	True	True	True	True	2	2	1	1	SINGLE_NORMALIZED_ALLELE	SINGLE_NORMALIZED_ALLELE	SINGLE_NORMALIZED_ALLELE__SINGLE_NORMALIZED_ALLELE	NOT_ASSIGNED_IN_STRUCTURE_AUDIT
1144	run-phase1a-60z59-hg002-grch38-v421	event-run-phase1a-60z59-hg002-grch38-v421-record-1243	run-phase1a-ru88n-hg002-grch38-v421	event-run-phase1a-ru88n-hg002-grch38-v421-record-1245	CROSS_RUN_EQUIVALENCE_UNRESOLVED	True	True	True	True	2	2	1	1	SINGLE_NORMALIZED_ALLELE	SINGLE_NORMALIZED_ALLELE	SINGLE_NORMALIZED_ALLELE__SINGLE_NORMALIZED_ALLELE	NOT_ASSIGNED_IN_STRUCTURE_AUDIT
1145	run-phase1a-60z59-hg002-grch38-v421	event-run-phase1a-60z59-hg002-grch38-v421-record-1244	run-phase1a-ru88n-hg002-grch38-v421	event-run-phase1a-ru88n-hg002-grch38-v421-record-1246	CROSS_RUN_EQUIVALENCE_UNRESOLVED	True	True	True	True	2	2	1	1	SINGLE_NORMALIZED_ALLELE	SINGLE_NORMALIZED_ALLELE	SINGLE_NORMALIZED_ALLELE__SINGLE_NORMALIZED_ALLELE	NOT_ASSIGNED_IN_STRUCTURE_AUDIT
1146	run-phase1a-60z59-hg002-grch38-v421	event-run-phase1a-60z59-hg002-grch38-v421-record-1245	run-phase1a-ru88n-hg002-grch38-v421	event-run-phase1a-ru88n-hg002-grch38-v421-record-1247	CROSS_RUN_EQUIVALENCE_UNRESOLVED	True	True	True	True	2	2	1	1	SINGLE_NORMALIZED_ALLELE	SINGLE_NORMALIZED_ALLELE	SINGLE_NORMALIZED_ALLELE__SINGLE_NORMALIZED_ALLELE	NOT_ASSIGNED_IN_STRUCTURE_AUDIT
1147	run-phase1a-60z59-hg002-grch38-v421	event-run-phase1a-60z59-hg002-grch38-v421-record-1246	run-phase1a-ru88n-hg002-grch38-v421	event-run-phase1a-ru88n-hg002-grch38-v421-record-1248	CROSS_RUN_EQUIVALENCE_UNRESOLVED	True	True	True	True	2	2	1	1	SINGLE_NORMALIZED_ALLELE	SINGLE_NORMALIZED_ALLELE	SINGLE_NORMALIZED_ALLELE__SINGLE_NORMALIZED_ALLELE	NOT_ASSIGNED_IN_STRUCTURE_AUDIT
1148	run-phase1a-60z59-hg002-grch38-v421	event-run-phase1a-60z59-hg002-grch38-v421-record-1247	run-phase1a-ru88n-hg002-grch38-v421	event-run-phase1a-ru88n-hg002-grch38-v421-record-1249	CROSS_RUN_EQUIVALENCE_UNRESOLVED	True	True	True	True	2	2	1	1	SINGLE_NORMALIZED_ALLELE	SINGLE_NORMALIZED_ALLELE	SINGLE_NORMALIZED_ALLELE__SINGLE_NORMALIZED_ALLELE	NOT_ASSIGNED_IN_STRUCTURE_AUDIT
1149	run-phase1a-60z59-hg002-grch38-v421	event-run-phase1a-60z59-hg002-grch38-v421-record-1248	run-phase1a-ru88n-hg002-grch38-v421	event-run-phase1a-ru88n-hg002-grch38-v421-record-1250	CROSS_RUN_EQUIVALENCE_UNRESOLVED	True	True	True	True	2	2	1	1	SINGLE_NORMALIZED_ALLELE	SINGLE_NORMALIZED_ALLELE	SINGLE_NORMALIZED_ALLELE__SINGLE_NORMALIZED_ALLELE	NOT_ASSIGNED_IN_STRUCTURE_AUDIT
1150	run-phase1a-60z59-hg002-grch38-v421	event-run-phase1a-60z59-hg002-grch38-v421-record-1249	run-phase1a-ru88n-hg002-grch38-v421	event-run-phase1a-ru88n-hg002-grch38-v421-record-1251	CROSS_RUN_EQUIVALENCE_UNRESOLVED	True	True	True	True	2	2	1	1	SINGLE_NORMALIZED_ALLELE	SINGLE_NORMALIZED_ALLELE	SINGLE_NORMALIZED_ALLELE__SINGLE_NORMALIZED_ALLELE	NOT_ASSIGNED_IN_STRUCTURE_AUDIT
1151	run-phase1a-60z59-hg002-grch38-v421	event-run-phase1a-60z59-hg002-grch38-v421-record-1250	run-phase1a-ru88n-hg002-grch38-v421	event-run-phase1a-ru88n-hg002-grch38-v421-record-1252	CROSS_RUN_EQUIVALENCE_UNRESOLVED	True	True	True	True	2	2	1	1	SINGLE_NORMALIZED_ALLELE	SINGLE_NORMALIZED_ALLELE	SINGLE_NORMALIZED_ALLELE__SINGLE_NORMALIZED_ALLELE	NOT_ASSIGNED_IN_STRUCTURE_AUDIT
1152	run-phase1a-60z59-hg002-grch38-v421	event-run-phase1a-60z59-hg002-grch38-v421-record-1251	run-phase1a-ru88n-hg002-grch38-v421	event-run-phase1a-ru88n-hg002-grch38-v421-record-1253	CROSS_RUN_EQUIVALENCE_UNRESOLVED	True	True	True	True	2	2	1	1	SINGLE_NORMALIZED_ALLELE	SINGLE_NORMALIZED_ALLELE	SINGLE_NORMALIZED_ALLELE__SINGLE_NORMALIZED_ALLELE	NOT_ASSIGNED_IN_STRUCTURE_AUDIT
1153	run-phase1a-60z59-hg002-grch38-v421	event-run-phase1a-60z59-hg002-grch38-v421-record-1252	run-phase1a-ru88n-hg002-grch38-v421	event-run-phase1a-ru88n-hg002-grch38-v421-record-1254	CROSS_RUN_EQUIVALENCE_UNRESOLVED	True	True	True	True	2	2	1	1	SINGLE_NORMALIZED_ALLELE	SINGLE_NORMALIZED_ALLELE	SINGLE_NORMALIZED_ALLELE__SINGLE_NORMALIZED_ALLELE	NOT_ASSIGNED_IN_STRUCTURE_AUDIT
1154	run-phase1a-60z59-hg002-grch38-v421	event-run-phase1a-60z59-hg002-grch38-v421-record-1253	run-phase1a-ru88n-hg002-grch38-v421	event-run-phase1a-ru88n-hg002-grch38-v421-record-1255	CROSS_RUN_EQUIVALENCE_UNRESOLVED	True	True	True	True	2	2	1	1	SINGLE_NORMALIZED_ALLELE	SINGLE_NORMALIZED_ALLELE	SINGLE_NORMALIZED_ALLELE__SINGLE_NORMALIZED_ALLELE	NOT_ASSIGNED_IN_STRUCTURE_AUDIT
1155	run-phase1a-60z59-hg002-grch38-v421	event-run-phase1a-60z59-hg002-grch38-v421-record-1254	run-phase1a-ru88n-hg002-grch38-v421	event-run-phase1a-ru88n-hg002-grch38-v421-record-1256	CROSS_RUN_EQUIVALENCE_UNRESOLVED	True	True	True	True	2	2	1	1	SINGLE_NORMALIZED_ALLELE	SINGLE_NORMALIZED_ALLELE	SINGLE_NORMALIZED_ALLELE__SINGLE_NORMALIZED_ALLELE	NOT_ASSIGNED_IN_STRUCTURE_AUDIT
1156	run-phase1a-60z59-hg002-grch38-v421	event-run-phase1a-60z59-hg002-grch38-v421-record-1255	run-phase1a-ru88n-hg002-grch38-v421	event-run-phase1a-ru88n-hg002-grch38-v421-record-1257	CROSS_RUN_EQUIVALENCE_UNRESOLVED	True	True	True	True	2	2	1	1	SINGLE_NORMALIZED_ALLELE	SINGLE_NORMALIZED_ALLELE	SINGLE_NORMALIZED_ALLELE__SINGLE_NORMALIZED_ALLELE	NOT_ASSIGNED_IN_STRUCTURE_AUDIT
1157	run-phase1a-60z59-hg002-grch38-v421	event-run-phase1a-60z59-hg002-grch38-v421-record-1256	run-phase1a-ru88n-hg002-grch38-v421	event-run-phase1a-ru88n-hg002-grch38-v421-record-1258	CROSS_RUN_EQUIVALENCE_UNRESOLVED	True	True	True	True	2	2	1	1	SINGLE_NORMALIZED_ALLELE	SINGLE_NORMALIZED_ALLELE	SINGLE_NORMALIZED_ALLELE__SINGLE_NORMALIZED_ALLELE	NOT_ASSIGNED_IN_STRUCTURE_AUDIT
1158	run-phase1a-60z59-hg002-grch38-v421	event-run-phase1a-60z59-hg002-grch38-v421-record-1257	run-phase1a-ru88n-hg002-grch38-v421	event-run-phase1a-ru88n-hg002-grch38-v421-record-1259	CROSS_RUN_EQUIVALENCE_UNRESOLVED	True	True	True	True	2	2	1	1	SINGLE_NORMALIZED_ALLELE	SINGLE_NORMALIZED_ALLELE	SINGLE_NORMALIZED_ALLELE__SINGLE_NORMALIZED_ALLELE	NOT_ASSIGNED_IN_STRUCTURE_AUDIT
1159	run-phase1a-60z59-hg002-grch38-v421	event-run-phase1a-60z59-hg002-grch38-v421-record-1260	run-phase1a-ru88n-hg002-grch38-v421	event-run-phase1a-ru88n-hg002-grch38-v421-record-1261	CROSS_RUN_EQUIVALENCE_UNRESOLVED	True	True	True	True	2	2	1	1	SINGLE_NORMALIZED_ALLELE	SINGLE_NORMALIZED_ALLELE	SINGLE_NORMALIZED_ALLELE__SINGLE_NORMALIZED_ALLELE	NOT_ASSIGNED_IN_STRUCTURE_AUDIT
1160	run-phase1a-60z59-hg002-grch38-v421	event-run-phase1a-60z59-hg002-grch38-v421-record-1261	run-phase1a-ru88n-hg002-grch38-v421	event-run-phase1a-ru88n-hg002-grch38-v421-record-1262	CROSS_RUN_EQUIVALENCE_UNRESOLVED	True	True	True	True	2	2	1	1	SINGLE_NORMALIZED_ALLELE	SINGLE_NORMALIZED_ALLELE	SINGLE_NORMALIZED_ALLELE__SINGLE_NORMALIZED_ALLELE	NOT_ASSIGNED_IN_STRUCTURE_AUDIT
1161	run-phase1a-60z59-hg002-grch38-v421	event-run-phase1a-60z59-hg002-grch38-v421-record-1262	run-phase1a-ru88n-hg002-grch38-v421	event-run-phase1a-ru88n-hg002-grch38-v421-record-1263	CROSS_RUN_EQUIVALENCE_UNRESOLVED	True	True	True	True	2	2	1	1	SINGLE_NORMALIZED_ALLELE	SINGLE_NORMALIZED_ALLELE	SINGLE_NORMALIZED_ALLELE__SINGLE_NORMALIZED_ALLELE	NOT_ASSIGNED_IN_STRUCTURE_AUDIT
1162	run-phase1a-60z59-hg002-grch38-v421	event-run-phase1a-60z59-hg002-grch38-v421-record-1263	run-phase1a-ru88n-hg002-grch38-v421	event-run-phase1a-ru88n-hg002-grch38-v421-record-1264	CROSS_RUN_EQUIVALENCE_UNRESOLVED	True	True	True	True	2	2	1	1	SINGLE_NORMALIZED_ALLELE	SINGLE_NORMALIZED_ALLELE	SINGLE_NORMALIZED_ALLELE__SINGLE_NORMALIZED_ALLELE	NOT_ASSIGNED_IN_STRUCTURE_AUDIT
1163	run-phase1a-60z59-hg002-grch38-v421	event-run-phase1a-60z59-hg002-grch38-v421-record-1265	run-phase1a-ru88n-hg002-grch38-v421	event-run-phase1a-ru88n-hg002-grch38-v421-record-1265	CROSS_RUN_EQUIVALENCE_UNRESOLVED	True	True	True	True	2	2	1	1	SINGLE_NORMALIZED_ALLELE	SINGLE_NORMALIZED_ALLELE	SINGLE_NORMALIZED_ALLELE__SINGLE_NORMALIZED_ALLELE	NOT_ASSIGNED_IN_STRUCTURE_AUDIT
1164	run-phase1a-60z59-hg002-grch38-v421	event-run-phase1a-60z59-hg002-grch38-v421-record-1266	run-phase1a-ru88n-hg002-grch38-v421	event-run-phase1a-ru88n-hg002-grch38-v421-record-1266	CROSS_RUN_EQUIVALENCE_UNRESOLVED	True	True	True	True	2	2	1	1	SINGLE_NORMALIZED_ALLELE	SINGLE_NORMALIZED_ALLELE	SINGLE_NORMALIZED_ALLELE__SINGLE_NORMALIZED_ALLELE	NOT_ASSIGNED_IN_STRUCTURE_AUDIT
1165	run-phase1a-60z59-hg002-grch38-v421	event-run-phase1a-60z59-hg002-grch38-v421-record-1267	run-phase1a-ru88n-hg002-grch38-v421	event-run-phase1a-ru88n-hg002-grch38-v421-record-1267	CROSS_RUN_EQUIVALENCE_UNRESOLVED	True	True	True	True	2	2	1	1	SINGLE_NORMALIZED_ALLELE	SINGLE_NORMALIZED_ALLELE	SINGLE_NORMALIZED_ALLELE__SINGLE_NORMALIZED_ALLELE	NOT_ASSIGNED_IN_STRUCTURE_AUDIT
1166	run-phase1a-60z59-hg002-grch38-v421	event-run-phase1a-60z59-hg002-grch38-v421-record-1268	run-phase1a-ru88n-hg002-grch38-v421	event-run-phase1a-ru88n-hg002-grch38-v421-record-1268	CROSS_RUN_EQUIVALENCE_UNRESOLVED	True	True	True	True	2	2	1	1	SINGLE_NORMALIZED_ALLELE	SINGLE_NORMALIZED_ALLELE	SINGLE_NORMALIZED_ALLELE__SINGLE_NORMALIZED_ALLELE	NOT_ASSIGNED_IN_STRUCTURE_AUDIT
1167	run-phase1a-60z59-hg002-grch38-v421	event-run-phase1a-60z59-hg002-grch38-v421-record-1269	run-phase1a-ru88n-hg002-grch38-v421	event-run-phase1a-ru88n-hg002-grch38-v421-record-1269	CROSS_RUN_EQUIVALENCE_UNRESOLVED	True	True	True	True	2	2	1	1	SINGLE_NORMALIZED_ALLELE	SINGLE_NORMALIZED_ALLELE	SINGLE_NORMALIZED_ALLELE__SINGLE_NORMALIZED_ALLELE	NOT_ASSIGNED_IN_STRUCTURE_AUDIT
1168	run-phase1a-60z59-hg002-grch38-v421	event-run-phase1a-60z59-hg002-grch38-v421-record-1270	run-phase1a-ru88n-hg002-grch38-v421	event-run-phase1a-ru88n-hg002-grch38-v421-record-1270	CROSS_RUN_EQUIVALENCE_UNRESOLVED	True	True	True	True	2	2	1	1	SINGLE_NORMALIZED_ALLELE	SINGLE_NORMALIZED_ALLELE	SINGLE_NORMALIZED_ALLELE__SINGLE_NORMALIZED_ALLELE	NOT_ASSIGNED_IN_STRUCTURE_AUDIT
1169	run-phase1a-60z59-hg002-grch38-v421	event-run-phase1a-60z59-hg002-grch38-v421-record-1271	run-phase1a-ru88n-hg002-grch38-v421	event-run-phase1a-ru88n-hg002-grch38-v421-record-1271	CROSS_RUN_EQUIVALENCE_UNRESOLVED	True	True	True	True	2	2	1	1	SINGLE_NORMALIZED_ALLELE	SINGLE_NORMALIZED_ALLELE	SINGLE_NORMALIZED_ALLELE__SINGLE_NORMALIZED_ALLELE	NOT_ASSIGNED_IN_STRUCTURE_AUDIT
1170	run-phase1a-60z59-hg002-grch38-v421	event-run-phase1a-60z59-hg002-grch38-v421-record-1272	run-phase1a-ru88n-hg002-grch38-v421	event-run-phase1a-ru88n-hg002-grch38-v421-record-1272	CROSS_RUN_EQUIVALENCE_UNRESOLVED	True	True	True	True	2	2	1	1	SINGLE_NORMALIZED_ALLELE	SINGLE_NORMALIZED_ALLELE	SINGLE_NORMALIZED_ALLELE__SINGLE_NORMALIZED_ALLELE	NOT_ASSIGNED_IN_STRUCTURE_AUDIT
1171	run-phase1a-60z59-hg002-grch38-v421	event-run-phase1a-60z59-hg002-grch38-v421-record-1275	run-phase1a-ru88n-hg002-grch38-v421	event-run-phase1a-ru88n-hg002-grch38-v421-record-1273	CROSS_RUN_EQUIVALENCE_UNRESOLVED	True	True	True	True	2	2	1	1	SINGLE_NORMALIZED_ALLELE	SINGLE_NORMALIZED_ALLELE	SINGLE_NORMALIZED_ALLELE__SINGLE_NORMALIZED_ALLELE	NOT_ASSIGNED_IN_STRUCTURE_AUDIT
1172	run-phase1a-60z59-hg002-grch38-v421	event-run-phase1a-60z59-hg002-grch38-v421-record-1276	run-phase1a-ru88n-hg002-grch38-v421	event-run-phase1a-ru88n-hg002-grch38-v421-record-1274	CROSS_RUN_EQUIVALENCE_UNRESOLVED	True	True	True	True	2	2	1	1	SINGLE_NORMALIZED_ALLELE	SINGLE_NORMALIZED_ALLELE	SINGLE_NORMALIZED_ALLELE__SINGLE_NORMALIZED_ALLELE	NOT_ASSIGNED_IN_STRUCTURE_AUDIT
1173	run-phase1a-60z59-hg002-grch38-v421	event-run-phase1a-60z59-hg002-grch38-v421-record-1277	run-phase1a-ru88n-hg002-grch38-v421	event-run-phase1a-ru88n-hg002-grch38-v421-record-1275	CROSS_RUN_EQUIVALENCE_UNRESOLVED	True	True	True	True	2	2	1	1	SINGLE_NORMALIZED_ALLELE	SINGLE_NORMALIZED_ALLELE	SINGLE_NORMALIZED_ALLELE__SINGLE_NORMALIZED_ALLELE	NOT_ASSIGNED_IN_STRUCTURE_AUDIT
1174	run-phase1a-60z59-hg002-grch38-v421	event-run-phase1a-60z59-hg002-grch38-v421-record-1278	run-phase1a-ru88n-hg002-grch38-v421	event-run-phase1a-ru88n-hg002-grch38-v421-record-1276	CROSS_RUN_EQUIVALENCE_UNRESOLVED	True	True	True	True	2	2	1	1	SINGLE_NORMALIZED_ALLELE	SINGLE_NORMALIZED_ALLELE	SINGLE_NORMALIZED_ALLELE__SINGLE_NORMALIZED_ALLELE	NOT_ASSIGNED_IN_STRUCTURE_AUDIT
1175	run-phase1a-60z59-hg002-grch38-v421	event-run-phase1a-60z59-hg002-grch38-v421-record-1279	run-phase1a-ru88n-hg002-grch38-v421	event-run-phase1a-ru88n-hg002-grch38-v421-record-1277	CROSS_RUN_EQUIVALENCE_UNRESOLVED	True	True	True	True	2	2	1	1	SINGLE_NORMALIZED_ALLELE	SINGLE_NORMALIZED_ALLELE	SINGLE_NORMALIZED_ALLELE__SINGLE_NORMALIZED_ALLELE	NOT_ASSIGNED_IN_STRUCTURE_AUDIT
1176	run-phase1a-60z59-hg002-grch38-v421	event-run-phase1a-60z59-hg002-grch38-v421-record-1280	run-phase1a-ru88n-hg002-grch38-v421	event-run-phase1a-ru88n-hg002-grch38-v421-record-1278	CROSS_RUN_EQUIVALENCE_UNRESOLVED	True	True	True	True	2	2	1	1	SINGLE_NORMALIZED_ALLELE	SINGLE_NORMALIZED_ALLELE	SINGLE_NORMALIZED_ALLELE__SINGLE_NORMALIZED_ALLELE	NOT_ASSIGNED_IN_STRUCTURE_AUDIT
1177	run-phase1a-60z59-hg002-grch38-v421	event-run-phase1a-60z59-hg002-grch38-v421-record-1281	run-phase1a-ru88n-hg002-grch38-v421	event-run-phase1a-ru88n-hg002-grch38-v421-record-1279	CROSS_RUN_EQUIVALENCE_UNRESOLVED	True	True	True	True	2	2	1	1	SINGLE_NORMALIZED_ALLELE	SINGLE_NORMALIZED_ALLELE	SINGLE_NORMALIZED_ALLELE__SINGLE_NORMALIZED_ALLELE	NOT_ASSIGNED_IN_STRUCTURE_AUDIT
1178	run-phase1a-60z59-hg002-grch38-v421	event-run-phase1a-60z59-hg002-grch38-v421-record-1282	run-phase1a-ru88n-hg002-grch38-v421	event-run-phase1a-ru88n-hg002-grch38-v421-record-1280	CROSS_RUN_EQUIVALENCE_UNRESOLVED	True	True	True	True	2	2	1	1	SINGLE_NORMALIZED_ALLELE	SINGLE_NORMALIZED_ALLELE	SINGLE_NORMALIZED_ALLELE__SINGLE_NORMALIZED_ALLELE	NOT_ASSIGNED_IN_STRUCTURE_AUDIT
1179	run-phase1a-60z59-hg002-grch38-v421	event-run-phase1a-60z59-hg002-grch38-v421-record-1283	run-phase1a-ru88n-hg002-grch38-v421	event-run-phase1a-ru88n-hg002-grch38-v421-record-1281	CROSS_RUN_EQUIVALENCE_UNRESOLVED	True	True	True	True	2	2	1	1	SINGLE_NORMALIZED_ALLELE	SINGLE_NORMALIZED_ALLELE	SINGLE_NORMALIZED_ALLELE__SINGLE_NORMALIZED_ALLELE	NOT_ASSIGNED_IN_STRUCTURE_AUDIT
1180	run-phase1a-60z59-hg002-grch38-v421	event-run-phase1a-60z59-hg002-grch38-v421-record-1284	run-phase1a-ru88n-hg002-grch38-v421	event-run-phase1a-ru88n-hg002-grch38-v421-record-1282	CROSS_RUN_EQUIVALENCE_UNRESOLVED	True	True	True	True	2	2	1	1	SINGLE_NORMALIZED_ALLELE	SINGLE_NORMALIZED_ALLELE	SINGLE_NORMALIZED_ALLELE__SINGLE_NORMALIZED_ALLELE	NOT_ASSIGNED_IN_STRUCTURE_AUDIT
1181	run-phase1a-60z59-hg002-grch38-v421	event-run-phase1a-60z59-hg002-grch38-v421-record-1285	run-phase1a-ru88n-hg002-grch38-v421	event-run-phase1a-ru88n-hg002-grch38-v421-record-1283	CROSS_RUN_EQUIVALENCE_UNRESOLVED	True	True	True	True	2	2	1	1	SINGLE_NORMALIZED_ALLELE	SINGLE_NORMALIZED_ALLELE	SINGLE_NORMALIZED_ALLELE__SINGLE_NORMALIZED_ALLELE	NOT_ASSIGNED_IN_STRUCTURE_AUDIT
1182	run-phase1a-60z59-hg002-grch38-v421	event-run-phase1a-60z59-hg002-grch38-v421-record-1286	run-phase1a-ru88n-hg002-grch38-v421	event-run-phase1a-ru88n-hg002-grch38-v421-record-1285	CROSS_RUN_EQUIVALENCE_UNRESOLVED	True	True	True	True	2	2	1	1	SINGLE_NORMALIZED_ALLELE	SINGLE_NORMALIZED_ALLELE	SINGLE_NORMALIZED_ALLELE__SINGLE_NORMALIZED_ALLELE	NOT_ASSIGNED_IN_STRUCTURE_AUDIT
1183	run-phase1a-60z59-hg002-grch38-v421	event-run-phase1a-60z59-hg002-grch38-v421-record-1287	run-phase1a-ru88n-hg002-grch38-v421	event-run-phase1a-ru88n-hg002-grch38-v421-record-1286	CROSS_RUN_EQUIVALENCE_UNRESOLVED	True	True	True	True	2	2	1	1	SINGLE_NORMALIZED_ALLELE	SINGLE_NORMALIZED_ALLELE	SINGLE_NORMALIZED_ALLELE__SINGLE_NORMALIZED_ALLELE	NOT_ASSIGNED_IN_STRUCTURE_AUDIT
1184	run-phase1a-60z59-hg002-grch38-v421	event-run-phase1a-60z59-hg002-grch38-v421-record-1288	run-phase1a-ru88n-hg002-grch38-v421	event-run-phase1a-ru88n-hg002-grch38-v421-record-1287	CROSS_RUN_EQUIVALENCE_UNRESOLVED	True	True	True	True	2	2	1	1	SINGLE_NORMALIZED_ALLELE	SINGLE_NORMALIZED_ALLELE	SINGLE_NORMALIZED_ALLELE__SINGLE_NORMALIZED_ALLELE	NOT_ASSIGNED_IN_STRUCTURE_AUDIT
1185	run-phase1a-60z59-hg002-grch38-v421	event-run-phase1a-60z59-hg002-grch38-v421-record-1289	run-phase1a-ru88n-hg002-grch38-v421	event-run-phase1a-ru88n-hg002-grch38-v421-record-1288	CROSS_RUN_EQUIVALENCE_UNRESOLVED	True	True	True	True	2	2	1	1	SINGLE_NORMALIZED_ALLELE	SINGLE_NORMALIZED_ALLELE	SINGLE_NORMALIZED_ALLELE__SINGLE_NORMALIZED_ALLELE	NOT_ASSIGNED_IN_STRUCTURE_AUDIT
1186	run-phase1a-60z59-hg002-grch38-v421	event-run-phase1a-60z59-hg002-grch38-v421-record-1290	run-phase1a-ru88n-hg002-grch38-v421	event-run-phase1a-ru88n-hg002-grch38-v421-record-1289	CROSS_RUN_EQUIVALENCE_UNRESOLVED	True	True	True	True	2	2	1	1	SINGLE_NORMALIZED_ALLELE	SINGLE_NORMALIZED_ALLELE	SINGLE_NORMALIZED_ALLELE__SINGLE_NORMALIZED_ALLELE	NOT_ASSIGNED_IN_STRUCTURE_AUDIT
1187	run-phase1a-60z59-hg002-grch38-v421	event-run-phase1a-60z59-hg002-grch38-v421-record-1291	run-phase1a-ru88n-hg002-grch38-v421	event-run-phase1a-ru88n-hg002-grch38-v421-record-1290	CROSS_RUN_EQUIVALENCE_UNRESOLVED	True	True	True	True	2	2	1	1	SINGLE_NORMALIZED_ALLELE	SINGLE_NORMALIZED_ALLELE	SINGLE_NORMALIZED_ALLELE__SINGLE_NORMALIZED_ALLELE	NOT_ASSIGNED_IN_STRUCTURE_AUDIT
1188	run-phase1a-60z59-hg002-grch38-v421	event-run-phase1a-60z59-hg002-grch38-v421-record-1292	run-phase1a-ru88n-hg002-grch38-v421	event-run-phase1a-ru88n-hg002-grch38-v421-record-1291	CROSS_RUN_EQUIVALENCE_UNRESOLVED	True	True	True	True	2	2	1	1	SINGLE_NORMALIZED_ALLELE	SINGLE_NORMALIZED_ALLELE	SINGLE_NORMALIZED_ALLELE__SINGLE_NORMALIZED_ALLELE	NOT_ASSIGNED_IN_STRUCTURE_AUDIT
1189	run-phase1a-60z59-hg002-grch38-v421	event-run-phase1a-60z59-hg002-grch38-v421-record-1293	run-phase1a-ru88n-hg002-grch38-v421	event-run-phase1a-ru88n-hg002-grch38-v421-record-1292	CROSS_RUN_EQUIVALENCE_UNRESOLVED	True	True	True	True	2	2	1	1	SINGLE_NORMALIZED_ALLELE	SINGLE_NORMALIZED_ALLELE	SINGLE_NORMALIZED_ALLELE__SINGLE_NORMALIZED_ALLELE	NOT_ASSIGNED_IN_STRUCTURE_AUDIT
1190	run-phase1a-60z59-hg002-grch38-v421	event-run-phase1a-60z59-hg002-grch38-v421-record-1294	run-phase1a-ru88n-hg002-grch38-v421	event-run-phase1a-ru88n-hg002-grch38-v421-record-1293	CROSS_RUN_EQUIVALENCE_UNRESOLVED	True	True	True	True	2	2	1	1	SINGLE_NORMALIZED_ALLELE	SINGLE_NORMALIZED_ALLELE	SINGLE_NORMALIZED_ALLELE__SINGLE_NORMALIZED_ALLELE	NOT_ASSIGNED_IN_STRUCTURE_AUDIT
1191	run-phase1a-60z59-hg002-grch38-v421	event-run-phase1a-60z59-hg002-grch38-v421-record-1295	run-phase1a-ru88n-hg002-grch38-v421	event-run-phase1a-ru88n-hg002-grch38-v421-record-1294	CROSS_RUN_EQUIVALENCE_UNRESOLVED	True	True	True	True	2	2	1	1	SINGLE_NORMALIZED_ALLELE	SINGLE_NORMALIZED_ALLELE	SINGLE_NORMALIZED_ALLELE__SINGLE_NORMALIZED_ALLELE	NOT_ASSIGNED_IN_STRUCTURE_AUDIT
1192	run-phase1a-60z59-hg002-grch38-v421	event-run-phase1a-60z59-hg002-grch38-v421-record-1296	run-phase1a-ru88n-hg002-grch38-v421	event-run-phase1a-ru88n-hg002-grch38-v421-record-1295	CROSS_RUN_EQUIVALENCE_UNRESOLVED	True	True	True	True	2	2	1	1	SINGLE_NORMALIZED_ALLELE	SINGLE_NORMALIZED_ALLELE	SINGLE_NORMALIZED_ALLELE__SINGLE_NORMALIZED_ALLELE	NOT_ASSIGNED_IN_STRUCTURE_AUDIT
1193	run-phase1a-60z59-hg002-grch38-v421	event-run-phase1a-60z59-hg002-grch38-v421-record-1297	run-phase1a-ru88n-hg002-grch38-v421	event-run-phase1a-ru88n-hg002-grch38-v421-record-1296	CROSS_RUN_EQUIVALENCE_UNRESOLVED	True	True	True	True	2	2	1	1	SINGLE_NORMALIZED_ALLELE	SINGLE_NORMALIZED_ALLELE	SINGLE_NORMALIZED_ALLELE__SINGLE_NORMALIZED_ALLELE	NOT_ASSIGNED_IN_STRUCTURE_AUDIT
1194	run-phase1a-60z59-hg002-grch38-v421	event-run-phase1a-60z59-hg002-grch38-v421-record-1298	run-phase1a-ru88n-hg002-grch38-v421	event-run-phase1a-ru88n-hg002-grch38-v421-record-1297	CROSS_RUN_EQUIVALENCE_UNRESOLVED	True	True	True	True	2	2	1	1	SINGLE_NORMALIZED_ALLELE	SINGLE_NORMALIZED_ALLELE	SINGLE_NORMALIZED_ALLELE__SINGLE_NORMALIZED_ALLELE	NOT_ASSIGNED_IN_STRUCTURE_AUDIT
1195	run-phase1a-60z59-hg002-grch38-v421	event-run-phase1a-60z59-hg002-grch38-v421-record-1301	run-phase1a-ru88n-hg002-grch38-v421	event-run-phase1a-ru88n-hg002-grch38-v421-record-1300	CROSS_RUN_EQUIVALENCE_UNRESOLVED	True	True	True	True	2	2	1	1	SINGLE_NORMALIZED_ALLELE	SINGLE_NORMALIZED_ALLELE	SINGLE_NORMALIZED_ALLELE__SINGLE_NORMALIZED_ALLELE	NOT_ASSIGNED_IN_STRUCTURE_AUDIT
1196	run-phase1a-60z59-hg002-grch38-v421	event-run-phase1a-60z59-hg002-grch38-v421-record-1302	run-phase1a-ru88n-hg002-grch38-v421	event-run-phase1a-ru88n-hg002-grch38-v421-record-1302	CROSS_RUN_EQUIVALENCE_UNRESOLVED	True	True	True	True	2	2	1	1	SINGLE_NORMALIZED_ALLELE	SINGLE_NORMALIZED_ALLELE	SINGLE_NORMALIZED_ALLELE__SINGLE_NORMALIZED_ALLELE	NOT_ASSIGNED_IN_STRUCTURE_AUDIT
1197	run-phase1a-60z59-hg002-grch38-v421	event-run-phase1a-60z59-hg002-grch38-v421-record-1303	run-phase1a-ru88n-hg002-grch38-v421	event-run-phase1a-ru88n-hg002-grch38-v421-record-1303	CROSS_RUN_EQUIVALENCE_UNRESOLVED	True	True	True	True	2	2	1	1	SINGLE_NORMALIZED_ALLELE	SINGLE_NORMALIZED_ALLELE	SINGLE_NORMALIZED_ALLELE__SINGLE_NORMALIZED_ALLELE	NOT_ASSIGNED_IN_STRUCTURE_AUDIT
1198	run-phase1a-60z59-hg002-grch38-v421	event-run-phase1a-60z59-hg002-grch38-v421-record-1304	run-phase1a-ru88n-hg002-grch38-v421	event-run-phase1a-ru88n-hg002-grch38-v421-record-1304	CROSS_RUN_EQUIVALENCE_UNRESOLVED	True	True	True	True	2	2	1	1	SINGLE_NORMALIZED_ALLELE	SINGLE_NORMALIZED_ALLELE	SINGLE_NORMALIZED_ALLELE__SINGLE_NORMALIZED_ALLELE	NOT_ASSIGNED_IN_STRUCTURE_AUDIT
1199	run-phase1a-60z59-hg002-grch38-v421	event-run-phase1a-60z59-hg002-grch38-v421-record-1305	run-phase1a-ru88n-hg002-grch38-v421	event-run-phase1a-ru88n-hg002-grch38-v421-record-1305	CROSS_RUN_EQUIVALENCE_UNRESOLVED	True	True	True	True	2	2	1	1	SINGLE_NORMALIZED_ALLELE	SINGLE_NORMALIZED_ALLELE	SINGLE_NORMALIZED_ALLELE__SINGLE_NORMALIZED_ALLELE	NOT_ASSIGNED_IN_STRUCTURE_AUDIT
1200	run-phase1a-60z59-hg002-grch38-v421	event-run-phase1a-60z59-hg002-grch38-v421-record-1306	run-phase1a-ru88n-hg002-grch38-v421	event-run-phase1a-ru88n-hg002-grch38-v421-record-1306	CROSS_RUN_EQUIVALENCE_UNRESOLVED	True	True	True	True	2	2	1	1	SINGLE_NORMALIZED_ALLELE	SINGLE_NORMALIZED_ALLELE	SINGLE_NORMALIZED_ALLELE__SINGLE_NORMALIZED_ALLELE	NOT_ASSIGNED_IN_STRUCTURE_AUDIT
1201	run-phase1a-60z59-hg002-grch38-v421	event-run-phase1a-60z59-hg002-grch38-v421-record-1307	run-phase1a-ru88n-hg002-grch38-v421	event-run-phase1a-ru88n-hg002-grch38-v421-record-1307	CROSS_RUN_EQUIVALENCE_UNRESOLVED	True	True	True	True	2	2	1	1	SINGLE_NORMALIZED_ALLELE	SINGLE_NORMALIZED_ALLELE	SINGLE_NORMALIZED_ALLELE__SINGLE_NORMALIZED_ALLELE	NOT_ASSIGNED_IN_STRUCTURE_AUDIT
1202	run-phase1a-60z59-hg002-grch38-v421	event-run-phase1a-60z59-hg002-grch38-v421-record-1308	run-phase1a-ru88n-hg002-grch38-v421	event-run-phase1a-ru88n-hg002-grch38-v421-record-1308	CROSS_RUN_EQUIVALENCE_UNRESOLVED	True	True	True	True	2	2	1	1	SINGLE_NORMALIZED_ALLELE	SINGLE_NORMALIZED_ALLELE	SINGLE_NORMALIZED_ALLELE__SINGLE_NORMALIZED_ALLELE	NOT_ASSIGNED_IN_STRUCTURE_AUDIT
1203	run-phase1a-60z59-hg002-grch38-v421	event-run-phase1a-60z59-hg002-grch38-v421-record-1309	run-phase1a-ru88n-hg002-grch38-v421	event-run-phase1a-ru88n-hg002-grch38-v421-record-1309	CROSS_RUN_EQUIVALENCE_UNRESOLVED	True	True	True	True	2	2	1	1	SINGLE_NORMALIZED_ALLELE	SINGLE_NORMALIZED_ALLELE	SINGLE_NORMALIZED_ALLELE__SINGLE_NORMALIZED_ALLELE	NOT_ASSIGNED_IN_STRUCTURE_AUDIT
1204	run-phase1a-60z59-hg002-grch38-v421	event-run-phase1a-60z59-hg002-grch38-v421-record-1310	run-phase1a-ru88n-hg002-grch38-v421	event-run-phase1a-ru88n-hg002-grch38-v421-record-1310	CROSS_RUN_EQUIVALENCE_UNRESOLVED	True	True	True	True	2	2	1	1	SINGLE_NORMALIZED_ALLELE	SINGLE_NORMALIZED_ALLELE	SINGLE_NORMALIZED_ALLELE__SINGLE_NORMALIZED_ALLELE	NOT_ASSIGNED_IN_STRUCTURE_AUDIT
1205	run-phase1a-60z59-hg002-grch38-v421	event-run-phase1a-60z59-hg002-grch38-v421-record-1311	run-phase1a-ru88n-hg002-grch38-v421	event-run-phase1a-ru88n-hg002-grch38-v421-record-1311	CROSS_RUN_EQUIVALENCE_UNRESOLVED	True	True	True	True	2	2	1	1	SINGLE_NORMALIZED_ALLELE	SINGLE_NORMALIZED_ALLELE	SINGLE_NORMALIZED_ALLELE__SINGLE_NORMALIZED_ALLELE	NOT_ASSIGNED_IN_STRUCTURE_AUDIT
1206	run-phase1a-60z59-hg002-grch38-v421	event-run-phase1a-60z59-hg002-grch38-v421-record-1312	run-phase1a-ru88n-hg002-grch38-v421	event-run-phase1a-ru88n-hg002-grch38-v421-record-1312	CROSS_RUN_EQUIVALENCE_UNRESOLVED	True	True	True	True	2	2	1	1	SINGLE_NORMALIZED_ALLELE	SINGLE_NORMALIZED_ALLELE	SINGLE_NORMALIZED_ALLELE__SINGLE_NORMALIZED_ALLELE	NOT_ASSIGNED_IN_STRUCTURE_AUDIT
1207	run-phase1a-60z59-hg002-grch38-v421	event-run-phase1a-60z59-hg002-grch38-v421-record-1313	run-phase1a-ru88n-hg002-grch38-v421	event-run-phase1a-ru88n-hg002-grch38-v421-record-1313	CROSS_RUN_EQUIVALENCE_UNRESOLVED	True	True	True	True	2	2	1	1	SINGLE_NORMALIZED_ALLELE	SINGLE_NORMALIZED_ALLELE	SINGLE_NORMALIZED_ALLELE__SINGLE_NORMALIZED_ALLELE	NOT_ASSIGNED_IN_STRUCTURE_AUDIT
1208	run-phase1a-60z59-hg002-grch38-v421	event-run-phase1a-60z59-hg002-grch38-v421-record-1314	run-phase1a-ru88n-hg002-grch38-v421	event-run-phase1a-ru88n-hg002-grch38-v421-record-1314	CROSS_RUN_EQUIVALENCE_UNRESOLVED	True	True	True	True	2	2	1	1	SINGLE_NORMALIZED_ALLELE	SINGLE_NORMALIZED_ALLELE	SINGLE_NORMALIZED_ALLELE__SINGLE_NORMALIZED_ALLELE	NOT_ASSIGNED_IN_STRUCTURE_AUDIT
1209	run-phase1a-60z59-hg002-grch38-v421	event-run-phase1a-60z59-hg002-grch38-v421-record-1316	run-phase1a-ru88n-hg002-grch38-v421	event-run-phase1a-ru88n-hg002-grch38-v421-record-1315	CROSS_RUN_EQUIVALENCE_UNRESOLVED	True	True	True	True	2	2	1	1	SINGLE_NORMALIZED_ALLELE	SINGLE_NORMALIZED_ALLELE	SINGLE_NORMALIZED_ALLELE__SINGLE_NORMALIZED_ALLELE	NOT_ASSIGNED_IN_STRUCTURE_AUDIT
1210	run-phase1a-60z59-hg002-grch38-v421	event-run-phase1a-60z59-hg002-grch38-v421-record-1317	run-phase1a-ru88n-hg002-grch38-v421	event-run-phase1a-ru88n-hg002-grch38-v421-record-1316	CROSS_RUN_EQUIVALENCE_UNRESOLVED	True	True	True	True	2	2	1	1	SINGLE_NORMALIZED_ALLELE	SINGLE_NORMALIZED_ALLELE	SINGLE_NORMALIZED_ALLELE__SINGLE_NORMALIZED_ALLELE	NOT_ASSIGNED_IN_STRUCTURE_AUDIT
1211	run-phase1a-60z59-hg002-grch38-v421	event-run-phase1a-60z59-hg002-grch38-v421-record-1318	run-phase1a-ru88n-hg002-grch38-v421	event-run-phase1a-ru88n-hg002-grch38-v421-record-1317	CROSS_RUN_EQUIVALENCE_UNRESOLVED	True	True	True	True	2	2	1	1	SINGLE_NORMALIZED_ALLELE	SINGLE_NORMALIZED_ALLELE	SINGLE_NORMALIZED_ALLELE__SINGLE_NORMALIZED_ALLELE	NOT_ASSIGNED_IN_STRUCTURE_AUDIT
1212	run-phase1a-60z59-hg002-grch38-v421	event-run-phase1a-60z59-hg002-grch38-v421-record-1319	run-phase1a-ru88n-hg002-grch38-v421	event-run-phase1a-ru88n-hg002-grch38-v421-record-1318	CROSS_RUN_EQUIVALENCE_UNRESOLVED	True	True	True	True	2	2	1	1	SINGLE_NORMALIZED_ALLELE	SINGLE_NORMALIZED_ALLELE	SINGLE_NORMALIZED_ALLELE__SINGLE_NORMALIZED_ALLELE	NOT_ASSIGNED_IN_STRUCTURE_AUDIT
1213	run-phase1a-60z59-hg002-grch38-v421	event-run-phase1a-60z59-hg002-grch38-v421-record-1320	run-phase1a-ru88n-hg002-grch38-v421	event-run-phase1a-ru88n-hg002-grch38-v421-record-1319	CROSS_RUN_EQUIVALENCE_UNRESOLVED	True	True	True	True	2	2	1	1	SINGLE_NORMALIZED_ALLELE	SINGLE_NORMALIZED_ALLELE	SINGLE_NORMALIZED_ALLELE__SINGLE_NORMALIZED_ALLELE	NOT_ASSIGNED_IN_STRUCTURE_AUDIT
1214	run-phase1a-60z59-hg002-grch38-v421	event-run-phase1a-60z59-hg002-grch38-v421-record-1321	run-phase1a-ru88n-hg002-grch38-v421	event-run-phase1a-ru88n-hg002-grch38-v421-record-1320	CROSS_RUN_EQUIVALENCE_UNRESOLVED	True	True	True	True	2	2	1	1	SINGLE_NORMALIZED_ALLELE	SINGLE_NORMALIZED_ALLELE	SINGLE_NORMALIZED_ALLELE__SINGLE_NORMALIZED_ALLELE	NOT_ASSIGNED_IN_STRUCTURE_AUDIT
1215	run-phase1a-60z59-hg002-grch38-v421	event-run-phase1a-60z59-hg002-grch38-v421-record-1322	run-phase1a-ru88n-hg002-grch38-v421	event-run-phase1a-ru88n-hg002-grch38-v421-record-1321	CROSS_RUN_EQUIVALENCE_UNRESOLVED	True	True	True	True	2	2	1	1	SINGLE_NORMALIZED_ALLELE	SINGLE_NORMALIZED_ALLELE	SINGLE_NORMALIZED_ALLELE__SINGLE_NORMALIZED_ALLELE	NOT_ASSIGNED_IN_STRUCTURE_AUDIT
1216	run-phase1a-60z59-hg002-grch38-v421	event-run-phase1a-60z59-hg002-grch38-v421-record-1323	run-phase1a-ru88n-hg002-grch38-v421	event-run-phase1a-ru88n-hg002-grch38-v421-record-1322	CROSS_RUN_EQUIVALENCE_UNRESOLVED	True	True	True	True	2	2	1	1	SINGLE_NORMALIZED_ALLELE	SINGLE_NORMALIZED_ALLELE	SINGLE_NORMALIZED_ALLELE__SINGLE_NORMALIZED_ALLELE	NOT_ASSIGNED_IN_STRUCTURE_AUDIT
1217	run-phase1a-60z59-hg002-grch38-v421	event-run-phase1a-60z59-hg002-grch38-v421-record-1324	run-phase1a-ru88n-hg002-grch38-v421	event-run-phase1a-ru88n-hg002-grch38-v421-record-1323	CROSS_RUN_EQUIVALENCE_UNRESOLVED	True	True	True	True	2	2	1	1	SINGLE_NORMALIZED_ALLELE	SINGLE_NORMALIZED_ALLELE	SINGLE_NORMALIZED_ALLELE__SINGLE_NORMALIZED_ALLELE	NOT_ASSIGNED_IN_STRUCTURE_AUDIT
1218	run-phase1a-60z59-hg002-grch38-v421	event-run-phase1a-60z59-hg002-grch38-v421-record-1325	run-phase1a-ru88n-hg002-grch38-v421	event-run-phase1a-ru88n-hg002-grch38-v421-record-1324	CROSS_RUN_EQUIVALENCE_UNRESOLVED	True	True	True	True	2	2	1	1	SINGLE_NORMALIZED_ALLELE	SINGLE_NORMALIZED_ALLELE	SINGLE_NORMALIZED_ALLELE__SINGLE_NORMALIZED_ALLELE	NOT_ASSIGNED_IN_STRUCTURE_AUDIT
1219	run-phase1a-60z59-hg002-grch38-v421	event-run-phase1a-60z59-hg002-grch38-v421-record-1326	run-phase1a-ru88n-hg002-grch38-v421	event-run-phase1a-ru88n-hg002-grch38-v421-record-1325	CROSS_RUN_EQUIVALENCE_UNRESOLVED	True	True	True	True	2	2	1	1	SINGLE_NORMALIZED_ALLELE	SINGLE_NORMALIZED_ALLELE	SINGLE_NORMALIZED_ALLELE__SINGLE_NORMALIZED_ALLELE	NOT_ASSIGNED_IN_STRUCTURE_AUDIT
1220	run-phase1a-60z59-hg002-grch38-v421	event-run-phase1a-60z59-hg002-grch38-v421-record-1327	run-phase1a-ru88n-hg002-grch38-v421	event-run-phase1a-ru88n-hg002-grch38-v421-record-1326	CROSS_RUN_EQUIVALENCE_UNRESOLVED	True	True	True	True	2	2	1	1	SINGLE_NORMALIZED_ALLELE	SINGLE_NORMALIZED_ALLELE	SINGLE_NORMALIZED_ALLELE__SINGLE_NORMALIZED_ALLELE	NOT_ASSIGNED_IN_STRUCTURE_AUDIT
1221	run-phase1a-60z59-hg002-grch38-v421	event-run-phase1a-60z59-hg002-grch38-v421-record-1328	run-phase1a-ru88n-hg002-grch38-v421	event-run-phase1a-ru88n-hg002-grch38-v421-record-1327	CROSS_RUN_EQUIVALENCE_UNRESOLVED	True	True	True	True	2	2	1	1	SINGLE_NORMALIZED_ALLELE	SINGLE_NORMALIZED_ALLELE	SINGLE_NORMALIZED_ALLELE__SINGLE_NORMALIZED_ALLELE	NOT_ASSIGNED_IN_STRUCTURE_AUDIT
1222	run-phase1a-60z59-hg002-grch38-v421	event-run-phase1a-60z59-hg002-grch38-v421-record-1329	run-phase1a-ru88n-hg002-grch38-v421	event-run-phase1a-ru88n-hg002-grch38-v421-record-1328	CROSS_RUN_EQUIVALENCE_UNRESOLVED	True	True	True	True	2	2	1	1	SINGLE_NORMALIZED_ALLELE	SINGLE_NORMALIZED_ALLELE	SINGLE_NORMALIZED_ALLELE__SINGLE_NORMALIZED_ALLELE	NOT_ASSIGNED_IN_STRUCTURE_AUDIT
1223	run-phase1a-60z59-hg002-grch38-v421	event-run-phase1a-60z59-hg002-grch38-v421-record-1330	run-phase1a-ru88n-hg002-grch38-v421	event-run-phase1a-ru88n-hg002-grch38-v421-record-1329	CROSS_RUN_EQUIVALENCE_UNRESOLVED	True	True	True	True	2	2	1	1	SINGLE_NORMALIZED_ALLELE	SINGLE_NORMALIZED_ALLELE	SINGLE_NORMALIZED_ALLELE__SINGLE_NORMALIZED_ALLELE	NOT_ASSIGNED_IN_STRUCTURE_AUDIT
1224	run-phase1a-60z59-hg002-grch38-v421	event-run-phase1a-60z59-hg002-grch38-v421-record-1331	run-phase1a-ru88n-hg002-grch38-v421	event-run-phase1a-ru88n-hg002-grch38-v421-record-1330	CROSS_RUN_EQUIVALENCE_UNRESOLVED	True	True	True	True	2	2	1	1	SINGLE_NORMALIZED_ALLELE	SINGLE_NORMALIZED_ALLELE	SINGLE_NORMALIZED_ALLELE__SINGLE_NORMALIZED_ALLELE	NOT_ASSIGNED_IN_STRUCTURE_AUDIT
1225	run-phase1a-60z59-hg002-grch38-v421	event-run-phase1a-60z59-hg002-grch38-v421-record-1332	run-phase1a-ru88n-hg002-grch38-v421	event-run-phase1a-ru88n-hg002-grch38-v421-record-1331	CROSS_RUN_EQUIVALENCE_UNRESOLVED	True	True	True	True	2	2	1	1	SINGLE_NORMALIZED_ALLELE	SINGLE_NORMALIZED_ALLELE	SINGLE_NORMALIZED_ALLELE__SINGLE_NORMALIZED_ALLELE	NOT_ASSIGNED_IN_STRUCTURE_AUDIT
1226	run-phase1a-60z59-hg002-grch38-v421	event-run-phase1a-60z59-hg002-grch38-v421-record-1334	run-phase1a-ru88n-hg002-grch38-v421	event-run-phase1a-ru88n-hg002-grch38-v421-record-1334	CROSS_RUN_EQUIVALENCE_UNRESOLVED	True	True	True	True	2	2	1	1	SINGLE_NORMALIZED_ALLELE	SINGLE_NORMALIZED_ALLELE	SINGLE_NORMALIZED_ALLELE__SINGLE_NORMALIZED_ALLELE	NOT_ASSIGNED_IN_STRUCTURE_AUDIT
1227	run-phase1a-60z59-hg002-grch38-v421	event-run-phase1a-60z59-hg002-grch38-v421-record-1335	run-phase1a-ru88n-hg002-grch38-v421	event-run-phase1a-ru88n-hg002-grch38-v421-record-1336	CROSS_RUN_EQUIVALENCE_UNRESOLVED	True	True	True	True	2	2	1	1	SINGLE_NORMALIZED_ALLELE	SINGLE_NORMALIZED_ALLELE	SINGLE_NORMALIZED_ALLELE__SINGLE_NORMALIZED_ALLELE	NOT_ASSIGNED_IN_STRUCTURE_AUDIT
1228	run-phase1a-60z59-hg002-grch38-v421	event-run-phase1a-60z59-hg002-grch38-v421-record-1336	run-phase1a-ru88n-hg002-grch38-v421	event-run-phase1a-ru88n-hg002-grch38-v421-record-1337	CROSS_RUN_EQUIVALENCE_UNRESOLVED	True	True	True	True	2	2	1	1	SINGLE_NORMALIZED_ALLELE	SINGLE_NORMALIZED_ALLELE	SINGLE_NORMALIZED_ALLELE__SINGLE_NORMALIZED_ALLELE	NOT_ASSIGNED_IN_STRUCTURE_AUDIT
1229	run-phase1a-60z59-hg002-grch38-v421	event-run-phase1a-60z59-hg002-grch38-v421-record-1337	run-phase1a-ru88n-hg002-grch38-v421	event-run-phase1a-ru88n-hg002-grch38-v421-record-1338	CROSS_RUN_EQUIVALENCE_UNRESOLVED	True	True	True	True	2	2	1	1	SINGLE_NORMALIZED_ALLELE	SINGLE_NORMALIZED_ALLELE	SINGLE_NORMALIZED_ALLELE__SINGLE_NORMALIZED_ALLELE	NOT_ASSIGNED_IN_STRUCTURE_AUDIT
1230	run-phase1a-60z59-hg002-grch38-v421	event-run-phase1a-60z59-hg002-grch38-v421-record-1338	run-phase1a-ru88n-hg002-grch38-v421	event-run-phase1a-ru88n-hg002-grch38-v421-record-1339	CROSS_RUN_EQUIVALENCE_UNRESOLVED	True	True	True	True	2	2	1	1	SINGLE_NORMALIZED_ALLELE	SINGLE_NORMALIZED_ALLELE	SINGLE_NORMALIZED_ALLELE__SINGLE_NORMALIZED_ALLELE	NOT_ASSIGNED_IN_STRUCTURE_AUDIT
1231	run-phase1a-60z59-hg002-grch38-v421	event-run-phase1a-60z59-hg002-grch38-v421-record-1339	run-phase1a-ru88n-hg002-grch38-v421	event-run-phase1a-ru88n-hg002-grch38-v421-record-1340	CROSS_RUN_EQUIVALENCE_UNRESOLVED	True	True	True	True	2	2	1	1	SINGLE_NORMALIZED_ALLELE	SINGLE_NORMALIZED_ALLELE	SINGLE_NORMALIZED_ALLELE__SINGLE_NORMALIZED_ALLELE	NOT_ASSIGNED_IN_STRUCTURE_AUDIT
1232	run-phase1a-60z59-hg002-grch38-v421	event-run-phase1a-60z59-hg002-grch38-v421-record-1340	run-phase1a-ru88n-hg002-grch38-v421	event-run-phase1a-ru88n-hg002-grch38-v421-record-1342	CROSS_RUN_EQUIVALENCE_UNRESOLVED	True	True	True	True	2	2	1	1	SINGLE_NORMALIZED_ALLELE	SINGLE_NORMALIZED_ALLELE	SINGLE_NORMALIZED_ALLELE__SINGLE_NORMALIZED_ALLELE	NOT_ASSIGNED_IN_STRUCTURE_AUDIT
1233	run-phase1a-60z59-hg002-grch38-v421	event-run-phase1a-60z59-hg002-grch38-v421-record-1344	run-phase1a-ru88n-hg002-grch38-v421	event-run-phase1a-ru88n-hg002-grch38-v421-record-1344	CROSS_RUN_EQUIVALENCE_UNRESOLVED	True	True	True	True	2	2	1	1	SINGLE_NORMALIZED_ALLELE	SINGLE_NORMALIZED_ALLELE	SINGLE_NORMALIZED_ALLELE__SINGLE_NORMALIZED_ALLELE	NOT_ASSIGNED_IN_STRUCTURE_AUDIT
1234	run-phase1a-60z59-hg002-grch38-v421	event-run-phase1a-60z59-hg002-grch38-v421-record-1345	run-phase1a-ru88n-hg002-grch38-v421	event-run-phase1a-ru88n-hg002-grch38-v421-record-1345	CROSS_RUN_EQUIVALENCE_UNRESOLVED	True	True	True	True	2	2	1	1	SINGLE_NORMALIZED_ALLELE	SINGLE_NORMALIZED_ALLELE	SINGLE_NORMALIZED_ALLELE__SINGLE_NORMALIZED_ALLELE	NOT_ASSIGNED_IN_STRUCTURE_AUDIT
1235	run-phase1a-60z59-hg002-grch38-v421	event-run-phase1a-60z59-hg002-grch38-v421-record-1347	run-phase1a-ru88n-hg002-grch38-v421	event-run-phase1a-ru88n-hg002-grch38-v421-record-1346	CROSS_RUN_EQUIVALENCE_UNRESOLVED	True	True	True	True	2	2	1	1	SINGLE_NORMALIZED_ALLELE	SINGLE_NORMALIZED_ALLELE	SINGLE_NORMALIZED_ALLELE__SINGLE_NORMALIZED_ALLELE	NOT_ASSIGNED_IN_STRUCTURE_AUDIT
1236	run-phase1a-60z59-hg002-grch38-v421	event-run-phase1a-60z59-hg002-grch38-v421-record-1348	run-phase1a-ru88n-hg002-grch38-v421	event-run-phase1a-ru88n-hg002-grch38-v421-record-1347	CROSS_RUN_EQUIVALENCE_UNRESOLVED	True	True	True	True	2	2	1	1	SINGLE_NORMALIZED_ALLELE	SINGLE_NORMALIZED_ALLELE	SINGLE_NORMALIZED_ALLELE__SINGLE_NORMALIZED_ALLELE	NOT_ASSIGNED_IN_STRUCTURE_AUDIT
1237	run-phase1a-60z59-hg002-grch38-v421	event-run-phase1a-60z59-hg002-grch38-v421-record-1349	run-phase1a-ru88n-hg002-grch38-v421	event-run-phase1a-ru88n-hg002-grch38-v421-record-1348	CROSS_RUN_EQUIVALENCE_UNRESOLVED	True	True	True	True	2	2	1	1	SINGLE_NORMALIZED_ALLELE	SINGLE_NORMALIZED_ALLELE	SINGLE_NORMALIZED_ALLELE__SINGLE_NORMALIZED_ALLELE	NOT_ASSIGNED_IN_STRUCTURE_AUDIT
1238	run-phase1a-60z59-hg002-grch38-v421	event-run-phase1a-60z59-hg002-grch38-v421-record-1350	run-phase1a-ru88n-hg002-grch38-v421	event-run-phase1a-ru88n-hg002-grch38-v421-record-1349	CROSS_RUN_EQUIVALENCE_UNRESOLVED	True	True	True	True	2	2	1	1	SINGLE_NORMALIZED_ALLELE	SINGLE_NORMALIZED_ALLELE	SINGLE_NORMALIZED_ALLELE__SINGLE_NORMALIZED_ALLELE	NOT_ASSIGNED_IN_STRUCTURE_AUDIT
1239	run-phase1a-60z59-hg002-grch38-v421	event-run-phase1a-60z59-hg002-grch38-v421-record-1351	run-phase1a-ru88n-hg002-grch38-v421	event-run-phase1a-ru88n-hg002-grch38-v421-record-1350	CROSS_RUN_EQUIVALENCE_UNRESOLVED	True	True	True	True	2	2	1	1	SINGLE_NORMALIZED_ALLELE	SINGLE_NORMALIZED_ALLELE	SINGLE_NORMALIZED_ALLELE__SINGLE_NORMALIZED_ALLELE	NOT_ASSIGNED_IN_STRUCTURE_AUDIT
1240	run-phase1a-60z59-hg002-grch38-v421	event-run-phase1a-60z59-hg002-grch38-v421-record-1352	run-phase1a-ru88n-hg002-grch38-v421	event-run-phase1a-ru88n-hg002-grch38-v421-record-1351	CROSS_RUN_EQUIVALENCE_UNRESOLVED	True	True	True	True	2	2	1	1	SINGLE_NORMALIZED_ALLELE	SINGLE_NORMALIZED_ALLELE	SINGLE_NORMALIZED_ALLELE__SINGLE_NORMALIZED_ALLELE	NOT_ASSIGNED_IN_STRUCTURE_AUDIT
1241	run-phase1a-60z59-hg002-grch38-v421	event-run-phase1a-60z59-hg002-grch38-v421-record-1353	run-phase1a-ru88n-hg002-grch38-v421	event-run-phase1a-ru88n-hg002-grch38-v421-record-1352	CROSS_RUN_EQUIVALENCE_UNRESOLVED	True	True	True	True	2	2	1	1	SINGLE_NORMALIZED_ALLELE	SINGLE_NORMALIZED_ALLELE	SINGLE_NORMALIZED_ALLELE__SINGLE_NORMALIZED_ALLELE	NOT_ASSIGNED_IN_STRUCTURE_AUDIT
1242	run-phase1a-60z59-hg002-grch38-v421	event-run-phase1a-60z59-hg002-grch38-v421-record-1354	run-phase1a-ru88n-hg002-grch38-v421	event-run-phase1a-ru88n-hg002-grch38-v421-record-1353	CROSS_RUN_EQUIVALENCE_UNRESOLVED	True	True	True	True	2	2	1	1	SINGLE_NORMALIZED_ALLELE	SINGLE_NORMALIZED_ALLELE	SINGLE_NORMALIZED_ALLELE__SINGLE_NORMALIZED_ALLELE	NOT_ASSIGNED_IN_STRUCTURE_AUDIT
1243	run-phase1a-60z59-hg002-grch38-v421	event-run-phase1a-60z59-hg002-grch38-v421-record-1356	run-phase1a-ru88n-hg002-grch38-v421	event-run-phase1a-ru88n-hg002-grch38-v421-record-1354	CROSS_RUN_EQUIVALENCE_UNRESOLVED	True	True	True	True	2	2	1	1	SINGLE_NORMALIZED_ALLELE	SINGLE_NORMALIZED_ALLELE	SINGLE_NORMALIZED_ALLELE__SINGLE_NORMALIZED_ALLELE	NOT_ASSIGNED_IN_STRUCTURE_AUDIT
1244	run-phase1a-60z59-hg002-grch38-v421	event-run-phase1a-60z59-hg002-grch38-v421-record-1357	run-phase1a-ru88n-hg002-grch38-v421	event-run-phase1a-ru88n-hg002-grch38-v421-record-1355	CROSS_RUN_EQUIVALENCE_UNRESOLVED	True	True	True	True	2	2	1	1	SINGLE_NORMALIZED_ALLELE	SINGLE_NORMALIZED_ALLELE	SINGLE_NORMALIZED_ALLELE__SINGLE_NORMALIZED_ALLELE	NOT_ASSIGNED_IN_STRUCTURE_AUDIT
1245	run-phase1a-60z59-hg002-grch38-v421	event-run-phase1a-60z59-hg002-grch38-v421-record-1358	run-phase1a-ru88n-hg002-grch38-v421	event-run-phase1a-ru88n-hg002-grch38-v421-record-1356	CROSS_RUN_EQUIVALENCE_UNRESOLVED	True	True	True	True	2	2	1	1	SINGLE_NORMALIZED_ALLELE	SINGLE_NORMALIZED_ALLELE	SINGLE_NORMALIZED_ALLELE__SINGLE_NORMALIZED_ALLELE	NOT_ASSIGNED_IN_STRUCTURE_AUDIT
1246	run-phase1a-60z59-hg002-grch38-v421	event-run-phase1a-60z59-hg002-grch38-v421-record-1359	run-phase1a-ru88n-hg002-grch38-v421	event-run-phase1a-ru88n-hg002-grch38-v421-record-1357	CROSS_RUN_EQUIVALENCE_UNRESOLVED	True	True	True	True	2	2	1	1	SINGLE_NORMALIZED_ALLELE	SINGLE_NORMALIZED_ALLELE	SINGLE_NORMALIZED_ALLELE__SINGLE_NORMALIZED_ALLELE	NOT_ASSIGNED_IN_STRUCTURE_AUDIT
1247	run-phase1a-60z59-hg002-grch38-v421	event-run-phase1a-60z59-hg002-grch38-v421-record-1360	run-phase1a-ru88n-hg002-grch38-v421	event-run-phase1a-ru88n-hg002-grch38-v421-record-1358	CROSS_RUN_EQUIVALENCE_UNRESOLVED	True	True	True	True	2	2	1	1	SINGLE_NORMALIZED_ALLELE	SINGLE_NORMALIZED_ALLELE	SINGLE_NORMALIZED_ALLELE__SINGLE_NORMALIZED_ALLELE	NOT_ASSIGNED_IN_STRUCTURE_AUDIT
1248	run-phase1a-60z59-hg002-grch38-v421	event-run-phase1a-60z59-hg002-grch38-v421-record-1361	run-phase1a-ru88n-hg002-grch38-v421	event-run-phase1a-ru88n-hg002-grch38-v421-record-1359	CROSS_RUN_EQUIVALENCE_UNRESOLVED	True	True	True	True	2	2	1	1	SINGLE_NORMALIZED_ALLELE	SINGLE_NORMALIZED_ALLELE	SINGLE_NORMALIZED_ALLELE__SINGLE_NORMALIZED_ALLELE	NOT_ASSIGNED_IN_STRUCTURE_AUDIT
1249	run-phase1a-60z59-hg002-grch38-v421	event-run-phase1a-60z59-hg002-grch38-v421-record-1362	run-phase1a-ru88n-hg002-grch38-v421	event-run-phase1a-ru88n-hg002-grch38-v421-record-1360	CROSS_RUN_EQUIVALENCE_UNRESOLVED	True	True	True	True	2	2	1	1	SINGLE_NORMALIZED_ALLELE	SINGLE_NORMALIZED_ALLELE	SINGLE_NORMALIZED_ALLELE__SINGLE_NORMALIZED_ALLELE	NOT_ASSIGNED_IN_STRUCTURE_AUDIT
1250	run-phase1a-60z59-hg002-grch38-v421	event-run-phase1a-60z59-hg002-grch38-v421-record-1363	run-phase1a-ru88n-hg002-grch38-v421	event-run-phase1a-ru88n-hg002-grch38-v421-record-1361	CROSS_RUN_EQUIVALENCE_UNRESOLVED	True	True	True	True	2	2	1	1	SINGLE_NORMALIZED_ALLELE	SINGLE_NORMALIZED_ALLELE	SINGLE_NORMALIZED_ALLELE__SINGLE_NORMALIZED_ALLELE	NOT_ASSIGNED_IN_STRUCTURE_AUDIT
1251	run-phase1a-60z59-hg002-grch38-v421	event-run-phase1a-60z59-hg002-grch38-v421-record-1364	run-phase1a-ru88n-hg002-grch38-v421	event-run-phase1a-ru88n-hg002-grch38-v421-record-1362	CROSS_RUN_EQUIVALENCE_UNRESOLVED	True	True	True	True	2	2	1	1	SINGLE_NORMALIZED_ALLELE	SINGLE_NORMALIZED_ALLELE	SINGLE_NORMALIZED_ALLELE__SINGLE_NORMALIZED_ALLELE	NOT_ASSIGNED_IN_STRUCTURE_AUDIT
1252	run-phase1a-60z59-hg002-grch38-v421	event-run-phase1a-60z59-hg002-grch38-v421-record-1365	run-phase1a-ru88n-hg002-grch38-v421	event-run-phase1a-ru88n-hg002-grch38-v421-record-1363	CROSS_RUN_EQUIVALENCE_UNRESOLVED	True	True	True	True	2	2	1	1	SINGLE_NORMALIZED_ALLELE	SINGLE_NORMALIZED_ALLELE	SINGLE_NORMALIZED_ALLELE__SINGLE_NORMALIZED_ALLELE	NOT_ASSIGNED_IN_STRUCTURE_AUDIT
1253	run-phase1a-60z59-hg002-grch38-v421	event-run-phase1a-60z59-hg002-grch38-v421-record-1366	run-phase1a-ru88n-hg002-grch38-v421	event-run-phase1a-ru88n-hg002-grch38-v421-record-1364	CROSS_RUN_EQUIVALENCE_UNRESOLVED	True	True	True	True	2	2	1	1	SINGLE_NORMALIZED_ALLELE	SINGLE_NORMALIZED_ALLELE	SINGLE_NORMALIZED_ALLELE__SINGLE_NORMALIZED_ALLELE	NOT_ASSIGNED_IN_STRUCTURE_AUDIT
1254	run-phase1a-60z59-hg002-grch38-v421	event-run-phase1a-60z59-hg002-grch38-v421-record-1367	run-phase1a-ru88n-hg002-grch38-v421	event-run-phase1a-ru88n-hg002-grch38-v421-record-1365	CROSS_RUN_EQUIVALENCE_UNRESOLVED	True	True	True	True	2	2	1	1	SINGLE_NORMALIZED_ALLELE	SINGLE_NORMALIZED_ALLELE	SINGLE_NORMALIZED_ALLELE__SINGLE_NORMALIZED_ALLELE	NOT_ASSIGNED_IN_STRUCTURE_AUDIT
1255	run-phase1a-60z59-hg002-grch38-v421	event-run-phase1a-60z59-hg002-grch38-v421-record-1368	run-phase1a-ru88n-hg002-grch38-v421	event-run-phase1a-ru88n-hg002-grch38-v421-record-1366	CROSS_RUN_EQUIVALENCE_UNRESOLVED	True	True	True	True	2	2	1	1	SINGLE_NORMALIZED_ALLELE	SINGLE_NORMALIZED_ALLELE	SINGLE_NORMALIZED_ALLELE__SINGLE_NORMALIZED_ALLELE	NOT_ASSIGNED_IN_STRUCTURE_AUDIT
1256	run-phase1a-60z59-hg002-grch38-v421	event-run-phase1a-60z59-hg002-grch38-v421-record-1369	run-phase1a-ru88n-hg002-grch38-v421	event-run-phase1a-ru88n-hg002-grch38-v421-record-1367	CROSS_RUN_EQUIVALENCE_UNRESOLVED	True	True	True	True	2	2	1	1	SINGLE_NORMALIZED_ALLELE	SINGLE_NORMALIZED_ALLELE	SINGLE_NORMALIZED_ALLELE__SINGLE_NORMALIZED_ALLELE	NOT_ASSIGNED_IN_STRUCTURE_AUDIT
1257	run-phase1a-60z59-hg002-grch38-v421	event-run-phase1a-60z59-hg002-grch38-v421-record-1370	run-phase1a-ru88n-hg002-grch38-v421	event-run-phase1a-ru88n-hg002-grch38-v421-record-1368	CROSS_RUN_EQUIVALENCE_UNRESOLVED	True	True	True	True	2	2	1	1	SINGLE_NORMALIZED_ALLELE	SINGLE_NORMALIZED_ALLELE	SINGLE_NORMALIZED_ALLELE__SINGLE_NORMALIZED_ALLELE	NOT_ASSIGNED_IN_STRUCTURE_AUDIT
1258	run-phase1a-60z59-hg002-grch38-v421	event-run-phase1a-60z59-hg002-grch38-v421-record-1371	run-phase1a-ru88n-hg002-grch38-v421	event-run-phase1a-ru88n-hg002-grch38-v421-record-1369	CROSS_RUN_EQUIVALENCE_UNRESOLVED	True	True	True	True	2	2	1	1	SINGLE_NORMALIZED_ALLELE	SINGLE_NORMALIZED_ALLELE	SINGLE_NORMALIZED_ALLELE__SINGLE_NORMALIZED_ALLELE	NOT_ASSIGNED_IN_STRUCTURE_AUDIT
1259	run-phase1a-60z59-hg002-grch38-v421	event-run-phase1a-60z59-hg002-grch38-v421-record-1372	run-phase1a-ru88n-hg002-grch38-v421	event-run-phase1a-ru88n-hg002-grch38-v421-record-1370	CROSS_RUN_EQUIVALENCE_UNRESOLVED	True	True	True	True	2	2	1	1	SINGLE_NORMALIZED_ALLELE	SINGLE_NORMALIZED_ALLELE	SINGLE_NORMALIZED_ALLELE__SINGLE_NORMALIZED_ALLELE	NOT_ASSIGNED_IN_STRUCTURE_AUDIT
1260	run-phase1a-60z59-hg002-grch38-v421	event-run-phase1a-60z59-hg002-grch38-v421-record-1373	run-phase1a-ru88n-hg002-grch38-v421	event-run-phase1a-ru88n-hg002-grch38-v421-record-1371	CROSS_RUN_EQUIVALENCE_UNRESOLVED	True	True	True	True	2	2	1	1	SINGLE_NORMALIZED_ALLELE	SINGLE_NORMALIZED_ALLELE	SINGLE_NORMALIZED_ALLELE__SINGLE_NORMALIZED_ALLELE	NOT_ASSIGNED_IN_STRUCTURE_AUDIT
1261	run-phase1a-60z59-hg002-grch38-v421	event-run-phase1a-60z59-hg002-grch38-v421-record-1374	run-phase1a-ru88n-hg002-grch38-v421	event-run-phase1a-ru88n-hg002-grch38-v421-record-1372	CROSS_RUN_EQUIVALENCE_UNRESOLVED	True	True	True	True	2	2	1	1	SINGLE_NORMALIZED_ALLELE	SINGLE_NORMALIZED_ALLELE	SINGLE_NORMALIZED_ALLELE__SINGLE_NORMALIZED_ALLELE	NOT_ASSIGNED_IN_STRUCTURE_AUDIT
1262	run-phase1a-60z59-hg002-grch38-v421	event-run-phase1a-60z59-hg002-grch38-v421-record-1375	run-phase1a-ru88n-hg002-grch38-v421	event-run-phase1a-ru88n-hg002-grch38-v421-record-1373	CROSS_RUN_EQUIVALENCE_UNRESOLVED	True	True	True	True	2	2	1	1	SINGLE_NORMALIZED_ALLELE	SINGLE_NORMALIZED_ALLELE	SINGLE_NORMALIZED_ALLELE__SINGLE_NORMALIZED_ALLELE	NOT_ASSIGNED_IN_STRUCTURE_AUDIT
1263	run-phase1a-60z59-hg002-grch38-v421	event-run-phase1a-60z59-hg002-grch38-v421-record-1376	run-phase1a-ru88n-hg002-grch38-v421	event-run-phase1a-ru88n-hg002-grch38-v421-record-1374	CROSS_RUN_EQUIVALENCE_UNRESOLVED	True	True	True	True	2	2	1	1	SINGLE_NORMALIZED_ALLELE	SINGLE_NORMALIZED_ALLELE	SINGLE_NORMALIZED_ALLELE__SINGLE_NORMALIZED_ALLELE	NOT_ASSIGNED_IN_STRUCTURE_AUDIT
1264	run-phase1a-60z59-hg002-grch38-v421	event-run-phase1a-60z59-hg002-grch38-v421-record-1377	run-phase1a-ru88n-hg002-grch38-v421	event-run-phase1a-ru88n-hg002-grch38-v421-record-1375	CROSS_RUN_EQUIVALENCE_UNRESOLVED	True	True	True	True	2	2	1	1	SINGLE_NORMALIZED_ALLELE	SINGLE_NORMALIZED_ALLELE	SINGLE_NORMALIZED_ALLELE__SINGLE_NORMALIZED_ALLELE	NOT_ASSIGNED_IN_STRUCTURE_AUDIT
1265	run-phase1a-60z59-hg002-grch38-v421	event-run-phase1a-60z59-hg002-grch38-v421-record-1378	run-phase1a-ru88n-hg002-grch38-v421	event-run-phase1a-ru88n-hg002-grch38-v421-record-1376	CROSS_RUN_EQUIVALENCE_UNRESOLVED	True	True	True	True	2	2	1	1	SINGLE_NORMALIZED_ALLELE	SINGLE_NORMALIZED_ALLELE	SINGLE_NORMALIZED_ALLELE__SINGLE_NORMALIZED_ALLELE	NOT_ASSIGNED_IN_STRUCTURE_AUDIT
1266	run-phase1a-60z59-hg002-grch38-v421	event-run-phase1a-60z59-hg002-grch38-v421-record-1379	run-phase1a-ru88n-hg002-grch38-v421	event-run-phase1a-ru88n-hg002-grch38-v421-record-1377	CROSS_RUN_EQUIVALENCE_UNRESOLVED	True	True	True	True	2	2	1	1	SINGLE_NORMALIZED_ALLELE	SINGLE_NORMALIZED_ALLELE	SINGLE_NORMALIZED_ALLELE__SINGLE_NORMALIZED_ALLELE	NOT_ASSIGNED_IN_STRUCTURE_AUDIT
1267	run-phase1a-60z59-hg002-grch38-v421	event-run-phase1a-60z59-hg002-grch38-v421-record-1380	run-phase1a-ru88n-hg002-grch38-v421	event-run-phase1a-ru88n-hg002-grch38-v421-record-1378	CROSS_RUN_EQUIVALENCE_UNRESOLVED	True	True	True	True	2	2	1	1	SINGLE_NORMALIZED_ALLELE	SINGLE_NORMALIZED_ALLELE	SINGLE_NORMALIZED_ALLELE__SINGLE_NORMALIZED_ALLELE	NOT_ASSIGNED_IN_STRUCTURE_AUDIT
1268	run-phase1a-60z59-hg002-grch38-v421	event-run-phase1a-60z59-hg002-grch38-v421-record-1381	run-phase1a-ru88n-hg002-grch38-v421	event-run-phase1a-ru88n-hg002-grch38-v421-record-1379	CROSS_RUN_EQUIVALENCE_UNRESOLVED	True	True	True	True	2	2	1	1	SINGLE_NORMALIZED_ALLELE	SINGLE_NORMALIZED_ALLELE	SINGLE_NORMALIZED_ALLELE__SINGLE_NORMALIZED_ALLELE	NOT_ASSIGNED_IN_STRUCTURE_AUDIT
1269	run-phase1a-60z59-hg002-grch38-v421	event-run-phase1a-60z59-hg002-grch38-v421-record-1382	run-phase1a-ru88n-hg002-grch38-v421	event-run-phase1a-ru88n-hg002-grch38-v421-record-1380	CROSS_RUN_EQUIVALENCE_UNRESOLVED	True	True	True	True	2	2	1	1	SINGLE_NORMALIZED_ALLELE	SINGLE_NORMALIZED_ALLELE	SINGLE_NORMALIZED_ALLELE__SINGLE_NORMALIZED_ALLELE	NOT_ASSIGNED_IN_STRUCTURE_AUDIT
1270	run-phase1a-60z59-hg002-grch38-v421	event-run-phase1a-60z59-hg002-grch38-v421-record-1383	run-phase1a-ru88n-hg002-grch38-v421	event-run-phase1a-ru88n-hg002-grch38-v421-record-1381	CROSS_RUN_EQUIVALENCE_UNRESOLVED	True	True	True	True	2	2	1	1	SINGLE_NORMALIZED_ALLELE	SINGLE_NORMALIZED_ALLELE	SINGLE_NORMALIZED_ALLELE__SINGLE_NORMALIZED_ALLELE	NOT_ASSIGNED_IN_STRUCTURE_AUDIT
1271	run-phase1a-60z59-hg002-grch38-v421	event-run-phase1a-60z59-hg002-grch38-v421-record-1384	run-phase1a-ru88n-hg002-grch38-v421	event-run-phase1a-ru88n-hg002-grch38-v421-record-1382	CROSS_RUN_EQUIVALENCE_UNRESOLVED	True	True	True	True	2	2	1	1	SINGLE_NORMALIZED_ALLELE	SINGLE_NORMALIZED_ALLELE	SINGLE_NORMALIZED_ALLELE__SINGLE_NORMALIZED_ALLELE	NOT_ASSIGNED_IN_STRUCTURE_AUDIT
1272	run-phase1a-60z59-hg002-grch38-v421	event-run-phase1a-60z59-hg002-grch38-v421-record-1385	run-phase1a-ru88n-hg002-grch38-v421	event-run-phase1a-ru88n-hg002-grch38-v421-record-1383	CROSS_RUN_EQUIVALENCE_UNRESOLVED	True	True	True	True	2	2	1	1	SINGLE_NORMALIZED_ALLELE	SINGLE_NORMALIZED_ALLELE	SINGLE_NORMALIZED_ALLELE__SINGLE_NORMALIZED_ALLELE	NOT_ASSIGNED_IN_STRUCTURE_AUDIT
1273	run-phase1a-60z59-hg002-grch38-v421	event-run-phase1a-60z59-hg002-grch38-v421-record-1386	run-phase1a-ru88n-hg002-grch38-v421	event-run-phase1a-ru88n-hg002-grch38-v421-record-1384	CROSS_RUN_EQUIVALENCE_UNRESOLVED	True	True	True	True	2	2	1	1	SINGLE_NORMALIZED_ALLELE	SINGLE_NORMALIZED_ALLELE	SINGLE_NORMALIZED_ALLELE__SINGLE_NORMALIZED_ALLELE	NOT_ASSIGNED_IN_STRUCTURE_AUDIT
1274	run-phase1a-60z59-hg002-grch38-v421	event-run-phase1a-60z59-hg002-grch38-v421-record-1387	run-phase1a-ru88n-hg002-grch38-v421	event-run-phase1a-ru88n-hg002-grch38-v421-record-1385	CROSS_RUN_EQUIVALENCE_UNRESOLVED	True	True	True	True	2	2	1	1	SINGLE_NORMALIZED_ALLELE	SINGLE_NORMALIZED_ALLELE	SINGLE_NORMALIZED_ALLELE__SINGLE_NORMALIZED_ALLELE	NOT_ASSIGNED_IN_STRUCTURE_AUDIT
1275	run-phase1a-60z59-hg002-grch38-v421	event-run-phase1a-60z59-hg002-grch38-v421-record-1388	run-phase1a-ru88n-hg002-grch38-v421	event-run-phase1a-ru88n-hg002-grch38-v421-record-1386	CROSS_RUN_EQUIVALENCE_UNRESOLVED	True	True	True	True	2	2	1	1	SINGLE_NORMALIZED_ALLELE	SINGLE_NORMALIZED_ALLELE	SINGLE_NORMALIZED_ALLELE__SINGLE_NORMALIZED_ALLELE	NOT_ASSIGNED_IN_STRUCTURE_AUDIT
1276	run-phase1a-60z59-hg002-grch38-v421	event-run-phase1a-60z59-hg002-grch38-v421-record-1389	run-phase1a-ru88n-hg002-grch38-v421	event-run-phase1a-ru88n-hg002-grch38-v421-record-1387	CROSS_RUN_EQUIVALENCE_UNRESOLVED	True	True	True	True	2	2	1	1	SINGLE_NORMALIZED_ALLELE	SINGLE_NORMALIZED_ALLELE	SINGLE_NORMALIZED_ALLELE__SINGLE_NORMALIZED_ALLELE	NOT_ASSIGNED_IN_STRUCTURE_AUDIT
1277	run-phase1a-60z59-hg002-grch38-v421	event-run-phase1a-60z59-hg002-grch38-v421-record-1390	run-phase1a-ru88n-hg002-grch38-v421	event-run-phase1a-ru88n-hg002-grch38-v421-record-1388	CROSS_RUN_EQUIVALENCE_UNRESOLVED	True	True	True	True	2	2	1	1	SINGLE_NORMALIZED_ALLELE	SINGLE_NORMALIZED_ALLELE	SINGLE_NORMALIZED_ALLELE__SINGLE_NORMALIZED_ALLELE	NOT_ASSIGNED_IN_STRUCTURE_AUDIT
1278	run-phase1a-60z59-hg002-grch38-v421	event-run-phase1a-60z59-hg002-grch38-v421-record-1391	run-phase1a-ru88n-hg002-grch38-v421	event-run-phase1a-ru88n-hg002-grch38-v421-record-1389	CROSS_RUN_EQUIVALENCE_UNRESOLVED	True	True	True	True	2	2	1	1	SINGLE_NORMALIZED_ALLELE	SINGLE_NORMALIZED_ALLELE	SINGLE_NORMALIZED_ALLELE__SINGLE_NORMALIZED_ALLELE	NOT_ASSIGNED_IN_STRUCTURE_AUDIT
1279	run-phase1a-60z59-hg002-grch38-v421	event-run-phase1a-60z59-hg002-grch38-v421-record-1392	run-phase1a-ru88n-hg002-grch38-v421	event-run-phase1a-ru88n-hg002-grch38-v421-record-1390	CROSS_RUN_EQUIVALENCE_UNRESOLVED	True	True	True	True	2	2	1	1	SINGLE_NORMALIZED_ALLELE	SINGLE_NORMALIZED_ALLELE	SINGLE_NORMALIZED_ALLELE__SINGLE_NORMALIZED_ALLELE	NOT_ASSIGNED_IN_STRUCTURE_AUDIT
1280	run-phase1a-60z59-hg002-grch38-v421	event-run-phase1a-60z59-hg002-grch38-v421-record-1393	run-phase1a-ru88n-hg002-grch38-v421	event-run-phase1a-ru88n-hg002-grch38-v421-record-1391	CROSS_RUN_EQUIVALENCE_UNRESOLVED	True	True	True	True	2	2	1	1	SINGLE_NORMALIZED_ALLELE	SINGLE_NORMALIZED_ALLELE	SINGLE_NORMALIZED_ALLELE__SINGLE_NORMALIZED_ALLELE	NOT_ASSIGNED_IN_STRUCTURE_AUDIT
1281	run-phase1a-60z59-hg002-grch38-v421	event-run-phase1a-60z59-hg002-grch38-v421-record-1394	run-phase1a-ru88n-hg002-grch38-v421	event-run-phase1a-ru88n-hg002-grch38-v421-record-1392	CROSS_RUN_EQUIVALENCE_UNRESOLVED	True	True	True	True	2	2	1	1	SINGLE_NORMALIZED_ALLELE	SINGLE_NORMALIZED_ALLELE	SINGLE_NORMALIZED_ALLELE__SINGLE_NORMALIZED_ALLELE	NOT_ASSIGNED_IN_STRUCTURE_AUDIT
1282	run-phase1a-60z59-hg002-grch38-v421	event-run-phase1a-60z59-hg002-grch38-v421-record-1395	run-phase1a-ru88n-hg002-grch38-v421	event-run-phase1a-ru88n-hg002-grch38-v421-record-1393	CROSS_RUN_EQUIVALENCE_UNRESOLVED	True	True	True	True	2	2	1	1	SINGLE_NORMALIZED_ALLELE	SINGLE_NORMALIZED_ALLELE	SINGLE_NORMALIZED_ALLELE__SINGLE_NORMALIZED_ALLELE	NOT_ASSIGNED_IN_STRUCTURE_AUDIT
1283	run-phase1a-60z59-hg002-grch38-v421	event-run-phase1a-60z59-hg002-grch38-v421-record-1396	run-phase1a-ru88n-hg002-grch38-v421	event-run-phase1a-ru88n-hg002-grch38-v421-record-1394	CROSS_RUN_EQUIVALENCE_UNRESOLVED	True	True	True	True	2	2	1	1	SINGLE_NORMALIZED_ALLELE	SINGLE_NORMALIZED_ALLELE	SINGLE_NORMALIZED_ALLELE__SINGLE_NORMALIZED_ALLELE	NOT_ASSIGNED_IN_STRUCTURE_AUDIT
1284	run-phase1a-60z59-hg002-grch38-v421	event-run-phase1a-60z59-hg002-grch38-v421-record-1397	run-phase1a-ru88n-hg002-grch38-v421	event-run-phase1a-ru88n-hg002-grch38-v421-record-1395	CROSS_RUN_EQUIVALENCE_UNRESOLVED	True	True	True	True	2	2	1	1	SINGLE_NORMALIZED_ALLELE	SINGLE_NORMALIZED_ALLELE	SINGLE_NORMALIZED_ALLELE__SINGLE_NORMALIZED_ALLELE	NOT_ASSIGNED_IN_STRUCTURE_AUDIT
1285	run-phase1a-60z59-hg002-grch38-v421	event-run-phase1a-60z59-hg002-grch38-v421-record-1398	run-phase1a-ru88n-hg002-grch38-v421	event-run-phase1a-ru88n-hg002-grch38-v421-record-1396	CROSS_RUN_EQUIVALENCE_UNRESOLVED	True	True	True	True	2	2	1	1	SINGLE_NORMALIZED_ALLELE	SINGLE_NORMALIZED_ALLELE	SINGLE_NORMALIZED_ALLELE__SINGLE_NORMALIZED_ALLELE	NOT_ASSIGNED_IN_STRUCTURE_AUDIT
1286	run-phase1a-60z59-hg002-grch38-v421	event-run-phase1a-60z59-hg002-grch38-v421-record-1399	run-phase1a-ru88n-hg002-grch38-v421	event-run-phase1a-ru88n-hg002-grch38-v421-record-1397	CROSS_RUN_EQUIVALENCE_UNRESOLVED	True	True	True	True	2	2	1	1	SINGLE_NORMALIZED_ALLELE	SINGLE_NORMALIZED_ALLELE	SINGLE_NORMALIZED_ALLELE__SINGLE_NORMALIZED_ALLELE	NOT_ASSIGNED_IN_STRUCTURE_AUDIT
1287	run-phase1a-60z59-hg002-grch38-v421	event-run-phase1a-60z59-hg002-grch38-v421-record-1400	run-phase1a-ru88n-hg002-grch38-v421	event-run-phase1a-ru88n-hg002-grch38-v421-record-1398	CROSS_RUN_EQUIVALENCE_UNRESOLVED	True	True	True	True	2	2	1	1	SINGLE_NORMALIZED_ALLELE	SINGLE_NORMALIZED_ALLELE	SINGLE_NORMALIZED_ALLELE__SINGLE_NORMALIZED_ALLELE	NOT_ASSIGNED_IN_STRUCTURE_AUDIT
1288	run-phase1a-60z59-hg002-grch38-v421	event-run-phase1a-60z59-hg002-grch38-v421-record-1401	run-phase1a-ru88n-hg002-grch38-v421	event-run-phase1a-ru88n-hg002-grch38-v421-record-1399	CROSS_RUN_EQUIVALENCE_UNRESOLVED	True	True	True	True	2	2	1	1	SINGLE_NORMALIZED_ALLELE	SINGLE_NORMALIZED_ALLELE	SINGLE_NORMALIZED_ALLELE__SINGLE_NORMALIZED_ALLELE	NOT_ASSIGNED_IN_STRUCTURE_AUDIT
1289	run-phase1a-60z59-hg002-grch38-v421	event-run-phase1a-60z59-hg002-grch38-v421-record-1402	run-phase1a-ru88n-hg002-grch38-v421	event-run-phase1a-ru88n-hg002-grch38-v421-record-1400	CROSS_RUN_EQUIVALENCE_UNRESOLVED	True	True	True	True	2	2	1	1	SINGLE_NORMALIZED_ALLELE	SINGLE_NORMALIZED_ALLELE	SINGLE_NORMALIZED_ALLELE__SINGLE_NORMALIZED_ALLELE	NOT_ASSIGNED_IN_STRUCTURE_AUDIT
1290	run-phase1a-60z59-hg002-grch38-v421	event-run-phase1a-60z59-hg002-grch38-v421-record-1403	run-phase1a-ru88n-hg002-grch38-v421	event-run-phase1a-ru88n-hg002-grch38-v421-record-1401	CROSS_RUN_EQUIVALENCE_UNRESOLVED	True	True	True	True	2	2	1	1	SINGLE_NORMALIZED_ALLELE	SINGLE_NORMALIZED_ALLELE	SINGLE_NORMALIZED_ALLELE__SINGLE_NORMALIZED_ALLELE	NOT_ASSIGNED_IN_STRUCTURE_AUDIT
1291	run-phase1a-60z59-hg002-grch38-v421	event-run-phase1a-60z59-hg002-grch38-v421-record-1404	run-phase1a-ru88n-hg002-grch38-v421	event-run-phase1a-ru88n-hg002-grch38-v421-record-1402	CROSS_RUN_EQUIVALENCE_UNRESOLVED	True	True	True	True	2	2	1	1	SINGLE_NORMALIZED_ALLELE	SINGLE_NORMALIZED_ALLELE	SINGLE_NORMALIZED_ALLELE__SINGLE_NORMALIZED_ALLELE	NOT_ASSIGNED_IN_STRUCTURE_AUDIT
1292	run-phase1a-60z59-hg002-grch38-v421	event-run-phase1a-60z59-hg002-grch38-v421-record-1405	run-phase1a-ru88n-hg002-grch38-v421	event-run-phase1a-ru88n-hg002-grch38-v421-record-1403	CROSS_RUN_EQUIVALENCE_UNRESOLVED	True	True	True	True	2	2	1	1	SINGLE_NORMALIZED_ALLELE	SINGLE_NORMALIZED_ALLELE	SINGLE_NORMALIZED_ALLELE__SINGLE_NORMALIZED_ALLELE	NOT_ASSIGNED_IN_STRUCTURE_AUDIT
1293	run-phase1a-60z59-hg002-grch38-v421	event-run-phase1a-60z59-hg002-grch38-v421-record-1406	run-phase1a-ru88n-hg002-grch38-v421	event-run-phase1a-ru88n-hg002-grch38-v421-record-1404	CROSS_RUN_EQUIVALENCE_UNRESOLVED	True	True	True	True	2	2	1	1	SINGLE_NORMALIZED_ALLELE	SINGLE_NORMALIZED_ALLELE	SINGLE_NORMALIZED_ALLELE__SINGLE_NORMALIZED_ALLELE	NOT_ASSIGNED_IN_STRUCTURE_AUDIT
1294	run-phase1a-60z59-hg002-grch38-v421	event-run-phase1a-60z59-hg002-grch38-v421-record-1407	run-phase1a-ru88n-hg002-grch38-v421	event-run-phase1a-ru88n-hg002-grch38-v421-record-1405	CROSS_RUN_EQUIVALENCE_UNRESOLVED	True	True	True	True	2	2	1	1	SINGLE_NORMALIZED_ALLELE	SINGLE_NORMALIZED_ALLELE	SINGLE_NORMALIZED_ALLELE__SINGLE_NORMALIZED_ALLELE	NOT_ASSIGNED_IN_STRUCTURE_AUDIT
1295	run-phase1a-60z59-hg002-grch38-v421	event-run-phase1a-60z59-hg002-grch38-v421-record-1408	run-phase1a-ru88n-hg002-grch38-v421	event-run-phase1a-ru88n-hg002-grch38-v421-record-1406	CROSS_RUN_EQUIVALENCE_UNRESOLVED	True	True	True	True	2	2	1	1	SINGLE_NORMALIZED_ALLELE	SINGLE_NORMALIZED_ALLELE	SINGLE_NORMALIZED_ALLELE__SINGLE_NORMALIZED_ALLELE	NOT_ASSIGNED_IN_STRUCTURE_AUDIT
1296	run-phase1a-60z59-hg002-grch38-v421	event-run-phase1a-60z59-hg002-grch38-v421-record-1410	run-phase1a-ru88n-hg002-grch38-v421	event-run-phase1a-ru88n-hg002-grch38-v421-record-1407	CROSS_RUN_EQUIVALENCE_UNRESOLVED	True	True	True	True	2	2	1	1	SINGLE_NORMALIZED_ALLELE	SINGLE_NORMALIZED_ALLELE	SINGLE_NORMALIZED_ALLELE__SINGLE_NORMALIZED_ALLELE	NOT_ASSIGNED_IN_STRUCTURE_AUDIT
1297	run-phase1a-60z59-hg002-grch38-v421	event-run-phase1a-60z59-hg002-grch38-v421-record-1411	run-phase1a-ru88n-hg002-grch38-v421	event-run-phase1a-ru88n-hg002-grch38-v421-record-1408	CROSS_RUN_EQUIVALENCE_UNRESOLVED	True	True	True	True	2	2	1	1	SINGLE_NORMALIZED_ALLELE	SINGLE_NORMALIZED_ALLELE	SINGLE_NORMALIZED_ALLELE__SINGLE_NORMALIZED_ALLELE	NOT_ASSIGNED_IN_STRUCTURE_AUDIT
1298	run-phase1a-60z59-hg002-grch38-v421	event-run-phase1a-60z59-hg002-grch38-v421-record-1412	run-phase1a-ru88n-hg002-grch38-v421	event-run-phase1a-ru88n-hg002-grch38-v421-record-1409	CROSS_RUN_EQUIVALENCE_UNRESOLVED	True	True	True	True	2	2	1	1	SINGLE_NORMALIZED_ALLELE	SINGLE_NORMALIZED_ALLELE	SINGLE_NORMALIZED_ALLELE__SINGLE_NORMALIZED_ALLELE	NOT_ASSIGNED_IN_STRUCTURE_AUDIT
1299	run-phase1a-60z59-hg002-grch38-v421	event-run-phase1a-60z59-hg002-grch38-v421-record-1413	run-phase1a-ru88n-hg002-grch38-v421	event-run-phase1a-ru88n-hg002-grch38-v421-record-1410	CROSS_RUN_EQUIVALENCE_UNRESOLVED	True	True	True	True	2	2	1	1	SINGLE_NORMALIZED_ALLELE	SINGLE_NORMALIZED_ALLELE	SINGLE_NORMALIZED_ALLELE__SINGLE_NORMALIZED_ALLELE	NOT_ASSIGNED_IN_STRUCTURE_AUDIT
1300	run-phase1a-60z59-hg002-grch38-v421	event-run-phase1a-60z59-hg002-grch38-v421-record-1414	run-phase1a-ru88n-hg002-grch38-v421	event-run-phase1a-ru88n-hg002-grch38-v421-record-1411	CROSS_RUN_EQUIVALENCE_UNRESOLVED	True	True	True	True	2	2	1	1	SINGLE_NORMALIZED_ALLELE	SINGLE_NORMALIZED_ALLELE	SINGLE_NORMALIZED_ALLELE__SINGLE_NORMALIZED_ALLELE	NOT_ASSIGNED_IN_STRUCTURE_AUDIT
1301	run-phase1a-60z59-hg002-grch38-v421	event-run-phase1a-60z59-hg002-grch38-v421-record-1416	run-phase1a-ru88n-hg002-grch38-v421	event-run-phase1a-ru88n-hg002-grch38-v421-record-1413	CROSS_RUN_EQUIVALENCE_UNRESOLVED	True	True	True	True	2	2	1	1	SINGLE_NORMALIZED_ALLELE	SINGLE_NORMALIZED_ALLELE	SINGLE_NORMALIZED_ALLELE__SINGLE_NORMALIZED_ALLELE	NOT_ASSIGNED_IN_STRUCTURE_AUDIT
1302	run-phase1a-60z59-hg002-grch38-v421	event-run-phase1a-60z59-hg002-grch38-v421-record-1417	run-phase1a-ru88n-hg002-grch38-v421	event-run-phase1a-ru88n-hg002-grch38-v421-record-1414	CROSS_RUN_EQUIVALENCE_UNRESOLVED	True	True	True	True	2	2	1	1	SINGLE_NORMALIZED_ALLELE	SINGLE_NORMALIZED_ALLELE	SINGLE_NORMALIZED_ALLELE__SINGLE_NORMALIZED_ALLELE	NOT_ASSIGNED_IN_STRUCTURE_AUDIT
1303	run-phase1a-60z59-hg002-grch38-v421	event-run-phase1a-60z59-hg002-grch38-v421-record-1418	run-phase1a-ru88n-hg002-grch38-v421	event-run-phase1a-ru88n-hg002-grch38-v421-record-1415	CROSS_RUN_EQUIVALENCE_UNRESOLVED	True	True	True	True	2	2	1	1	SINGLE_NORMALIZED_ALLELE	SINGLE_NORMALIZED_ALLELE	SINGLE_NORMALIZED_ALLELE__SINGLE_NORMALIZED_ALLELE	NOT_ASSIGNED_IN_STRUCTURE_AUDIT
1304	run-phase1a-60z59-hg002-grch38-v421	event-run-phase1a-60z59-hg002-grch38-v421-record-1419	run-phase1a-ru88n-hg002-grch38-v421	event-run-phase1a-ru88n-hg002-grch38-v421-record-1416	CROSS_RUN_EQUIVALENCE_UNRESOLVED	True	True	True	True	2	2	1	1	SINGLE_NORMALIZED_ALLELE	SINGLE_NORMALIZED_ALLELE	SINGLE_NORMALIZED_ALLELE__SINGLE_NORMALIZED_ALLELE	NOT_ASSIGNED_IN_STRUCTURE_AUDIT
1305	run-phase1a-60z59-hg002-grch38-v421	event-run-phase1a-60z59-hg002-grch38-v421-record-1420	run-phase1a-ru88n-hg002-grch38-v421	event-run-phase1a-ru88n-hg002-grch38-v421-record-1417	CROSS_RUN_EQUIVALENCE_UNRESOLVED	True	True	True	True	2	2	1	1	SINGLE_NORMALIZED_ALLELE	SINGLE_NORMALIZED_ALLELE	SINGLE_NORMALIZED_ALLELE__SINGLE_NORMALIZED_ALLELE	NOT_ASSIGNED_IN_STRUCTURE_AUDIT
1306	run-phase1a-60z59-hg002-grch38-v421	event-run-phase1a-60z59-hg002-grch38-v421-record-1421	run-phase1a-ru88n-hg002-grch38-v421	event-run-phase1a-ru88n-hg002-grch38-v421-record-1418	CROSS_RUN_EQUIVALENCE_UNRESOLVED	True	True	True	True	2	2	1	1	SINGLE_NORMALIZED_ALLELE	SINGLE_NORMALIZED_ALLELE	SINGLE_NORMALIZED_ALLELE__SINGLE_NORMALIZED_ALLELE	NOT_ASSIGNED_IN_STRUCTURE_AUDIT
1307	run-phase1a-60z59-hg002-grch38-v421	event-run-phase1a-60z59-hg002-grch38-v421-record-1422	run-phase1a-ru88n-hg002-grch38-v421	event-run-phase1a-ru88n-hg002-grch38-v421-record-1419	CROSS_RUN_EQUIVALENCE_UNRESOLVED	True	True	True	True	2	2	1	1	SINGLE_NORMALIZED_ALLELE	SINGLE_NORMALIZED_ALLELE	SINGLE_NORMALIZED_ALLELE__SINGLE_NORMALIZED_ALLELE	NOT_ASSIGNED_IN_STRUCTURE_AUDIT
1308	run-phase1a-60z59-hg002-grch38-v421	event-run-phase1a-60z59-hg002-grch38-v421-record-1423	run-phase1a-ru88n-hg002-grch38-v421	event-run-phase1a-ru88n-hg002-grch38-v421-record-1420	CROSS_RUN_EQUIVALENCE_UNRESOLVED	True	True	True	True	2	2	1	1	SINGLE_NORMALIZED_ALLELE	SINGLE_NORMALIZED_ALLELE	SINGLE_NORMALIZED_ALLELE__SINGLE_NORMALIZED_ALLELE	NOT_ASSIGNED_IN_STRUCTURE_AUDIT
1309	run-phase1a-60z59-hg002-grch38-v421	event-run-phase1a-60z59-hg002-grch38-v421-record-1424	run-phase1a-ru88n-hg002-grch38-v421	event-run-phase1a-ru88n-hg002-grch38-v421-record-1423	CROSS_RUN_EQUIVALENCE_UNRESOLVED	True	True	True	True	2	2	1	1	SINGLE_NORMALIZED_ALLELE	SINGLE_NORMALIZED_ALLELE	SINGLE_NORMALIZED_ALLELE__SINGLE_NORMALIZED_ALLELE	NOT_ASSIGNED_IN_STRUCTURE_AUDIT
1310	run-phase1a-60z59-hg002-grch38-v421	event-run-phase1a-60z59-hg002-grch38-v421-record-1425	run-phase1a-ru88n-hg002-grch38-v421	event-run-phase1a-ru88n-hg002-grch38-v421-record-1424	CROSS_RUN_EQUIVALENCE_UNRESOLVED	True	True	True	True	2	2	1	1	SINGLE_NORMALIZED_ALLELE	SINGLE_NORMALIZED_ALLELE	SINGLE_NORMALIZED_ALLELE__SINGLE_NORMALIZED_ALLELE	NOT_ASSIGNED_IN_STRUCTURE_AUDIT
1311	run-phase1a-60z59-hg002-grch38-v421	event-run-phase1a-60z59-hg002-grch38-v421-record-1426	run-phase1a-ru88n-hg002-grch38-v421	event-run-phase1a-ru88n-hg002-grch38-v421-record-1425	CROSS_RUN_EQUIVALENCE_UNRESOLVED	True	True	True	True	2	2	1	1	SINGLE_NORMALIZED_ALLELE	SINGLE_NORMALIZED_ALLELE	SINGLE_NORMALIZED_ALLELE__SINGLE_NORMALIZED_ALLELE	NOT_ASSIGNED_IN_STRUCTURE_AUDIT
1312	run-phase1a-60z59-hg002-grch38-v421	event-run-phase1a-60z59-hg002-grch38-v421-record-1427	run-phase1a-ru88n-hg002-grch38-v421	event-run-phase1a-ru88n-hg002-grch38-v421-record-1426	CROSS_RUN_EQUIVALENCE_UNRESOLVED	True	True	True	True	2	2	1	1	SINGLE_NORMALIZED_ALLELE	SINGLE_NORMALIZED_ALLELE	SINGLE_NORMALIZED_ALLELE__SINGLE_NORMALIZED_ALLELE	NOT_ASSIGNED_IN_STRUCTURE_AUDIT
1313	run-phase1a-60z59-hg002-grch38-v421	event-run-phase1a-60z59-hg002-grch38-v421-record-1428	run-phase1a-ru88n-hg002-grch38-v421	event-run-phase1a-ru88n-hg002-grch38-v421-record-1427	CROSS_RUN_EQUIVALENCE_UNRESOLVED	True	True	True	True	2	2	1	1	SINGLE_NORMALIZED_ALLELE	SINGLE_NORMALIZED_ALLELE	SINGLE_NORMALIZED_ALLELE__SINGLE_NORMALIZED_ALLELE	NOT_ASSIGNED_IN_STRUCTURE_AUDIT
1314	run-phase1a-60z59-hg002-grch38-v421	event-run-phase1a-60z59-hg002-grch38-v421-record-1429	run-phase1a-ru88n-hg002-grch38-v421	event-run-phase1a-ru88n-hg002-grch38-v421-record-1428	CROSS_RUN_EQUIVALENCE_UNRESOLVED	True	True	True	True	2	2	1	1	SINGLE_NORMALIZED_ALLELE	SINGLE_NORMALIZED_ALLELE	SINGLE_NORMALIZED_ALLELE__SINGLE_NORMALIZED_ALLELE	NOT_ASSIGNED_IN_STRUCTURE_AUDIT
1315	run-phase1a-60z59-hg002-grch38-v421	event-run-phase1a-60z59-hg002-grch38-v421-record-1430	run-phase1a-ru88n-hg002-grch38-v421	event-run-phase1a-ru88n-hg002-grch38-v421-record-1429	CROSS_RUN_EQUIVALENCE_UNRESOLVED	True	True	True	True	2	2	1	1	SINGLE_NORMALIZED_ALLELE	SINGLE_NORMALIZED_ALLELE	SINGLE_NORMALIZED_ALLELE__SINGLE_NORMALIZED_ALLELE	NOT_ASSIGNED_IN_STRUCTURE_AUDIT
1316	run-phase1a-60z59-hg002-grch38-v421	event-run-phase1a-60z59-hg002-grch38-v421-record-1431	run-phase1a-ru88n-hg002-grch38-v421	event-run-phase1a-ru88n-hg002-grch38-v421-record-1430	CROSS_RUN_EQUIVALENCE_UNRESOLVED	True	True	True	True	2	2	1	1	SINGLE_NORMALIZED_ALLELE	SINGLE_NORMALIZED_ALLELE	SINGLE_NORMALIZED_ALLELE__SINGLE_NORMALIZED_ALLELE	NOT_ASSIGNED_IN_STRUCTURE_AUDIT
1317	run-phase1a-60z59-hg002-grch38-v421	event-run-phase1a-60z59-hg002-grch38-v421-record-1432	run-phase1a-ru88n-hg002-grch38-v421	event-run-phase1a-ru88n-hg002-grch38-v421-record-1431	CROSS_RUN_EQUIVALENCE_UNRESOLVED	True	True	True	True	2	2	1	1	SINGLE_NORMALIZED_ALLELE	SINGLE_NORMALIZED_ALLELE	SINGLE_NORMALIZED_ALLELE__SINGLE_NORMALIZED_ALLELE	NOT_ASSIGNED_IN_STRUCTURE_AUDIT
1318	run-phase1a-60z59-hg002-grch38-v421	event-run-phase1a-60z59-hg002-grch38-v421-record-1433	run-phase1a-ru88n-hg002-grch38-v421	event-run-phase1a-ru88n-hg002-grch38-v421-record-1432	CROSS_RUN_EQUIVALENCE_UNRESOLVED	True	True	True	True	2	2	1	1	SINGLE_NORMALIZED_ALLELE	SINGLE_NORMALIZED_ALLELE	SINGLE_NORMALIZED_ALLELE__SINGLE_NORMALIZED_ALLELE	NOT_ASSIGNED_IN_STRUCTURE_AUDIT
1319	run-phase1a-60z59-hg002-grch38-v421	event-run-phase1a-60z59-hg002-grch38-v421-record-1435	run-phase1a-ru88n-hg002-grch38-v421	event-run-phase1a-ru88n-hg002-grch38-v421-record-1434	CROSS_RUN_EQUIVALENCE_UNRESOLVED	True	True	True	True	2	2	1	1	SINGLE_NORMALIZED_ALLELE	SINGLE_NORMALIZED_ALLELE	SINGLE_NORMALIZED_ALLELE__SINGLE_NORMALIZED_ALLELE	NOT_ASSIGNED_IN_STRUCTURE_AUDIT
1320	run-phase1a-60z59-hg002-grch38-v421	event-run-phase1a-60z59-hg002-grch38-v421-record-1436	run-phase1a-ru88n-hg002-grch38-v421	event-run-phase1a-ru88n-hg002-grch38-v421-record-1435	CROSS_RUN_EQUIVALENCE_UNRESOLVED	True	True	True	True	2	2	1	1	SINGLE_NORMALIZED_ALLELE	SINGLE_NORMALIZED_ALLELE	SINGLE_NORMALIZED_ALLELE__SINGLE_NORMALIZED_ALLELE	NOT_ASSIGNED_IN_STRUCTURE_AUDIT
1321	run-phase1a-60z59-hg002-grch38-v421	event-run-phase1a-60z59-hg002-grch38-v421-record-1437	run-phase1a-ru88n-hg002-grch38-v421	event-run-phase1a-ru88n-hg002-grch38-v421-record-1436	CROSS_RUN_EQUIVALENCE_UNRESOLVED	True	True	True	True	2	2	1	1	SINGLE_NORMALIZED_ALLELE	SINGLE_NORMALIZED_ALLELE	SINGLE_NORMALIZED_ALLELE__SINGLE_NORMALIZED_ALLELE	NOT_ASSIGNED_IN_STRUCTURE_AUDIT
1322	run-phase1a-60z59-hg002-grch38-v421	event-run-phase1a-60z59-hg002-grch38-v421-record-1438	run-phase1a-ru88n-hg002-grch38-v421	event-run-phase1a-ru88n-hg002-grch38-v421-record-1437	CROSS_RUN_EQUIVALENCE_UNRESOLVED	True	True	True	True	2	2	1	1	SINGLE_NORMALIZED_ALLELE	SINGLE_NORMALIZED_ALLELE	SINGLE_NORMALIZED_ALLELE__SINGLE_NORMALIZED_ALLELE	NOT_ASSIGNED_IN_STRUCTURE_AUDIT
1323	run-phase1a-60z59-hg002-grch38-v421	event-run-phase1a-60z59-hg002-grch38-v421-record-1439	run-phase1a-ru88n-hg002-grch38-v421	event-run-phase1a-ru88n-hg002-grch38-v421-record-1438	CROSS_RUN_EQUIVALENCE_UNRESOLVED	True	True	True	True	2	2	1	1	SINGLE_NORMALIZED_ALLELE	SINGLE_NORMALIZED_ALLELE	SINGLE_NORMALIZED_ALLELE__SINGLE_NORMALIZED_ALLELE	NOT_ASSIGNED_IN_STRUCTURE_AUDIT
1324	run-phase1a-60z59-hg002-grch38-v421	event-run-phase1a-60z59-hg002-grch38-v421-record-1440	run-phase1a-ru88n-hg002-grch38-v421	event-run-phase1a-ru88n-hg002-grch38-v421-record-1439	CROSS_RUN_EQUIVALENCE_UNRESOLVED	True	True	True	True	2	2	1	1	SINGLE_NORMALIZED_ALLELE	SINGLE_NORMALIZED_ALLELE	SINGLE_NORMALIZED_ALLELE__SINGLE_NORMALIZED_ALLELE	NOT_ASSIGNED_IN_STRUCTURE_AUDIT
1325	run-phase1a-60z59-hg002-grch38-v421	event-run-phase1a-60z59-hg002-grch38-v421-record-1441	run-phase1a-ru88n-hg002-grch38-v421	event-run-phase1a-ru88n-hg002-grch38-v421-record-1440	CROSS_RUN_EQUIVALENCE_UNRESOLVED	True	True	True	True	2	2	1	1	SINGLE_NORMALIZED_ALLELE	SINGLE_NORMALIZED_ALLELE	SINGLE_NORMALIZED_ALLELE__SINGLE_NORMALIZED_ALLELE	NOT_ASSIGNED_IN_STRUCTURE_AUDIT
1326	run-phase1a-60z59-hg002-grch38-v421	event-run-phase1a-60z59-hg002-grch38-v421-record-1443	run-phase1a-ru88n-hg002-grch38-v421	event-run-phase1a-ru88n-hg002-grch38-v421-record-1442	CROSS_RUN_EQUIVALENCE_UNRESOLVED	True	True	True	True	2	2	1	1	SINGLE_NORMALIZED_ALLELE	SINGLE_NORMALIZED_ALLELE	SINGLE_NORMALIZED_ALLELE__SINGLE_NORMALIZED_ALLELE	NOT_ASSIGNED_IN_STRUCTURE_AUDIT
1327	run-phase1a-60z59-hg002-grch38-v421	event-run-phase1a-60z59-hg002-grch38-v421-record-1444	run-phase1a-ru88n-hg002-grch38-v421	event-run-phase1a-ru88n-hg002-grch38-v421-record-1443	CROSS_RUN_EQUIVALENCE_UNRESOLVED	True	True	True	True	2	2	1	1	SINGLE_NORMALIZED_ALLELE	SINGLE_NORMALIZED_ALLELE	SINGLE_NORMALIZED_ALLELE__SINGLE_NORMALIZED_ALLELE	NOT_ASSIGNED_IN_STRUCTURE_AUDIT
1328	run-phase1a-60z59-hg002-grch38-v421	event-run-phase1a-60z59-hg002-grch38-v421-record-1445	run-phase1a-ru88n-hg002-grch38-v421	event-run-phase1a-ru88n-hg002-grch38-v421-record-1444	CROSS_RUN_EQUIVALENCE_UNRESOLVED	True	True	True	True	2	2	1	1	SINGLE_NORMALIZED_ALLELE	SINGLE_NORMALIZED_ALLELE	SINGLE_NORMALIZED_ALLELE__SINGLE_NORMALIZED_ALLELE	NOT_ASSIGNED_IN_STRUCTURE_AUDIT
1329	run-phase1a-60z59-hg002-grch38-v421	event-run-phase1a-60z59-hg002-grch38-v421-record-1446	run-phase1a-ru88n-hg002-grch38-v421	event-run-phase1a-ru88n-hg002-grch38-v421-record-1445	CROSS_RUN_EQUIVALENCE_UNRESOLVED	True	True	True	True	2	2	1	1	SINGLE_NORMALIZED_ALLELE	SINGLE_NORMALIZED_ALLELE	SINGLE_NORMALIZED_ALLELE__SINGLE_NORMALIZED_ALLELE	NOT_ASSIGNED_IN_STRUCTURE_AUDIT
1330	run-phase1a-60z59-hg002-grch38-v421	event-run-phase1a-60z59-hg002-grch38-v421-record-1447	run-phase1a-ru88n-hg002-grch38-v421	event-run-phase1a-ru88n-hg002-grch38-v421-record-1446	CROSS_RUN_EQUIVALENCE_UNRESOLVED	True	True	True	True	2	2	1	1	SINGLE_NORMALIZED_ALLELE	SINGLE_NORMALIZED_ALLELE	SINGLE_NORMALIZED_ALLELE__SINGLE_NORMALIZED_ALLELE	NOT_ASSIGNED_IN_STRUCTURE_AUDIT
1331	run-phase1a-60z59-hg002-grch38-v421	event-run-phase1a-60z59-hg002-grch38-v421-record-1448	run-phase1a-ru88n-hg002-grch38-v421	event-run-phase1a-ru88n-hg002-grch38-v421-record-1447	CROSS_RUN_EQUIVALENCE_UNRESOLVED	True	True	True	True	2	2	1	1	SINGLE_NORMALIZED_ALLELE	SINGLE_NORMALIZED_ALLELE	SINGLE_NORMALIZED_ALLELE__SINGLE_NORMALIZED_ALLELE	NOT_ASSIGNED_IN_STRUCTURE_AUDIT
1332	run-phase1a-60z59-hg002-grch38-v421	event-run-phase1a-60z59-hg002-grch38-v421-record-1449	run-phase1a-ru88n-hg002-grch38-v421	event-run-phase1a-ru88n-hg002-grch38-v421-record-1448	CROSS_RUN_EQUIVALENCE_UNRESOLVED	True	True	True	True	2	2	1	1	SINGLE_NORMALIZED_ALLELE	SINGLE_NORMALIZED_ALLELE	SINGLE_NORMALIZED_ALLELE__SINGLE_NORMALIZED_ALLELE	NOT_ASSIGNED_IN_STRUCTURE_AUDIT
1333	run-phase1a-60z59-hg002-grch38-v421	event-run-phase1a-60z59-hg002-grch38-v421-record-1450	run-phase1a-ru88n-hg002-grch38-v421	event-run-phase1a-ru88n-hg002-grch38-v421-record-1449	CROSS_RUN_EQUIVALENCE_UNRESOLVED	True	True	True	True	2	2	1	1	SINGLE_NORMALIZED_ALLELE	SINGLE_NORMALIZED_ALLELE	SINGLE_NORMALIZED_ALLELE__SINGLE_NORMALIZED_ALLELE	NOT_ASSIGNED_IN_STRUCTURE_AUDIT
1334	run-phase1a-60z59-hg002-grch38-v421	event-run-phase1a-60z59-hg002-grch38-v421-record-1451	run-phase1a-ru88n-hg002-grch38-v421	event-run-phase1a-ru88n-hg002-grch38-v421-record-1450	CROSS_RUN_EQUIVALENCE_UNRESOLVED	True	True	True	True	2	2	1	1	SINGLE_NORMALIZED_ALLELE	SINGLE_NORMALIZED_ALLELE	SINGLE_NORMALIZED_ALLELE__SINGLE_NORMALIZED_ALLELE	NOT_ASSIGNED_IN_STRUCTURE_AUDIT
1335	run-phase1a-60z59-hg002-grch38-v421	event-run-phase1a-60z59-hg002-grch38-v421-record-1452	run-phase1a-ru88n-hg002-grch38-v421	event-run-phase1a-ru88n-hg002-grch38-v421-record-1451	CROSS_RUN_EQUIVALENCE_UNRESOLVED	True	True	True	True	2	2	1	1	SINGLE_NORMALIZED_ALLELE	SINGLE_NORMALIZED_ALLELE	SINGLE_NORMALIZED_ALLELE__SINGLE_NORMALIZED_ALLELE	NOT_ASSIGNED_IN_STRUCTURE_AUDIT
1336	run-phase1a-60z59-hg002-grch38-v421	event-run-phase1a-60z59-hg002-grch38-v421-record-1453	run-phase1a-ru88n-hg002-grch38-v421	event-run-phase1a-ru88n-hg002-grch38-v421-record-1452	CROSS_RUN_EQUIVALENCE_UNRESOLVED	True	True	True	True	2	2	1	1	SINGLE_NORMALIZED_ALLELE	SINGLE_NORMALIZED_ALLELE	SINGLE_NORMALIZED_ALLELE__SINGLE_NORMALIZED_ALLELE	NOT_ASSIGNED_IN_STRUCTURE_AUDIT
1337	run-phase1a-60z59-hg002-grch38-v421	event-run-phase1a-60z59-hg002-grch38-v421-record-1454	run-phase1a-ru88n-hg002-grch38-v421	event-run-phase1a-ru88n-hg002-grch38-v421-record-1453	CROSS_RUN_EQUIVALENCE_UNRESOLVED	True	True	True	True	2	2	1	1	SINGLE_NORMALIZED_ALLELE	SINGLE_NORMALIZED_ALLELE	SINGLE_NORMALIZED_ALLELE__SINGLE_NORMALIZED_ALLELE	NOT_ASSIGNED_IN_STRUCTURE_AUDIT
1338	run-phase1a-60z59-hg002-grch38-v421	event-run-phase1a-60z59-hg002-grch38-v421-record-1455	run-phase1a-ru88n-hg002-grch38-v421	event-run-phase1a-ru88n-hg002-grch38-v421-record-1454	CROSS_RUN_EQUIVALENCE_UNRESOLVED	True	True	True	True	2	2	1	1	SINGLE_NORMALIZED_ALLELE	SINGLE_NORMALIZED_ALLELE	SINGLE_NORMALIZED_ALLELE__SINGLE_NORMALIZED_ALLELE	NOT_ASSIGNED_IN_STRUCTURE_AUDIT
1339	run-phase1a-60z59-hg002-grch38-v421	event-run-phase1a-60z59-hg002-grch38-v421-record-1456	run-phase1a-ru88n-hg002-grch38-v421	event-run-phase1a-ru88n-hg002-grch38-v421-record-1455	CROSS_RUN_EQUIVALENCE_UNRESOLVED	True	True	True	True	2	2	1	1	SINGLE_NORMALIZED_ALLELE	SINGLE_NORMALIZED_ALLELE	SINGLE_NORMALIZED_ALLELE__SINGLE_NORMALIZED_ALLELE	NOT_ASSIGNED_IN_STRUCTURE_AUDIT
1340	run-phase1a-60z59-hg002-grch38-v421	event-run-phase1a-60z59-hg002-grch38-v421-record-1457	run-phase1a-ru88n-hg002-grch38-v421	event-run-phase1a-ru88n-hg002-grch38-v421-record-1456	CROSS_RUN_EQUIVALENCE_UNRESOLVED	True	True	True	True	2	2	1	1	SINGLE_NORMALIZED_ALLELE	SINGLE_NORMALIZED_ALLELE	SINGLE_NORMALIZED_ALLELE__SINGLE_NORMALIZED_ALLELE	NOT_ASSIGNED_IN_STRUCTURE_AUDIT
1341	run-phase1a-60z59-hg002-grch38-v421	event-run-phase1a-60z59-hg002-grch38-v421-record-1459	run-phase1a-ru88n-hg002-grch38-v421	event-run-phase1a-ru88n-hg002-grch38-v421-record-1458	CROSS_RUN_EQUIVALENCE_UNRESOLVED	True	True	True	True	2	2	1	1	SINGLE_NORMALIZED_ALLELE	SINGLE_NORMALIZED_ALLELE	SINGLE_NORMALIZED_ALLELE__SINGLE_NORMALIZED_ALLELE	NOT_ASSIGNED_IN_STRUCTURE_AUDIT
1342	run-phase1a-60z59-hg002-grch38-v421	event-run-phase1a-60z59-hg002-grch38-v421-record-1460	run-phase1a-ru88n-hg002-grch38-v421	event-run-phase1a-ru88n-hg002-grch38-v421-record-1459	CROSS_RUN_EQUIVALENCE_UNRESOLVED	True	True	True	True	2	2	1	1	SINGLE_NORMALIZED_ALLELE	SINGLE_NORMALIZED_ALLELE	SINGLE_NORMALIZED_ALLELE__SINGLE_NORMALIZED_ALLELE	NOT_ASSIGNED_IN_STRUCTURE_AUDIT
1343	run-phase1a-60z59-hg002-grch38-v421	event-run-phase1a-60z59-hg002-grch38-v421-record-1461	run-phase1a-ru88n-hg002-grch38-v421	event-run-phase1a-ru88n-hg002-grch38-v421-record-1460	CROSS_RUN_EQUIVALENCE_UNRESOLVED	True	True	True	True	2	2	1	1	SINGLE_NORMALIZED_ALLELE	SINGLE_NORMALIZED_ALLELE	SINGLE_NORMALIZED_ALLELE__SINGLE_NORMALIZED_ALLELE	NOT_ASSIGNED_IN_STRUCTURE_AUDIT
1344	run-phase1a-60z59-hg002-grch38-v421	event-run-phase1a-60z59-hg002-grch38-v421-record-1462	run-phase1a-ru88n-hg002-grch38-v421	event-run-phase1a-ru88n-hg002-grch38-v421-record-1461	CROSS_RUN_EQUIVALENCE_UNRESOLVED	True	True	True	True	2	2	1	1	SINGLE_NORMALIZED_ALLELE	SINGLE_NORMALIZED_ALLELE	SINGLE_NORMALIZED_ALLELE__SINGLE_NORMALIZED_ALLELE	NOT_ASSIGNED_IN_STRUCTURE_AUDIT
1345	run-phase1a-60z59-hg002-grch38-v421	event-run-phase1a-60z59-hg002-grch38-v421-record-1463	run-phase1a-ru88n-hg002-grch38-v421	event-run-phase1a-ru88n-hg002-grch38-v421-record-1462	CROSS_RUN_EQUIVALENCE_UNRESOLVED	True	True	True	True	2	2	1	1	SINGLE_NORMALIZED_ALLELE	SINGLE_NORMALIZED_ALLELE	SINGLE_NORMALIZED_ALLELE__SINGLE_NORMALIZED_ALLELE	NOT_ASSIGNED_IN_STRUCTURE_AUDIT
1346	run-phase1a-60z59-hg002-grch38-v421	event-run-phase1a-60z59-hg002-grch38-v421-record-1464	run-phase1a-ru88n-hg002-grch38-v421	event-run-phase1a-ru88n-hg002-grch38-v421-record-1463	CROSS_RUN_EQUIVALENCE_UNRESOLVED	True	True	True	True	2	2	1	1	SINGLE_NORMALIZED_ALLELE	SINGLE_NORMALIZED_ALLELE	SINGLE_NORMALIZED_ALLELE__SINGLE_NORMALIZED_ALLELE	NOT_ASSIGNED_IN_STRUCTURE_AUDIT
1347	run-phase1a-60z59-hg002-grch38-v421	event-run-phase1a-60z59-hg002-grch38-v421-record-1465	run-phase1a-ru88n-hg002-grch38-v421	event-run-phase1a-ru88n-hg002-grch38-v421-record-1464	CROSS_RUN_EQUIVALENCE_UNRESOLVED	True	True	True	True	2	2	1	1	SINGLE_NORMALIZED_ALLELE	SINGLE_NORMALIZED_ALLELE	SINGLE_NORMALIZED_ALLELE__SINGLE_NORMALIZED_ALLELE	NOT_ASSIGNED_IN_STRUCTURE_AUDIT
1348	run-phase1a-60z59-hg002-grch38-v421	event-run-phase1a-60z59-hg002-grch38-v421-record-1466	run-phase1a-ru88n-hg002-grch38-v421	event-run-phase1a-ru88n-hg002-grch38-v421-record-1465	CROSS_RUN_EQUIVALENCE_UNRESOLVED	True	True	True	True	2	2	1	1	SINGLE_NORMALIZED_ALLELE	SINGLE_NORMALIZED_ALLELE	SINGLE_NORMALIZED_ALLELE__SINGLE_NORMALIZED_ALLELE	NOT_ASSIGNED_IN_STRUCTURE_AUDIT
1349	run-phase1a-60z59-hg002-grch38-v421	event-run-phase1a-60z59-hg002-grch38-v421-record-1467	run-phase1a-ru88n-hg002-grch38-v421	event-run-phase1a-ru88n-hg002-grch38-v421-record-1466	CROSS_RUN_EQUIVALENCE_UNRESOLVED	True	True	True	True	2	2	1	1	SINGLE_NORMALIZED_ALLELE	SINGLE_NORMALIZED_ALLELE	SINGLE_NORMALIZED_ALLELE__SINGLE_NORMALIZED_ALLELE	NOT_ASSIGNED_IN_STRUCTURE_AUDIT
1350	run-phase1a-60z59-hg002-grch38-v421	event-run-phase1a-60z59-hg002-grch38-v421-record-1468	run-phase1a-ru88n-hg002-grch38-v421	event-run-phase1a-ru88n-hg002-grch38-v421-record-1467	CROSS_RUN_EQUIVALENCE_UNRESOLVED	True	True	True	True	2	2	1	1	SINGLE_NORMALIZED_ALLELE	SINGLE_NORMALIZED_ALLELE	SINGLE_NORMALIZED_ALLELE__SINGLE_NORMALIZED_ALLELE	NOT_ASSIGNED_IN_STRUCTURE_AUDIT
1351	run-phase1a-60z59-hg002-grch38-v421	event-run-phase1a-60z59-hg002-grch38-v421-record-1469	run-phase1a-ru88n-hg002-grch38-v421	event-run-phase1a-ru88n-hg002-grch38-v421-record-1468	CROSS_RUN_EQUIVALENCE_UNRESOLVED	True	True	True	True	2	2	1	1	SINGLE_NORMALIZED_ALLELE	SINGLE_NORMALIZED_ALLELE	SINGLE_NORMALIZED_ALLELE__SINGLE_NORMALIZED_ALLELE	NOT_ASSIGNED_IN_STRUCTURE_AUDIT
1352	run-phase1a-60z59-hg002-grch38-v421	event-run-phase1a-60z59-hg002-grch38-v421-record-1470	run-phase1a-ru88n-hg002-grch38-v421	event-run-phase1a-ru88n-hg002-grch38-v421-record-1469	CROSS_RUN_EQUIVALENCE_UNRESOLVED	True	True	True	True	2	2	1	1	SINGLE_NORMALIZED_ALLELE	SINGLE_NORMALIZED_ALLELE	SINGLE_NORMALIZED_ALLELE__SINGLE_NORMALIZED_ALLELE	NOT_ASSIGNED_IN_STRUCTURE_AUDIT
1353	run-phase1a-60z59-hg002-grch38-v421	event-run-phase1a-60z59-hg002-grch38-v421-record-1471	run-phase1a-ru88n-hg002-grch38-v421	event-run-phase1a-ru88n-hg002-grch38-v421-record-1470	CROSS_RUN_EQUIVALENCE_UNRESOLVED	True	True	True	True	2	2	1	1	SINGLE_NORMALIZED_ALLELE	SINGLE_NORMALIZED_ALLELE	SINGLE_NORMALIZED_ALLELE__SINGLE_NORMALIZED_ALLELE	NOT_ASSIGNED_IN_STRUCTURE_AUDIT
1354	run-phase1a-60z59-hg002-grch38-v421	event-run-phase1a-60z59-hg002-grch38-v421-record-1472	run-phase1a-ru88n-hg002-grch38-v421	event-run-phase1a-ru88n-hg002-grch38-v421-record-1471	CROSS_RUN_EQUIVALENCE_UNRESOLVED	True	True	True	True	2	2	1	1	SINGLE_NORMALIZED_ALLELE	SINGLE_NORMALIZED_ALLELE	SINGLE_NORMALIZED_ALLELE__SINGLE_NORMALIZED_ALLELE	NOT_ASSIGNED_IN_STRUCTURE_AUDIT
1355	run-phase1a-60z59-hg002-grch38-v421	event-run-phase1a-60z59-hg002-grch38-v421-record-1473	run-phase1a-ru88n-hg002-grch38-v421	event-run-phase1a-ru88n-hg002-grch38-v421-record-1472	CROSS_RUN_EQUIVALENCE_UNRESOLVED	True	True	True	True	2	2	1	1	SINGLE_NORMALIZED_ALLELE	SINGLE_NORMALIZED_ALLELE	SINGLE_NORMALIZED_ALLELE__SINGLE_NORMALIZED_ALLELE	NOT_ASSIGNED_IN_STRUCTURE_AUDIT
1356	run-phase1a-60z59-hg002-grch38-v421	event-run-phase1a-60z59-hg002-grch38-v421-record-1474	run-phase1a-ru88n-hg002-grch38-v421	event-run-phase1a-ru88n-hg002-grch38-v421-record-1473	CROSS_RUN_EQUIVALENCE_UNRESOLVED	True	True	True	True	2	2	1	1	SINGLE_NORMALIZED_ALLELE	SINGLE_NORMALIZED_ALLELE	SINGLE_NORMALIZED_ALLELE__SINGLE_NORMALIZED_ALLELE	NOT_ASSIGNED_IN_STRUCTURE_AUDIT
1357	run-phase1a-60z59-hg002-grch38-v421	event-run-phase1a-60z59-hg002-grch38-v421-record-1475	run-phase1a-ru88n-hg002-grch38-v421	event-run-phase1a-ru88n-hg002-grch38-v421-record-1474	CROSS_RUN_EQUIVALENCE_UNRESOLVED	True	True	True	True	2	2	1	1	SINGLE_NORMALIZED_ALLELE	SINGLE_NORMALIZED_ALLELE	SINGLE_NORMALIZED_ALLELE__SINGLE_NORMALIZED_ALLELE	NOT_ASSIGNED_IN_STRUCTURE_AUDIT
1358	run-phase1a-60z59-hg002-grch38-v421	event-run-phase1a-60z59-hg002-grch38-v421-record-1476	run-phase1a-ru88n-hg002-grch38-v421	event-run-phase1a-ru88n-hg002-grch38-v421-record-1475	CROSS_RUN_EQUIVALENCE_UNRESOLVED	True	True	True	True	2	2	1	1	SINGLE_NORMALIZED_ALLELE	SINGLE_NORMALIZED_ALLELE	SINGLE_NORMALIZED_ALLELE__SINGLE_NORMALIZED_ALLELE	NOT_ASSIGNED_IN_STRUCTURE_AUDIT
1359	run-phase1a-60z59-hg002-grch38-v421	event-run-phase1a-60z59-hg002-grch38-v421-record-1477	run-phase1a-ru88n-hg002-grch38-v421	event-run-phase1a-ru88n-hg002-grch38-v421-record-1476	CROSS_RUN_EQUIVALENCE_UNRESOLVED	True	True	True	True	2	2	1	1	SINGLE_NORMALIZED_ALLELE	SINGLE_NORMALIZED_ALLELE	SINGLE_NORMALIZED_ALLELE__SINGLE_NORMALIZED_ALLELE	NOT_ASSIGNED_IN_STRUCTURE_AUDIT
1360	run-phase1a-60z59-hg002-grch38-v421	event-run-phase1a-60z59-hg002-grch38-v421-record-1478	run-phase1a-ru88n-hg002-grch38-v421	event-run-phase1a-ru88n-hg002-grch38-v421-record-1477	CROSS_RUN_EQUIVALENCE_UNRESOLVED	True	True	True	True	2	2	1	1	SINGLE_NORMALIZED_ALLELE	SINGLE_NORMALIZED_ALLELE	SINGLE_NORMALIZED_ALLELE__SINGLE_NORMALIZED_ALLELE	NOT_ASSIGNED_IN_STRUCTURE_AUDIT
1361	run-phase1a-60z59-hg002-grch38-v421	event-run-phase1a-60z59-hg002-grch38-v421-record-1479	run-phase1a-ru88n-hg002-grch38-v421	event-run-phase1a-ru88n-hg002-grch38-v421-record-1478	CROSS_RUN_EQUIVALENCE_UNRESOLVED	True	True	True	True	2	2	1	1	SINGLE_NORMALIZED_ALLELE	SINGLE_NORMALIZED_ALLELE	SINGLE_NORMALIZED_ALLELE__SINGLE_NORMALIZED_ALLELE	NOT_ASSIGNED_IN_STRUCTURE_AUDIT
1362	run-phase1a-60z59-hg002-grch38-v421	event-run-phase1a-60z59-hg002-grch38-v421-record-1480	run-phase1a-ru88n-hg002-grch38-v421	event-run-phase1a-ru88n-hg002-grch38-v421-record-1479	CROSS_RUN_EQUIVALENCE_UNRESOLVED	True	True	True	True	2	2	1	1	SINGLE_NORMALIZED_ALLELE	SINGLE_NORMALIZED_ALLELE	SINGLE_NORMALIZED_ALLELE__SINGLE_NORMALIZED_ALLELE	NOT_ASSIGNED_IN_STRUCTURE_AUDIT
1363	run-phase1a-60z59-hg002-grch38-v421	event-run-phase1a-60z59-hg002-grch38-v421-record-1481	run-phase1a-ru88n-hg002-grch38-v421	event-run-phase1a-ru88n-hg002-grch38-v421-record-1480	CROSS_RUN_EQUIVALENCE_UNRESOLVED	True	True	True	True	2	2	1	1	SINGLE_NORMALIZED_ALLELE	SINGLE_NORMALIZED_ALLELE	SINGLE_NORMALIZED_ALLELE__SINGLE_NORMALIZED_ALLELE	NOT_ASSIGNED_IN_STRUCTURE_AUDIT
1364	run-phase1a-60z59-hg002-grch38-v421	event-run-phase1a-60z59-hg002-grch38-v421-record-1482	run-phase1a-ru88n-hg002-grch38-v421	event-run-phase1a-ru88n-hg002-grch38-v421-record-1481	CROSS_RUN_EQUIVALENCE_UNRESOLVED	True	True	True	True	2	2	1	1	SINGLE_NORMALIZED_ALLELE	SINGLE_NORMALIZED_ALLELE	SINGLE_NORMALIZED_ALLELE__SINGLE_NORMALIZED_ALLELE	NOT_ASSIGNED_IN_STRUCTURE_AUDIT
1365	run-phase1a-60z59-hg002-grch38-v421	event-run-phase1a-60z59-hg002-grch38-v421-record-1484	run-phase1a-ru88n-hg002-grch38-v421	event-run-phase1a-ru88n-hg002-grch38-v421-record-1482	CROSS_RUN_EQUIVALENCE_UNRESOLVED	True	True	True	True	2	2	1	1	SINGLE_NORMALIZED_ALLELE	SINGLE_NORMALIZED_ALLELE	SINGLE_NORMALIZED_ALLELE__SINGLE_NORMALIZED_ALLELE	NOT_ASSIGNED_IN_STRUCTURE_AUDIT
1366	run-phase1a-60z59-hg002-grch38-v421	event-run-phase1a-60z59-hg002-grch38-v421-record-1485	run-phase1a-ru88n-hg002-grch38-v421	event-run-phase1a-ru88n-hg002-grch38-v421-record-1485	CROSS_RUN_EQUIVALENCE_UNRESOLVED	True	True	True	True	2	2	1	1	SINGLE_NORMALIZED_ALLELE	SINGLE_NORMALIZED_ALLELE	SINGLE_NORMALIZED_ALLELE__SINGLE_NORMALIZED_ALLELE	NOT_ASSIGNED_IN_STRUCTURE_AUDIT
1367	run-phase1a-60z59-hg002-grch38-v421	event-run-phase1a-60z59-hg002-grch38-v421-record-1486	run-phase1a-ru88n-hg002-grch38-v421	event-run-phase1a-ru88n-hg002-grch38-v421-record-1486	CROSS_RUN_EQUIVALENCE_UNRESOLVED	True	True	True	True	2	2	1	1	SINGLE_NORMALIZED_ALLELE	SINGLE_NORMALIZED_ALLELE	SINGLE_NORMALIZED_ALLELE__SINGLE_NORMALIZED_ALLELE	NOT_ASSIGNED_IN_STRUCTURE_AUDIT
1368	run-phase1a-60z59-hg002-grch38-v421	event-run-phase1a-60z59-hg002-grch38-v421-record-1487	run-phase1a-ru88n-hg002-grch38-v421	event-run-phase1a-ru88n-hg002-grch38-v421-record-1487	CROSS_RUN_EQUIVALENCE_UNRESOLVED	True	True	True	True	2	2	1	1	SINGLE_NORMALIZED_ALLELE	SINGLE_NORMALIZED_ALLELE	SINGLE_NORMALIZED_ALLELE__SINGLE_NORMALIZED_ALLELE	NOT_ASSIGNED_IN_STRUCTURE_AUDIT
1369	run-phase1a-60z59-hg002-grch38-v421	event-run-phase1a-60z59-hg002-grch38-v421-record-1488	run-phase1a-ru88n-hg002-grch38-v421	event-run-phase1a-ru88n-hg002-grch38-v421-record-1488	CROSS_RUN_EQUIVALENCE_UNRESOLVED	True	True	True	True	2	2	1	1	SINGLE_NORMALIZED_ALLELE	SINGLE_NORMALIZED_ALLELE	SINGLE_NORMALIZED_ALLELE__SINGLE_NORMALIZED_ALLELE	NOT_ASSIGNED_IN_STRUCTURE_AUDIT
1370	run-phase1a-60z59-hg002-grch38-v421	event-run-phase1a-60z59-hg002-grch38-v421-record-1489	run-phase1a-ru88n-hg002-grch38-v421	event-run-phase1a-ru88n-hg002-grch38-v421-record-1489	CROSS_RUN_EQUIVALENCE_UNRESOLVED	True	True	True	True	2	2	1	1	SINGLE_NORMALIZED_ALLELE	SINGLE_NORMALIZED_ALLELE	SINGLE_NORMALIZED_ALLELE__SINGLE_NORMALIZED_ALLELE	NOT_ASSIGNED_IN_STRUCTURE_AUDIT
1371	run-phase1a-60z59-hg002-grch38-v421	event-run-phase1a-60z59-hg002-grch38-v421-record-1490	run-phase1a-ru88n-hg002-grch38-v421	event-run-phase1a-ru88n-hg002-grch38-v421-record-1490	CROSS_RUN_EQUIVALENCE_UNRESOLVED	True	True	True	True	2	2	1	1	SINGLE_NORMALIZED_ALLELE	SINGLE_NORMALIZED_ALLELE	SINGLE_NORMALIZED_ALLELE__SINGLE_NORMALIZED_ALLELE	NOT_ASSIGNED_IN_STRUCTURE_AUDIT
1372	run-phase1a-60z59-hg002-grch38-v421	event-run-phase1a-60z59-hg002-grch38-v421-record-1493	run-phase1a-ru88n-hg002-grch38-v421	event-run-phase1a-ru88n-hg002-grch38-v421-record-1493	CROSS_RUN_EQUIVALENCE_UNRESOLVED	True	True	True	True	2	2	1	1	SINGLE_NORMALIZED_ALLELE	SINGLE_NORMALIZED_ALLELE	SINGLE_NORMALIZED_ALLELE__SINGLE_NORMALIZED_ALLELE	NOT_ASSIGNED_IN_STRUCTURE_AUDIT
1373	run-phase1a-60z59-hg002-grch38-v421	event-run-phase1a-60z59-hg002-grch38-v421-record-1494	run-phase1a-ru88n-hg002-grch38-v421	event-run-phase1a-ru88n-hg002-grch38-v421-record-1494	CROSS_RUN_EQUIVALENCE_UNRESOLVED	True	True	True	True	2	2	1	1	SINGLE_NORMALIZED_ALLELE	SINGLE_NORMALIZED_ALLELE	SINGLE_NORMALIZED_ALLELE__SINGLE_NORMALIZED_ALLELE	NOT_ASSIGNED_IN_STRUCTURE_AUDIT
1374	run-phase1a-60z59-hg002-grch38-v421	event-run-phase1a-60z59-hg002-grch38-v421-record-1495	run-phase1a-ru88n-hg002-grch38-v421	event-run-phase1a-ru88n-hg002-grch38-v421-record-1495	CROSS_RUN_EQUIVALENCE_UNRESOLVED	True	True	True	True	2	2	1	1	SINGLE_NORMALIZED_ALLELE	SINGLE_NORMALIZED_ALLELE	SINGLE_NORMALIZED_ALLELE__SINGLE_NORMALIZED_ALLELE	NOT_ASSIGNED_IN_STRUCTURE_AUDIT
1375	run-phase1a-60z59-hg002-grch38-v421	event-run-phase1a-60z59-hg002-grch38-v421-record-1497	run-phase1a-ru88n-hg002-grch38-v421	event-run-phase1a-ru88n-hg002-grch38-v421-record-1496	CROSS_RUN_EQUIVALENCE_UNRESOLVED	True	True	True	True	2	2	1	1	SINGLE_NORMALIZED_ALLELE	SINGLE_NORMALIZED_ALLELE	SINGLE_NORMALIZED_ALLELE__SINGLE_NORMALIZED_ALLELE	NOT_ASSIGNED_IN_STRUCTURE_AUDIT
1376	run-phase1a-60z59-hg002-grch38-v421	event-run-phase1a-60z59-hg002-grch38-v421-record-1498	run-phase1a-ru88n-hg002-grch38-v421	event-run-phase1a-ru88n-hg002-grch38-v421-record-1497	CROSS_RUN_EQUIVALENCE_UNRESOLVED	True	True	True	True	2	2	1	1	SINGLE_NORMALIZED_ALLELE	SINGLE_NORMALIZED_ALLELE	SINGLE_NORMALIZED_ALLELE__SINGLE_NORMALIZED_ALLELE	NOT_ASSIGNED_IN_STRUCTURE_AUDIT
1377	run-phase1a-60z59-hg002-grch38-v421	event-run-phase1a-60z59-hg002-grch38-v421-record-1499	run-phase1a-ru88n-hg002-grch38-v421	event-run-phase1a-ru88n-hg002-grch38-v421-record-1498	CROSS_RUN_EQUIVALENCE_UNRESOLVED	True	True	True	True	2	2	1	1	SINGLE_NORMALIZED_ALLELE	SINGLE_NORMALIZED_ALLELE	SINGLE_NORMALIZED_ALLELE__SINGLE_NORMALIZED_ALLELE	NOT_ASSIGNED_IN_STRUCTURE_AUDIT
1378	run-phase1a-60z59-hg002-grch38-v421	event-run-phase1a-60z59-hg002-grch38-v421-record-1500	run-phase1a-ru88n-hg002-grch38-v421	event-run-phase1a-ru88n-hg002-grch38-v421-record-1499	CROSS_RUN_EQUIVALENCE_UNRESOLVED	True	True	True	True	2	2	1	1	SINGLE_NORMALIZED_ALLELE	SINGLE_NORMALIZED_ALLELE	SINGLE_NORMALIZED_ALLELE__SINGLE_NORMALIZED_ALLELE	NOT_ASSIGNED_IN_STRUCTURE_AUDIT
1379	run-phase1a-60z59-hg002-grch38-v421	event-run-phase1a-60z59-hg002-grch38-v421-record-1501	run-phase1a-ru88n-hg002-grch38-v421	event-run-phase1a-ru88n-hg002-grch38-v421-record-1500	CROSS_RUN_EQUIVALENCE_UNRESOLVED	True	True	True	True	2	2	1	1	SINGLE_NORMALIZED_ALLELE	SINGLE_NORMALIZED_ALLELE	SINGLE_NORMALIZED_ALLELE__SINGLE_NORMALIZED_ALLELE	NOT_ASSIGNED_IN_STRUCTURE_AUDIT
1380	run-phase1a-60z59-hg002-grch38-v421	event-run-phase1a-60z59-hg002-grch38-v421-record-1502	run-phase1a-ru88n-hg002-grch38-v421	event-run-phase1a-ru88n-hg002-grch38-v421-record-1501	CROSS_RUN_EQUIVALENCE_UNRESOLVED	True	True	True	True	2	2	1	1	SINGLE_NORMALIZED_ALLELE	SINGLE_NORMALIZED_ALLELE	SINGLE_NORMALIZED_ALLELE__SINGLE_NORMALIZED_ALLELE	NOT_ASSIGNED_IN_STRUCTURE_AUDIT
1381	run-phase1a-60z59-hg002-grch38-v421	event-run-phase1a-60z59-hg002-grch38-v421-record-1503	run-phase1a-ru88n-hg002-grch38-v421	event-run-phase1a-ru88n-hg002-grch38-v421-record-1502	CROSS_RUN_EQUIVALENCE_UNRESOLVED	True	True	True	True	2	2	1	1	SINGLE_NORMALIZED_ALLELE	SINGLE_NORMALIZED_ALLELE	SINGLE_NORMALIZED_ALLELE__SINGLE_NORMALIZED_ALLELE	NOT_ASSIGNED_IN_STRUCTURE_AUDIT
1382	run-phase1a-60z59-hg002-grch38-v421	event-run-phase1a-60z59-hg002-grch38-v421-record-1504	run-phase1a-ru88n-hg002-grch38-v421	event-run-phase1a-ru88n-hg002-grch38-v421-record-1503	CROSS_RUN_EQUIVALENCE_UNRESOLVED	True	True	True	True	2	2	1	1	SINGLE_NORMALIZED_ALLELE	SINGLE_NORMALIZED_ALLELE	SINGLE_NORMALIZED_ALLELE__SINGLE_NORMALIZED_ALLELE	NOT_ASSIGNED_IN_STRUCTURE_AUDIT
1383	run-phase1a-60z59-hg002-grch38-v421	event-run-phase1a-60z59-hg002-grch38-v421-record-1505	run-phase1a-ru88n-hg002-grch38-v421	event-run-phase1a-ru88n-hg002-grch38-v421-record-1504	CROSS_RUN_EQUIVALENCE_UNRESOLVED	True	True	True	True	2	2	1	1	SINGLE_NORMALIZED_ALLELE	SINGLE_NORMALIZED_ALLELE	SINGLE_NORMALIZED_ALLELE__SINGLE_NORMALIZED_ALLELE	NOT_ASSIGNED_IN_STRUCTURE_AUDIT
1384	run-phase1a-60z59-hg002-grch38-v421	event-run-phase1a-60z59-hg002-grch38-v421-record-1506	run-phase1a-ru88n-hg002-grch38-v421	event-run-phase1a-ru88n-hg002-grch38-v421-record-1505	CROSS_RUN_EQUIVALENCE_UNRESOLVED	True	True	True	True	2	2	1	1	SINGLE_NORMALIZED_ALLELE	SINGLE_NORMALIZED_ALLELE	SINGLE_NORMALIZED_ALLELE__SINGLE_NORMALIZED_ALLELE	NOT_ASSIGNED_IN_STRUCTURE_AUDIT
1385	run-phase1a-60z59-hg002-grch38-v421	event-run-phase1a-60z59-hg002-grch38-v421-record-1507	run-phase1a-ru88n-hg002-grch38-v421	event-run-phase1a-ru88n-hg002-grch38-v421-record-1506	CROSS_RUN_EQUIVALENCE_UNRESOLVED	True	True	True	True	2	2	1	1	SINGLE_NORMALIZED_ALLELE	SINGLE_NORMALIZED_ALLELE	SINGLE_NORMALIZED_ALLELE__SINGLE_NORMALIZED_ALLELE	NOT_ASSIGNED_IN_STRUCTURE_AUDIT
1386	run-phase1a-60z59-hg002-grch38-v421	event-run-phase1a-60z59-hg002-grch38-v421-record-1508	run-phase1a-ru88n-hg002-grch38-v421	event-run-phase1a-ru88n-hg002-grch38-v421-record-1507	CROSS_RUN_EQUIVALENCE_UNRESOLVED	True	True	True	True	2	2	1	1	SINGLE_NORMALIZED_ALLELE	SINGLE_NORMALIZED_ALLELE	SINGLE_NORMALIZED_ALLELE__SINGLE_NORMALIZED_ALLELE	NOT_ASSIGNED_IN_STRUCTURE_AUDIT
1387	run-phase1a-60z59-hg002-grch38-v421	event-run-phase1a-60z59-hg002-grch38-v421-record-1509	run-phase1a-ru88n-hg002-grch38-v421	event-run-phase1a-ru88n-hg002-grch38-v421-record-1508	CROSS_RUN_EQUIVALENCE_UNRESOLVED	True	True	True	True	2	2	1	1	SINGLE_NORMALIZED_ALLELE	SINGLE_NORMALIZED_ALLELE	SINGLE_NORMALIZED_ALLELE__SINGLE_NORMALIZED_ALLELE	NOT_ASSIGNED_IN_STRUCTURE_AUDIT
1388	run-phase1a-60z59-hg002-grch38-v421	event-run-phase1a-60z59-hg002-grch38-v421-record-1510	run-phase1a-ru88n-hg002-grch38-v421	event-run-phase1a-ru88n-hg002-grch38-v421-record-1509	CROSS_RUN_EQUIVALENCE_UNRESOLVED	True	True	True	True	2	2	1	1	SINGLE_NORMALIZED_ALLELE	SINGLE_NORMALIZED_ALLELE	SINGLE_NORMALIZED_ALLELE__SINGLE_NORMALIZED_ALLELE	NOT_ASSIGNED_IN_STRUCTURE_AUDIT
1389	run-phase1a-60z59-hg002-grch38-v421	event-run-phase1a-60z59-hg002-grch38-v421-record-1511	run-phase1a-ru88n-hg002-grch38-v421	event-run-phase1a-ru88n-hg002-grch38-v421-record-1510	CROSS_RUN_EQUIVALENCE_UNRESOLVED	True	True	True	True	2	2	1	1	SINGLE_NORMALIZED_ALLELE	SINGLE_NORMALIZED_ALLELE	SINGLE_NORMALIZED_ALLELE__SINGLE_NORMALIZED_ALLELE	NOT_ASSIGNED_IN_STRUCTURE_AUDIT
1390	run-phase1a-60z59-hg002-grch38-v421	event-run-phase1a-60z59-hg002-grch38-v421-record-1512	run-phase1a-ru88n-hg002-grch38-v421	event-run-phase1a-ru88n-hg002-grch38-v421-record-1511	CROSS_RUN_EQUIVALENCE_UNRESOLVED	True	True	True	True	2	2	1	1	SINGLE_NORMALIZED_ALLELE	SINGLE_NORMALIZED_ALLELE	SINGLE_NORMALIZED_ALLELE__SINGLE_NORMALIZED_ALLELE	NOT_ASSIGNED_IN_STRUCTURE_AUDIT
1391	run-phase1a-60z59-hg002-grch38-v421	event-run-phase1a-60z59-hg002-grch38-v421-record-1513	run-phase1a-ru88n-hg002-grch38-v421	event-run-phase1a-ru88n-hg002-grch38-v421-record-1512	CROSS_RUN_EQUIVALENCE_UNRESOLVED	True	True	True	True	2	2	1	1	SINGLE_NORMALIZED_ALLELE	SINGLE_NORMALIZED_ALLELE	SINGLE_NORMALIZED_ALLELE__SINGLE_NORMALIZED_ALLELE	NOT_ASSIGNED_IN_STRUCTURE_AUDIT
1392	run-phase1a-60z59-hg002-grch38-v421	event-run-phase1a-60z59-hg002-grch38-v421-record-1514	run-phase1a-ru88n-hg002-grch38-v421	event-run-phase1a-ru88n-hg002-grch38-v421-record-1514	CROSS_RUN_EQUIVALENCE_UNRESOLVED	True	True	True	True	2	2	1	1	SINGLE_NORMALIZED_ALLELE	SINGLE_NORMALIZED_ALLELE	SINGLE_NORMALIZED_ALLELE__SINGLE_NORMALIZED_ALLELE	NOT_ASSIGNED_IN_STRUCTURE_AUDIT
1393	run-phase1a-60z59-hg002-grch38-v421	event-run-phase1a-60z59-hg002-grch38-v421-record-1515	run-phase1a-ru88n-hg002-grch38-v421	event-run-phase1a-ru88n-hg002-grch38-v421-record-1515	CROSS_RUN_EQUIVALENCE_UNRESOLVED	True	True	True	True	2	2	1	1	SINGLE_NORMALIZED_ALLELE	SINGLE_NORMALIZED_ALLELE	SINGLE_NORMALIZED_ALLELE__SINGLE_NORMALIZED_ALLELE	NOT_ASSIGNED_IN_STRUCTURE_AUDIT
1394	run-phase1a-60z59-hg002-grch38-v421	event-run-phase1a-60z59-hg002-grch38-v421-record-1516	run-phase1a-ru88n-hg002-grch38-v421	event-run-phase1a-ru88n-hg002-grch38-v421-record-1516	CROSS_RUN_EQUIVALENCE_UNRESOLVED	True	True	True	True	2	2	1	1	SINGLE_NORMALIZED_ALLELE	SINGLE_NORMALIZED_ALLELE	SINGLE_NORMALIZED_ALLELE__SINGLE_NORMALIZED_ALLELE	NOT_ASSIGNED_IN_STRUCTURE_AUDIT
1395	run-phase1a-60z59-hg002-grch38-v421	event-run-phase1a-60z59-hg002-grch38-v421-record-1517	run-phase1a-ru88n-hg002-grch38-v421	event-run-phase1a-ru88n-hg002-grch38-v421-record-1517	CROSS_RUN_EQUIVALENCE_UNRESOLVED	True	True	True	True	2	2	1	1	SINGLE_NORMALIZED_ALLELE	SINGLE_NORMALIZED_ALLELE	SINGLE_NORMALIZED_ALLELE__SINGLE_NORMALIZED_ALLELE	NOT_ASSIGNED_IN_STRUCTURE_AUDIT
1396	run-phase1a-60z59-hg002-grch38-v421	event-run-phase1a-60z59-hg002-grch38-v421-record-1518	run-phase1a-ru88n-hg002-grch38-v421	event-run-phase1a-ru88n-hg002-grch38-v421-record-1518	CROSS_RUN_EQUIVALENCE_UNRESOLVED	True	True	True	True	2	2	1	1	SINGLE_NORMALIZED_ALLELE	SINGLE_NORMALIZED_ALLELE	SINGLE_NORMALIZED_ALLELE__SINGLE_NORMALIZED_ALLELE	NOT_ASSIGNED_IN_STRUCTURE_AUDIT
1397	run-phase1a-60z59-hg002-grch38-v421	event-run-phase1a-60z59-hg002-grch38-v421-record-1519	run-phase1a-ru88n-hg002-grch38-v421	event-run-phase1a-ru88n-hg002-grch38-v421-record-1519	CROSS_RUN_EQUIVALENCE_UNRESOLVED	True	True	True	True	2	2	1	1	SINGLE_NORMALIZED_ALLELE	SINGLE_NORMALIZED_ALLELE	SINGLE_NORMALIZED_ALLELE__SINGLE_NORMALIZED_ALLELE	NOT_ASSIGNED_IN_STRUCTURE_AUDIT
1398	run-phase1a-60z59-hg002-grch38-v421	event-run-phase1a-60z59-hg002-grch38-v421-record-1520	run-phase1a-ru88n-hg002-grch38-v421	event-run-phase1a-ru88n-hg002-grch38-v421-record-1520	CROSS_RUN_EQUIVALENCE_UNRESOLVED	True	True	True	True	2	2	1	1	SINGLE_NORMALIZED_ALLELE	SINGLE_NORMALIZED_ALLELE	SINGLE_NORMALIZED_ALLELE__SINGLE_NORMALIZED_ALLELE	NOT_ASSIGNED_IN_STRUCTURE_AUDIT
1399	run-phase1a-60z59-hg002-grch38-v421	event-run-phase1a-60z59-hg002-grch38-v421-record-1521	run-phase1a-ru88n-hg002-grch38-v421	event-run-phase1a-ru88n-hg002-grch38-v421-record-1521	CROSS_RUN_EQUIVALENCE_UNRESOLVED	True	True	True	True	2	2	1	1	SINGLE_NORMALIZED_ALLELE	SINGLE_NORMALIZED_ALLELE	SINGLE_NORMALIZED_ALLELE__SINGLE_NORMALIZED_ALLELE	NOT_ASSIGNED_IN_STRUCTURE_AUDIT
1400	run-phase1a-60z59-hg002-grch38-v421	event-run-phase1a-60z59-hg002-grch38-v421-record-1522	run-phase1a-ru88n-hg002-grch38-v421	event-run-phase1a-ru88n-hg002-grch38-v421-record-1522	CROSS_RUN_EQUIVALENCE_UNRESOLVED	True	True	True	True	2	2	1	1	SINGLE_NORMALIZED_ALLELE	SINGLE_NORMALIZED_ALLELE	SINGLE_NORMALIZED_ALLELE__SINGLE_NORMALIZED_ALLELE	NOT_ASSIGNED_IN_STRUCTURE_AUDIT
1401	run-phase1a-60z59-hg002-grch38-v421	event-run-phase1a-60z59-hg002-grch38-v421-record-1523	run-phase1a-ru88n-hg002-grch38-v421	event-run-phase1a-ru88n-hg002-grch38-v421-record-1523	CROSS_RUN_EQUIVALENCE_UNRESOLVED	True	True	True	True	2	2	1	1	SINGLE_NORMALIZED_ALLELE	SINGLE_NORMALIZED_ALLELE	SINGLE_NORMALIZED_ALLELE__SINGLE_NORMALIZED_ALLELE	NOT_ASSIGNED_IN_STRUCTURE_AUDIT
1402	run-phase1a-60z59-hg002-grch38-v421	event-run-phase1a-60z59-hg002-grch38-v421-record-1524	run-phase1a-ru88n-hg002-grch38-v421	event-run-phase1a-ru88n-hg002-grch38-v421-record-1524	CROSS_RUN_EQUIVALENCE_UNRESOLVED	True	True	True	True	2	2	1	1	SINGLE_NORMALIZED_ALLELE	SINGLE_NORMALIZED_ALLELE	SINGLE_NORMALIZED_ALLELE__SINGLE_NORMALIZED_ALLELE	NOT_ASSIGNED_IN_STRUCTURE_AUDIT
1403	run-phase1a-60z59-hg002-grch38-v421	event-run-phase1a-60z59-hg002-grch38-v421-record-1525	run-phase1a-ru88n-hg002-grch38-v421	event-run-phase1a-ru88n-hg002-grch38-v421-record-1525	CROSS_RUN_EQUIVALENCE_UNRESOLVED	True	True	True	True	2	2	1	1	SINGLE_NORMALIZED_ALLELE	SINGLE_NORMALIZED_ALLELE	SINGLE_NORMALIZED_ALLELE__SINGLE_NORMALIZED_ALLELE	NOT_ASSIGNED_IN_STRUCTURE_AUDIT
1404	run-phase1a-60z59-hg002-grch38-v421	event-run-phase1a-60z59-hg002-grch38-v421-record-1526	run-phase1a-ru88n-hg002-grch38-v421	event-run-phase1a-ru88n-hg002-grch38-v421-record-1526	CROSS_RUN_EQUIVALENCE_UNRESOLVED	True	True	True	True	2	2	1	1	SINGLE_NORMALIZED_ALLELE	SINGLE_NORMALIZED_ALLELE	SINGLE_NORMALIZED_ALLELE__SINGLE_NORMALIZED_ALLELE	NOT_ASSIGNED_IN_STRUCTURE_AUDIT
1405	run-phase1a-60z59-hg002-grch38-v421	event-run-phase1a-60z59-hg002-grch38-v421-record-1527	run-phase1a-ru88n-hg002-grch38-v421	event-run-phase1a-ru88n-hg002-grch38-v421-record-1527	CROSS_RUN_EQUIVALENCE_UNRESOLVED	True	True	True	True	2	2	1	1	SINGLE_NORMALIZED_ALLELE	SINGLE_NORMALIZED_ALLELE	SINGLE_NORMALIZED_ALLELE__SINGLE_NORMALIZED_ALLELE	NOT_ASSIGNED_IN_STRUCTURE_AUDIT
1406	run-phase1a-60z59-hg002-grch38-v421	event-run-phase1a-60z59-hg002-grch38-v421-record-1528	run-phase1a-ru88n-hg002-grch38-v421	event-run-phase1a-ru88n-hg002-grch38-v421-record-1528	CROSS_RUN_EQUIVALENCE_UNRESOLVED	True	True	True	True	2	2	1	1	SINGLE_NORMALIZED_ALLELE	SINGLE_NORMALIZED_ALLELE	SINGLE_NORMALIZED_ALLELE__SINGLE_NORMALIZED_ALLELE	NOT_ASSIGNED_IN_STRUCTURE_AUDIT
1407	run-phase1a-60z59-hg002-grch38-v421	event-run-phase1a-60z59-hg002-grch38-v421-record-1529	run-phase1a-ru88n-hg002-grch38-v421	event-run-phase1a-ru88n-hg002-grch38-v421-record-1529	CROSS_RUN_EQUIVALENCE_UNRESOLVED	True	True	True	True	2	2	1	1	SINGLE_NORMALIZED_ALLELE	SINGLE_NORMALIZED_ALLELE	SINGLE_NORMALIZED_ALLELE__SINGLE_NORMALIZED_ALLELE	NOT_ASSIGNED_IN_STRUCTURE_AUDIT
1408	run-phase1a-60z59-hg002-grch38-v421	event-run-phase1a-60z59-hg002-grch38-v421-record-1530	run-phase1a-ru88n-hg002-grch38-v421	event-run-phase1a-ru88n-hg002-grch38-v421-record-1530	CROSS_RUN_EQUIVALENCE_UNRESOLVED	True	True	True	True	2	2	1	1	SINGLE_NORMALIZED_ALLELE	SINGLE_NORMALIZED_ALLELE	SINGLE_NORMALIZED_ALLELE__SINGLE_NORMALIZED_ALLELE	NOT_ASSIGNED_IN_STRUCTURE_AUDIT
1409	run-phase1a-60z59-hg002-grch38-v421	event-run-phase1a-60z59-hg002-grch38-v421-record-1531	run-phase1a-ru88n-hg002-grch38-v421	event-run-phase1a-ru88n-hg002-grch38-v421-record-1531	CROSS_RUN_EQUIVALENCE_UNRESOLVED	True	True	True	True	2	2	1	1	SINGLE_NORMALIZED_ALLELE	SINGLE_NORMALIZED_ALLELE	SINGLE_NORMALIZED_ALLELE__SINGLE_NORMALIZED_ALLELE	NOT_ASSIGNED_IN_STRUCTURE_AUDIT
1410	run-phase1a-60z59-hg002-grch38-v421	event-run-phase1a-60z59-hg002-grch38-v421-record-1532	run-phase1a-ru88n-hg002-grch38-v421	event-run-phase1a-ru88n-hg002-grch38-v421-record-1532	CROSS_RUN_EQUIVALENCE_UNRESOLVED	True	True	True	True	2	2	1	1	SINGLE_NORMALIZED_ALLELE	SINGLE_NORMALIZED_ALLELE	SINGLE_NORMALIZED_ALLELE__SINGLE_NORMALIZED_ALLELE	NOT_ASSIGNED_IN_STRUCTURE_AUDIT
1411	run-phase1a-60z59-hg002-grch38-v421	event-run-phase1a-60z59-hg002-grch38-v421-record-1533	run-phase1a-ru88n-hg002-grch38-v421	event-run-phase1a-ru88n-hg002-grch38-v421-record-1533	CROSS_RUN_EQUIVALENCE_UNRESOLVED	True	True	True	True	2	2	1	1	SINGLE_NORMALIZED_ALLELE	SINGLE_NORMALIZED_ALLELE	SINGLE_NORMALIZED_ALLELE__SINGLE_NORMALIZED_ALLELE	NOT_ASSIGNED_IN_STRUCTURE_AUDIT
1412	run-phase1a-60z59-hg002-grch38-v421	event-run-phase1a-60z59-hg002-grch38-v421-record-1534	run-phase1a-ru88n-hg002-grch38-v421	event-run-phase1a-ru88n-hg002-grch38-v421-record-1534	CROSS_RUN_EQUIVALENCE_UNRESOLVED	True	True	True	True	2	2	1	1	SINGLE_NORMALIZED_ALLELE	SINGLE_NORMALIZED_ALLELE	SINGLE_NORMALIZED_ALLELE__SINGLE_NORMALIZED_ALLELE	NOT_ASSIGNED_IN_STRUCTURE_AUDIT
1413	run-phase1a-60z59-hg002-grch38-v421	event-run-phase1a-60z59-hg002-grch38-v421-record-1535	run-phase1a-ru88n-hg002-grch38-v421	event-run-phase1a-ru88n-hg002-grch38-v421-record-1535	CROSS_RUN_EQUIVALENCE_UNRESOLVED	True	True	True	True	2	2	1	1	SINGLE_NORMALIZED_ALLELE	SINGLE_NORMALIZED_ALLELE	SINGLE_NORMALIZED_ALLELE__SINGLE_NORMALIZED_ALLELE	NOT_ASSIGNED_IN_STRUCTURE_AUDIT
1414	run-phase1a-60z59-hg002-grch38-v421	event-run-phase1a-60z59-hg002-grch38-v421-record-1536	run-phase1a-ru88n-hg002-grch38-v421	event-run-phase1a-ru88n-hg002-grch38-v421-record-1536	CROSS_RUN_EQUIVALENCE_UNRESOLVED	True	True	True	True	2	2	1	1	SINGLE_NORMALIZED_ALLELE	SINGLE_NORMALIZED_ALLELE	SINGLE_NORMALIZED_ALLELE__SINGLE_NORMALIZED_ALLELE	NOT_ASSIGNED_IN_STRUCTURE_AUDIT
1415	run-phase1a-60z59-hg002-grch38-v421	event-run-phase1a-60z59-hg002-grch38-v421-record-1537	run-phase1a-ru88n-hg002-grch38-v421	event-run-phase1a-ru88n-hg002-grch38-v421-record-1537	CROSS_RUN_EQUIVALENCE_UNRESOLVED	True	True	True	True	2	2	1	1	SINGLE_NORMALIZED_ALLELE	SINGLE_NORMALIZED_ALLELE	SINGLE_NORMALIZED_ALLELE__SINGLE_NORMALIZED_ALLELE	NOT_ASSIGNED_IN_STRUCTURE_AUDIT
1416	run-phase1a-60z59-hg002-grch38-v421	event-run-phase1a-60z59-hg002-grch38-v421-record-1538	run-phase1a-ru88n-hg002-grch38-v421	event-run-phase1a-ru88n-hg002-grch38-v421-record-1538	CROSS_RUN_EQUIVALENCE_UNRESOLVED	True	True	True	True	2	2	1	1	SINGLE_NORMALIZED_ALLELE	SINGLE_NORMALIZED_ALLELE	SINGLE_NORMALIZED_ALLELE__SINGLE_NORMALIZED_ALLELE	NOT_ASSIGNED_IN_STRUCTURE_AUDIT
1417	run-phase1a-60z59-hg002-grch38-v421	event-run-phase1a-60z59-hg002-grch38-v421-record-1539	run-phase1a-ru88n-hg002-grch38-v421	event-run-phase1a-ru88n-hg002-grch38-v421-record-1539	CROSS_RUN_EQUIVALENCE_UNRESOLVED	True	True	True	True	2	2	1	1	SINGLE_NORMALIZED_ALLELE	SINGLE_NORMALIZED_ALLELE	SINGLE_NORMALIZED_ALLELE__SINGLE_NORMALIZED_ALLELE	NOT_ASSIGNED_IN_STRUCTURE_AUDIT
1418	run-phase1a-60z59-hg002-grch38-v421	event-run-phase1a-60z59-hg002-grch38-v421-record-1540	run-phase1a-ru88n-hg002-grch38-v421	event-run-phase1a-ru88n-hg002-grch38-v421-record-1540	CROSS_RUN_EQUIVALENCE_UNRESOLVED	True	True	True	True	2	2	1	1	SINGLE_NORMALIZED_ALLELE	SINGLE_NORMALIZED_ALLELE	SINGLE_NORMALIZED_ALLELE__SINGLE_NORMALIZED_ALLELE	NOT_ASSIGNED_IN_STRUCTURE_AUDIT
1419	run-phase1a-60z59-hg002-grch38-v421	event-run-phase1a-60z59-hg002-grch38-v421-record-1541	run-phase1a-ru88n-hg002-grch38-v421	event-run-phase1a-ru88n-hg002-grch38-v421-record-1541	CROSS_RUN_EQUIVALENCE_UNRESOLVED	True	True	True	True	2	2	1	1	SINGLE_NORMALIZED_ALLELE	SINGLE_NORMALIZED_ALLELE	SINGLE_NORMALIZED_ALLELE__SINGLE_NORMALIZED_ALLELE	NOT_ASSIGNED_IN_STRUCTURE_AUDIT
1420	run-phase1a-60z59-hg002-grch38-v421	event-run-phase1a-60z59-hg002-grch38-v421-record-1542	run-phase1a-ru88n-hg002-grch38-v421	event-run-phase1a-ru88n-hg002-grch38-v421-record-1542	CROSS_RUN_EQUIVALENCE_UNRESOLVED	True	True	True	True	2	2	1	1	SINGLE_NORMALIZED_ALLELE	SINGLE_NORMALIZED_ALLELE	SINGLE_NORMALIZED_ALLELE__SINGLE_NORMALIZED_ALLELE	NOT_ASSIGNED_IN_STRUCTURE_AUDIT
1421	run-phase1a-60z59-hg002-grch38-v421	event-run-phase1a-60z59-hg002-grch38-v421-record-1543	run-phase1a-ru88n-hg002-grch38-v421	event-run-phase1a-ru88n-hg002-grch38-v421-record-1543	CROSS_RUN_EQUIVALENCE_UNRESOLVED	True	True	True	True	2	2	1	1	SINGLE_NORMALIZED_ALLELE	SINGLE_NORMALIZED_ALLELE	SINGLE_NORMALIZED_ALLELE__SINGLE_NORMALIZED_ALLELE	NOT_ASSIGNED_IN_STRUCTURE_AUDIT
1422	run-phase1a-60z59-hg002-grch38-v421	event-run-phase1a-60z59-hg002-grch38-v421-record-1544	run-phase1a-ru88n-hg002-grch38-v421	event-run-phase1a-ru88n-hg002-grch38-v421-record-1544	CROSS_RUN_EQUIVALENCE_UNRESOLVED	True	True	True	True	2	2	1	1	SINGLE_NORMALIZED_ALLELE	SINGLE_NORMALIZED_ALLELE	SINGLE_NORMALIZED_ALLELE__SINGLE_NORMALIZED_ALLELE	NOT_ASSIGNED_IN_STRUCTURE_AUDIT
1423	run-phase1a-60z59-hg002-grch38-v421	event-run-phase1a-60z59-hg002-grch38-v421-record-1545	run-phase1a-ru88n-hg002-grch38-v421	event-run-phase1a-ru88n-hg002-grch38-v421-record-1545	CROSS_RUN_EQUIVALENCE_UNRESOLVED	True	True	True	True	2	2	1	1	SINGLE_NORMALIZED_ALLELE	SINGLE_NORMALIZED_ALLELE	SINGLE_NORMALIZED_ALLELE__SINGLE_NORMALIZED_ALLELE	NOT_ASSIGNED_IN_STRUCTURE_AUDIT
1424	run-phase1a-60z59-hg002-grch38-v421	event-run-phase1a-60z59-hg002-grch38-v421-record-1546	run-phase1a-ru88n-hg002-grch38-v421	event-run-phase1a-ru88n-hg002-grch38-v421-record-1547	CROSS_RUN_EQUIVALENCE_UNRESOLVED	True	True	True	True	2	2	1	1	SINGLE_NORMALIZED_ALLELE	SINGLE_NORMALIZED_ALLELE	SINGLE_NORMALIZED_ALLELE__SINGLE_NORMALIZED_ALLELE	NOT_ASSIGNED_IN_STRUCTURE_AUDIT
1425	run-phase1a-60z59-hg002-grch38-v421	event-run-phase1a-60z59-hg002-grch38-v421-record-1547	run-phase1a-ru88n-hg002-grch38-v421	event-run-phase1a-ru88n-hg002-grch38-v421-record-1548	CROSS_RUN_EQUIVALENCE_UNRESOLVED	True	True	True	True	2	2	1	1	SINGLE_NORMALIZED_ALLELE	SINGLE_NORMALIZED_ALLELE	SINGLE_NORMALIZED_ALLELE__SINGLE_NORMALIZED_ALLELE	NOT_ASSIGNED_IN_STRUCTURE_AUDIT
1426	run-phase1a-60z59-hg002-grch38-v421	event-run-phase1a-60z59-hg002-grch38-v421-record-1548	run-phase1a-ru88n-hg002-grch38-v421	event-run-phase1a-ru88n-hg002-grch38-v421-record-1549	CROSS_RUN_EQUIVALENCE_UNRESOLVED	True	True	True	True	2	2	1	1	SINGLE_NORMALIZED_ALLELE	SINGLE_NORMALIZED_ALLELE	SINGLE_NORMALIZED_ALLELE__SINGLE_NORMALIZED_ALLELE	NOT_ASSIGNED_IN_STRUCTURE_AUDIT
1427	run-phase1a-60z59-hg002-grch38-v421	event-run-phase1a-60z59-hg002-grch38-v421-record-1549	run-phase1a-ru88n-hg002-grch38-v421	event-run-phase1a-ru88n-hg002-grch38-v421-record-1550	CROSS_RUN_EQUIVALENCE_UNRESOLVED	True	True	True	True	2	2	1	1	SINGLE_NORMALIZED_ALLELE	SINGLE_NORMALIZED_ALLELE	SINGLE_NORMALIZED_ALLELE__SINGLE_NORMALIZED_ALLELE	NOT_ASSIGNED_IN_STRUCTURE_AUDIT
1428	run-phase1a-60z59-hg002-grch38-v421	event-run-phase1a-60z59-hg002-grch38-v421-record-1550	run-phase1a-ru88n-hg002-grch38-v421	event-run-phase1a-ru88n-hg002-grch38-v421-record-1551	CROSS_RUN_EQUIVALENCE_UNRESOLVED	True	True	True	True	2	2	1	1	SINGLE_NORMALIZED_ALLELE	SINGLE_NORMALIZED_ALLELE	SINGLE_NORMALIZED_ALLELE__SINGLE_NORMALIZED_ALLELE	NOT_ASSIGNED_IN_STRUCTURE_AUDIT
1429	run-phase1a-60z59-hg002-grch38-v421	event-run-phase1a-60z59-hg002-grch38-v421-record-1551	run-phase1a-ru88n-hg002-grch38-v421	event-run-phase1a-ru88n-hg002-grch38-v421-record-1552	CROSS_RUN_EQUIVALENCE_UNRESOLVED	True	True	True	True	2	2	1	1	SINGLE_NORMALIZED_ALLELE	SINGLE_NORMALIZED_ALLELE	SINGLE_NORMALIZED_ALLELE__SINGLE_NORMALIZED_ALLELE	NOT_ASSIGNED_IN_STRUCTURE_AUDIT
1430	run-phase1a-60z59-hg002-grch38-v421	event-run-phase1a-60z59-hg002-grch38-v421-record-1552	run-phase1a-ru88n-hg002-grch38-v421	event-run-phase1a-ru88n-hg002-grch38-v421-record-1553	CROSS_RUN_EQUIVALENCE_UNRESOLVED	True	True	True	True	2	2	1	1	SINGLE_NORMALIZED_ALLELE	SINGLE_NORMALIZED_ALLELE	SINGLE_NORMALIZED_ALLELE__SINGLE_NORMALIZED_ALLELE	NOT_ASSIGNED_IN_STRUCTURE_AUDIT
1431	run-phase1a-60z59-hg002-grch38-v421	event-run-phase1a-60z59-hg002-grch38-v421-record-1553	run-phase1a-ru88n-hg002-grch38-v421	event-run-phase1a-ru88n-hg002-grch38-v421-record-1555	CROSS_RUN_EQUIVALENCE_UNRESOLVED	True	True	True	True	2	2	1	1	SINGLE_NORMALIZED_ALLELE	SINGLE_NORMALIZED_ALLELE	SINGLE_NORMALIZED_ALLELE__SINGLE_NORMALIZED_ALLELE	NOT_ASSIGNED_IN_STRUCTURE_AUDIT
1432	run-phase1a-60z59-hg002-grch38-v421	event-run-phase1a-60z59-hg002-grch38-v421-record-1554	run-phase1a-ru88n-hg002-grch38-v421	event-run-phase1a-ru88n-hg002-grch38-v421-record-1556	CROSS_RUN_EQUIVALENCE_UNRESOLVED	True	True	True	True	2	2	1	1	SINGLE_NORMALIZED_ALLELE	SINGLE_NORMALIZED_ALLELE	SINGLE_NORMALIZED_ALLELE__SINGLE_NORMALIZED_ALLELE	NOT_ASSIGNED_IN_STRUCTURE_AUDIT
1433	run-phase1a-60z59-hg002-grch38-v421	event-run-phase1a-60z59-hg002-grch38-v421-record-1555	run-phase1a-ru88n-hg002-grch38-v421	event-run-phase1a-ru88n-hg002-grch38-v421-record-1558	CROSS_RUN_EQUIVALENCE_UNRESOLVED	True	True	True	True	2	2	1	1	SINGLE_NORMALIZED_ALLELE	SINGLE_NORMALIZED_ALLELE	SINGLE_NORMALIZED_ALLELE__SINGLE_NORMALIZED_ALLELE	NOT_ASSIGNED_IN_STRUCTURE_AUDIT
1434	run-phase1a-60z59-hg002-grch38-v421	event-run-phase1a-60z59-hg002-grch38-v421-record-1556	run-phase1a-ru88n-hg002-grch38-v421	event-run-phase1a-ru88n-hg002-grch38-v421-record-1559	CROSS_RUN_EQUIVALENCE_UNRESOLVED	True	True	True	True	2	2	1	1	SINGLE_NORMALIZED_ALLELE	SINGLE_NORMALIZED_ALLELE	SINGLE_NORMALIZED_ALLELE__SINGLE_NORMALIZED_ALLELE	NOT_ASSIGNED_IN_STRUCTURE_AUDIT
1435	run-phase1a-60z59-hg002-grch38-v421	event-run-phase1a-60z59-hg002-grch38-v421-record-1557	run-phase1a-ru88n-hg002-grch38-v421	event-run-phase1a-ru88n-hg002-grch38-v421-record-1560	CROSS_RUN_EQUIVALENCE_UNRESOLVED	True	True	True	True	2	2	1	1	SINGLE_NORMALIZED_ALLELE	SINGLE_NORMALIZED_ALLELE	SINGLE_NORMALIZED_ALLELE__SINGLE_NORMALIZED_ALLELE	NOT_ASSIGNED_IN_STRUCTURE_AUDIT
1436	run-phase1a-60z59-hg002-grch38-v421	event-run-phase1a-60z59-hg002-grch38-v421-record-1558	run-phase1a-ru88n-hg002-grch38-v421	event-run-phase1a-ru88n-hg002-grch38-v421-record-1561	CROSS_RUN_EQUIVALENCE_UNRESOLVED	True	True	True	True	2	2	1	1	SINGLE_NORMALIZED_ALLELE	SINGLE_NORMALIZED_ALLELE	SINGLE_NORMALIZED_ALLELE__SINGLE_NORMALIZED_ALLELE	NOT_ASSIGNED_IN_STRUCTURE_AUDIT
1437	run-phase1a-60z59-hg002-grch38-v421	event-run-phase1a-60z59-hg002-grch38-v421-record-1559	run-phase1a-ru88n-hg002-grch38-v421	event-run-phase1a-ru88n-hg002-grch38-v421-record-1562	CROSS_RUN_EQUIVALENCE_UNRESOLVED	True	True	True	True	2	2	1	1	SINGLE_NORMALIZED_ALLELE	SINGLE_NORMALIZED_ALLELE	SINGLE_NORMALIZED_ALLELE__SINGLE_NORMALIZED_ALLELE	NOT_ASSIGNED_IN_STRUCTURE_AUDIT
1438	run-phase1a-60z59-hg002-grch38-v421	event-run-phase1a-60z59-hg002-grch38-v421-record-1560	run-phase1a-ru88n-hg002-grch38-v421	event-run-phase1a-ru88n-hg002-grch38-v421-record-1563	CROSS_RUN_EQUIVALENCE_UNRESOLVED	True	True	True	True	2	2	1	1	SINGLE_NORMALIZED_ALLELE	SINGLE_NORMALIZED_ALLELE	SINGLE_NORMALIZED_ALLELE__SINGLE_NORMALIZED_ALLELE	NOT_ASSIGNED_IN_STRUCTURE_AUDIT
1439	run-phase1a-60z59-hg002-grch38-v421	event-run-phase1a-60z59-hg002-grch38-v421-record-1561	run-phase1a-ru88n-hg002-grch38-v421	event-run-phase1a-ru88n-hg002-grch38-v421-record-1564	CROSS_RUN_EQUIVALENCE_UNRESOLVED	True	True	True	True	2	2	1	1	SINGLE_NORMALIZED_ALLELE	SINGLE_NORMALIZED_ALLELE	SINGLE_NORMALIZED_ALLELE__SINGLE_NORMALIZED_ALLELE	NOT_ASSIGNED_IN_STRUCTURE_AUDIT
1440	run-phase1a-60z59-hg002-grch38-v421	event-run-phase1a-60z59-hg002-grch38-v421-record-1562	run-phase1a-ru88n-hg002-grch38-v421	event-run-phase1a-ru88n-hg002-grch38-v421-record-1565	CROSS_RUN_EQUIVALENCE_UNRESOLVED	True	True	True	True	2	2	1	1	SINGLE_NORMALIZED_ALLELE	SINGLE_NORMALIZED_ALLELE	SINGLE_NORMALIZED_ALLELE__SINGLE_NORMALIZED_ALLELE	NOT_ASSIGNED_IN_STRUCTURE_AUDIT
1441	run-phase1a-60z59-hg002-grch38-v421	event-run-phase1a-60z59-hg002-grch38-v421-record-1563	run-phase1a-ru88n-hg002-grch38-v421	event-run-phase1a-ru88n-hg002-grch38-v421-record-1566	CROSS_RUN_EQUIVALENCE_UNRESOLVED	True	True	True	True	2	2	1	1	SINGLE_NORMALIZED_ALLELE	SINGLE_NORMALIZED_ALLELE	SINGLE_NORMALIZED_ALLELE__SINGLE_NORMALIZED_ALLELE	NOT_ASSIGNED_IN_STRUCTURE_AUDIT
1442	run-phase1a-60z59-hg002-grch38-v421	event-run-phase1a-60z59-hg002-grch38-v421-record-1564	run-phase1a-ru88n-hg002-grch38-v421	event-run-phase1a-ru88n-hg002-grch38-v421-record-1567	CROSS_RUN_EQUIVALENCE_UNRESOLVED	True	True	True	True	2	2	1	1	SINGLE_NORMALIZED_ALLELE	SINGLE_NORMALIZED_ALLELE	SINGLE_NORMALIZED_ALLELE__SINGLE_NORMALIZED_ALLELE	NOT_ASSIGNED_IN_STRUCTURE_AUDIT
1443	run-phase1a-60z59-hg002-grch38-v421	event-run-phase1a-60z59-hg002-grch38-v421-record-1565	run-phase1a-ru88n-hg002-grch38-v421	event-run-phase1a-ru88n-hg002-grch38-v421-record-1568	CROSS_RUN_EQUIVALENCE_UNRESOLVED	True	True	True	True	2	2	1	1	SINGLE_NORMALIZED_ALLELE	SINGLE_NORMALIZED_ALLELE	SINGLE_NORMALIZED_ALLELE__SINGLE_NORMALIZED_ALLELE	NOT_ASSIGNED_IN_STRUCTURE_AUDIT
1444	run-phase1a-60z59-hg002-grch38-v421	event-run-phase1a-60z59-hg002-grch38-v421-record-1566	run-phase1a-ru88n-hg002-grch38-v421	event-run-phase1a-ru88n-hg002-grch38-v421-record-1569	CROSS_RUN_EQUIVALENCE_UNRESOLVED	True	True	True	True	2	2	1	1	SINGLE_NORMALIZED_ALLELE	SINGLE_NORMALIZED_ALLELE	SINGLE_NORMALIZED_ALLELE__SINGLE_NORMALIZED_ALLELE	NOT_ASSIGNED_IN_STRUCTURE_AUDIT
1445	run-phase1a-60z59-hg002-grch38-v421	event-run-phase1a-60z59-hg002-grch38-v421-record-1567	run-phase1a-ru88n-hg002-grch38-v421	event-run-phase1a-ru88n-hg002-grch38-v421-record-1570	CROSS_RUN_EQUIVALENCE_UNRESOLVED	True	True	True	True	2	2	1	1	SINGLE_NORMALIZED_ALLELE	SINGLE_NORMALIZED_ALLELE	SINGLE_NORMALIZED_ALLELE__SINGLE_NORMALIZED_ALLELE	NOT_ASSIGNED_IN_STRUCTURE_AUDIT
1446	run-phase1a-60z59-hg002-grch38-v421	event-run-phase1a-60z59-hg002-grch38-v421-record-1568	run-phase1a-ru88n-hg002-grch38-v421	event-run-phase1a-ru88n-hg002-grch38-v421-record-1571	CROSS_RUN_EQUIVALENCE_UNRESOLVED	True	True	True	True	2	2	1	1	SINGLE_NORMALIZED_ALLELE	SINGLE_NORMALIZED_ALLELE	SINGLE_NORMALIZED_ALLELE__SINGLE_NORMALIZED_ALLELE	NOT_ASSIGNED_IN_STRUCTURE_AUDIT
1447	run-phase1a-60z59-hg002-grch38-v421	event-run-phase1a-60z59-hg002-grch38-v421-record-1569	run-phase1a-ru88n-hg002-grch38-v421	event-run-phase1a-ru88n-hg002-grch38-v421-record-1572	CROSS_RUN_EQUIVALENCE_UNRESOLVED	True	True	True	True	2	2	1	1	SINGLE_NORMALIZED_ALLELE	SINGLE_NORMALIZED_ALLELE	SINGLE_NORMALIZED_ALLELE__SINGLE_NORMALIZED_ALLELE	NOT_ASSIGNED_IN_STRUCTURE_AUDIT
1448	run-phase1a-60z59-hg002-grch38-v421	event-run-phase1a-60z59-hg002-grch38-v421-record-1570	run-phase1a-ru88n-hg002-grch38-v421	event-run-phase1a-ru88n-hg002-grch38-v421-record-1573	CROSS_RUN_EQUIVALENCE_UNRESOLVED	True	True	True	True	2	2	1	1	SINGLE_NORMALIZED_ALLELE	SINGLE_NORMALIZED_ALLELE	SINGLE_NORMALIZED_ALLELE__SINGLE_NORMALIZED_ALLELE	NOT_ASSIGNED_IN_STRUCTURE_AUDIT
1449	run-phase1a-60z59-hg002-grch38-v421	event-run-phase1a-60z59-hg002-grch38-v421-record-1571	run-phase1a-ru88n-hg002-grch38-v421	event-run-phase1a-ru88n-hg002-grch38-v421-record-1574	CROSS_RUN_EQUIVALENCE_UNRESOLVED	True	True	True	True	2	2	1	1	SINGLE_NORMALIZED_ALLELE	SINGLE_NORMALIZED_ALLELE	SINGLE_NORMALIZED_ALLELE__SINGLE_NORMALIZED_ALLELE	NOT_ASSIGNED_IN_STRUCTURE_AUDIT
1450	run-phase1a-60z59-hg002-grch38-v421	event-run-phase1a-60z59-hg002-grch38-v421-record-1572	run-phase1a-ru88n-hg002-grch38-v421	event-run-phase1a-ru88n-hg002-grch38-v421-record-1575	CROSS_RUN_EQUIVALENCE_UNRESOLVED	True	True	True	True	2	2	1	1	SINGLE_NORMALIZED_ALLELE	SINGLE_NORMALIZED_ALLELE	SINGLE_NORMALIZED_ALLELE__SINGLE_NORMALIZED_ALLELE	NOT_ASSIGNED_IN_STRUCTURE_AUDIT
1451	run-phase1a-60z59-hg002-grch38-v421	event-run-phase1a-60z59-hg002-grch38-v421-record-1573	run-phase1a-ru88n-hg002-grch38-v421	event-run-phase1a-ru88n-hg002-grch38-v421-record-1576	CROSS_RUN_EQUIVALENCE_UNRESOLVED	True	True	True	True	2	2	1	1	SINGLE_NORMALIZED_ALLELE	SINGLE_NORMALIZED_ALLELE	SINGLE_NORMALIZED_ALLELE__SINGLE_NORMALIZED_ALLELE	NOT_ASSIGNED_IN_STRUCTURE_AUDIT
1452	run-phase1a-60z59-hg002-grch38-v421	event-run-phase1a-60z59-hg002-grch38-v421-record-1574	run-phase1a-ru88n-hg002-grch38-v421	event-run-phase1a-ru88n-hg002-grch38-v421-record-1577	CROSS_RUN_EQUIVALENCE_UNRESOLVED	True	True	True	True	2	2	1	1	SINGLE_NORMALIZED_ALLELE	SINGLE_NORMALIZED_ALLELE	SINGLE_NORMALIZED_ALLELE__SINGLE_NORMALIZED_ALLELE	NOT_ASSIGNED_IN_STRUCTURE_AUDIT
1453	run-phase1a-60z59-hg002-grch38-v421	event-run-phase1a-60z59-hg002-grch38-v421-record-1575	run-phase1a-ru88n-hg002-grch38-v421	event-run-phase1a-ru88n-hg002-grch38-v421-record-1578	CROSS_RUN_EQUIVALENCE_UNRESOLVED	True	True	True	True	2	2	1	1	SINGLE_NORMALIZED_ALLELE	SINGLE_NORMALIZED_ALLELE	SINGLE_NORMALIZED_ALLELE__SINGLE_NORMALIZED_ALLELE	NOT_ASSIGNED_IN_STRUCTURE_AUDIT
1454	run-phase1a-60z59-hg002-grch38-v421	event-run-phase1a-60z59-hg002-grch38-v421-record-1576	run-phase1a-ru88n-hg002-grch38-v421	event-run-phase1a-ru88n-hg002-grch38-v421-record-1579	CROSS_RUN_EQUIVALENCE_UNRESOLVED	True	True	True	True	2	2	1	1	SINGLE_NORMALIZED_ALLELE	SINGLE_NORMALIZED_ALLELE	SINGLE_NORMALIZED_ALLELE__SINGLE_NORMALIZED_ALLELE	NOT_ASSIGNED_IN_STRUCTURE_AUDIT
1455	run-phase1a-60z59-hg002-grch38-v421	event-run-phase1a-60z59-hg002-grch38-v421-record-1577	run-phase1a-ru88n-hg002-grch38-v421	event-run-phase1a-ru88n-hg002-grch38-v421-record-1580	CROSS_RUN_EQUIVALENCE_UNRESOLVED	True	True	True	True	2	2	1	1	SINGLE_NORMALIZED_ALLELE	SINGLE_NORMALIZED_ALLELE	SINGLE_NORMALIZED_ALLELE__SINGLE_NORMALIZED_ALLELE	NOT_ASSIGNED_IN_STRUCTURE_AUDIT
1456	run-phase1a-60z59-hg002-grch38-v421	event-run-phase1a-60z59-hg002-grch38-v421-record-1578	run-phase1a-ru88n-hg002-grch38-v421	event-run-phase1a-ru88n-hg002-grch38-v421-record-1581	CROSS_RUN_EQUIVALENCE_UNRESOLVED	True	True	True	True	2	2	1	1	SINGLE_NORMALIZED_ALLELE	SINGLE_NORMALIZED_ALLELE	SINGLE_NORMALIZED_ALLELE__SINGLE_NORMALIZED_ALLELE	NOT_ASSIGNED_IN_STRUCTURE_AUDIT
1457	run-phase1a-60z59-hg002-grch38-v421	event-run-phase1a-60z59-hg002-grch38-v421-record-1579	run-phase1a-ru88n-hg002-grch38-v421	event-run-phase1a-ru88n-hg002-grch38-v421-record-1582	CROSS_RUN_EQUIVALENCE_UNRESOLVED	True	True	True	True	2	2	1	1	SINGLE_NORMALIZED_ALLELE	SINGLE_NORMALIZED_ALLELE	SINGLE_NORMALIZED_ALLELE__SINGLE_NORMALIZED_ALLELE	NOT_ASSIGNED_IN_STRUCTURE_AUDIT
1458	run-phase1a-60z59-hg002-grch38-v421	event-run-phase1a-60z59-hg002-grch38-v421-record-1580	run-phase1a-ru88n-hg002-grch38-v421	event-run-phase1a-ru88n-hg002-grch38-v421-record-1583	CROSS_RUN_EQUIVALENCE_UNRESOLVED	True	True	True	True	2	2	1	1	SINGLE_NORMALIZED_ALLELE	SINGLE_NORMALIZED_ALLELE	SINGLE_NORMALIZED_ALLELE__SINGLE_NORMALIZED_ALLELE	NOT_ASSIGNED_IN_STRUCTURE_AUDIT
1459	run-phase1a-60z59-hg002-grch38-v421	event-run-phase1a-60z59-hg002-grch38-v421-record-1581	run-phase1a-ru88n-hg002-grch38-v421	event-run-phase1a-ru88n-hg002-grch38-v421-record-1584	CROSS_RUN_EQUIVALENCE_UNRESOLVED	True	True	True	True	2	2	1	1	SINGLE_NORMALIZED_ALLELE	SINGLE_NORMALIZED_ALLELE	SINGLE_NORMALIZED_ALLELE__SINGLE_NORMALIZED_ALLELE	NOT_ASSIGNED_IN_STRUCTURE_AUDIT
1460	run-phase1a-60z59-hg002-grch38-v421	event-run-phase1a-60z59-hg002-grch38-v421-record-1582	run-phase1a-ru88n-hg002-grch38-v421	event-run-phase1a-ru88n-hg002-grch38-v421-record-1585	CROSS_RUN_EQUIVALENCE_UNRESOLVED	True	True	True	True	2	2	1	1	SINGLE_NORMALIZED_ALLELE	SINGLE_NORMALIZED_ALLELE	SINGLE_NORMALIZED_ALLELE__SINGLE_NORMALIZED_ALLELE	NOT_ASSIGNED_IN_STRUCTURE_AUDIT
1461	run-phase1a-60z59-hg002-grch38-v421	event-run-phase1a-60z59-hg002-grch38-v421-record-1583	run-phase1a-ru88n-hg002-grch38-v421	event-run-phase1a-ru88n-hg002-grch38-v421-record-1586	CROSS_RUN_EQUIVALENCE_UNRESOLVED	True	True	True	True	2	2	1	1	SINGLE_NORMALIZED_ALLELE	SINGLE_NORMALIZED_ALLELE	SINGLE_NORMALIZED_ALLELE__SINGLE_NORMALIZED_ALLELE	NOT_ASSIGNED_IN_STRUCTURE_AUDIT
1462	run-phase1a-60z59-hg002-grch38-v421	event-run-phase1a-60z59-hg002-grch38-v421-record-1584	run-phase1a-ru88n-hg002-grch38-v421	event-run-phase1a-ru88n-hg002-grch38-v421-record-1587	CROSS_RUN_EQUIVALENCE_UNRESOLVED	True	True	True	True	2	2	1	1	SINGLE_NORMALIZED_ALLELE	SINGLE_NORMALIZED_ALLELE	SINGLE_NORMALIZED_ALLELE__SINGLE_NORMALIZED_ALLELE	NOT_ASSIGNED_IN_STRUCTURE_AUDIT
1463	run-phase1a-60z59-hg002-grch38-v421	event-run-phase1a-60z59-hg002-grch38-v421-record-1585	run-phase1a-ru88n-hg002-grch38-v421	event-run-phase1a-ru88n-hg002-grch38-v421-record-1588	CROSS_RUN_EQUIVALENCE_UNRESOLVED	True	True	True	True	2	2	1	1	SINGLE_NORMALIZED_ALLELE	SINGLE_NORMALIZED_ALLELE	SINGLE_NORMALIZED_ALLELE__SINGLE_NORMALIZED_ALLELE	NOT_ASSIGNED_IN_STRUCTURE_AUDIT
1464	run-phase1a-60z59-hg002-grch38-v421	event-run-phase1a-60z59-hg002-grch38-v421-record-1586	run-phase1a-ru88n-hg002-grch38-v421	event-run-phase1a-ru88n-hg002-grch38-v421-record-1589	CROSS_RUN_EQUIVALENCE_UNRESOLVED	True	True	True	True	2	2	1	1	SINGLE_NORMALIZED_ALLELE	SINGLE_NORMALIZED_ALLELE	SINGLE_NORMALIZED_ALLELE__SINGLE_NORMALIZED_ALLELE	NOT_ASSIGNED_IN_STRUCTURE_AUDIT
1465	run-phase1a-60z59-hg002-grch38-v421	event-run-phase1a-60z59-hg002-grch38-v421-record-1587	run-phase1a-ru88n-hg002-grch38-v421	event-run-phase1a-ru88n-hg002-grch38-v421-record-1590	CROSS_RUN_EQUIVALENCE_UNRESOLVED	True	True	True	True	2	2	1	1	SINGLE_NORMALIZED_ALLELE	SINGLE_NORMALIZED_ALLELE	SINGLE_NORMALIZED_ALLELE__SINGLE_NORMALIZED_ALLELE	NOT_ASSIGNED_IN_STRUCTURE_AUDIT
1466	run-phase1a-60z59-hg002-grch38-v421	event-run-phase1a-60z59-hg002-grch38-v421-record-1588	run-phase1a-ru88n-hg002-grch38-v421	event-run-phase1a-ru88n-hg002-grch38-v421-record-1591	CROSS_RUN_EQUIVALENCE_UNRESOLVED	True	True	True	True	2	2	1	1	SINGLE_NORMALIZED_ALLELE	SINGLE_NORMALIZED_ALLELE	SINGLE_NORMALIZED_ALLELE__SINGLE_NORMALIZED_ALLELE	NOT_ASSIGNED_IN_STRUCTURE_AUDIT
1467	run-phase1a-60z59-hg002-grch38-v421	event-run-phase1a-60z59-hg002-grch38-v421-record-1589	run-phase1a-ru88n-hg002-grch38-v421	event-run-phase1a-ru88n-hg002-grch38-v421-record-1592	CROSS_RUN_EQUIVALENCE_UNRESOLVED	True	True	True	True	2	2	1	1	SINGLE_NORMALIZED_ALLELE	SINGLE_NORMALIZED_ALLELE	SINGLE_NORMALIZED_ALLELE__SINGLE_NORMALIZED_ALLELE	NOT_ASSIGNED_IN_STRUCTURE_AUDIT
1468	run-phase1a-60z59-hg002-grch38-v421	event-run-phase1a-60z59-hg002-grch38-v421-record-1590	run-phase1a-ru88n-hg002-grch38-v421	event-run-phase1a-ru88n-hg002-grch38-v421-record-1593	CROSS_RUN_EQUIVALENCE_UNRESOLVED	True	True	True	True	2	2	1	1	SINGLE_NORMALIZED_ALLELE	SINGLE_NORMALIZED_ALLELE	SINGLE_NORMALIZED_ALLELE__SINGLE_NORMALIZED_ALLELE	NOT_ASSIGNED_IN_STRUCTURE_AUDIT
1469	run-phase1a-60z59-hg002-grch38-v421	event-run-phase1a-60z59-hg002-grch38-v421-record-1591	run-phase1a-ru88n-hg002-grch38-v421	event-run-phase1a-ru88n-hg002-grch38-v421-record-1594	CROSS_RUN_EQUIVALENCE_UNRESOLVED	True	True	True	True	2	2	1	1	SINGLE_NORMALIZED_ALLELE	SINGLE_NORMALIZED_ALLELE	SINGLE_NORMALIZED_ALLELE__SINGLE_NORMALIZED_ALLELE	NOT_ASSIGNED_IN_STRUCTURE_AUDIT
1470	run-phase1a-60z59-hg002-grch38-v421	event-run-phase1a-60z59-hg002-grch38-v421-record-1592	run-phase1a-ru88n-hg002-grch38-v421	event-run-phase1a-ru88n-hg002-grch38-v421-record-1595	CROSS_RUN_EQUIVALENCE_UNRESOLVED	True	True	True	True	2	2	1	1	SINGLE_NORMALIZED_ALLELE	SINGLE_NORMALIZED_ALLELE	SINGLE_NORMALIZED_ALLELE__SINGLE_NORMALIZED_ALLELE	NOT_ASSIGNED_IN_STRUCTURE_AUDIT
1471	run-phase1a-60z59-hg002-grch38-v421	event-run-phase1a-60z59-hg002-grch38-v421-record-1593	run-phase1a-ru88n-hg002-grch38-v421	event-run-phase1a-ru88n-hg002-grch38-v421-record-1596	CROSS_RUN_EQUIVALENCE_UNRESOLVED	True	True	True	True	2	2	1	1	SINGLE_NORMALIZED_ALLELE	SINGLE_NORMALIZED_ALLELE	SINGLE_NORMALIZED_ALLELE__SINGLE_NORMALIZED_ALLELE	NOT_ASSIGNED_IN_STRUCTURE_AUDIT
1472	run-phase1a-60z59-hg002-grch38-v421	event-run-phase1a-60z59-hg002-grch38-v421-record-1594	run-phase1a-ru88n-hg002-grch38-v421	event-run-phase1a-ru88n-hg002-grch38-v421-record-1597	CROSS_RUN_EQUIVALENCE_UNRESOLVED	True	True	True	True	2	2	1	1	SINGLE_NORMALIZED_ALLELE	SINGLE_NORMALIZED_ALLELE	SINGLE_NORMALIZED_ALLELE__SINGLE_NORMALIZED_ALLELE	NOT_ASSIGNED_IN_STRUCTURE_AUDIT
1473	run-phase1a-60z59-hg002-grch38-v421	event-run-phase1a-60z59-hg002-grch38-v421-record-1595	run-phase1a-ru88n-hg002-grch38-v421	event-run-phase1a-ru88n-hg002-grch38-v421-record-1598	CROSS_RUN_EQUIVALENCE_UNRESOLVED	True	True	True	True	2	2	1	1	SINGLE_NORMALIZED_ALLELE	SINGLE_NORMALIZED_ALLELE	SINGLE_NORMALIZED_ALLELE__SINGLE_NORMALIZED_ALLELE	NOT_ASSIGNED_IN_STRUCTURE_AUDIT
1474	run-phase1a-60z59-hg002-grch38-v421	event-run-phase1a-60z59-hg002-grch38-v421-record-1596	run-phase1a-ru88n-hg002-grch38-v421	event-run-phase1a-ru88n-hg002-grch38-v421-record-1599	CROSS_RUN_EQUIVALENCE_UNRESOLVED	True	True	True	True	2	2	1	1	SINGLE_NORMALIZED_ALLELE	SINGLE_NORMALIZED_ALLELE	SINGLE_NORMALIZED_ALLELE__SINGLE_NORMALIZED_ALLELE	NOT_ASSIGNED_IN_STRUCTURE_AUDIT
1475	run-phase1a-60z59-hg002-grch38-v421	event-run-phase1a-60z59-hg002-grch38-v421-record-1597	run-phase1a-ru88n-hg002-grch38-v421	event-run-phase1a-ru88n-hg002-grch38-v421-record-1600	CROSS_RUN_EQUIVALENCE_UNRESOLVED	True	True	True	True	2	2	1	1	SINGLE_NORMALIZED_ALLELE	SINGLE_NORMALIZED_ALLELE	SINGLE_NORMALIZED_ALLELE__SINGLE_NORMALIZED_ALLELE	NOT_ASSIGNED_IN_STRUCTURE_AUDIT
1476	run-phase1a-60z59-hg002-grch38-v421	event-run-phase1a-60z59-hg002-grch38-v421-record-1598	run-phase1a-ru88n-hg002-grch38-v421	event-run-phase1a-ru88n-hg002-grch38-v421-record-1601	CROSS_RUN_EQUIVALENCE_UNRESOLVED	True	True	True	True	2	2	1	1	SINGLE_NORMALIZED_ALLELE	SINGLE_NORMALIZED_ALLELE	SINGLE_NORMALIZED_ALLELE__SINGLE_NORMALIZED_ALLELE	NOT_ASSIGNED_IN_STRUCTURE_AUDIT
1477	run-phase1a-60z59-hg002-grch38-v421	event-run-phase1a-60z59-hg002-grch38-v421-record-1603	run-phase1a-ru88n-hg002-grch38-v421	event-run-phase1a-ru88n-hg002-grch38-v421-record-1605	CROSS_RUN_EQUIVALENCE_UNRESOLVED	True	True	True	True	2	2	1	1	SINGLE_NORMALIZED_ALLELE	SINGLE_NORMALIZED_ALLELE	SINGLE_NORMALIZED_ALLELE__SINGLE_NORMALIZED_ALLELE	NOT_ASSIGNED_IN_STRUCTURE_AUDIT
1478	run-phase1a-60z59-hg002-grch38-v421	event-run-phase1a-60z59-hg002-grch38-v421-record-1604	run-phase1a-ru88n-hg002-grch38-v421	event-run-phase1a-ru88n-hg002-grch38-v421-record-1606	CROSS_RUN_EQUIVALENCE_UNRESOLVED	True	True	True	True	2	2	1	1	SINGLE_NORMALIZED_ALLELE	SINGLE_NORMALIZED_ALLELE	SINGLE_NORMALIZED_ALLELE__SINGLE_NORMALIZED_ALLELE	NOT_ASSIGNED_IN_STRUCTURE_AUDIT
1479	run-phase1a-60z59-hg002-grch38-v421	event-run-phase1a-60z59-hg002-grch38-v421-record-1605	run-phase1a-ru88n-hg002-grch38-v421	event-run-phase1a-ru88n-hg002-grch38-v421-record-1607	CROSS_RUN_EQUIVALENCE_UNRESOLVED	True	True	True	True	2	2	1	1	SINGLE_NORMALIZED_ALLELE	SINGLE_NORMALIZED_ALLELE	SINGLE_NORMALIZED_ALLELE__SINGLE_NORMALIZED_ALLELE	NOT_ASSIGNED_IN_STRUCTURE_AUDIT
1480	run-phase1a-60z59-hg002-grch38-v421	event-run-phase1a-60z59-hg002-grch38-v421-record-1606	run-phase1a-ru88n-hg002-grch38-v421	event-run-phase1a-ru88n-hg002-grch38-v421-record-1608	CROSS_RUN_EQUIVALENCE_UNRESOLVED	True	True	True	True	2	2	1	1	SINGLE_NORMALIZED_ALLELE	SINGLE_NORMALIZED_ALLELE	SINGLE_NORMALIZED_ALLELE__SINGLE_NORMALIZED_ALLELE	NOT_ASSIGNED_IN_STRUCTURE_AUDIT
1481	run-phase1a-60z59-hg002-grch38-v421	event-run-phase1a-60z59-hg002-grch38-v421-record-1607	run-phase1a-ru88n-hg002-grch38-v421	event-run-phase1a-ru88n-hg002-grch38-v421-record-1609	CROSS_RUN_EQUIVALENCE_UNRESOLVED	True	True	True	True	2	2	1	1	SINGLE_NORMALIZED_ALLELE	SINGLE_NORMALIZED_ALLELE	SINGLE_NORMALIZED_ALLELE__SINGLE_NORMALIZED_ALLELE	NOT_ASSIGNED_IN_STRUCTURE_AUDIT
1482	run-phase1a-60z59-hg002-grch38-v421	event-run-phase1a-60z59-hg002-grch38-v421-record-1608	run-phase1a-ru88n-hg002-grch38-v421	event-run-phase1a-ru88n-hg002-grch38-v421-record-1610	CROSS_RUN_EQUIVALENCE_UNRESOLVED	True	True	True	True	2	2	1	1	SINGLE_NORMALIZED_ALLELE	SINGLE_NORMALIZED_ALLELE	SINGLE_NORMALIZED_ALLELE__SINGLE_NORMALIZED_ALLELE	NOT_ASSIGNED_IN_STRUCTURE_AUDIT
1483	run-phase1a-60z59-hg002-grch38-v421	event-run-phase1a-60z59-hg002-grch38-v421-record-1609	run-phase1a-ru88n-hg002-grch38-v421	event-run-phase1a-ru88n-hg002-grch38-v421-record-1611	CROSS_RUN_EQUIVALENCE_UNRESOLVED	True	True	True	True	2	2	1	1	SINGLE_NORMALIZED_ALLELE	SINGLE_NORMALIZED_ALLELE	SINGLE_NORMALIZED_ALLELE__SINGLE_NORMALIZED_ALLELE	NOT_ASSIGNED_IN_STRUCTURE_AUDIT
1484	run-phase1a-60z59-hg002-grch38-v421	event-run-phase1a-60z59-hg002-grch38-v421-record-1610	run-phase1a-ru88n-hg002-grch38-v421	event-run-phase1a-ru88n-hg002-grch38-v421-record-1612	CROSS_RUN_EQUIVALENCE_UNRESOLVED	True	True	True	True	2	2	1	1	SINGLE_NORMALIZED_ALLELE	SINGLE_NORMALIZED_ALLELE	SINGLE_NORMALIZED_ALLELE__SINGLE_NORMALIZED_ALLELE	NOT_ASSIGNED_IN_STRUCTURE_AUDIT
1485	run-phase1a-60z59-hg002-grch38-v421	event-run-phase1a-60z59-hg002-grch38-v421-record-1614	run-phase1a-ru88n-hg002-grch38-v421	event-run-phase1a-ru88n-hg002-grch38-v421-record-1616	CROSS_RUN_EQUIVALENCE_UNRESOLVED	True	True	True	True	2	2	1	1	SINGLE_NORMALIZED_ALLELE	SINGLE_NORMALIZED_ALLELE	SINGLE_NORMALIZED_ALLELE__SINGLE_NORMALIZED_ALLELE	NOT_ASSIGNED_IN_STRUCTURE_AUDIT
1486	run-phase1a-60z59-hg002-grch38-v421	event-run-phase1a-60z59-hg002-grch38-v421-record-1615	run-phase1a-ru88n-hg002-grch38-v421	event-run-phase1a-ru88n-hg002-grch38-v421-record-1617	CROSS_RUN_EQUIVALENCE_UNRESOLVED	True	True	True	True	2	2	1	1	SINGLE_NORMALIZED_ALLELE	SINGLE_NORMALIZED_ALLELE	SINGLE_NORMALIZED_ALLELE__SINGLE_NORMALIZED_ALLELE	NOT_ASSIGNED_IN_STRUCTURE_AUDIT
1487	run-phase1a-60z59-hg002-grch38-v421	event-run-phase1a-60z59-hg002-grch38-v421-record-1616	run-phase1a-ru88n-hg002-grch38-v421	event-run-phase1a-ru88n-hg002-grch38-v421-record-1618	CROSS_RUN_EQUIVALENCE_UNRESOLVED	True	True	True	True	2	2	1	1	SINGLE_NORMALIZED_ALLELE	SINGLE_NORMALIZED_ALLELE	SINGLE_NORMALIZED_ALLELE__SINGLE_NORMALIZED_ALLELE	NOT_ASSIGNED_IN_STRUCTURE_AUDIT
1488	run-phase1a-60z59-hg002-grch38-v421	event-run-phase1a-60z59-hg002-grch38-v421-record-1617	run-phase1a-ru88n-hg002-grch38-v421	event-run-phase1a-ru88n-hg002-grch38-v421-record-1619	CROSS_RUN_EQUIVALENCE_UNRESOLVED	True	True	True	True	2	2	1	1	SINGLE_NORMALIZED_ALLELE	SINGLE_NORMALIZED_ALLELE	SINGLE_NORMALIZED_ALLELE__SINGLE_NORMALIZED_ALLELE	NOT_ASSIGNED_IN_STRUCTURE_AUDIT
1489	run-phase1a-60z59-hg002-grch38-v421	event-run-phase1a-60z59-hg002-grch38-v421-record-1618	run-phase1a-ru88n-hg002-grch38-v421	event-run-phase1a-ru88n-hg002-grch38-v421-record-1620	CROSS_RUN_EQUIVALENCE_UNRESOLVED	True	True	True	True	2	2	1	1	SINGLE_NORMALIZED_ALLELE	SINGLE_NORMALIZED_ALLELE	SINGLE_NORMALIZED_ALLELE__SINGLE_NORMALIZED_ALLELE	NOT_ASSIGNED_IN_STRUCTURE_AUDIT
1490	run-phase1a-60z59-hg002-grch38-v421	event-run-phase1a-60z59-hg002-grch38-v421-record-1619	run-phase1a-ru88n-hg002-grch38-v421	event-run-phase1a-ru88n-hg002-grch38-v421-record-1621	CROSS_RUN_EQUIVALENCE_UNRESOLVED	True	True	True	True	2	2	1	1	SINGLE_NORMALIZED_ALLELE	SINGLE_NORMALIZED_ALLELE	SINGLE_NORMALIZED_ALLELE__SINGLE_NORMALIZED_ALLELE	NOT_ASSIGNED_IN_STRUCTURE_AUDIT
1491	run-phase1a-60z59-hg002-grch38-v421	event-run-phase1a-60z59-hg002-grch38-v421-record-1620	run-phase1a-ru88n-hg002-grch38-v421	event-run-phase1a-ru88n-hg002-grch38-v421-record-1622	CROSS_RUN_EQUIVALENCE_UNRESOLVED	True	True	True	True	2	2	1	1	SINGLE_NORMALIZED_ALLELE	SINGLE_NORMALIZED_ALLELE	SINGLE_NORMALIZED_ALLELE__SINGLE_NORMALIZED_ALLELE	NOT_ASSIGNED_IN_STRUCTURE_AUDIT
1492	run-phase1a-60z59-hg002-grch38-v421	event-run-phase1a-60z59-hg002-grch38-v421-record-1621	run-phase1a-ru88n-hg002-grch38-v421	event-run-phase1a-ru88n-hg002-grch38-v421-record-1623	CROSS_RUN_EQUIVALENCE_UNRESOLVED	True	True	True	True	2	2	1	1	SINGLE_NORMALIZED_ALLELE	SINGLE_NORMALIZED_ALLELE	SINGLE_NORMALIZED_ALLELE__SINGLE_NORMALIZED_ALLELE	NOT_ASSIGNED_IN_STRUCTURE_AUDIT
1493	run-phase1a-60z59-hg002-grch38-v421	event-run-phase1a-60z59-hg002-grch38-v421-record-1622	run-phase1a-ru88n-hg002-grch38-v421	event-run-phase1a-ru88n-hg002-grch38-v421-record-1624	CROSS_RUN_EQUIVALENCE_UNRESOLVED	True	True	True	True	2	2	1	1	SINGLE_NORMALIZED_ALLELE	SINGLE_NORMALIZED_ALLELE	SINGLE_NORMALIZED_ALLELE__SINGLE_NORMALIZED_ALLELE	NOT_ASSIGNED_IN_STRUCTURE_AUDIT
1494	run-phase1a-60z59-hg002-grch38-v421	event-run-phase1a-60z59-hg002-grch38-v421-record-1623	run-phase1a-ru88n-hg002-grch38-v421	event-run-phase1a-ru88n-hg002-grch38-v421-record-1625	CROSS_RUN_EQUIVALENCE_UNRESOLVED	True	True	True	True	2	2	1	1	SINGLE_NORMALIZED_ALLELE	SINGLE_NORMALIZED_ALLELE	SINGLE_NORMALIZED_ALLELE__SINGLE_NORMALIZED_ALLELE	NOT_ASSIGNED_IN_STRUCTURE_AUDIT
1495	run-phase1a-60z59-hg002-grch38-v421	event-run-phase1a-60z59-hg002-grch38-v421-record-1624	run-phase1a-ru88n-hg002-grch38-v421	event-run-phase1a-ru88n-hg002-grch38-v421-record-1626	CROSS_RUN_EQUIVALENCE_UNRESOLVED	True	True	True	True	2	2	1	1	SINGLE_NORMALIZED_ALLELE	SINGLE_NORMALIZED_ALLELE	SINGLE_NORMALIZED_ALLELE__SINGLE_NORMALIZED_ALLELE	NOT_ASSIGNED_IN_STRUCTURE_AUDIT
1496	run-phase1a-60z59-hg002-grch38-v421	event-run-phase1a-60z59-hg002-grch38-v421-record-1625	run-phase1a-ru88n-hg002-grch38-v421	event-run-phase1a-ru88n-hg002-grch38-v421-record-1627	CROSS_RUN_EQUIVALENCE_UNRESOLVED	True	True	True	True	2	2	1	1	SINGLE_NORMALIZED_ALLELE	SINGLE_NORMALIZED_ALLELE	SINGLE_NORMALIZED_ALLELE__SINGLE_NORMALIZED_ALLELE	NOT_ASSIGNED_IN_STRUCTURE_AUDIT
1497	run-phase1a-60z59-hg002-grch38-v421	event-run-phase1a-60z59-hg002-grch38-v421-record-1626	run-phase1a-ru88n-hg002-grch38-v421	event-run-phase1a-ru88n-hg002-grch38-v421-record-1628	CROSS_RUN_EQUIVALENCE_UNRESOLVED	True	True	True	True	2	2	1	1	SINGLE_NORMALIZED_ALLELE	SINGLE_NORMALIZED_ALLELE	SINGLE_NORMALIZED_ALLELE__SINGLE_NORMALIZED_ALLELE	NOT_ASSIGNED_IN_STRUCTURE_AUDIT
1498	run-phase1a-60z59-hg002-grch38-v421	event-run-phase1a-60z59-hg002-grch38-v421-record-1627	run-phase1a-ru88n-hg002-grch38-v421	event-run-phase1a-ru88n-hg002-grch38-v421-record-1629	CROSS_RUN_EQUIVALENCE_UNRESOLVED	True	True	True	True	2	2	1	1	SINGLE_NORMALIZED_ALLELE	SINGLE_NORMALIZED_ALLELE	SINGLE_NORMALIZED_ALLELE__SINGLE_NORMALIZED_ALLELE	NOT_ASSIGNED_IN_STRUCTURE_AUDIT
1499	run-phase1a-60z59-hg002-grch38-v421	event-run-phase1a-60z59-hg002-grch38-v421-record-1628	run-phase1a-ru88n-hg002-grch38-v421	event-run-phase1a-ru88n-hg002-grch38-v421-record-1630	CROSS_RUN_EQUIVALENCE_UNRESOLVED	True	True	True	True	2	2	1	1	SINGLE_NORMALIZED_ALLELE	SINGLE_NORMALIZED_ALLELE	SINGLE_NORMALIZED_ALLELE__SINGLE_NORMALIZED_ALLELE	NOT_ASSIGNED_IN_STRUCTURE_AUDIT
1500	run-phase1a-60z59-hg002-grch38-v421	event-run-phase1a-60z59-hg002-grch38-v421-record-1629	run-phase1a-ru88n-hg002-grch38-v421	event-run-phase1a-ru88n-hg002-grch38-v421-record-1631	CROSS_RUN_EQUIVALENCE_UNRESOLVED	True	True	True	True	2	2	1	1	SINGLE_NORMALIZED_ALLELE	SINGLE_NORMALIZED_ALLELE	SINGLE_NORMALIZED_ALLELE__SINGLE_NORMALIZED_ALLELE	NOT_ASSIGNED_IN_STRUCTURE_AUDIT
1501	run-phase1a-60z59-hg002-grch38-v421	event-run-phase1a-60z59-hg002-grch38-v421-record-1630	run-phase1a-ru88n-hg002-grch38-v421	event-run-phase1a-ru88n-hg002-grch38-v421-record-1632	CROSS_RUN_EQUIVALENCE_UNRESOLVED	True	True	True	True	2	2	1	1	SINGLE_NORMALIZED_ALLELE	SINGLE_NORMALIZED_ALLELE	SINGLE_NORMALIZED_ALLELE__SINGLE_NORMALIZED_ALLELE	NOT_ASSIGNED_IN_STRUCTURE_AUDIT
1502	run-phase1a-60z59-hg002-grch38-v421	event-run-phase1a-60z59-hg002-grch38-v421-record-1631	run-phase1a-ru88n-hg002-grch38-v421	event-run-phase1a-ru88n-hg002-grch38-v421-record-1633	CROSS_RUN_EQUIVALENCE_UNRESOLVED	True	True	True	True	2	2	1	1	SINGLE_NORMALIZED_ALLELE	SINGLE_NORMALIZED_ALLELE	SINGLE_NORMALIZED_ALLELE__SINGLE_NORMALIZED_ALLELE	NOT_ASSIGNED_IN_STRUCTURE_AUDIT
1503	run-phase1a-60z59-hg002-grch38-v421	event-run-phase1a-60z59-hg002-grch38-v421-record-1632	run-phase1a-ru88n-hg002-grch38-v421	event-run-phase1a-ru88n-hg002-grch38-v421-record-1634	CROSS_RUN_EQUIVALENCE_UNRESOLVED	True	True	True	True	2	2	1	1	SINGLE_NORMALIZED_ALLELE	SINGLE_NORMALIZED_ALLELE	SINGLE_NORMALIZED_ALLELE__SINGLE_NORMALIZED_ALLELE	NOT_ASSIGNED_IN_STRUCTURE_AUDIT
1504	run-phase1a-60z59-hg002-grch38-v421	event-run-phase1a-60z59-hg002-grch38-v421-record-1633	run-phase1a-ru88n-hg002-grch38-v421	event-run-phase1a-ru88n-hg002-grch38-v421-record-1635	CROSS_RUN_EQUIVALENCE_UNRESOLVED	True	True	True	True	2	2	1	1	SINGLE_NORMALIZED_ALLELE	SINGLE_NORMALIZED_ALLELE	SINGLE_NORMALIZED_ALLELE__SINGLE_NORMALIZED_ALLELE	NOT_ASSIGNED_IN_STRUCTURE_AUDIT
1505	run-phase1a-60z59-hg002-grch38-v421	event-run-phase1a-60z59-hg002-grch38-v421-record-1634	run-phase1a-ru88n-hg002-grch38-v421	event-run-phase1a-ru88n-hg002-grch38-v421-record-1636	CROSS_RUN_EQUIVALENCE_UNRESOLVED	True	True	True	True	2	2	1	1	SINGLE_NORMALIZED_ALLELE	SINGLE_NORMALIZED_ALLELE	SINGLE_NORMALIZED_ALLELE__SINGLE_NORMALIZED_ALLELE	NOT_ASSIGNED_IN_STRUCTURE_AUDIT
1506	run-phase1a-60z59-hg002-grch38-v421	event-run-phase1a-60z59-hg002-grch38-v421-record-1635	run-phase1a-ru88n-hg002-grch38-v421	event-run-phase1a-ru88n-hg002-grch38-v421-record-1637	CROSS_RUN_EQUIVALENCE_UNRESOLVED	True	True	True	True	2	2	1	1	SINGLE_NORMALIZED_ALLELE	SINGLE_NORMALIZED_ALLELE	SINGLE_NORMALIZED_ALLELE__SINGLE_NORMALIZED_ALLELE	NOT_ASSIGNED_IN_STRUCTURE_AUDIT
1507	run-phase1a-60z59-hg002-grch38-v421	event-run-phase1a-60z59-hg002-grch38-v421-record-1636	run-phase1a-ru88n-hg002-grch38-v421	event-run-phase1a-ru88n-hg002-grch38-v421-record-1638	CROSS_RUN_EQUIVALENCE_UNRESOLVED	True	True	True	True	2	2	1	1	SINGLE_NORMALIZED_ALLELE	SINGLE_NORMALIZED_ALLELE	SINGLE_NORMALIZED_ALLELE__SINGLE_NORMALIZED_ALLELE	NOT_ASSIGNED_IN_STRUCTURE_AUDIT
1508	run-phase1a-60z59-hg002-grch38-v421	event-run-phase1a-60z59-hg002-grch38-v421-record-1637	run-phase1a-ru88n-hg002-grch38-v421	event-run-phase1a-ru88n-hg002-grch38-v421-record-1639	CROSS_RUN_EQUIVALENCE_UNRESOLVED	True	True	True	True	2	2	1	1	SINGLE_NORMALIZED_ALLELE	SINGLE_NORMALIZED_ALLELE	SINGLE_NORMALIZED_ALLELE__SINGLE_NORMALIZED_ALLELE	NOT_ASSIGNED_IN_STRUCTURE_AUDIT
1509	run-phase1a-60z59-hg002-grch38-v421	event-run-phase1a-60z59-hg002-grch38-v421-record-1638	run-phase1a-ru88n-hg002-grch38-v421	event-run-phase1a-ru88n-hg002-grch38-v421-record-1640	CROSS_RUN_EQUIVALENCE_UNRESOLVED	True	True	True	True	2	2	1	1	SINGLE_NORMALIZED_ALLELE	SINGLE_NORMALIZED_ALLELE	SINGLE_NORMALIZED_ALLELE__SINGLE_NORMALIZED_ALLELE	NOT_ASSIGNED_IN_STRUCTURE_AUDIT
1510	run-phase1a-60z59-hg002-grch38-v421	event-run-phase1a-60z59-hg002-grch38-v421-record-1639	run-phase1a-ru88n-hg002-grch38-v421	event-run-phase1a-ru88n-hg002-grch38-v421-record-1641	CROSS_RUN_EQUIVALENCE_UNRESOLVED	True	True	True	True	2	2	1	1	SINGLE_NORMALIZED_ALLELE	SINGLE_NORMALIZED_ALLELE	SINGLE_NORMALIZED_ALLELE__SINGLE_NORMALIZED_ALLELE	NOT_ASSIGNED_IN_STRUCTURE_AUDIT
1511	run-phase1a-60z59-hg002-grch38-v421	event-run-phase1a-60z59-hg002-grch38-v421-record-1640	run-phase1a-ru88n-hg002-grch38-v421	event-run-phase1a-ru88n-hg002-grch38-v421-record-1642	CROSS_RUN_EQUIVALENCE_UNRESOLVED	True	True	True	True	2	2	1	1	SINGLE_NORMALIZED_ALLELE	SINGLE_NORMALIZED_ALLELE	SINGLE_NORMALIZED_ALLELE__SINGLE_NORMALIZED_ALLELE	NOT_ASSIGNED_IN_STRUCTURE_AUDIT
1512	run-phase1a-60z59-hg002-grch38-v421	event-run-phase1a-60z59-hg002-grch38-v421-record-1641	run-phase1a-ru88n-hg002-grch38-v421	event-run-phase1a-ru88n-hg002-grch38-v421-record-1643	CROSS_RUN_EQUIVALENCE_UNRESOLVED	True	True	True	True	2	2	1	1	SINGLE_NORMALIZED_ALLELE	SINGLE_NORMALIZED_ALLELE	SINGLE_NORMALIZED_ALLELE__SINGLE_NORMALIZED_ALLELE	NOT_ASSIGNED_IN_STRUCTURE_AUDIT
1513	run-phase1a-60z59-hg002-grch38-v421	event-run-phase1a-60z59-hg002-grch38-v421-record-1642	run-phase1a-ru88n-hg002-grch38-v421	event-run-phase1a-ru88n-hg002-grch38-v421-record-1644	CROSS_RUN_EQUIVALENCE_UNRESOLVED	True	True	True	True	2	2	1	1	SINGLE_NORMALIZED_ALLELE	SINGLE_NORMALIZED_ALLELE	SINGLE_NORMALIZED_ALLELE__SINGLE_NORMALIZED_ALLELE	NOT_ASSIGNED_IN_STRUCTURE_AUDIT
1514	run-phase1a-60z59-hg002-grch38-v421	event-run-phase1a-60z59-hg002-grch38-v421-record-1644	run-phase1a-ru88n-hg002-grch38-v421	event-run-phase1a-ru88n-hg002-grch38-v421-record-1645	CROSS_RUN_EQUIVALENCE_UNRESOLVED	True	True	True	True	2	2	1	1	SINGLE_NORMALIZED_ALLELE	SINGLE_NORMALIZED_ALLELE	SINGLE_NORMALIZED_ALLELE__SINGLE_NORMALIZED_ALLELE	NOT_ASSIGNED_IN_STRUCTURE_AUDIT
1515	run-phase1a-60z59-hg002-grch38-v421	event-run-phase1a-60z59-hg002-grch38-v421-record-1645	run-phase1a-ru88n-hg002-grch38-v421	event-run-phase1a-ru88n-hg002-grch38-v421-record-1646	CROSS_RUN_EQUIVALENCE_UNRESOLVED	True	True	True	True	2	2	1	1	SINGLE_NORMALIZED_ALLELE	SINGLE_NORMALIZED_ALLELE	SINGLE_NORMALIZED_ALLELE__SINGLE_NORMALIZED_ALLELE	NOT_ASSIGNED_IN_STRUCTURE_AUDIT
1516	run-phase1a-60z59-hg002-grch38-v421	event-run-phase1a-60z59-hg002-grch38-v421-record-1646	run-phase1a-ru88n-hg002-grch38-v421	event-run-phase1a-ru88n-hg002-grch38-v421-record-1647	CROSS_RUN_EQUIVALENCE_UNRESOLVED	True	True	True	True	2	2	1	1	SINGLE_NORMALIZED_ALLELE	SINGLE_NORMALIZED_ALLELE	SINGLE_NORMALIZED_ALLELE__SINGLE_NORMALIZED_ALLELE	NOT_ASSIGNED_IN_STRUCTURE_AUDIT
1517	run-phase1a-60z59-hg002-grch38-v421	event-run-phase1a-60z59-hg002-grch38-v421-record-1647	run-phase1a-ru88n-hg002-grch38-v421	event-run-phase1a-ru88n-hg002-grch38-v421-record-1648	CROSS_RUN_EQUIVALENCE_UNRESOLVED	True	True	True	True	2	2	1	1	SINGLE_NORMALIZED_ALLELE	SINGLE_NORMALIZED_ALLELE	SINGLE_NORMALIZED_ALLELE__SINGLE_NORMALIZED_ALLELE	NOT_ASSIGNED_IN_STRUCTURE_AUDIT
1518	run-phase1a-60z59-hg002-grch38-v421	event-run-phase1a-60z59-hg002-grch38-v421-record-1648	run-phase1a-ru88n-hg002-grch38-v421	event-run-phase1a-ru88n-hg002-grch38-v421-record-1649	CROSS_RUN_EQUIVALENCE_UNRESOLVED	True	True	True	True	2	2	1	1	SINGLE_NORMALIZED_ALLELE	SINGLE_NORMALIZED_ALLELE	SINGLE_NORMALIZED_ALLELE__SINGLE_NORMALIZED_ALLELE	NOT_ASSIGNED_IN_STRUCTURE_AUDIT
1519	run-phase1a-60z59-hg002-grch38-v421	event-run-phase1a-60z59-hg002-grch38-v421-record-1649	run-phase1a-ru88n-hg002-grch38-v421	event-run-phase1a-ru88n-hg002-grch38-v421-record-1650	CROSS_RUN_EQUIVALENCE_UNRESOLVED	True	True	True	True	2	2	1	1	SINGLE_NORMALIZED_ALLELE	SINGLE_NORMALIZED_ALLELE	SINGLE_NORMALIZED_ALLELE__SINGLE_NORMALIZED_ALLELE	NOT_ASSIGNED_IN_STRUCTURE_AUDIT
1520	run-phase1a-60z59-hg002-grch38-v421	event-run-phase1a-60z59-hg002-grch38-v421-record-1650	run-phase1a-ru88n-hg002-grch38-v421	event-run-phase1a-ru88n-hg002-grch38-v421-record-1651	CROSS_RUN_EQUIVALENCE_UNRESOLVED	True	True	True	True	2	2	1	1	SINGLE_NORMALIZED_ALLELE	SINGLE_NORMALIZED_ALLELE	SINGLE_NORMALIZED_ALLELE__SINGLE_NORMALIZED_ALLELE	NOT_ASSIGNED_IN_STRUCTURE_AUDIT
1521	run-phase1a-60z59-hg002-grch38-v421	event-run-phase1a-60z59-hg002-grch38-v421-record-1651	run-phase1a-ru88n-hg002-grch38-v421	event-run-phase1a-ru88n-hg002-grch38-v421-record-1652	CROSS_RUN_EQUIVALENCE_UNRESOLVED	True	True	True	True	2	2	1	1	SINGLE_NORMALIZED_ALLELE	SINGLE_NORMALIZED_ALLELE	SINGLE_NORMALIZED_ALLELE__SINGLE_NORMALIZED_ALLELE	NOT_ASSIGNED_IN_STRUCTURE_AUDIT
1522	run-phase1a-60z59-hg002-grch38-v421	event-run-phase1a-60z59-hg002-grch38-v421-record-1652	run-phase1a-ru88n-hg002-grch38-v421	event-run-phase1a-ru88n-hg002-grch38-v421-record-1653	CROSS_RUN_EQUIVALENCE_UNRESOLVED	True	True	True	True	2	2	1	1	SINGLE_NORMALIZED_ALLELE	SINGLE_NORMALIZED_ALLELE	SINGLE_NORMALIZED_ALLELE__SINGLE_NORMALIZED_ALLELE	NOT_ASSIGNED_IN_STRUCTURE_AUDIT
1523	run-phase1a-60z59-hg002-grch38-v421	event-run-phase1a-60z59-hg002-grch38-v421-record-1653	run-phase1a-ru88n-hg002-grch38-v421	event-run-phase1a-ru88n-hg002-grch38-v421-record-1654	CROSS_RUN_EQUIVALENCE_UNRESOLVED	True	True	True	True	2	2	1	1	SINGLE_NORMALIZED_ALLELE	SINGLE_NORMALIZED_ALLELE	SINGLE_NORMALIZED_ALLELE__SINGLE_NORMALIZED_ALLELE	NOT_ASSIGNED_IN_STRUCTURE_AUDIT
1524	run-phase1a-60z59-hg002-grch38-v421	event-run-phase1a-60z59-hg002-grch38-v421-record-1654	run-phase1a-ru88n-hg002-grch38-v421	event-run-phase1a-ru88n-hg002-grch38-v421-record-1655	CROSS_RUN_EQUIVALENCE_UNRESOLVED	True	True	True	True	2	2	1	1	SINGLE_NORMALIZED_ALLELE	SINGLE_NORMALIZED_ALLELE	SINGLE_NORMALIZED_ALLELE__SINGLE_NORMALIZED_ALLELE	NOT_ASSIGNED_IN_STRUCTURE_AUDIT
1525	run-phase1a-60z59-hg002-grch38-v421	event-run-phase1a-60z59-hg002-grch38-v421-record-1656	run-phase1a-ru88n-hg002-grch38-v421	event-run-phase1a-ru88n-hg002-grch38-v421-record-1656	CROSS_RUN_EQUIVALENCE_UNRESOLVED	True	True	True	True	2	2	1	1	SINGLE_NORMALIZED_ALLELE	SINGLE_NORMALIZED_ALLELE	SINGLE_NORMALIZED_ALLELE__SINGLE_NORMALIZED_ALLELE	NOT_ASSIGNED_IN_STRUCTURE_AUDIT
1526	run-phase1a-60z59-hg002-grch38-v421	event-run-phase1a-60z59-hg002-grch38-v421-record-1657	run-phase1a-ru88n-hg002-grch38-v421	event-run-phase1a-ru88n-hg002-grch38-v421-record-1657	CROSS_RUN_EQUIVALENCE_UNRESOLVED	True	True	True	True	2	2	1	1	SINGLE_NORMALIZED_ALLELE	SINGLE_NORMALIZED_ALLELE	SINGLE_NORMALIZED_ALLELE__SINGLE_NORMALIZED_ALLELE	NOT_ASSIGNED_IN_STRUCTURE_AUDIT
1527	run-phase1a-60z59-hg002-grch38-v421	event-run-phase1a-60z59-hg002-grch38-v421-record-1658	run-phase1a-ru88n-hg002-grch38-v421	event-run-phase1a-ru88n-hg002-grch38-v421-record-1658	CROSS_RUN_EQUIVALENCE_UNRESOLVED	True	True	True	True	2	2	1	1	SINGLE_NORMALIZED_ALLELE	SINGLE_NORMALIZED_ALLELE	SINGLE_NORMALIZED_ALLELE__SINGLE_NORMALIZED_ALLELE	NOT_ASSIGNED_IN_STRUCTURE_AUDIT
1528	run-phase1a-60z59-hg002-grch38-v421	event-run-phase1a-60z59-hg002-grch38-v421-record-1659	run-phase1a-ru88n-hg002-grch38-v421	event-run-phase1a-ru88n-hg002-grch38-v421-record-1659	CROSS_RUN_EQUIVALENCE_UNRESOLVED	True	True	True	True	2	2	1	1	SINGLE_NORMALIZED_ALLELE	SINGLE_NORMALIZED_ALLELE	SINGLE_NORMALIZED_ALLELE__SINGLE_NORMALIZED_ALLELE	NOT_ASSIGNED_IN_STRUCTURE_AUDIT
1529	run-phase1a-60z59-hg002-grch38-v421	event-run-phase1a-60z59-hg002-grch38-v421-record-1660	run-phase1a-ru88n-hg002-grch38-v421	event-run-phase1a-ru88n-hg002-grch38-v421-record-1660	CROSS_RUN_EQUIVALENCE_UNRESOLVED	True	True	True	True	2	2	1	1	SINGLE_NORMALIZED_ALLELE	SINGLE_NORMALIZED_ALLELE	SINGLE_NORMALIZED_ALLELE__SINGLE_NORMALIZED_ALLELE	NOT_ASSIGNED_IN_STRUCTURE_AUDIT
1530	run-phase1a-60z59-hg002-grch38-v421	event-run-phase1a-60z59-hg002-grch38-v421-record-1661	run-phase1a-ru88n-hg002-grch38-v421	event-run-phase1a-ru88n-hg002-grch38-v421-record-1661	CROSS_RUN_EQUIVALENCE_UNRESOLVED	True	True	True	True	2	2	1	1	SINGLE_NORMALIZED_ALLELE	SINGLE_NORMALIZED_ALLELE	SINGLE_NORMALIZED_ALLELE__SINGLE_NORMALIZED_ALLELE	NOT_ASSIGNED_IN_STRUCTURE_AUDIT
1531	run-phase1a-60z59-hg002-grch38-v421	event-run-phase1a-60z59-hg002-grch38-v421-record-1662	run-phase1a-ru88n-hg002-grch38-v421	event-run-phase1a-ru88n-hg002-grch38-v421-record-1662	CROSS_RUN_EQUIVALENCE_UNRESOLVED	True	True	True	True	2	2	1	1	SINGLE_NORMALIZED_ALLELE	SINGLE_NORMALIZED_ALLELE	SINGLE_NORMALIZED_ALLELE__SINGLE_NORMALIZED_ALLELE	NOT_ASSIGNED_IN_STRUCTURE_AUDIT
1532	run-phase1a-60z59-hg002-grch38-v421	event-run-phase1a-60z59-hg002-grch38-v421-record-1663	run-phase1a-ru88n-hg002-grch38-v421	event-run-phase1a-ru88n-hg002-grch38-v421-record-1663	CROSS_RUN_EQUIVALENCE_UNRESOLVED	True	True	True	True	2	2	1	1	SINGLE_NORMALIZED_ALLELE	SINGLE_NORMALIZED_ALLELE	SINGLE_NORMALIZED_ALLELE__SINGLE_NORMALIZED_ALLELE	NOT_ASSIGNED_IN_STRUCTURE_AUDIT
1533	run-phase1a-60z59-hg002-grch38-v421	event-run-phase1a-60z59-hg002-grch38-v421-record-1664	run-phase1a-ru88n-hg002-grch38-v421	event-run-phase1a-ru88n-hg002-grch38-v421-record-1664	CROSS_RUN_EQUIVALENCE_UNRESOLVED	True	True	True	True	2	2	1	1	SINGLE_NORMALIZED_ALLELE	SINGLE_NORMALIZED_ALLELE	SINGLE_NORMALIZED_ALLELE__SINGLE_NORMALIZED_ALLELE	NOT_ASSIGNED_IN_STRUCTURE_AUDIT
1534	run-phase1a-60z59-hg002-grch38-v421	event-run-phase1a-60z59-hg002-grch38-v421-record-1665	run-phase1a-ru88n-hg002-grch38-v421	event-run-phase1a-ru88n-hg002-grch38-v421-record-1665	CROSS_RUN_EQUIVALENCE_UNRESOLVED	True	True	True	True	2	2	1	1	SINGLE_NORMALIZED_ALLELE	SINGLE_NORMALIZED_ALLELE	SINGLE_NORMALIZED_ALLELE__SINGLE_NORMALIZED_ALLELE	NOT_ASSIGNED_IN_STRUCTURE_AUDIT
1535	run-phase1a-60z59-hg002-grch38-v421	event-run-phase1a-60z59-hg002-grch38-v421-record-1666	run-phase1a-ru88n-hg002-grch38-v421	event-run-phase1a-ru88n-hg002-grch38-v421-record-1666	CROSS_RUN_EQUIVALENCE_UNRESOLVED	True	True	True	True	2	2	1	1	SINGLE_NORMALIZED_ALLELE	SINGLE_NORMALIZED_ALLELE	SINGLE_NORMALIZED_ALLELE__SINGLE_NORMALIZED_ALLELE	NOT_ASSIGNED_IN_STRUCTURE_AUDIT
1536	run-phase1a-60z59-hg002-grch38-v421	event-run-phase1a-60z59-hg002-grch38-v421-record-1667	run-phase1a-ru88n-hg002-grch38-v421	event-run-phase1a-ru88n-hg002-grch38-v421-record-1667	CROSS_RUN_EQUIVALENCE_UNRESOLVED	True	True	True	True	2	2	1	1	SINGLE_NORMALIZED_ALLELE	SINGLE_NORMALIZED_ALLELE	SINGLE_NORMALIZED_ALLELE__SINGLE_NORMALIZED_ALLELE	NOT_ASSIGNED_IN_STRUCTURE_AUDIT
1537	run-phase1a-60z59-hg002-grch38-v421	event-run-phase1a-60z59-hg002-grch38-v421-record-1668	run-phase1a-ru88n-hg002-grch38-v421	event-run-phase1a-ru88n-hg002-grch38-v421-record-1668	CROSS_RUN_EQUIVALENCE_UNRESOLVED	True	True	True	True	2	2	1	1	SINGLE_NORMALIZED_ALLELE	SINGLE_NORMALIZED_ALLELE	SINGLE_NORMALIZED_ALLELE__SINGLE_NORMALIZED_ALLELE	NOT_ASSIGNED_IN_STRUCTURE_AUDIT
1538	run-phase1a-60z59-hg002-grch38-v421	event-run-phase1a-60z59-hg002-grch38-v421-record-1669	run-phase1a-ru88n-hg002-grch38-v421	event-run-phase1a-ru88n-hg002-grch38-v421-record-1669	CROSS_RUN_EQUIVALENCE_UNRESOLVED	True	True	True	True	2	2	1	1	SINGLE_NORMALIZED_ALLELE	SINGLE_NORMALIZED_ALLELE	SINGLE_NORMALIZED_ALLELE__SINGLE_NORMALIZED_ALLELE	NOT_ASSIGNED_IN_STRUCTURE_AUDIT
1539	run-phase1a-60z59-hg002-grch38-v421	event-run-phase1a-60z59-hg002-grch38-v421-record-1670	run-phase1a-ru88n-hg002-grch38-v421	event-run-phase1a-ru88n-hg002-grch38-v421-record-1670	CROSS_RUN_EQUIVALENCE_UNRESOLVED	True	True	True	True	2	2	1	1	SINGLE_NORMALIZED_ALLELE	SINGLE_NORMALIZED_ALLELE	SINGLE_NORMALIZED_ALLELE__SINGLE_NORMALIZED_ALLELE	NOT_ASSIGNED_IN_STRUCTURE_AUDIT
1540	run-phase1a-60z59-hg002-grch38-v421	event-run-phase1a-60z59-hg002-grch38-v421-record-1671	run-phase1a-ru88n-hg002-grch38-v421	event-run-phase1a-ru88n-hg002-grch38-v421-record-1671	CROSS_RUN_EQUIVALENCE_UNRESOLVED	True	True	True	True	2	2	1	1	SINGLE_NORMALIZED_ALLELE	SINGLE_NORMALIZED_ALLELE	SINGLE_NORMALIZED_ALLELE__SINGLE_NORMALIZED_ALLELE	NOT_ASSIGNED_IN_STRUCTURE_AUDIT
1541	run-phase1a-60z59-hg002-grch38-v421	event-run-phase1a-60z59-hg002-grch38-v421-record-1672	run-phase1a-ru88n-hg002-grch38-v421	event-run-phase1a-ru88n-hg002-grch38-v421-record-1672	CROSS_RUN_EQUIVALENCE_UNRESOLVED	True	True	True	True	2	2	1	1	SINGLE_NORMALIZED_ALLELE	SINGLE_NORMALIZED_ALLELE	SINGLE_NORMALIZED_ALLELE__SINGLE_NORMALIZED_ALLELE	NOT_ASSIGNED_IN_STRUCTURE_AUDIT
1542	run-phase1a-60z59-hg002-grch38-v421	event-run-phase1a-60z59-hg002-grch38-v421-record-1673	run-phase1a-ru88n-hg002-grch38-v421	event-run-phase1a-ru88n-hg002-grch38-v421-record-1673	CROSS_RUN_EQUIVALENCE_UNRESOLVED	True	True	True	True	2	2	1	1	SINGLE_NORMALIZED_ALLELE	SINGLE_NORMALIZED_ALLELE	SINGLE_NORMALIZED_ALLELE__SINGLE_NORMALIZED_ALLELE	NOT_ASSIGNED_IN_STRUCTURE_AUDIT
1543	run-phase1a-60z59-hg002-grch38-v421	event-run-phase1a-60z59-hg002-grch38-v421-record-1674	run-phase1a-ru88n-hg002-grch38-v421	event-run-phase1a-ru88n-hg002-grch38-v421-record-1674	CROSS_RUN_EQUIVALENCE_UNRESOLVED	True	True	True	True	2	2	1	1	SINGLE_NORMALIZED_ALLELE	SINGLE_NORMALIZED_ALLELE	SINGLE_NORMALIZED_ALLELE__SINGLE_NORMALIZED_ALLELE	NOT_ASSIGNED_IN_STRUCTURE_AUDIT
1544	run-phase1a-60z59-hg002-grch38-v421	event-run-phase1a-60z59-hg002-grch38-v421-record-1675	run-phase1a-ru88n-hg002-grch38-v421	event-run-phase1a-ru88n-hg002-grch38-v421-record-1675	CROSS_RUN_EQUIVALENCE_UNRESOLVED	True	True	True	True	2	2	1	1	SINGLE_NORMALIZED_ALLELE	SINGLE_NORMALIZED_ALLELE	SINGLE_NORMALIZED_ALLELE__SINGLE_NORMALIZED_ALLELE	NOT_ASSIGNED_IN_STRUCTURE_AUDIT
1545	run-phase1a-60z59-hg002-grch38-v421	event-run-phase1a-60z59-hg002-grch38-v421-record-1676	run-phase1a-ru88n-hg002-grch38-v421	event-run-phase1a-ru88n-hg002-grch38-v421-record-1676	CROSS_RUN_EQUIVALENCE_UNRESOLVED	True	True	True	True	2	2	1	1	SINGLE_NORMALIZED_ALLELE	SINGLE_NORMALIZED_ALLELE	SINGLE_NORMALIZED_ALLELE__SINGLE_NORMALIZED_ALLELE	NOT_ASSIGNED_IN_STRUCTURE_AUDIT
1546	run-phase1a-60z59-hg002-grch38-v421	event-run-phase1a-60z59-hg002-grch38-v421-record-1677	run-phase1a-ru88n-hg002-grch38-v421	event-run-phase1a-ru88n-hg002-grch38-v421-record-1677	CROSS_RUN_EQUIVALENCE_UNRESOLVED	True	True	True	True	2	2	1	1	SINGLE_NORMALIZED_ALLELE	SINGLE_NORMALIZED_ALLELE	SINGLE_NORMALIZED_ALLELE__SINGLE_NORMALIZED_ALLELE	NOT_ASSIGNED_IN_STRUCTURE_AUDIT
1547	run-phase1a-60z59-hg002-grch38-v421	event-run-phase1a-60z59-hg002-grch38-v421-record-1678	run-phase1a-ru88n-hg002-grch38-v421	event-run-phase1a-ru88n-hg002-grch38-v421-record-1678	CROSS_RUN_EQUIVALENCE_UNRESOLVED	True	True	True	True	2	2	1	1	SINGLE_NORMALIZED_ALLELE	SINGLE_NORMALIZED_ALLELE	SINGLE_NORMALIZED_ALLELE__SINGLE_NORMALIZED_ALLELE	NOT_ASSIGNED_IN_STRUCTURE_AUDIT
1548	run-phase1a-60z59-hg002-grch38-v421	event-run-phase1a-60z59-hg002-grch38-v421-record-1679	run-phase1a-ru88n-hg002-grch38-v421	event-run-phase1a-ru88n-hg002-grch38-v421-record-1679	CROSS_RUN_EQUIVALENCE_UNRESOLVED	True	True	True	True	2	2	1	1	SINGLE_NORMALIZED_ALLELE	SINGLE_NORMALIZED_ALLELE	SINGLE_NORMALIZED_ALLELE__SINGLE_NORMALIZED_ALLELE	NOT_ASSIGNED_IN_STRUCTURE_AUDIT
1549	run-phase1a-60z59-hg002-grch38-v421	event-run-phase1a-60z59-hg002-grch38-v421-record-1680	run-phase1a-ru88n-hg002-grch38-v421	event-run-phase1a-ru88n-hg002-grch38-v421-record-1680	CROSS_RUN_EQUIVALENCE_UNRESOLVED	True	True	True	True	2	2	1	1	SINGLE_NORMALIZED_ALLELE	SINGLE_NORMALIZED_ALLELE	SINGLE_NORMALIZED_ALLELE__SINGLE_NORMALIZED_ALLELE	NOT_ASSIGNED_IN_STRUCTURE_AUDIT
1550	run-phase1a-60z59-hg002-grch38-v421	event-run-phase1a-60z59-hg002-grch38-v421-record-1681	run-phase1a-ru88n-hg002-grch38-v421	event-run-phase1a-ru88n-hg002-grch38-v421-record-1681	CROSS_RUN_EQUIVALENCE_UNRESOLVED	True	True	True	True	2	2	1	1	SINGLE_NORMALIZED_ALLELE	SINGLE_NORMALIZED_ALLELE	SINGLE_NORMALIZED_ALLELE__SINGLE_NORMALIZED_ALLELE	NOT_ASSIGNED_IN_STRUCTURE_AUDIT
1551	run-phase1a-60z59-hg002-grch38-v421	event-run-phase1a-60z59-hg002-grch38-v421-record-1687	run-phase1a-ru88n-hg002-grch38-v421	event-run-phase1a-ru88n-hg002-grch38-v421-record-1683	CROSS_RUN_EQUIVALENCE_UNRESOLVED	True	True	True	True	2	2	1	1	SINGLE_NORMALIZED_ALLELE	SINGLE_NORMALIZED_ALLELE	SINGLE_NORMALIZED_ALLELE__SINGLE_NORMALIZED_ALLELE	NOT_ASSIGNED_IN_STRUCTURE_AUDIT
1552	run-phase1a-60z59-hg002-grch38-v421	event-run-phase1a-60z59-hg002-grch38-v421-record-1688	run-phase1a-ru88n-hg002-grch38-v421	event-run-phase1a-ru88n-hg002-grch38-v421-record-1684	CROSS_RUN_EQUIVALENCE_UNRESOLVED	True	True	True	True	2	2	1	1	SINGLE_NORMALIZED_ALLELE	SINGLE_NORMALIZED_ALLELE	SINGLE_NORMALIZED_ALLELE__SINGLE_NORMALIZED_ALLELE	NOT_ASSIGNED_IN_STRUCTURE_AUDIT
1553	run-phase1a-60z59-hg002-grch38-v421	event-run-phase1a-60z59-hg002-grch38-v421-record-1689	run-phase1a-ru88n-hg002-grch38-v421	event-run-phase1a-ru88n-hg002-grch38-v421-record-1685	CROSS_RUN_EQUIVALENCE_UNRESOLVED	True	True	True	True	2	2	1	1	SINGLE_NORMALIZED_ALLELE	SINGLE_NORMALIZED_ALLELE	SINGLE_NORMALIZED_ALLELE__SINGLE_NORMALIZED_ALLELE	NOT_ASSIGNED_IN_STRUCTURE_AUDIT
1554	run-phase1a-60z59-hg002-grch38-v421	event-run-phase1a-60z59-hg002-grch38-v421-record-1690	run-phase1a-ru88n-hg002-grch38-v421	event-run-phase1a-ru88n-hg002-grch38-v421-record-1686	CROSS_RUN_EQUIVALENCE_UNRESOLVED	True	True	True	True	2	2	1	1	SINGLE_NORMALIZED_ALLELE	SINGLE_NORMALIZED_ALLELE	SINGLE_NORMALIZED_ALLELE__SINGLE_NORMALIZED_ALLELE	NOT_ASSIGNED_IN_STRUCTURE_AUDIT
1555	run-phase1a-60z59-hg002-grch38-v421	event-run-phase1a-60z59-hg002-grch38-v421-record-1691	run-phase1a-ru88n-hg002-grch38-v421	event-run-phase1a-ru88n-hg002-grch38-v421-record-1687	CROSS_RUN_EQUIVALENCE_UNRESOLVED	True	True	True	True	2	2	1	1	SINGLE_NORMALIZED_ALLELE	SINGLE_NORMALIZED_ALLELE	SINGLE_NORMALIZED_ALLELE__SINGLE_NORMALIZED_ALLELE	NOT_ASSIGNED_IN_STRUCTURE_AUDIT
1556	run-phase1a-60z59-hg002-grch38-v421	event-run-phase1a-60z59-hg002-grch38-v421-record-1692	run-phase1a-ru88n-hg002-grch38-v421	event-run-phase1a-ru88n-hg002-grch38-v421-record-1688	CROSS_RUN_EQUIVALENCE_UNRESOLVED	True	True	True	True	2	2	1	1	SINGLE_NORMALIZED_ALLELE	SINGLE_NORMALIZED_ALLELE	SINGLE_NORMALIZED_ALLELE__SINGLE_NORMALIZED_ALLELE	NOT_ASSIGNED_IN_STRUCTURE_AUDIT
1557	run-phase1a-60z59-hg002-grch38-v421	event-run-phase1a-60z59-hg002-grch38-v421-record-1693	run-phase1a-ru88n-hg002-grch38-v421	event-run-phase1a-ru88n-hg002-grch38-v421-record-1689	CROSS_RUN_EQUIVALENCE_UNRESOLVED	True	True	True	True	2	2	1	1	SINGLE_NORMALIZED_ALLELE	SINGLE_NORMALIZED_ALLELE	SINGLE_NORMALIZED_ALLELE__SINGLE_NORMALIZED_ALLELE	NOT_ASSIGNED_IN_STRUCTURE_AUDIT
1558	run-phase1a-60z59-hg002-grch38-v421	event-run-phase1a-60z59-hg002-grch38-v421-record-1694	run-phase1a-ru88n-hg002-grch38-v421	event-run-phase1a-ru88n-hg002-grch38-v421-record-1690	CROSS_RUN_EQUIVALENCE_UNRESOLVED	True	True	True	True	2	2	1	1	SINGLE_NORMALIZED_ALLELE	SINGLE_NORMALIZED_ALLELE	SINGLE_NORMALIZED_ALLELE__SINGLE_NORMALIZED_ALLELE	NOT_ASSIGNED_IN_STRUCTURE_AUDIT
1559	run-phase1a-60z59-hg002-grch38-v421	event-run-phase1a-60z59-hg002-grch38-v421-record-1695	run-phase1a-ru88n-hg002-grch38-v421	event-run-phase1a-ru88n-hg002-grch38-v421-record-1691	CROSS_RUN_EQUIVALENCE_UNRESOLVED	True	True	True	True	2	2	1	1	SINGLE_NORMALIZED_ALLELE	SINGLE_NORMALIZED_ALLELE	SINGLE_NORMALIZED_ALLELE__SINGLE_NORMALIZED_ALLELE	NOT_ASSIGNED_IN_STRUCTURE_AUDIT
1560	run-phase1a-60z59-hg002-grch38-v421	event-run-phase1a-60z59-hg002-grch38-v421-record-1696	run-phase1a-ru88n-hg002-grch38-v421	event-run-phase1a-ru88n-hg002-grch38-v421-record-1692	CROSS_RUN_EQUIVALENCE_UNRESOLVED	True	True	True	True	2	2	1	1	SINGLE_NORMALIZED_ALLELE	SINGLE_NORMALIZED_ALLELE	SINGLE_NORMALIZED_ALLELE__SINGLE_NORMALIZED_ALLELE	NOT_ASSIGNED_IN_STRUCTURE_AUDIT
1561	run-phase1a-60z59-hg002-grch38-v421	event-run-phase1a-60z59-hg002-grch38-v421-record-1697	run-phase1a-ru88n-hg002-grch38-v421	event-run-phase1a-ru88n-hg002-grch38-v421-record-1693	CROSS_RUN_EQUIVALENCE_UNRESOLVED	True	True	True	True	2	2	1	1	SINGLE_NORMALIZED_ALLELE	SINGLE_NORMALIZED_ALLELE	SINGLE_NORMALIZED_ALLELE__SINGLE_NORMALIZED_ALLELE	NOT_ASSIGNED_IN_STRUCTURE_AUDIT
1562	run-phase1a-60z59-hg002-grch38-v421	event-run-phase1a-60z59-hg002-grch38-v421-record-1698	run-phase1a-ru88n-hg002-grch38-v421	event-run-phase1a-ru88n-hg002-grch38-v421-record-1694	CROSS_RUN_EQUIVALENCE_UNRESOLVED	True	True	True	True	2	2	1	1	SINGLE_NORMALIZED_ALLELE	SINGLE_NORMALIZED_ALLELE	SINGLE_NORMALIZED_ALLELE__SINGLE_NORMALIZED_ALLELE	NOT_ASSIGNED_IN_STRUCTURE_AUDIT
1563	run-phase1a-60z59-hg002-grch38-v421	event-run-phase1a-60z59-hg002-grch38-v421-record-1699	run-phase1a-ru88n-hg002-grch38-v421	event-run-phase1a-ru88n-hg002-grch38-v421-record-1695	CROSS_RUN_EQUIVALENCE_UNRESOLVED	True	True	True	True	2	2	1	1	SINGLE_NORMALIZED_ALLELE	SINGLE_NORMALIZED_ALLELE	SINGLE_NORMALIZED_ALLELE__SINGLE_NORMALIZED_ALLELE	NOT_ASSIGNED_IN_STRUCTURE_AUDIT
1564	run-phase1a-60z59-hg002-grch38-v421	event-run-phase1a-60z59-hg002-grch38-v421-record-1700	run-phase1a-ru88n-hg002-grch38-v421	event-run-phase1a-ru88n-hg002-grch38-v421-record-1696	CROSS_RUN_EQUIVALENCE_UNRESOLVED	True	True	True	True	2	2	1	1	SINGLE_NORMALIZED_ALLELE	SINGLE_NORMALIZED_ALLELE	SINGLE_NORMALIZED_ALLELE__SINGLE_NORMALIZED_ALLELE	NOT_ASSIGNED_IN_STRUCTURE_AUDIT
1565	run-phase1a-60z59-hg002-grch38-v421	event-run-phase1a-60z59-hg002-grch38-v421-record-1701	run-phase1a-ru88n-hg002-grch38-v421	event-run-phase1a-ru88n-hg002-grch38-v421-record-1697	CROSS_RUN_EQUIVALENCE_UNRESOLVED	True	True	True	True	2	2	1	1	SINGLE_NORMALIZED_ALLELE	SINGLE_NORMALIZED_ALLELE	SINGLE_NORMALIZED_ALLELE__SINGLE_NORMALIZED_ALLELE	NOT_ASSIGNED_IN_STRUCTURE_AUDIT
1566	run-phase1a-60z59-hg002-grch38-v421	event-run-phase1a-60z59-hg002-grch38-v421-record-1702	run-phase1a-ru88n-hg002-grch38-v421	event-run-phase1a-ru88n-hg002-grch38-v421-record-1698	CROSS_RUN_EQUIVALENCE_UNRESOLVED	True	True	True	True	2	2	1	1	SINGLE_NORMALIZED_ALLELE	SINGLE_NORMALIZED_ALLELE	SINGLE_NORMALIZED_ALLELE__SINGLE_NORMALIZED_ALLELE	NOT_ASSIGNED_IN_STRUCTURE_AUDIT
1567	run-phase1a-60z59-hg002-grch38-v421	event-run-phase1a-60z59-hg002-grch38-v421-record-1703	run-phase1a-ru88n-hg002-grch38-v421	event-run-phase1a-ru88n-hg002-grch38-v421-record-1699	CROSS_RUN_EQUIVALENCE_UNRESOLVED	True	True	True	True	2	2	1	1	SINGLE_NORMALIZED_ALLELE	SINGLE_NORMALIZED_ALLELE	SINGLE_NORMALIZED_ALLELE__SINGLE_NORMALIZED_ALLELE	NOT_ASSIGNED_IN_STRUCTURE_AUDIT
1568	run-phase1a-60z59-hg002-grch38-v421	event-run-phase1a-60z59-hg002-grch38-v421-record-1704	run-phase1a-ru88n-hg002-grch38-v421	event-run-phase1a-ru88n-hg002-grch38-v421-record-1700	CROSS_RUN_EQUIVALENCE_UNRESOLVED	True	True	True	True	2	2	1	1	SINGLE_NORMALIZED_ALLELE	SINGLE_NORMALIZED_ALLELE	SINGLE_NORMALIZED_ALLELE__SINGLE_NORMALIZED_ALLELE	NOT_ASSIGNED_IN_STRUCTURE_AUDIT
1569	run-phase1a-60z59-hg002-grch38-v421	event-run-phase1a-60z59-hg002-grch38-v421-record-1705	run-phase1a-ru88n-hg002-grch38-v421	event-run-phase1a-ru88n-hg002-grch38-v421-record-1701	CROSS_RUN_EQUIVALENCE_UNRESOLVED	True	True	True	True	2	2	1	1	SINGLE_NORMALIZED_ALLELE	SINGLE_NORMALIZED_ALLELE	SINGLE_NORMALIZED_ALLELE__SINGLE_NORMALIZED_ALLELE	NOT_ASSIGNED_IN_STRUCTURE_AUDIT
1570	run-phase1a-60z59-hg002-grch38-v421	event-run-phase1a-60z59-hg002-grch38-v421-record-1706	run-phase1a-ru88n-hg002-grch38-v421	event-run-phase1a-ru88n-hg002-grch38-v421-record-1702	CROSS_RUN_EQUIVALENCE_UNRESOLVED	True	True	True	True	2	2	1	1	SINGLE_NORMALIZED_ALLELE	SINGLE_NORMALIZED_ALLELE	SINGLE_NORMALIZED_ALLELE__SINGLE_NORMALIZED_ALLELE	NOT_ASSIGNED_IN_STRUCTURE_AUDIT
1571	run-phase1a-60z59-hg002-grch38-v421	event-run-phase1a-60z59-hg002-grch38-v421-record-1707	run-phase1a-ru88n-hg002-grch38-v421	event-run-phase1a-ru88n-hg002-grch38-v421-record-1703	CROSS_RUN_EQUIVALENCE_UNRESOLVED	True	True	True	True	2	2	1	1	SINGLE_NORMALIZED_ALLELE	SINGLE_NORMALIZED_ALLELE	SINGLE_NORMALIZED_ALLELE__SINGLE_NORMALIZED_ALLELE	NOT_ASSIGNED_IN_STRUCTURE_AUDIT
1572	run-phase1a-60z59-hg002-grch38-v421	event-run-phase1a-60z59-hg002-grch38-v421-record-1710	run-phase1a-ru88n-hg002-grch38-v421	event-run-phase1a-ru88n-hg002-grch38-v421-record-1704	CROSS_RUN_EQUIVALENCE_UNRESOLVED	True	True	True	True	2	2	1	1	SINGLE_NORMALIZED_ALLELE	SINGLE_NORMALIZED_ALLELE	SINGLE_NORMALIZED_ALLELE__SINGLE_NORMALIZED_ALLELE	NOT_ASSIGNED_IN_STRUCTURE_AUDIT
1573	run-phase1a-60z59-hg002-grch38-v421	event-run-phase1a-60z59-hg002-grch38-v421-record-1711	run-phase1a-ru88n-hg002-grch38-v421	event-run-phase1a-ru88n-hg002-grch38-v421-record-1705	CROSS_RUN_EQUIVALENCE_UNRESOLVED	True	True	True	True	2	2	1	1	SINGLE_NORMALIZED_ALLELE	SINGLE_NORMALIZED_ALLELE	SINGLE_NORMALIZED_ALLELE__SINGLE_NORMALIZED_ALLELE	NOT_ASSIGNED_IN_STRUCTURE_AUDIT
1574	run-phase1a-60z59-hg002-grch38-v421	event-run-phase1a-60z59-hg002-grch38-v421-record-1712	run-phase1a-ru88n-hg002-grch38-v421	event-run-phase1a-ru88n-hg002-grch38-v421-record-1706	CROSS_RUN_EQUIVALENCE_UNRESOLVED	True	True	True	True	2	2	1	1	SINGLE_NORMALIZED_ALLELE	SINGLE_NORMALIZED_ALLELE	SINGLE_NORMALIZED_ALLELE__SINGLE_NORMALIZED_ALLELE	NOT_ASSIGNED_IN_STRUCTURE_AUDIT
1575	run-phase1a-60z59-hg002-grch38-v421	event-run-phase1a-60z59-hg002-grch38-v421-record-1713	run-phase1a-ru88n-hg002-grch38-v421	event-run-phase1a-ru88n-hg002-grch38-v421-record-1707	CROSS_RUN_EQUIVALENCE_UNRESOLVED	True	True	True	True	2	2	1	1	SINGLE_NORMALIZED_ALLELE	SINGLE_NORMALIZED_ALLELE	SINGLE_NORMALIZED_ALLELE__SINGLE_NORMALIZED_ALLELE	NOT_ASSIGNED_IN_STRUCTURE_AUDIT
1576	run-phase1a-60z59-hg002-grch38-v421	event-run-phase1a-60z59-hg002-grch38-v421-record-1714	run-phase1a-ru88n-hg002-grch38-v421	event-run-phase1a-ru88n-hg002-grch38-v421-record-1708	CROSS_RUN_EQUIVALENCE_UNRESOLVED	True	True	True	True	2	2	1	1	SINGLE_NORMALIZED_ALLELE	SINGLE_NORMALIZED_ALLELE	SINGLE_NORMALIZED_ALLELE__SINGLE_NORMALIZED_ALLELE	NOT_ASSIGNED_IN_STRUCTURE_AUDIT
1577	run-phase1a-60z59-hg002-grch38-v421	event-run-phase1a-60z59-hg002-grch38-v421-record-1715	run-phase1a-ru88n-hg002-grch38-v421	event-run-phase1a-ru88n-hg002-grch38-v421-record-1709	CROSS_RUN_EQUIVALENCE_UNRESOLVED	True	True	True	True	2	2	1	1	SINGLE_NORMALIZED_ALLELE	SINGLE_NORMALIZED_ALLELE	SINGLE_NORMALIZED_ALLELE__SINGLE_NORMALIZED_ALLELE	NOT_ASSIGNED_IN_STRUCTURE_AUDIT
1578	run-phase1a-60z59-hg002-grch38-v421	event-run-phase1a-60z59-hg002-grch38-v421-record-1716	run-phase1a-ru88n-hg002-grch38-v421	event-run-phase1a-ru88n-hg002-grch38-v421-record-1710	CROSS_RUN_EQUIVALENCE_UNRESOLVED	True	True	True	True	2	2	1	1	SINGLE_NORMALIZED_ALLELE	SINGLE_NORMALIZED_ALLELE	SINGLE_NORMALIZED_ALLELE__SINGLE_NORMALIZED_ALLELE	NOT_ASSIGNED_IN_STRUCTURE_AUDIT
1579	run-phase1a-60z59-hg002-grch38-v421	event-run-phase1a-60z59-hg002-grch38-v421-record-1717	run-phase1a-ru88n-hg002-grch38-v421	event-run-phase1a-ru88n-hg002-grch38-v421-record-1711	CROSS_RUN_EQUIVALENCE_UNRESOLVED	True	True	True	True	2	2	1	1	SINGLE_NORMALIZED_ALLELE	SINGLE_NORMALIZED_ALLELE	SINGLE_NORMALIZED_ALLELE__SINGLE_NORMALIZED_ALLELE	NOT_ASSIGNED_IN_STRUCTURE_AUDIT
1580	run-phase1a-60z59-hg002-grch38-v421	event-run-phase1a-60z59-hg002-grch38-v421-record-1718	run-phase1a-ru88n-hg002-grch38-v421	event-run-phase1a-ru88n-hg002-grch38-v421-record-1712	CROSS_RUN_EQUIVALENCE_UNRESOLVED	True	True	True	True	2	2	1	1	SINGLE_NORMALIZED_ALLELE	SINGLE_NORMALIZED_ALLELE	SINGLE_NORMALIZED_ALLELE__SINGLE_NORMALIZED_ALLELE	NOT_ASSIGNED_IN_STRUCTURE_AUDIT
1581	run-phase1a-60z59-hg002-grch38-v421	event-run-phase1a-60z59-hg002-grch38-v421-record-1719	run-phase1a-ru88n-hg002-grch38-v421	event-run-phase1a-ru88n-hg002-grch38-v421-record-1713	CROSS_RUN_EQUIVALENCE_UNRESOLVED	True	True	True	True	2	2	1	1	SINGLE_NORMALIZED_ALLELE	SINGLE_NORMALIZED_ALLELE	SINGLE_NORMALIZED_ALLELE__SINGLE_NORMALIZED_ALLELE	NOT_ASSIGNED_IN_STRUCTURE_AUDIT
1582	run-phase1a-60z59-hg002-grch38-v421	event-run-phase1a-60z59-hg002-grch38-v421-record-1720	run-phase1a-ru88n-hg002-grch38-v421	event-run-phase1a-ru88n-hg002-grch38-v421-record-1714	CROSS_RUN_EQUIVALENCE_UNRESOLVED	True	True	True	True	2	2	1	1	SINGLE_NORMALIZED_ALLELE	SINGLE_NORMALIZED_ALLELE	SINGLE_NORMALIZED_ALLELE__SINGLE_NORMALIZED_ALLELE	NOT_ASSIGNED_IN_STRUCTURE_AUDIT
1583	run-phase1a-60z59-hg002-grch38-v421	event-run-phase1a-60z59-hg002-grch38-v421-record-1721	run-phase1a-ru88n-hg002-grch38-v421	event-run-phase1a-ru88n-hg002-grch38-v421-record-1715	CROSS_RUN_EQUIVALENCE_UNRESOLVED	True	True	True	True	2	2	1	1	SINGLE_NORMALIZED_ALLELE	SINGLE_NORMALIZED_ALLELE	SINGLE_NORMALIZED_ALLELE__SINGLE_NORMALIZED_ALLELE	NOT_ASSIGNED_IN_STRUCTURE_AUDIT
1584	run-phase1a-60z59-hg002-grch38-v421	event-run-phase1a-60z59-hg002-grch38-v421-record-1722	run-phase1a-ru88n-hg002-grch38-v421	event-run-phase1a-ru88n-hg002-grch38-v421-record-1716	CROSS_RUN_EQUIVALENCE_UNRESOLVED	True	True	True	True	2	2	1	1	SINGLE_NORMALIZED_ALLELE	SINGLE_NORMALIZED_ALLELE	SINGLE_NORMALIZED_ALLELE__SINGLE_NORMALIZED_ALLELE	NOT_ASSIGNED_IN_STRUCTURE_AUDIT
1585	run-phase1a-60z59-hg002-grch38-v421	event-run-phase1a-60z59-hg002-grch38-v421-record-1723	run-phase1a-ru88n-hg002-grch38-v421	event-run-phase1a-ru88n-hg002-grch38-v421-record-1717	CROSS_RUN_EQUIVALENCE_UNRESOLVED	True	True	True	True	2	2	1	1	SINGLE_NORMALIZED_ALLELE	SINGLE_NORMALIZED_ALLELE	SINGLE_NORMALIZED_ALLELE__SINGLE_NORMALIZED_ALLELE	NOT_ASSIGNED_IN_STRUCTURE_AUDIT
1586	run-phase1a-60z59-hg002-grch38-v421	event-run-phase1a-60z59-hg002-grch38-v421-record-1724	run-phase1a-ru88n-hg002-grch38-v421	event-run-phase1a-ru88n-hg002-grch38-v421-record-1718	CROSS_RUN_EQUIVALENCE_UNRESOLVED	True	True	True	True	2	2	1	1	SINGLE_NORMALIZED_ALLELE	SINGLE_NORMALIZED_ALLELE	SINGLE_NORMALIZED_ALLELE__SINGLE_NORMALIZED_ALLELE	NOT_ASSIGNED_IN_STRUCTURE_AUDIT
1587	run-phase1a-60z59-hg002-grch38-v421	event-run-phase1a-60z59-hg002-grch38-v421-record-1725	run-phase1a-ru88n-hg002-grch38-v421	event-run-phase1a-ru88n-hg002-grch38-v421-record-1719	CROSS_RUN_EQUIVALENCE_UNRESOLVED	True	True	True	True	2	2	1	1	SINGLE_NORMALIZED_ALLELE	SINGLE_NORMALIZED_ALLELE	SINGLE_NORMALIZED_ALLELE__SINGLE_NORMALIZED_ALLELE	NOT_ASSIGNED_IN_STRUCTURE_AUDIT
1588	run-phase1a-60z59-hg002-grch38-v421	event-run-phase1a-60z59-hg002-grch38-v421-record-1726	run-phase1a-ru88n-hg002-grch38-v421	event-run-phase1a-ru88n-hg002-grch38-v421-record-1720	CROSS_RUN_EQUIVALENCE_UNRESOLVED	True	True	True	True	2	2	1	1	SINGLE_NORMALIZED_ALLELE	SINGLE_NORMALIZED_ALLELE	SINGLE_NORMALIZED_ALLELE__SINGLE_NORMALIZED_ALLELE	NOT_ASSIGNED_IN_STRUCTURE_AUDIT
1589	run-phase1a-60z59-hg002-grch38-v421	event-run-phase1a-60z59-hg002-grch38-v421-record-1727	run-phase1a-ru88n-hg002-grch38-v421	event-run-phase1a-ru88n-hg002-grch38-v421-record-1721	CROSS_RUN_EQUIVALENCE_UNRESOLVED	True	True	True	True	2	2	1	1	SINGLE_NORMALIZED_ALLELE	SINGLE_NORMALIZED_ALLELE	SINGLE_NORMALIZED_ALLELE__SINGLE_NORMALIZED_ALLELE	NOT_ASSIGNED_IN_STRUCTURE_AUDIT
1590	run-phase1a-60z59-hg002-grch38-v421	event-run-phase1a-60z59-hg002-grch38-v421-record-1728	run-phase1a-ru88n-hg002-grch38-v421	event-run-phase1a-ru88n-hg002-grch38-v421-record-1722	CROSS_RUN_EQUIVALENCE_UNRESOLVED	True	True	True	True	2	2	1	1	SINGLE_NORMALIZED_ALLELE	SINGLE_NORMALIZED_ALLELE	SINGLE_NORMALIZED_ALLELE__SINGLE_NORMALIZED_ALLELE	NOT_ASSIGNED_IN_STRUCTURE_AUDIT
1591	run-phase1a-60z59-hg002-grch38-v421	event-run-phase1a-60z59-hg002-grch38-v421-record-1729	run-phase1a-ru88n-hg002-grch38-v421	event-run-phase1a-ru88n-hg002-grch38-v421-record-1723	CROSS_RUN_EQUIVALENCE_UNRESOLVED	True	True	True	True	2	2	1	1	SINGLE_NORMALIZED_ALLELE	SINGLE_NORMALIZED_ALLELE	SINGLE_NORMALIZED_ALLELE__SINGLE_NORMALIZED_ALLELE	NOT_ASSIGNED_IN_STRUCTURE_AUDIT
1592	run-phase1a-60z59-hg002-grch38-v421	event-run-phase1a-60z59-hg002-grch38-v421-record-1730	run-phase1a-ru88n-hg002-grch38-v421	event-run-phase1a-ru88n-hg002-grch38-v421-record-1724	CROSS_RUN_EQUIVALENCE_UNRESOLVED	True	True	True	True	2	2	1	1	SINGLE_NORMALIZED_ALLELE	SINGLE_NORMALIZED_ALLELE	SINGLE_NORMALIZED_ALLELE__SINGLE_NORMALIZED_ALLELE	NOT_ASSIGNED_IN_STRUCTURE_AUDIT
1593	run-phase1a-60z59-hg002-grch38-v421	event-run-phase1a-60z59-hg002-grch38-v421-record-1731	run-phase1a-ru88n-hg002-grch38-v421	event-run-phase1a-ru88n-hg002-grch38-v421-record-1725	CROSS_RUN_EQUIVALENCE_UNRESOLVED	True	True	True	True	2	2	1	1	SINGLE_NORMALIZED_ALLELE	SINGLE_NORMALIZED_ALLELE	SINGLE_NORMALIZED_ALLELE__SINGLE_NORMALIZED_ALLELE	NOT_ASSIGNED_IN_STRUCTURE_AUDIT
1594	run-phase1a-60z59-hg002-grch38-v421	event-run-phase1a-60z59-hg002-grch38-v421-record-1732	run-phase1a-ru88n-hg002-grch38-v421	event-run-phase1a-ru88n-hg002-grch38-v421-record-1726	CROSS_RUN_EQUIVALENCE_UNRESOLVED	True	True	True	True	2	2	1	1	SINGLE_NORMALIZED_ALLELE	SINGLE_NORMALIZED_ALLELE	SINGLE_NORMALIZED_ALLELE__SINGLE_NORMALIZED_ALLELE	NOT_ASSIGNED_IN_STRUCTURE_AUDIT
1595	run-phase1a-60z59-hg002-grch38-v421	event-run-phase1a-60z59-hg002-grch38-v421-record-1733	run-phase1a-ru88n-hg002-grch38-v421	event-run-phase1a-ru88n-hg002-grch38-v421-record-1727	CROSS_RUN_EQUIVALENCE_UNRESOLVED	True	True	True	True	2	2	1	1	SINGLE_NORMALIZED_ALLELE	SINGLE_NORMALIZED_ALLELE	SINGLE_NORMALIZED_ALLELE__SINGLE_NORMALIZED_ALLELE	NOT_ASSIGNED_IN_STRUCTURE_AUDIT
1596	run-phase1a-60z59-hg002-grch38-v421	event-run-phase1a-60z59-hg002-grch38-v421-record-1734	run-phase1a-ru88n-hg002-grch38-v421	event-run-phase1a-ru88n-hg002-grch38-v421-record-1728	CROSS_RUN_EQUIVALENCE_UNRESOLVED	True	True	True	True	2	2	1	1	SINGLE_NORMALIZED_ALLELE	SINGLE_NORMALIZED_ALLELE	SINGLE_NORMALIZED_ALLELE__SINGLE_NORMALIZED_ALLELE	NOT_ASSIGNED_IN_STRUCTURE_AUDIT
1597	run-phase1a-60z59-hg002-grch38-v421	event-run-phase1a-60z59-hg002-grch38-v421-record-1735	run-phase1a-ru88n-hg002-grch38-v421	event-run-phase1a-ru88n-hg002-grch38-v421-record-1729	CROSS_RUN_EQUIVALENCE_UNRESOLVED	True	True	True	True	2	2	1	1	SINGLE_NORMALIZED_ALLELE	SINGLE_NORMALIZED_ALLELE	SINGLE_NORMALIZED_ALLELE__SINGLE_NORMALIZED_ALLELE	NOT_ASSIGNED_IN_STRUCTURE_AUDIT
1598	run-phase1a-60z59-hg002-grch38-v421	event-run-phase1a-60z59-hg002-grch38-v421-record-1736	run-phase1a-ru88n-hg002-grch38-v421	event-run-phase1a-ru88n-hg002-grch38-v421-record-1730	CROSS_RUN_EQUIVALENCE_UNRESOLVED	True	True	True	True	2	2	1	1	SINGLE_NORMALIZED_ALLELE	SINGLE_NORMALIZED_ALLELE	SINGLE_NORMALIZED_ALLELE__SINGLE_NORMALIZED_ALLELE	NOT_ASSIGNED_IN_STRUCTURE_AUDIT
1599	run-phase1a-60z59-hg002-grch38-v421	event-run-phase1a-60z59-hg002-grch38-v421-record-1737	run-phase1a-ru88n-hg002-grch38-v421	event-run-phase1a-ru88n-hg002-grch38-v421-record-1731	CROSS_RUN_EQUIVALENCE_UNRESOLVED	True	True	True	True	2	2	1	1	SINGLE_NORMALIZED_ALLELE	SINGLE_NORMALIZED_ALLELE	SINGLE_NORMALIZED_ALLELE__SINGLE_NORMALIZED_ALLELE	NOT_ASSIGNED_IN_STRUCTURE_AUDIT
1600	run-phase1a-60z59-hg002-grch38-v421	event-run-phase1a-60z59-hg002-grch38-v421-record-1738	run-phase1a-ru88n-hg002-grch38-v421	event-run-phase1a-ru88n-hg002-grch38-v421-record-1732	CROSS_RUN_EQUIVALENCE_UNRESOLVED	True	True	True	True	2	2	1	1	SINGLE_NORMALIZED_ALLELE	SINGLE_NORMALIZED_ALLELE	SINGLE_NORMALIZED_ALLELE__SINGLE_NORMALIZED_ALLELE	NOT_ASSIGNED_IN_STRUCTURE_AUDIT
1601	run-phase1a-60z59-hg002-grch38-v421	event-run-phase1a-60z59-hg002-grch38-v421-record-1739	run-phase1a-ru88n-hg002-grch38-v421	event-run-phase1a-ru88n-hg002-grch38-v421-record-1733	CROSS_RUN_EQUIVALENCE_UNRESOLVED	True	True	True	True	2	2	1	1	SINGLE_NORMALIZED_ALLELE	SINGLE_NORMALIZED_ALLELE	SINGLE_NORMALIZED_ALLELE__SINGLE_NORMALIZED_ALLELE	NOT_ASSIGNED_IN_STRUCTURE_AUDIT
1602	run-phase1a-60z59-hg002-grch38-v421	event-run-phase1a-60z59-hg002-grch38-v421-record-1740	run-phase1a-ru88n-hg002-grch38-v421	event-run-phase1a-ru88n-hg002-grch38-v421-record-1734	CROSS_RUN_EQUIVALENCE_UNRESOLVED	True	True	True	True	2	2	1	1	SINGLE_NORMALIZED_ALLELE	SINGLE_NORMALIZED_ALLELE	SINGLE_NORMALIZED_ALLELE__SINGLE_NORMALIZED_ALLELE	NOT_ASSIGNED_IN_STRUCTURE_AUDIT
1603	run-phase1a-60z59-hg002-grch38-v421	event-run-phase1a-60z59-hg002-grch38-v421-record-1741	run-phase1a-ru88n-hg002-grch38-v421	event-run-phase1a-ru88n-hg002-grch38-v421-record-1735	CROSS_RUN_EQUIVALENCE_UNRESOLVED	True	True	True	True	2	2	1	1	SINGLE_NORMALIZED_ALLELE	SINGLE_NORMALIZED_ALLELE	SINGLE_NORMALIZED_ALLELE__SINGLE_NORMALIZED_ALLELE	NOT_ASSIGNED_IN_STRUCTURE_AUDIT
1604	run-phase1a-60z59-hg002-grch38-v421	event-run-phase1a-60z59-hg002-grch38-v421-record-1742	run-phase1a-ru88n-hg002-grch38-v421	event-run-phase1a-ru88n-hg002-grch38-v421-record-1736	CROSS_RUN_EQUIVALENCE_UNRESOLVED	True	True	True	True	2	2	1	1	SINGLE_NORMALIZED_ALLELE	SINGLE_NORMALIZED_ALLELE	SINGLE_NORMALIZED_ALLELE__SINGLE_NORMALIZED_ALLELE	NOT_ASSIGNED_IN_STRUCTURE_AUDIT
1605	run-phase1a-60z59-hg002-grch38-v421	event-run-phase1a-60z59-hg002-grch38-v421-record-1743	run-phase1a-ru88n-hg002-grch38-v421	event-run-phase1a-ru88n-hg002-grch38-v421-record-1737	CROSS_RUN_EQUIVALENCE_UNRESOLVED	True	True	True	True	2	2	1	1	SINGLE_NORMALIZED_ALLELE	SINGLE_NORMALIZED_ALLELE	SINGLE_NORMALIZED_ALLELE__SINGLE_NORMALIZED_ALLELE	NOT_ASSIGNED_IN_STRUCTURE_AUDIT
1606	run-phase1a-60z59-hg002-grch38-v421	event-run-phase1a-60z59-hg002-grch38-v421-record-1744	run-phase1a-ru88n-hg002-grch38-v421	event-run-phase1a-ru88n-hg002-grch38-v421-record-1738	CROSS_RUN_EQUIVALENCE_UNRESOLVED	True	True	True	True	2	2	1	1	SINGLE_NORMALIZED_ALLELE	SINGLE_NORMALIZED_ALLELE	SINGLE_NORMALIZED_ALLELE__SINGLE_NORMALIZED_ALLELE	NOT_ASSIGNED_IN_STRUCTURE_AUDIT
1607	run-phase1a-60z59-hg002-grch38-v421	event-run-phase1a-60z59-hg002-grch38-v421-record-1745	run-phase1a-ru88n-hg002-grch38-v421	event-run-phase1a-ru88n-hg002-grch38-v421-record-1739	CROSS_RUN_EQUIVALENCE_UNRESOLVED	True	True	True	True	2	2	1	1	SINGLE_NORMALIZED_ALLELE	SINGLE_NORMALIZED_ALLELE	SINGLE_NORMALIZED_ALLELE__SINGLE_NORMALIZED_ALLELE	NOT_ASSIGNED_IN_STRUCTURE_AUDIT
1608	run-phase1a-60z59-hg002-grch38-v421	event-run-phase1a-60z59-hg002-grch38-v421-record-1746	run-phase1a-ru88n-hg002-grch38-v421	event-run-phase1a-ru88n-hg002-grch38-v421-record-1740	CROSS_RUN_EQUIVALENCE_UNRESOLVED	True	True	True	True	2	2	1	1	SINGLE_NORMALIZED_ALLELE	SINGLE_NORMALIZED_ALLELE	SINGLE_NORMALIZED_ALLELE__SINGLE_NORMALIZED_ALLELE	NOT_ASSIGNED_IN_STRUCTURE_AUDIT
1609	run-phase1a-60z59-hg002-grch38-v421	event-run-phase1a-60z59-hg002-grch38-v421-record-1747	run-phase1a-ru88n-hg002-grch38-v421	event-run-phase1a-ru88n-hg002-grch38-v421-record-1741	CROSS_RUN_EQUIVALENCE_UNRESOLVED	True	True	True	True	2	2	1	1	SINGLE_NORMALIZED_ALLELE	SINGLE_NORMALIZED_ALLELE	SINGLE_NORMALIZED_ALLELE__SINGLE_NORMALIZED_ALLELE	NOT_ASSIGNED_IN_STRUCTURE_AUDIT
1610	run-phase1a-60z59-hg002-grch38-v421	event-run-phase1a-60z59-hg002-grch38-v421-record-1748	run-phase1a-ru88n-hg002-grch38-v421	event-run-phase1a-ru88n-hg002-grch38-v421-record-1742	CROSS_RUN_EQUIVALENCE_UNRESOLVED	True	True	True	True	2	2	1	1	SINGLE_NORMALIZED_ALLELE	SINGLE_NORMALIZED_ALLELE	SINGLE_NORMALIZED_ALLELE__SINGLE_NORMALIZED_ALLELE	NOT_ASSIGNED_IN_STRUCTURE_AUDIT
1611	run-phase1a-60z59-hg002-grch38-v421	event-run-phase1a-60z59-hg002-grch38-v421-record-1749	run-phase1a-ru88n-hg002-grch38-v421	event-run-phase1a-ru88n-hg002-grch38-v421-record-1743	CROSS_RUN_EQUIVALENCE_UNRESOLVED	True	True	True	True	2	2	1	1	SINGLE_NORMALIZED_ALLELE	SINGLE_NORMALIZED_ALLELE	SINGLE_NORMALIZED_ALLELE__SINGLE_NORMALIZED_ALLELE	NOT_ASSIGNED_IN_STRUCTURE_AUDIT
1612	run-phase1a-60z59-hg002-grch38-v421	event-run-phase1a-60z59-hg002-grch38-v421-record-1750	run-phase1a-ru88n-hg002-grch38-v421	event-run-phase1a-ru88n-hg002-grch38-v421-record-1744	CROSS_RUN_EQUIVALENCE_UNRESOLVED	True	True	True	True	2	2	1	1	SINGLE_NORMALIZED_ALLELE	SINGLE_NORMALIZED_ALLELE	SINGLE_NORMALIZED_ALLELE__SINGLE_NORMALIZED_ALLELE	NOT_ASSIGNED_IN_STRUCTURE_AUDIT
1613	run-phase1a-60z59-hg002-grch38-v421	event-run-phase1a-60z59-hg002-grch38-v421-record-1751	run-phase1a-ru88n-hg002-grch38-v421	event-run-phase1a-ru88n-hg002-grch38-v421-record-1745	CROSS_RUN_EQUIVALENCE_UNRESOLVED	True	True	True	True	2	2	1	1	SINGLE_NORMALIZED_ALLELE	SINGLE_NORMALIZED_ALLELE	SINGLE_NORMALIZED_ALLELE__SINGLE_NORMALIZED_ALLELE	NOT_ASSIGNED_IN_STRUCTURE_AUDIT
1614	run-phase1a-60z59-hg002-grch38-v421	event-run-phase1a-60z59-hg002-grch38-v421-record-1752	run-phase1a-ru88n-hg002-grch38-v421	event-run-phase1a-ru88n-hg002-grch38-v421-record-1746	CROSS_RUN_EQUIVALENCE_UNRESOLVED	True	True	True	True	2	2	1	1	SINGLE_NORMALIZED_ALLELE	SINGLE_NORMALIZED_ALLELE	SINGLE_NORMALIZED_ALLELE__SINGLE_NORMALIZED_ALLELE	NOT_ASSIGNED_IN_STRUCTURE_AUDIT
1615	run-phase1a-60z59-hg002-grch38-v421	event-run-phase1a-60z59-hg002-grch38-v421-record-1753	run-phase1a-ru88n-hg002-grch38-v421	event-run-phase1a-ru88n-hg002-grch38-v421-record-1747	CROSS_RUN_EQUIVALENCE_UNRESOLVED	True	True	True	True	2	2	1	1	SINGLE_NORMALIZED_ALLELE	SINGLE_NORMALIZED_ALLELE	SINGLE_NORMALIZED_ALLELE__SINGLE_NORMALIZED_ALLELE	NOT_ASSIGNED_IN_STRUCTURE_AUDIT
1616	run-phase1a-60z59-hg002-grch38-v421	event-run-phase1a-60z59-hg002-grch38-v421-record-1754	run-phase1a-ru88n-hg002-grch38-v421	event-run-phase1a-ru88n-hg002-grch38-v421-record-1748	CROSS_RUN_EQUIVALENCE_UNRESOLVED	True	True	True	True	2	2	1	1	SINGLE_NORMALIZED_ALLELE	SINGLE_NORMALIZED_ALLELE	SINGLE_NORMALIZED_ALLELE__SINGLE_NORMALIZED_ALLELE	NOT_ASSIGNED_IN_STRUCTURE_AUDIT
1617	run-phase1a-60z59-hg002-grch38-v421	event-run-phase1a-60z59-hg002-grch38-v421-record-1755	run-phase1a-ru88n-hg002-grch38-v421	event-run-phase1a-ru88n-hg002-grch38-v421-record-1749	CROSS_RUN_EQUIVALENCE_UNRESOLVED	True	True	True	True	2	2	1	1	SINGLE_NORMALIZED_ALLELE	SINGLE_NORMALIZED_ALLELE	SINGLE_NORMALIZED_ALLELE__SINGLE_NORMALIZED_ALLELE	NOT_ASSIGNED_IN_STRUCTURE_AUDIT
1618	run-phase1a-60z59-hg002-grch38-v421	event-run-phase1a-60z59-hg002-grch38-v421-record-1756	run-phase1a-ru88n-hg002-grch38-v421	event-run-phase1a-ru88n-hg002-grch38-v421-record-1750	CROSS_RUN_EQUIVALENCE_UNRESOLVED	True	True	True	True	2	2	1	1	SINGLE_NORMALIZED_ALLELE	SINGLE_NORMALIZED_ALLELE	SINGLE_NORMALIZED_ALLELE__SINGLE_NORMALIZED_ALLELE	NOT_ASSIGNED_IN_STRUCTURE_AUDIT
1619	run-phase1a-60z59-hg002-grch38-v421	event-run-phase1a-60z59-hg002-grch38-v421-record-1757	run-phase1a-ru88n-hg002-grch38-v421	event-run-phase1a-ru88n-hg002-grch38-v421-record-1751	CROSS_RUN_EQUIVALENCE_UNRESOLVED	True	True	True	True	2	2	1	1	SINGLE_NORMALIZED_ALLELE	SINGLE_NORMALIZED_ALLELE	SINGLE_NORMALIZED_ALLELE__SINGLE_NORMALIZED_ALLELE	NOT_ASSIGNED_IN_STRUCTURE_AUDIT
1620	run-phase1a-60z59-hg002-grch38-v421	event-run-phase1a-60z59-hg002-grch38-v421-record-1758	run-phase1a-ru88n-hg002-grch38-v421	event-run-phase1a-ru88n-hg002-grch38-v421-record-1752	CROSS_RUN_EQUIVALENCE_UNRESOLVED	True	True	True	True	2	2	1	1	SINGLE_NORMALIZED_ALLELE	SINGLE_NORMALIZED_ALLELE	SINGLE_NORMALIZED_ALLELE__SINGLE_NORMALIZED_ALLELE	NOT_ASSIGNED_IN_STRUCTURE_AUDIT
1621	run-phase1a-60z59-hg002-grch38-v421	event-run-phase1a-60z59-hg002-grch38-v421-record-1759	run-phase1a-ru88n-hg002-grch38-v421	event-run-phase1a-ru88n-hg002-grch38-v421-record-1753	CROSS_RUN_EQUIVALENCE_UNRESOLVED	True	True	True	True	2	2	1	1	SINGLE_NORMALIZED_ALLELE	SINGLE_NORMALIZED_ALLELE	SINGLE_NORMALIZED_ALLELE__SINGLE_NORMALIZED_ALLELE	NOT_ASSIGNED_IN_STRUCTURE_AUDIT
1622	run-phase1a-60z59-hg002-grch38-v421	event-run-phase1a-60z59-hg002-grch38-v421-record-1760	run-phase1a-ru88n-hg002-grch38-v421	event-run-phase1a-ru88n-hg002-grch38-v421-record-1754	CROSS_RUN_EQUIVALENCE_UNRESOLVED	True	True	True	True	2	2	1	1	SINGLE_NORMALIZED_ALLELE	SINGLE_NORMALIZED_ALLELE	SINGLE_NORMALIZED_ALLELE__SINGLE_NORMALIZED_ALLELE	NOT_ASSIGNED_IN_STRUCTURE_AUDIT
1623	run-phase1a-60z59-hg002-grch38-v421	event-run-phase1a-60z59-hg002-grch38-v421-record-1761	run-phase1a-ru88n-hg002-grch38-v421	event-run-phase1a-ru88n-hg002-grch38-v421-record-1755	CROSS_RUN_EQUIVALENCE_UNRESOLVED	True	True	True	True	2	2	1	1	SINGLE_NORMALIZED_ALLELE	SINGLE_NORMALIZED_ALLELE	SINGLE_NORMALIZED_ALLELE__SINGLE_NORMALIZED_ALLELE	NOT_ASSIGNED_IN_STRUCTURE_AUDIT
1624	run-phase1a-60z59-hg002-grch38-v421	event-run-phase1a-60z59-hg002-grch38-v421-record-1762	run-phase1a-ru88n-hg002-grch38-v421	event-run-phase1a-ru88n-hg002-grch38-v421-record-1756	CROSS_RUN_EQUIVALENCE_UNRESOLVED	True	True	True	True	2	2	1	1	SINGLE_NORMALIZED_ALLELE	SINGLE_NORMALIZED_ALLELE	SINGLE_NORMALIZED_ALLELE__SINGLE_NORMALIZED_ALLELE	NOT_ASSIGNED_IN_STRUCTURE_AUDIT
1625	run-phase1a-60z59-hg002-grch38-v421	event-run-phase1a-60z59-hg002-grch38-v421-record-1764	run-phase1a-ru88n-hg002-grch38-v421	event-run-phase1a-ru88n-hg002-grch38-v421-record-1758	CROSS_RUN_EQUIVALENCE_UNRESOLVED	True	True	True	True	2	2	1	1	SINGLE_NORMALIZED_ALLELE	SINGLE_NORMALIZED_ALLELE	SINGLE_NORMALIZED_ALLELE__SINGLE_NORMALIZED_ALLELE	NOT_ASSIGNED_IN_STRUCTURE_AUDIT
1626	run-phase1a-60z59-hg002-grch38-v421	event-run-phase1a-60z59-hg002-grch38-v421-record-1765	run-phase1a-ru88n-hg002-grch38-v421	event-run-phase1a-ru88n-hg002-grch38-v421-record-1759	CROSS_RUN_EQUIVALENCE_UNRESOLVED	True	True	True	True	2	2	1	1	SINGLE_NORMALIZED_ALLELE	SINGLE_NORMALIZED_ALLELE	SINGLE_NORMALIZED_ALLELE__SINGLE_NORMALIZED_ALLELE	NOT_ASSIGNED_IN_STRUCTURE_AUDIT
1627	run-phase1a-60z59-hg002-grch38-v421	event-run-phase1a-60z59-hg002-grch38-v421-record-1766	run-phase1a-ru88n-hg002-grch38-v421	event-run-phase1a-ru88n-hg002-grch38-v421-record-1760	CROSS_RUN_EQUIVALENCE_UNRESOLVED	True	True	True	True	2	2	1	1	SINGLE_NORMALIZED_ALLELE	SINGLE_NORMALIZED_ALLELE	SINGLE_NORMALIZED_ALLELE__SINGLE_NORMALIZED_ALLELE	NOT_ASSIGNED_IN_STRUCTURE_AUDIT
1628	run-phase1a-60z59-hg002-grch38-v421	event-run-phase1a-60z59-hg002-grch38-v421-record-1767	run-phase1a-ru88n-hg002-grch38-v421	event-run-phase1a-ru88n-hg002-grch38-v421-record-1761	CROSS_RUN_EQUIVALENCE_UNRESOLVED	True	True	True	True	2	2	1	1	SINGLE_NORMALIZED_ALLELE	SINGLE_NORMALIZED_ALLELE	SINGLE_NORMALIZED_ALLELE__SINGLE_NORMALIZED_ALLELE	NOT_ASSIGNED_IN_STRUCTURE_AUDIT
1629	run-phase1a-60z59-hg002-grch38-v421	event-run-phase1a-60z59-hg002-grch38-v421-record-1768	run-phase1a-ru88n-hg002-grch38-v421	event-run-phase1a-ru88n-hg002-grch38-v421-record-1762	CROSS_RUN_EQUIVALENCE_UNRESOLVED	True	True	True	True	2	2	1	1	SINGLE_NORMALIZED_ALLELE	SINGLE_NORMALIZED_ALLELE	SINGLE_NORMALIZED_ALLELE__SINGLE_NORMALIZED_ALLELE	NOT_ASSIGNED_IN_STRUCTURE_AUDIT
1630	run-phase1a-60z59-hg002-grch38-v421	event-run-phase1a-60z59-hg002-grch38-v421-record-1769	run-phase1a-ru88n-hg002-grch38-v421	event-run-phase1a-ru88n-hg002-grch38-v421-record-1763	CROSS_RUN_EQUIVALENCE_UNRESOLVED	True	True	True	True	2	2	1	1	SINGLE_NORMALIZED_ALLELE	SINGLE_NORMALIZED_ALLELE	SINGLE_NORMALIZED_ALLELE__SINGLE_NORMALIZED_ALLELE	NOT_ASSIGNED_IN_STRUCTURE_AUDIT
1631	run-phase1a-60z59-hg002-grch38-v421	event-run-phase1a-60z59-hg002-grch38-v421-record-1770	run-phase1a-ru88n-hg002-grch38-v421	event-run-phase1a-ru88n-hg002-grch38-v421-record-1764	CROSS_RUN_EQUIVALENCE_UNRESOLVED	True	True	True	True	2	2	1	1	SINGLE_NORMALIZED_ALLELE	SINGLE_NORMALIZED_ALLELE	SINGLE_NORMALIZED_ALLELE__SINGLE_NORMALIZED_ALLELE	NOT_ASSIGNED_IN_STRUCTURE_AUDIT
1632	run-phase1a-60z59-hg002-grch38-v421	event-run-phase1a-60z59-hg002-grch38-v421-record-1771	run-phase1a-ru88n-hg002-grch38-v421	event-run-phase1a-ru88n-hg002-grch38-v421-record-1765	CROSS_RUN_EQUIVALENCE_UNRESOLVED	True	True	True	True	2	2	1	1	SINGLE_NORMALIZED_ALLELE	SINGLE_NORMALIZED_ALLELE	SINGLE_NORMALIZED_ALLELE__SINGLE_NORMALIZED_ALLELE	NOT_ASSIGNED_IN_STRUCTURE_AUDIT
1633	run-phase1a-60z59-hg002-grch38-v421	event-run-phase1a-60z59-hg002-grch38-v421-record-1772	run-phase1a-ru88n-hg002-grch38-v421	event-run-phase1a-ru88n-hg002-grch38-v421-record-1766	CROSS_RUN_EQUIVALENCE_UNRESOLVED	True	True	True	True	2	2	1	1	SINGLE_NORMALIZED_ALLELE	SINGLE_NORMALIZED_ALLELE	SINGLE_NORMALIZED_ALLELE__SINGLE_NORMALIZED_ALLELE	NOT_ASSIGNED_IN_STRUCTURE_AUDIT
1634	run-phase1a-60z59-hg002-grch38-v421	event-run-phase1a-60z59-hg002-grch38-v421-record-1773	run-phase1a-ru88n-hg002-grch38-v421	event-run-phase1a-ru88n-hg002-grch38-v421-record-1767	CROSS_RUN_EQUIVALENCE_UNRESOLVED	True	True	True	True	2	2	1	1	SINGLE_NORMALIZED_ALLELE	SINGLE_NORMALIZED_ALLELE	SINGLE_NORMALIZED_ALLELE__SINGLE_NORMALIZED_ALLELE	NOT_ASSIGNED_IN_STRUCTURE_AUDIT
1635	run-phase1a-60z59-hg002-grch38-v421	event-run-phase1a-60z59-hg002-grch38-v421-record-1774	run-phase1a-ru88n-hg002-grch38-v421	event-run-phase1a-ru88n-hg002-grch38-v421-record-1768	CROSS_RUN_EQUIVALENCE_UNRESOLVED	True	True	True	True	2	2	1	1	SINGLE_NORMALIZED_ALLELE	SINGLE_NORMALIZED_ALLELE	SINGLE_NORMALIZED_ALLELE__SINGLE_NORMALIZED_ALLELE	NOT_ASSIGNED_IN_STRUCTURE_AUDIT
1636	run-phase1a-60z59-hg002-grch38-v421	event-run-phase1a-60z59-hg002-grch38-v421-record-1775	run-phase1a-ru88n-hg002-grch38-v421	event-run-phase1a-ru88n-hg002-grch38-v421-record-1769	CROSS_RUN_EQUIVALENCE_UNRESOLVED	True	True	True	True	2	2	1	1	SINGLE_NORMALIZED_ALLELE	SINGLE_NORMALIZED_ALLELE	SINGLE_NORMALIZED_ALLELE__SINGLE_NORMALIZED_ALLELE	NOT_ASSIGNED_IN_STRUCTURE_AUDIT
1637	run-phase1a-60z59-hg002-grch38-v421	event-run-phase1a-60z59-hg002-grch38-v421-record-1776	run-phase1a-ru88n-hg002-grch38-v421	event-run-phase1a-ru88n-hg002-grch38-v421-record-1770	CROSS_RUN_EQUIVALENCE_UNRESOLVED	True	True	True	True	2	2	1	1	SINGLE_NORMALIZED_ALLELE	SINGLE_NORMALIZED_ALLELE	SINGLE_NORMALIZED_ALLELE__SINGLE_NORMALIZED_ALLELE	NOT_ASSIGNED_IN_STRUCTURE_AUDIT
1638	run-phase1a-60z59-hg002-grch38-v421	event-run-phase1a-60z59-hg002-grch38-v421-record-1777	run-phase1a-ru88n-hg002-grch38-v421	event-run-phase1a-ru88n-hg002-grch38-v421-record-1771	CROSS_RUN_EQUIVALENCE_UNRESOLVED	True	True	True	True	2	2	1	1	SINGLE_NORMALIZED_ALLELE	SINGLE_NORMALIZED_ALLELE	SINGLE_NORMALIZED_ALLELE__SINGLE_NORMALIZED_ALLELE	NOT_ASSIGNED_IN_STRUCTURE_AUDIT
1639	run-phase1a-60z59-hg002-grch38-v421	event-run-phase1a-60z59-hg002-grch38-v421-record-1778	run-phase1a-ru88n-hg002-grch38-v421	event-run-phase1a-ru88n-hg002-grch38-v421-record-1772	CROSS_RUN_EQUIVALENCE_UNRESOLVED	True	True	True	True	2	2	1	1	SINGLE_NORMALIZED_ALLELE	SINGLE_NORMALIZED_ALLELE	SINGLE_NORMALIZED_ALLELE__SINGLE_NORMALIZED_ALLELE	NOT_ASSIGNED_IN_STRUCTURE_AUDIT
1640	run-phase1a-60z59-hg002-grch38-v421	event-run-phase1a-60z59-hg002-grch38-v421-record-1779	run-phase1a-ru88n-hg002-grch38-v421	event-run-phase1a-ru88n-hg002-grch38-v421-record-1773	CROSS_RUN_EQUIVALENCE_UNRESOLVED	True	True	True	True	2	2	1	1	SINGLE_NORMALIZED_ALLELE	SINGLE_NORMALIZED_ALLELE	SINGLE_NORMALIZED_ALLELE__SINGLE_NORMALIZED_ALLELE	NOT_ASSIGNED_IN_STRUCTURE_AUDIT
1641	run-phase1a-60z59-hg002-grch38-v421	event-run-phase1a-60z59-hg002-grch38-v421-record-1780	run-phase1a-ru88n-hg002-grch38-v421	event-run-phase1a-ru88n-hg002-grch38-v421-record-1774	CROSS_RUN_EQUIVALENCE_UNRESOLVED	True	True	True	True	2	2	1	1	SINGLE_NORMALIZED_ALLELE	SINGLE_NORMALIZED_ALLELE	SINGLE_NORMALIZED_ALLELE__SINGLE_NORMALIZED_ALLELE	NOT_ASSIGNED_IN_STRUCTURE_AUDIT
1642	run-phase1a-60z59-hg002-grch38-v421	event-run-phase1a-60z59-hg002-grch38-v421-record-1781	run-phase1a-ru88n-hg002-grch38-v421	event-run-phase1a-ru88n-hg002-grch38-v421-record-1775	CROSS_RUN_EQUIVALENCE_UNRESOLVED	True	True	True	True	2	2	1	1	SINGLE_NORMALIZED_ALLELE	SINGLE_NORMALIZED_ALLELE	SINGLE_NORMALIZED_ALLELE__SINGLE_NORMALIZED_ALLELE	NOT_ASSIGNED_IN_STRUCTURE_AUDIT
1643	run-phase1a-60z59-hg002-grch38-v421	event-run-phase1a-60z59-hg002-grch38-v421-record-1782	run-phase1a-ru88n-hg002-grch38-v421	event-run-phase1a-ru88n-hg002-grch38-v421-record-1776	CROSS_RUN_EQUIVALENCE_UNRESOLVED	True	True	True	True	2	2	1	1	SINGLE_NORMALIZED_ALLELE	SINGLE_NORMALIZED_ALLELE	SINGLE_NORMALIZED_ALLELE__SINGLE_NORMALIZED_ALLELE	NOT_ASSIGNED_IN_STRUCTURE_AUDIT
1644	run-phase1a-60z59-hg002-grch38-v421	event-run-phase1a-60z59-hg002-grch38-v421-record-1783	run-phase1a-ru88n-hg002-grch38-v421	event-run-phase1a-ru88n-hg002-grch38-v421-record-1777	CROSS_RUN_EQUIVALENCE_UNRESOLVED	True	True	True	True	2	2	1	1	SINGLE_NORMALIZED_ALLELE	SINGLE_NORMALIZED_ALLELE	SINGLE_NORMALIZED_ALLELE__SINGLE_NORMALIZED_ALLELE	NOT_ASSIGNED_IN_STRUCTURE_AUDIT
1645	run-phase1a-60z59-hg002-grch38-v421	event-run-phase1a-60z59-hg002-grch38-v421-record-1784	run-phase1a-ru88n-hg002-grch38-v421	event-run-phase1a-ru88n-hg002-grch38-v421-record-1778	CROSS_RUN_EQUIVALENCE_UNRESOLVED	True	True	True	True	2	2	1	1	SINGLE_NORMALIZED_ALLELE	SINGLE_NORMALIZED_ALLELE	SINGLE_NORMALIZED_ALLELE__SINGLE_NORMALIZED_ALLELE	NOT_ASSIGNED_IN_STRUCTURE_AUDIT
1646	run-phase1a-60z59-hg002-grch38-v421	event-run-phase1a-60z59-hg002-grch38-v421-record-1785	run-phase1a-ru88n-hg002-grch38-v421	event-run-phase1a-ru88n-hg002-grch38-v421-record-1779	CROSS_RUN_EQUIVALENCE_UNRESOLVED	True	True	True	True	2	2	1	1	SINGLE_NORMALIZED_ALLELE	SINGLE_NORMALIZED_ALLELE	SINGLE_NORMALIZED_ALLELE__SINGLE_NORMALIZED_ALLELE	NOT_ASSIGNED_IN_STRUCTURE_AUDIT
1647	run-phase1a-60z59-hg002-grch38-v421	event-run-phase1a-60z59-hg002-grch38-v421-record-1786	run-phase1a-ru88n-hg002-grch38-v421	event-run-phase1a-ru88n-hg002-grch38-v421-record-1780	CROSS_RUN_EQUIVALENCE_UNRESOLVED	True	True	True	True	2	2	1	1	SINGLE_NORMALIZED_ALLELE	SINGLE_NORMALIZED_ALLELE	SINGLE_NORMALIZED_ALLELE__SINGLE_NORMALIZED_ALLELE	NOT_ASSIGNED_IN_STRUCTURE_AUDIT
1648	run-phase1a-60z59-hg002-grch38-v421	event-run-phase1a-60z59-hg002-grch38-v421-record-1787	run-phase1a-ru88n-hg002-grch38-v421	event-run-phase1a-ru88n-hg002-grch38-v421-record-1781	CROSS_RUN_EQUIVALENCE_UNRESOLVED	True	True	True	True	2	2	1	1	SINGLE_NORMALIZED_ALLELE	SINGLE_NORMALIZED_ALLELE	SINGLE_NORMALIZED_ALLELE__SINGLE_NORMALIZED_ALLELE	NOT_ASSIGNED_IN_STRUCTURE_AUDIT
1649	run-phase1a-60z59-hg002-grch38-v421	event-run-phase1a-60z59-hg002-grch38-v421-record-1788	run-phase1a-ru88n-hg002-grch38-v421	event-run-phase1a-ru88n-hg002-grch38-v421-record-1782	CROSS_RUN_EQUIVALENCE_UNRESOLVED	True	True	True	True	2	2	1	1	SINGLE_NORMALIZED_ALLELE	SINGLE_NORMALIZED_ALLELE	SINGLE_NORMALIZED_ALLELE__SINGLE_NORMALIZED_ALLELE	NOT_ASSIGNED_IN_STRUCTURE_AUDIT
1650	run-phase1a-60z59-hg002-grch38-v421	event-run-phase1a-60z59-hg002-grch38-v421-record-1789	run-phase1a-ru88n-hg002-grch38-v421	event-run-phase1a-ru88n-hg002-grch38-v421-record-1783	CROSS_RUN_EQUIVALENCE_UNRESOLVED	True	True	True	True	2	2	1	1	SINGLE_NORMALIZED_ALLELE	SINGLE_NORMALIZED_ALLELE	SINGLE_NORMALIZED_ALLELE__SINGLE_NORMALIZED_ALLELE	NOT_ASSIGNED_IN_STRUCTURE_AUDIT
1651	run-phase1a-60z59-hg002-grch38-v421	event-run-phase1a-60z59-hg002-grch38-v421-record-1790	run-phase1a-ru88n-hg002-grch38-v421	event-run-phase1a-ru88n-hg002-grch38-v421-record-1784	CROSS_RUN_EQUIVALENCE_UNRESOLVED	True	True	True	True	2	2	1	1	SINGLE_NORMALIZED_ALLELE	SINGLE_NORMALIZED_ALLELE	SINGLE_NORMALIZED_ALLELE__SINGLE_NORMALIZED_ALLELE	NOT_ASSIGNED_IN_STRUCTURE_AUDIT
1652	run-phase1a-60z59-hg002-grch38-v421	event-run-phase1a-60z59-hg002-grch38-v421-record-1791	run-phase1a-ru88n-hg002-grch38-v421	event-run-phase1a-ru88n-hg002-grch38-v421-record-1785	CROSS_RUN_EQUIVALENCE_UNRESOLVED	True	True	True	True	2	2	1	1	SINGLE_NORMALIZED_ALLELE	SINGLE_NORMALIZED_ALLELE	SINGLE_NORMALIZED_ALLELE__SINGLE_NORMALIZED_ALLELE	NOT_ASSIGNED_IN_STRUCTURE_AUDIT
1653	run-phase1a-60z59-hg002-grch38-v421	event-run-phase1a-60z59-hg002-grch38-v421-record-1792	run-phase1a-ru88n-hg002-grch38-v421	event-run-phase1a-ru88n-hg002-grch38-v421-record-1786	CROSS_RUN_EQUIVALENCE_UNRESOLVED	True	True	True	True	2	2	1	1	SINGLE_NORMALIZED_ALLELE	SINGLE_NORMALIZED_ALLELE	SINGLE_NORMALIZED_ALLELE__SINGLE_NORMALIZED_ALLELE	NOT_ASSIGNED_IN_STRUCTURE_AUDIT
1654	run-phase1a-60z59-hg002-grch38-v421	event-run-phase1a-60z59-hg002-grch38-v421-record-1793	run-phase1a-ru88n-hg002-grch38-v421	event-run-phase1a-ru88n-hg002-grch38-v421-record-1787	CROSS_RUN_EQUIVALENCE_UNRESOLVED	True	True	True	True	2	2	1	1	SINGLE_NORMALIZED_ALLELE	SINGLE_NORMALIZED_ALLELE	SINGLE_NORMALIZED_ALLELE__SINGLE_NORMALIZED_ALLELE	NOT_ASSIGNED_IN_STRUCTURE_AUDIT
1655	run-phase1a-60z59-hg002-grch38-v421	event-run-phase1a-60z59-hg002-grch38-v421-record-1794	run-phase1a-ru88n-hg002-grch38-v421	event-run-phase1a-ru88n-hg002-grch38-v421-record-1788	CROSS_RUN_EQUIVALENCE_UNRESOLVED	True	True	True	True	2	2	1	1	SINGLE_NORMALIZED_ALLELE	SINGLE_NORMALIZED_ALLELE	SINGLE_NORMALIZED_ALLELE__SINGLE_NORMALIZED_ALLELE	NOT_ASSIGNED_IN_STRUCTURE_AUDIT
1656	run-phase1a-60z59-hg002-grch38-v421	event-run-phase1a-60z59-hg002-grch38-v421-record-1795	run-phase1a-ru88n-hg002-grch38-v421	event-run-phase1a-ru88n-hg002-grch38-v421-record-1789	CROSS_RUN_EQUIVALENCE_UNRESOLVED	True	True	True	True	2	2	1	1	SINGLE_NORMALIZED_ALLELE	SINGLE_NORMALIZED_ALLELE	SINGLE_NORMALIZED_ALLELE__SINGLE_NORMALIZED_ALLELE	NOT_ASSIGNED_IN_STRUCTURE_AUDIT
1657	run-phase1a-60z59-hg002-grch38-v421	event-run-phase1a-60z59-hg002-grch38-v421-record-1796	run-phase1a-ru88n-hg002-grch38-v421	event-run-phase1a-ru88n-hg002-grch38-v421-record-1790	CROSS_RUN_EQUIVALENCE_UNRESOLVED	True	True	True	True	2	2	1	1	SINGLE_NORMALIZED_ALLELE	SINGLE_NORMALIZED_ALLELE	SINGLE_NORMALIZED_ALLELE__SINGLE_NORMALIZED_ALLELE	NOT_ASSIGNED_IN_STRUCTURE_AUDIT
1658	run-phase1a-60z59-hg002-grch38-v421	event-run-phase1a-60z59-hg002-grch38-v421-record-1797	run-phase1a-ru88n-hg002-grch38-v421	event-run-phase1a-ru88n-hg002-grch38-v421-record-1791	CROSS_RUN_EQUIVALENCE_UNRESOLVED	True	True	True	True	2	2	1	1	SINGLE_NORMALIZED_ALLELE	SINGLE_NORMALIZED_ALLELE	SINGLE_NORMALIZED_ALLELE__SINGLE_NORMALIZED_ALLELE	NOT_ASSIGNED_IN_STRUCTURE_AUDIT
1659	run-phase1a-60z59-hg002-grch38-v421	event-run-phase1a-60z59-hg002-grch38-v421-record-1798	run-phase1a-ru88n-hg002-grch38-v421	event-run-phase1a-ru88n-hg002-grch38-v421-record-1792	CROSS_RUN_EQUIVALENCE_UNRESOLVED	True	True	True	True	2	2	1	1	SINGLE_NORMALIZED_ALLELE	SINGLE_NORMALIZED_ALLELE	SINGLE_NORMALIZED_ALLELE__SINGLE_NORMALIZED_ALLELE	NOT_ASSIGNED_IN_STRUCTURE_AUDIT
1660	run-phase1a-60z59-hg002-grch38-v421	event-run-phase1a-60z59-hg002-grch38-v421-record-1799	run-phase1a-ru88n-hg002-grch38-v421	event-run-phase1a-ru88n-hg002-grch38-v421-record-1793	CROSS_RUN_EQUIVALENCE_UNRESOLVED	True	True	True	True	2	2	1	1	SINGLE_NORMALIZED_ALLELE	SINGLE_NORMALIZED_ALLELE	SINGLE_NORMALIZED_ALLELE__SINGLE_NORMALIZED_ALLELE	NOT_ASSIGNED_IN_STRUCTURE_AUDIT
1661	run-phase1a-60z59-hg002-grch38-v421	event-run-phase1a-60z59-hg002-grch38-v421-record-1800	run-phase1a-ru88n-hg002-grch38-v421	event-run-phase1a-ru88n-hg002-grch38-v421-record-1794	CROSS_RUN_EQUIVALENCE_UNRESOLVED	True	True	True	True	2	2	1	1	SINGLE_NORMALIZED_ALLELE	SINGLE_NORMALIZED_ALLELE	SINGLE_NORMALIZED_ALLELE__SINGLE_NORMALIZED_ALLELE	NOT_ASSIGNED_IN_STRUCTURE_AUDIT
1662	run-phase1a-60z59-hg002-grch38-v421	event-run-phase1a-60z59-hg002-grch38-v421-record-1801	run-phase1a-ru88n-hg002-grch38-v421	event-run-phase1a-ru88n-hg002-grch38-v421-record-1795	CROSS_RUN_EQUIVALENCE_UNRESOLVED	True	True	True	True	2	2	1	1	SINGLE_NORMALIZED_ALLELE	SINGLE_NORMALIZED_ALLELE	SINGLE_NORMALIZED_ALLELE__SINGLE_NORMALIZED_ALLELE	NOT_ASSIGNED_IN_STRUCTURE_AUDIT
1663	run-phase1a-60z59-hg002-grch38-v421	event-run-phase1a-60z59-hg002-grch38-v421-record-1802	run-phase1a-ru88n-hg002-grch38-v421	event-run-phase1a-ru88n-hg002-grch38-v421-record-1796	CROSS_RUN_EQUIVALENCE_UNRESOLVED	True	True	True	True	2	2	1	1	SINGLE_NORMALIZED_ALLELE	SINGLE_NORMALIZED_ALLELE	SINGLE_NORMALIZED_ALLELE__SINGLE_NORMALIZED_ALLELE	NOT_ASSIGNED_IN_STRUCTURE_AUDIT
1664	run-phase1a-60z59-hg002-grch38-v421	event-run-phase1a-60z59-hg002-grch38-v421-record-1803	run-phase1a-ru88n-hg002-grch38-v421	event-run-phase1a-ru88n-hg002-grch38-v421-record-1797	CROSS_RUN_EQUIVALENCE_UNRESOLVED	True	True	True	True	2	2	1	1	SINGLE_NORMALIZED_ALLELE	SINGLE_NORMALIZED_ALLELE	SINGLE_NORMALIZED_ALLELE__SINGLE_NORMALIZED_ALLELE	NOT_ASSIGNED_IN_STRUCTURE_AUDIT
1665	run-phase1a-60z59-hg002-grch38-v421	event-run-phase1a-60z59-hg002-grch38-v421-record-1804	run-phase1a-ru88n-hg002-grch38-v421	event-run-phase1a-ru88n-hg002-grch38-v421-record-1798	CROSS_RUN_EQUIVALENCE_UNRESOLVED	True	True	True	True	2	2	1	1	SINGLE_NORMALIZED_ALLELE	SINGLE_NORMALIZED_ALLELE	SINGLE_NORMALIZED_ALLELE__SINGLE_NORMALIZED_ALLELE	NOT_ASSIGNED_IN_STRUCTURE_AUDIT
1666	run-phase1a-60z59-hg002-grch38-v421	event-run-phase1a-60z59-hg002-grch38-v421-record-1805	run-phase1a-ru88n-hg002-grch38-v421	event-run-phase1a-ru88n-hg002-grch38-v421-record-1799	CROSS_RUN_EQUIVALENCE_UNRESOLVED	True	True	True	True	2	2	1	1	SINGLE_NORMALIZED_ALLELE	SINGLE_NORMALIZED_ALLELE	SINGLE_NORMALIZED_ALLELE__SINGLE_NORMALIZED_ALLELE	NOT_ASSIGNED_IN_STRUCTURE_AUDIT
